# TAPR TICC Timestamping Counter
# Copyright 2016-2025 N8UR, K9TRV, NH6Z, WA8YWQ
# 
# #####################
# TICC Configuration: 
# Software Version: 20251215.1 (RELEASE)
# EEPROM Version: 13, Board Version: D
# Board Serial Number: 46F08E3E
# Measurement Mode: Time Interval ch0->ch1
# Timestamp Wrap: 0 (no wrap)
# Output Decimal Places: 11
# SyncMode: P
# Serial Baud Rate: 115200
# Channel Names: A/B (C)
# Poll Character: none
# Clock Speed: 10.000000 MHz
# Coarse tick: 100.000000 usec
# Cal Periods: 20
# Propagation Delay ps: 0 (ch0), 0 (ch1)
# Timeout: 0x05
# Time Dilation ps: 2500 (ch0), 2500 (ch1)
# fixedTime2 ps: 0 (ch0), 0 (ch1)
# FUDGE0 ps: 0 (ch0), 0 (ch1)
# #####################
# 
# Type any character for config menu
# ............................
# 
# time interval ch0->ch1 (seconds with 11 decimal places)
-0.00000001146
-0.00000001406
-0.00000001197
-0.00000000878
-0.00000001096
-0.00000000912
-0.00000001116
-0.00000000870
-0.00000001199
-0.00000000941
-0.00000001164
-0.00000000953
-0.00000001236
-0.00000001006
-0.00000000743
-0.00000000937
-0.00000000680
-0.00000000911
-0.00000000682
-0.00000000854
-0.00000000681
-0.00000000815
-0.00000002138
-0.00000000842
-0.00000002098
-0.00000001871
-0.00000001994
-0.00000001727
-0.00000001413
-0.00000001618
-0.00000001438
-0.00000001007
-0.00000001235
-0.00000000966
-0.00000001220
-0.00000000994
-0.00000000586
-0.00000000771
-0.00000000349
-0.00000000622
-0.00000000278
-0.00000002142
-0.00000001900
-0.00000001988
-0.00000001786
-0.00000001366
-0.00000001641
-0.00000001274
-0.00000001058
-0.00000001352
-0.00000001030
-0.00000000835
-0.00000001218
-0.00000001044
-0.00000001229
-0.00000001101
-0.00000000746
-0.00000001036
-0.00000000799
-0.00000000909
-0.00000000819
-0.00000001021
-0.00000000824
-0.00000001202
-0.00000000954
-0.00000000607
-0.00000002416
-0.00000002211
-0.00000001961
-0.00000002244
-0.00000002063
-0.00000001837
-0.00000001676
-0.00000001985
-0.00000001760
-0.00000001530
-0.00000001714
-0.00000001526
-0.00000001255
-0.00000000916
-0.00000001211
-0.00000000906
-0.00000001045
-0.00000000819
-0.00000000995
-0.00000000811
-0.00000000571
-0.00000000708
-0.00000000491
-0.00000000777
-0.00000000457
-0.00000000743
-0.00000000452
-0.00000000753
-0.00000000364
-0.00000000640
-0.00000000392
-0.00000000604
-0.00000000279
-0.00000000634
-0.00000000227
-0.00000000356
-0.00000000684
-0.00000000339
-0.00000000718
-0.00000000294
-0.00000000595
-0.00000001899
-0.00000002119
-0.00000001926
-0.00000001808
-0.00000002018
-0.00000001787
-0.00000001570
-0.00000001804
-0.00000001568
-0.00000001244
-0.00000001493
-0.00000001265
-0.00000000935
-0.00000001248
-0.00000000907
-0.00000001247
-0.00000000995
-0.00000000800
-0.00000001044
-0.00000000784
-0.00000001114
-0.00000000852
-0.00000001017
-0.00000002411
-0.00000002137
-0.00000002439
-0.00000002187
-0.00000001869
-0.00000001575
-0.00000001830
-0.00000001457
-0.00000001320
-0.00000001608
-0.00000001380
-0.00000001165
-0.00000001376
-0.00000001012
-0.00000000853
-0.00000000945
-0.00000000702
-0.00000000860
-0.00000000666
-0.00000000902
-0.00000000568
-0.00000000760
-0.00000001990
-0.00000001748
-0.00000001827
-0.00000001597
-0.00000001242
-0.00000001532
-0.00000001216
-0.00000000886
-0.00000001128
-0.00000000751
-0.00000001162
-0.00000000876
-0.00000000723
-0.00000000849
-0.00000000697
-0.00000000880
-0.00000000633
-0.00000000717
-0.00000000618
-0.00000000786
-0.00000000580
-0.00000000836
-0.00000000570
-0.00000000675
-0.00000000360
-0.00000002257
-0.00000001935
-0.00000001623
-0.00000001849
-0.00000001638
-0.00000001361
-0.00000001423
-0.00000001217
-0.00000000851
-0.00000001235
-0.00000000881
-0.00000001292
-0.00000002613
-0.00000002287
-0.00000002026
-0.00000001681
-0.00000001914
-0.00000001576
-0.00000001275
-0.00000001496
-0.00000001194
-0.00000000828
-0.00000001178
-0.00000000759
-0.00000001097
-0.00000000756
-0.00000000352
-0.00000000790
-0.00000000301
-0.00000002138
-0.00000001882
-0.00000001597
-0.00000001787
-0.00000001551
-0.00000001186
-0.00000000998
-0.00000001225
-0.00000000805
-0.00000000576
-0.00000000773
-0.00000000497
-0.00000000726
-0.00000000402
-0.00000000675
-0.00000000331
-0.00000002191
-0.00000001833
-0.00000001455
-0.00000001262
-0.00000001392
-0.00000000992
-0.00000000653
-0.00000000957
-0.00000000707
-0.00000000767
-0.00000000563
-0.00000000790
-0.00000002171
-0.00000001817
-0.00000002085
-0.00000001811
-0.00000001577
-0.00000001322
-0.00000000899
-0.00000001204
-0.00000000818
-0.00000001170
-0.00000000747
-0.00000000550
-0.00000000766
-0.00000000337
-0.00000000472
-0.00000000308
-0.00000000605
-0.00000000266
-0.00000000301
-0.00000000129
-0.00000000237
0.00000000104
-0.00000000055
-0.00000001317
-0.00000001477
-0.00000001043
-0.00000001288
-0.00000000810
-0.00000000619
-0.00000000780
-0.00000000357
-0.00000000553
0.00000000051
-0.00000000275
0.00000000064
-0.00000000198
0.00000000197
0.00000000077
-0.00000000090
0.00000000311
0.00000000035
-0.00000000058
0.00000000196
-0.00000000007
0.00000000181
0.00000000056
-0.00000000113
0.00000000180
-0.00000000025
-0.00000001788
-0.00000001531
-0.00000001310
-0.00000001462
-0.00000001188
-0.00000001271
-0.00000000949
-0.00000001208
-0.00000000918
-0.00000001261
-0.00000000906
-0.00000000714
-0.00000000948
-0.00000000701
-0.00000000885
-0.00000001111
-0.00000002504
-0.00000002284
-0.00000002453
-0.00000002075
-0.00000001779
-0.00000001591
-0.00000001751
-0.00000001385
-0.00000001025
-0.00000001183
-0.00000000743
-0.00000001041
-0.00000000771
-0.00000001870
-0.00000002267
-0.00000001865
-0.00000001577
-0.00000001751
-0.00000001522
-0.00000001356
-0.00000001579
-0.00000001242
-0.00000000832
-0.00000000897
-0.00000000710
-0.00000000833
-0.00000000494
-0.00000000699
-0.00000000248
-0.00000000647
-0.00000000185
-0.00000001981
-0.00000001542
-0.00000001266
-0.00000001398
-0.00000001174
-0.00000001240
-0.00000000909
-0.00000000607
-0.00000000638
-0.00000000324
-0.00000000535
-0.00000000117
-0.00000000360
0.00000000068
-0.00000001709
-0.00000001922
-0.00000001573
-0.00000001256
-0.00000000777
-0.00000000865
-0.00000000660
-0.00000000802
-0.00000000467
-0.00000000734
-0.00000000257
-0.00000000472
-0.00000000061
-0.00000000202
-0.00000000311
-0.00000001495
-0.00000001178
-0.00000001306
-0.00000000848
-0.00000000979
-0.00000000702
-0.00000000777
-0.00000000552
-0.00000000147
-0.00000000352
-0.00000000660
-0.00000000246
-0.00000000439
-0.00000000276
-0.00000000369
-0.00000001677
-0.00000001825
-0.00000001574
-0.00000001767
-0.00000001350
-0.00000001022
-0.00000001119
-0.00000000818
-0.00000000513
-0.00000000717
-0.00000000282
-0.00000000377
-0.00000000254
-0.00000000335
-0.00000001593
-0.00000001776
-0.00000001364
-0.00000001553
-0.00000001329
-0.00000000989
-0.00000001100
-0.00000000833
-0.00000000963
-0.00000000626
-0.00000000750
-0.00000000304
-0.00000000342
0.00000000077
0.00000000017
0.00000000339
-0.00000001303
-0.00000001374
-0.00000000986
-0.00000000776
-0.00000000892
-0.00000000299
-0.00000000657
-0.00000000272
-0.00000000334
0.00000000041
0.00000000032
-0.00000000133
0.00000000269
-0.00000001445
-0.00000000993
-0.00000001233
-0.00000000721
-0.00000000837
-0.00000000323
-0.00000000589
-0.00000000204
-0.00000000267
-0.00000000384
-0.00000000007
-0.00000000051
-0.00000000281
-0.00000001383
-0.00000000970
-0.00000001357
-0.00000000897
-0.00000001116
-0.00000000894
-0.00000000974
-0.00000000730
-0.00000000864
-0.00000000573
-0.00000000641
-0.00000000228
-0.00000000631
-0.00000000185
-0.00000000345
-0.00000002251
-0.00000001856
-0.00000001473
-0.00000001658
-0.00000001346
-0.00000001057
-0.00000001173
-0.00000000784
-0.00000001073
-0.00000000769
-0.00000000953
-0.00000000717
-0.00000000885
-0.00000002240
-0.00000002346
-0.00000002076
-0.00000001744
-0.00000001356
-0.00000001677
-0.00000001373
-0.00000000824
-0.00000001101
-0.00000000829
-0.00000000964
-0.00000000588
-0.00000002344
-0.00000001824
-0.00000001560
-0.00000001499
-0.00000001305
-0.00000000971
-0.00000001115
-0.00000000812
-0.00000000483
-0.00000002046
-0.00000001712
-0.00000001684
-0.00000001278
-0.00000000838
-0.00000001035
-0.00000000727
-0.00000000794
-0.00000000598
-0.00000000617
-0.00000000197
0.00000000108
-0.00000001549
-0.00000001833
-0.00000001468
-0.00000000980
-0.00000001136
-0.00000000783
-0.00000000487
-0.00000000524
-0.00000000251
-0.00000000446
-0.00000000119
-0.00000000224
-0.00000001425
-0.00000001570
-0.00000001057
-0.00000001182
-0.00000000788
-0.00000000499
-0.00000000656
-0.00000000294
-0.00000000331
-0.00000000047
-0.00000000199
0.00000000078
-0.00000000025
0.00000000346
0.00000000220
-0.00000001591
-0.00000001125
-0.00000001293
-0.00000000902
-0.00000000694
-0.00000000817
-0.00000000840
-0.00000000590
-0.00000000167
-0.00000000262
0.00000000041
-0.00000000117
-0.00000000283
-0.00000001514
-0.00000001609
-0.00000001355
-0.00000001447
-0.00000001088
-0.00000000757
-0.00000000920
-0.00000000567
-0.00000000637
-0.00000000276
-0.00000001955
-0.00000001570
-0.00000001160
-0.00000001293
-0.00000000915
-0.00000001107
-0.00000000817
-0.00000001129
-0.00000000794
-0.00000001923
-0.00000002027
-0.00000001733
-0.00000001371
-0.00000001487
-0.00000001106
-0.00000000788
-0.00000001037
-0.00000002333
-0.00000001981
-0.00000002120
-0.00000001855
-0.00000001440
-0.00000001062
-0.00000001237
-0.00000000780
-0.00000000954
-0.00000002120
-0.00000001804
-0.00000001886
-0.00000001511
-0.00000001098
-0.00000001310
-0.00000000799
-0.00000000534
-0.00000000568
-0.00000000190
0.00000000226
0.00000000102
-0.00000000025
0.00000000359
-0.00000001353
-0.00000001008
-0.00000001160
-0.00000000744
-0.00000000928
-0.00000000669
-0.00000000235
-0.00000000345
0.00000000054
-0.00000001734
-0.00000001465
-0.00000001558
-0.00000001291
-0.00000000840
-0.00000000968
-0.00000000600
-0.00000000806
-0.00000000574
-0.00000000531
-0.00000000318
-0.00000000527
-0.00000000204
-0.00000002023
-0.00000001687
-0.00000001354
-0.00000000988
-0.00000001253
-0.00000000891
-0.00000001155
-0.00000000683
-0.00000000408
-0.00000000751
-0.00000000334
-0.00000002095
-0.00000001611
-0.00000001284
-0.00000001486
-0.00000001024
-0.00000000773
-0.00000000941
-0.00000000525
-0.00000000771
-0.00000000388
-0.00000000626
-0.00000000150
0.00000000127
-0.00000000062
-0.00000000269
0.00000000034
-0.00000000065
-0.00000001307
-0.00000001545
-0.00000001108
-0.00000000841
-0.00000001000
-0.00000000650
-0.00000000825
-0.00000000537
-0.00000000763
-0.00000000327
-0.00000000725
-0.00000000339
-0.00000000455
-0.00000001684
-0.00000001905
-0.00000001371
-0.00000001140
-0.00000001227
-0.00000000899
-0.00000001078
-0.00000000785
-0.00000000294
-0.00000000284
-0.00000001487
-0.00000001445
-0.00000001185
-0.00000001142
-0.00000000762
-0.00000000330
-0.00000000542
-0.00000000043
-0.00000001819
-0.00000001399
-0.00000000958
-0.00000001166
-0.00000000716
-0.00000000908
-0.00000000538
-0.00000000575
-0.00000000237
-0.00000001925
-0.00000001639
-0.00000001286
-0.00000001361
-0.00000001089
-0.00000000764
-0.00000000931
-0.00000002164
-0.00000001806
-0.00000001998
-0.00000001784
-0.00000001462
-0.00000001602
-0.00000001117
-0.00000000818
-0.00000000232
-0.00000000376
-0.00000001589
-0.00000001702
-0.00000001320
-0.00000000978
-0.00000000921
-0.00000000602
-0.00000000774
-0.00000000239
-0.00000000581
-0.00000001676
-0.00000001344
-0.00000001486
-0.00000001026
-0.00000000610
-0.00000000792
-0.00000000414
-0.00000000574
-0.00000001786
-0.00000001320
-0.00000001286
-0.00000000790
-0.00000000485
-0.00000000422
0.00000000083
-0.00000001644
-0.00000001216
-0.00000000897
-0.00000000900
-0.00000000555
-0.00000000758
-0.00000000321
0.00000000012
-0.00000001653
-0.00000001274
-0.00000001564
-0.00000001155
-0.00000000794
-0.00000000881
-0.00000000477
-0.00000000690
-0.00000001857
-0.00000001444
-0.00000001645
-0.00000001247
-0.00000000947
-0.00000000476
-0.00000000576
-0.00000000323
-0.00000000311
-0.00000001513
-0.00000001791
-0.00000001324
-0.00000000944
-0.00000001038
-0.00000000744
-0.00000000302
-0.00000000382
-0.00000000042
-0.00000001678
-0.00000001221
-0.00000000951
-0.00000001008
-0.00000000613
-0.00000000786
-0.00000000421
-0.00000000529
-0.00000000177
-0.00000001746
-0.00000001379
-0.00000000945
-0.00000001281
-0.00000000888
-0.00000000642
-0.00000000743
-0.00000000425
-0.00000000558
-0.00000000260
-0.00000001944
-0.00000001664
-0.00000001322
-0.00000000840
-0.00000000899
-0.00000000748
-0.00000000802
-0.00000000399
-0.00000000550
-0.00000000252
-0.00000000310
-0.00000000027
-0.00000001673
-0.00000001270
-0.00000000820
-0.00000000935
-0.00000000504
-0.00000000685
-0.00000000218
-0.00000000287
0.00000000113
0.00000000056
-0.00000001145
-0.00000001339
-0.00000000903
-0.00000001098
-0.00000000694
-0.00000000229
-0.00000000514
-0.00000000084
-0.00000000162
0.00000000308
-0.00000001357
-0.00000001048
-0.00000001117
-0.00000000685
-0.00000000848
-0.00000000324
-0.00000000473
-0.00000000052
-0.00000000225
0.00000000242
-0.00000001360
-0.00000000934
-0.00000001028
-0.00000000663
-0.00000000342
-0.00000000510
-0.00000000038
-0.00000000206
-0.00000000228
0.00000000248
-0.00000001261
-0.00000000945
-0.00000000895
-0.00000000683
-0.00000000769
-0.00000000222
-0.00000000337
-0.00000000120
-0.00000000173
0.00000000274
0.00000000205
-0.00000000871
-0.00000001018
-0.00000001227
-0.00000000821
-0.00000000909
-0.00000000631
-0.00000000800
-0.00000000369
-0.00000000506
-0.00000001698
-0.00000001821
-0.00000001389
-0.00000001078
-0.00000001245
-0.00000000910
-0.00000000492
-0.00000000598
-0.00000002235
-0.00000001901
-0.00000001438
-0.00000001061
-0.00000001143
-0.00000000768
-0.00000000942
-0.00000000508
-0.00000002080
-0.00000001729
-0.00000001385
-0.00000001557
-0.00000001130
-0.00000000711
-0.00000000711
-0.00000000536
-0.00000002287
-0.00000001940
-0.00000001639
-0.00000001766
-0.00000001437
-0.00000001034
-0.00000001186
-0.00000000874
-0.00000002165
-0.00000002290
-0.00000002067
-0.00000001716
-0.00000001428
-0.00000001601
-0.00000001224
-0.00000000896
-0.00000000947
-0.00000002082
-0.00000001669
-0.00000001275
-0.00000001348
-0.00000000877
-0.00000001128
-0.00000000768
-0.00000000263
-0.00000002013
-0.00000001670
-0.00000001164
-0.00000000860
-0.00000000901
-0.00000000640
-0.00000002303
-0.00000002036
-0.00000001651
-0.00000001280
-0.00000001327
-0.00000000928
-0.00000000534
-0.00000002301
-0.00000001774
-0.00000001360
-0.00000001096
-0.00000001079
-0.00000000751
-0.00000000343
-0.00000002015
-0.00000001644
-0.00000001304
-0.00000000848
-0.00000001010
-0.00000000631
-0.00000001798
-0.00000001562
-0.00000001697
-0.00000001303
-0.00000000844
-0.00000000968
-0.00000000614
-0.00000000247
-0.00000001888
-0.00000001476
-0.00000001133
-0.00000000775
-0.00000001014
-0.00000000459
-0.00000000719
-0.00000000410
-0.00000001560
-0.00000001185
-0.00000001370
-0.00000000961
-0.00000000532
-0.00000000708
-0.00000000179
-0.00000000341
0.00000000015
0.00000000562
-0.00000001159
-0.00000000754
-0.00000000891
-0.00000000437
-0.00000000565
-0.00000000079
-0.00000000174
0.00000000214
0.00000000541
0.00000000476
-0.00000000754
-0.00000000928
-0.00000000468
-0.00000000681
-0.00000000163
-0.00000000308
0.00000000000
-0.00000000118
0.00000000501
-0.00000001341
-0.00000000906
-0.00000001023
-0.00000000648
-0.00000000135
-0.00000000229
0.00000000053
-0.00000000108
0.00000000408
0.00000000177
-0.00000000982
-0.00000000959
-0.00000000569
-0.00000000658
-0.00000000333
-0.00000000379
-0.00000000123
-0.00000000168
0.00000000175
0.00000000021
-0.00000001182
-0.00000001209
-0.00000000858
-0.00000000940
-0.00000000542
-0.00000000669
-0.00000000140
0.00000000295
0.00000000179
-0.00000001013
-0.00000000934
-0.00000000689
-0.00000000716
-0.00000000267
-0.00000000306
-0.00000000024
-0.00000000172
-0.00000001269
-0.00000001366
-0.00000000916
-0.00000000501
-0.00000000596
-0.00000000165
-0.00000000157
0.00000000236
-0.00000001443
-0.00000000963
-0.00000001161
-0.00000000549
-0.00000000285
-0.00000000322
-0.00000000055
-0.00000000175
-0.00000001833
-0.00000001327
-0.00000000953
-0.00000001005
-0.00000000591
-0.00000000568
-0.00000000062
-0.00000000258
-0.00000001542
-0.00000001137
-0.00000001447
-0.00000001029
-0.00000000696
-0.00000000929
-0.00000000546
-0.00000000623
-0.00000000196
-0.00000001892
-0.00000001546
-0.00000001242
-0.00000001260
-0.00000000853
-0.00000000358
-0.00000000586
-0.00000000188
-0.00000001952
-0.00000001627
-0.00000001221
-0.00000001419
-0.00000001064
-0.00000000688
-0.00000000935
-0.00000000375
-0.00000000498
-0.00000001884
-0.00000001995
-0.00000001605
-0.00000001154
-0.00000000770
-0.00000000863
-0.00000000483
-0.00000002177
-0.00000001743
-0.00000001372
-0.00000001045
-0.00000001119
-0.00000000794
-0.00000000540
-0.00000000643
-0.00000001758
-0.00000001891
-0.00000001460
-0.00000001033
-0.00000000632
-0.00000000712
-0.00000000266
-0.00000001793
-0.00000001555
-0.00000001113
-0.00000001208
-0.00000000872
-0.00000000408
-0.00000000627
-0.00000000092
-0.00000001978
-0.00000001578
-0.00000001116
-0.00000001214
-0.00000000817
-0.00000000351
-0.00000000364
-0.00000000200
-0.00000001795
-0.00000001475
-0.00000000983
-0.00000001072
-0.00000000831
-0.00000000427
-0.00000002094
-0.00000001731
-0.00000001387
-0.00000001588
-0.00000001116
-0.00000000796
-0.00000000294
-0.00000002148
-0.00000001699
-0.00000001335
-0.00000001376
-0.00000001096
-0.00000000755
-0.00000000829
-0.00000000411
-0.00000001717
-0.00000001353
-0.00000001509
-0.00000001216
-0.00000000853
-0.00000000940
-0.00000000400
-0.00000000655
-0.00000000252
-0.00000001364
-0.00000001642
-0.00000001327
-0.00000000865
-0.00000000942
-0.00000000661
-0.00000000189
-0.00000000249
0.00000000138
-0.00000001574
-0.00000001141
-0.00000000763
-0.00000000920
-0.00000000564
-0.00000000114
-0.00000000283
-0.00000000037
-0.00000000029
-0.00000001325
-0.00000001495
-0.00000000996
-0.00000000683
-0.00000000818
-0.00000000290
0.00000000057
-0.00000000174
-0.00000001383
-0.00000001502
-0.00000001111
-0.00000000669
-0.00000000773
-0.00000000280
0.00000000107
0.00000000100
-0.00000001141
-0.00000001174
-0.00000000773
-0.00000000813
-0.00000000323
-0.00000000456
-0.00000000043
-0.00000000169
0.00000000301
-0.00000000800
-0.00000000819
-0.00000000335
-0.00000000330
-0.00000000114
-0.00000000193
0.00000000173
0.00000000150
0.00000000590
0.00000000472
-0.00000001183
-0.00000000855
-0.00000001062
-0.00000000632
-0.00000000264
-0.00000000483
-0.00000000102
-0.00000000165
0.00000000217
-0.00000001449
-0.00000000979
-0.00000001023
-0.00000000602
-0.00000000628
-0.00000000155
0.00000000341
0.00000000138
-0.00000000942
-0.00000000985
-0.00000000867
-0.00000000606
-0.00000000205
-0.00000000218
-0.00000000265
0.00000000128
-0.00000001477
-0.00000001081
-0.00000000712
-0.00000000777
-0.00000000320
-0.00000000339
-0.00000000059
-0.00000000202
-0.00000001313
-0.00000001432
-0.00000001110
-0.00000001185
-0.00000000901
-0.00000000473
-0.00000000778
-0.00000000285
-0.00000002161
-0.00000001754
-0.00000001492
-0.00000001633
-0.00000001179
-0.00000000785
-0.00000000989
-0.00000000619
-0.00000001866
-0.00000002070
-0.00000001689
-0.00000001264
-0.00000001482
-0.00000001167
-0.00000000794
-0.00000002476
-0.00000002083
-0.00000001711
-0.00000001328
-0.00000001491
-0.00000001070
-0.00000000678
-0.00000000850
-0.00000000357
-0.00000002076
-0.00000001631
-0.00000001289
-0.00000000831
-0.00000000810
-0.00000000419
-0.00000000593
-0.00000000231
-0.00000001936
-0.00000001587
-0.00000001041
-0.00000000765
-0.00000000759
-0.00000000225
-0.00000000362
-0.00000001536
-0.00000000956
-0.00000001247
-0.00000000857
-0.00000000495
-0.00000000725
-0.00000000321
-0.00000001950
-0.00000001704
-0.00000001246
-0.00000000857
-0.00000000937
-0.00000000420
-0.00000000588
-0.00000001794
-0.00000001294
-0.00000001427
-0.00000000974
-0.00000000616
-0.00000000681
-0.00000000253
-0.00000001374
-0.00000001540
-0.00000001121
-0.00000000786
-0.00000000864
-0.00000000415
-0.00000000497
-0.00000000074
-0.00000001309
-0.00000001434
-0.00000000857
-0.00000000612
-0.00000000477
-0.00000000110
-0.00000000290
0.00000000088
-0.00000001631
-0.00000001242
-0.00000000893
-0.00000000945
-0.00000000726
-0.00000000314
-0.00000000673
-0.00000000281
-0.00000000383
-0.00000001768
-0.00000001344
-0.00000001497
-0.00000001161
-0.00000000880
-0.00000000965
-0.00000000604
-0.00000000194
-0.00000000488
-0.00000001673
-0.00000001296
-0.00000001340
-0.00000000939
-0.00000000520
-0.00000000587
-0.00000000143
-0.00000000277
0.00000000050
-0.00000001656
-0.00000001151
-0.00000000743
-0.00000000789
-0.00000000432
-0.00000000033
-0.00000000057
0.00000000459
0.00000000432
-0.00000000754
-0.00000000793
-0.00000000230
-0.00000000259
0.00000000157
-0.00000000002
0.00000000602
0.00000000545
0.00000000694
-0.00000000649
-0.00000000515
-0.00000000149
-0.00000000222
0.00000000317
0.00000000245
0.00000000602
-0.00000001006
-0.00000000628
-0.00000000700
-0.00000000167
-0.00000000326
0.00000000093
0.00000000050
0.00000000379
-0.00000001290
-0.00000000785
-0.00000000980
-0.00000000554
-0.00000000663
-0.00000000138
-0.00000000209
0.00000000144
-0.00000001641
-0.00000001170
-0.00000001314
-0.00000000956
-0.00000000667
-0.00000000808
-0.00000000348
-0.00000002109
-0.00000001752
-0.00000001226
-0.00000001285
-0.00000000969
-0.00000000569
-0.00000002119
-0.00000001669
-0.00000001220
-0.00000000806
-0.00000000933
-0.00000000676
-0.00000000666
-0.00000001848
-0.00000001278
-0.00000001488
-0.00000001024
-0.00000000450
-0.00000000613
-0.00000000083
-0.00000001777
-0.00000001326
-0.00000000957
-0.00000001079
-0.00000000657
-0.00000000243
-0.00000000328
-0.00000001571
-0.00000001131
-0.00000001134
-0.00000000801
-0.00000000310
-0.00000000357
0.00000000093
-0.00000001717
-0.00000001164
-0.00000001188
-0.00000000828
-0.00000000387
-0.00000000651
-0.00000000163
-0.00000001803
-0.00000001424
-0.00000001112
-0.00000001203
-0.00000000703
-0.00000000256
-0.00000000372
-0.00000001588
-0.00000001206
-0.00000001371
-0.00000001182
-0.00000000929
-0.00000000962
-0.00000000757
-0.00000000258
-0.00000000349
-0.00000001632
-0.00000001230
-0.00000001333
-0.00000001093
-0.00000000758
-0.00000000810
-0.00000000258
-0.00000002093
-0.00000001775
-0.00000001286
-0.00000001076
-0.00000001154
-0.00000000829
-0.00000000531
-0.00000000488
-0.00000000278
-0.00000001470
-0.00000001157
-0.00000001168
-0.00000000795
-0.00000000968
-0.00000000607
-0.00000000081
-0.00000000260
-0.00000001512
-0.00000000984
-0.00000001154
-0.00000000616
-0.00000000300
-0.00000000510
-0.00000000192
-0.00000000251
-0.00000001665
-0.00000001239
-0.00000000772
-0.00000001055
-0.00000000729
-0.00000000862
-0.00000000377
-0.00000001688
-0.00000001730
-0.00000001304
-0.00000000902
-0.00000000573
-0.00000000643
-0.00000000256
-0.00000000303
-0.00000000055
-0.00000001649
-0.00000001230
-0.00000000866
-0.00000000602
-0.00000000724
-0.00000000147
-0.00000000432
0.00000000026
-0.00000001639
-0.00000001387
-0.00000000998
-0.00000000782
-0.00000000829
-0.00000000402
-0.00000000346
0.00000000039
0.00000000006
0.00000000325
0.00000000780
-0.00000000759
-0.00000000766
-0.00000000310
0.00000000120
0.00000000085
0.00000000216
0.00000000654
0.00000000674
0.00000000771
-0.00000000235
-0.00000000228
0.00000000189
0.00000000223
0.00000000715
0.00000000615
0.00000000571
0.00000000978
-0.00000000650
-0.00000000733
-0.00000000224
-0.00000000324
0.00000000057
-0.00000000058
0.00000000453
0.00000000310
-0.00000001411
-0.00000000991
-0.00000001122
-0.00000000542
-0.00000000754
-0.00000000174
-0.00000000281
-0.00000001363
-0.00000000921
-0.00000000905
-0.00000000345
-0.00000000340
-0.00000000294
0.00000000160
-0.00000001496
-0.00000000965
-0.00000001025
-0.00000000702
-0.00000000137
-0.00000000190
0.00000000201
-0.00000001292
-0.00000000877
-0.00000000896
-0.00000000424
-0.00000000716
-0.00000000212
-0.00000000266
-0.00000001378
-0.00000001432
-0.00000001040
-0.00000000707
-0.00000000667
-0.00000000211
-0.00000000253
-0.00000001443
-0.00000001361
-0.00000000982
-0.00000001052
-0.00000000574
-0.00000000124
-0.00000000141
0.00000000363
-0.00000001298
-0.00000001264
-0.00000000780
-0.00000000225
-0.00000000256
0.00000000270
0.00000000305
0.00000000278
-0.00000000830
-0.00000000801
-0.00000000365
-0.00000000344
0.00000000203
0.00000000219
0.00000000150
0.00000000618
0.00000000582
0.00000000617
-0.00000001038
-0.00000000581
-0.00000000409
0.00000000053
-0.00000000151
0.00000000347
0.00000000289
-0.00000001296
-0.00000000939
-0.00000000984
-0.00000000646
-0.00000000763
-0.00000000266
-0.00000000246
-0.00000001452
-0.00000001470
-0.00000000997
-0.00000001081
-0.00000000664
-0.00000000267
-0.00000001908
-0.00000001475
-0.00000001708
-0.00000001166
-0.00000000756
-0.00000000813
-0.00000000405
-0.00000001883
-0.00000001640
-0.00000001648
-0.00000001238
-0.00000000810
-0.00000000826
-0.00000000393
-0.00000002107
-0.00000001619
-0.00000001139
-0.00000001107
-0.00000000758
-0.00000000244
-0.00000001953
-0.00000001720
-0.00000001704
-0.00000001423
-0.00000000949
-0.00000001050
-0.00000000717
-0.00000002399
-0.00000001878
-0.00000001640
-0.00000001118
-0.00000001317
-0.00000000970
-0.00000002032
-0.00000001837
-0.00000001860
-0.00000001437
-0.00000001044
-0.00000001119
-0.00000002318
-0.00000001865
-0.00000001424
-0.00000001502
-0.00000001147
-0.00000000762
-0.00000000733
-0.00000001910
-0.00000001495
-0.00000001456
-0.00000001032
-0.00000000359
-0.00000000519
-0.00000000039
-0.00000000169
-0.00000001226
-0.00000001260
-0.00000000841
-0.00000000278
-0.00000000427
-0.00000000000
-0.00000000157
-0.00000001311
-0.00000001319
-0.00000000966
-0.00000000518
-0.00000000737
-0.00000000195
-0.00000000277
-0.00000001473
-0.00000001432
-0.00000001048
-0.00000000662
-0.00000000743
-0.00000000377
-0.00000000563
-0.00000000123
-0.00000001314
-0.00000001358
-0.00000000895
-0.00000000903
-0.00000000461
-0.00000000051
-0.00000000039
-0.00000001324
-0.00000001272
-0.00000000864
-0.00000000843
-0.00000000366
-0.00000000484
0.00000000090
-0.00000001023
-0.00000001116
-0.00000000705
-0.00000000754
-0.00000000376
-0.00000000341
-0.00000001592
-0.00000001505
-0.00000001137
-0.00000000654
-0.00000000131
-0.00000000074
-0.00000001187
-0.00000001211
-0.00000000596
-0.00000000851
-0.00000000355
0.00000000019
-0.00000001626
-0.00000001004
-0.00000001216
-0.00000000727
-0.00000000187
-0.00000000322
-0.00000001522
-0.00000001042
-0.00000001121
-0.00000000572
-0.00000000619
-0.00000000260
-0.00000001404
-0.00000001377
-0.00000001037
-0.00000000733
-0.00000000814
-0.00000000238
-0.00000000349
-0.00000001393
-0.00000000911
-0.00000000994
-0.00000000524
-0.00000000361
-0.00000000001
-0.00000001123
-0.00000001252
-0.00000000829
-0.00000001002
-0.00000000742
-0.00000000266
-0.00000000368
-0.00000001432
-0.00000001072
-0.00000001207
-0.00000000674
-0.00000000744
-0.00000000245
-0.00000001370
-0.00000001445
-0.00000000949
-0.00000000571
-0.00000000687
-0.00000000207
-0.00000001791
-0.00000001372
-0.00000001013
-0.00000001107
-0.00000000719
-0.00000001963
-0.00000001416
-0.00000001622
-0.00000001200
-0.00000000770
-0.00000000777
-0.00000000346
-0.00000001984
-0.00000001592
-0.00000001045
-0.00000000725
-0.00000000794
-0.00000000223
-0.00000001261
-0.00000001333
-0.00000000831
-0.00000000833
-0.00000000284
-0.00000001387
-0.00000000809
-0.00000000876
-0.00000000336
-0.00000000508
0.00000000141
-0.00000001461
-0.00000001086
-0.00000000633
-0.00000000637
-0.00000000219
0.00000000153
-0.00000001459
-0.00000000890
-0.00000000795
-0.00000000419
0.00000000062
0.00000000090
-0.00000001097
-0.00000001068
-0.00000000648
-0.00000000650
-0.00000000317
0.00000000243
-0.00000001528
-0.00000000963
-0.00000000538
-0.00000000556
-0.00000000262
-0.00000000304
0.00000000101
-0.00000001424
-0.00000000834
-0.00000000439
-0.00000000435
-0.00000000000
-0.00000000077
-0.00000001175
-0.00000000707
-0.00000000588
-0.00000000169
-0.00000000155
0.00000000319
-0.00000001229
-0.00000000776
-0.00000000762
-0.00000000343
0.00000000148
0.00000000031
0.00000000649
-0.00000000937
-0.00000000490
-0.00000000598
0.00000000042
0.00000000093
0.00000000633
-0.00000000807
-0.00000000355
-0.00000000320
0.00000000124
0.00000000163
0.00000000724
0.00000000699
-0.00000000738
-0.00000000217
-0.00000000305
0.00000000169
0.00000000090
0.00000000446
0.00000000394
-0.00000001125
-0.00000000784
-0.00000000836
-0.00000000237
-0.00000000343
0.00000000026
0.00000000060
-0.00000001230
-0.00000001287
-0.00000000854
-0.00000000853
-0.00000000339
-0.00000000343
-0.00000000082
-0.00000001722
-0.00000001249
-0.00000000750
-0.00000000739
-0.00000000320
-0.00000000322
-0.00000001494
-0.00000001507
-0.00000001053
-0.00000000657
-0.00000000761
-0.00000000214
-0.00000001775
-0.00000001323
-0.00000000784
-0.00000000838
-0.00000000351
-0.00000000329
-0.00000001320
-0.00000001339
-0.00000000809
-0.00000000257
-0.00000000280
0.00000000122
-0.00000001332
-0.00000000882
-0.00000000767
-0.00000000216
-0.00000000227
-0.00000000972
-0.00000001030
-0.00000000502
-0.00000000426
-0.00000000060
0.00000000153
-0.00000000948
-0.00000000914
-0.00000000323
-0.00000000528
0.00000000114
0.00000000013
-0.00000001051
-0.00000001124
-0.00000000568
-0.00000000655
-0.00000000071
-0.00000000014
-0.00000001120
-0.00000001118
-0.00000000666
-0.00000000162
-0.00000000221
-0.00000000271
0.00000000136
-0.00000001476
-0.00000000928
-0.00000000881
-0.00000000471
-0.00000000588
-0.00000000255
-0.00000000268
0.00000000084
-0.00000001451
-0.00000001106
-0.00000001113
-0.00000000760
-0.00000000254
-0.00000000313
-0.00000001477
-0.00000001536
-0.00000000991
-0.00000000725
-0.00000000594
-0.00000000151
-0.00000001817
-0.00000001348
-0.00000001015
-0.00000001065
-0.00000000638
-0.00000000766
-0.00000000157
-0.00000001882
-0.00000001415
-0.00000000990
-0.00000001086
-0.00000000714
-0.00000000290
-0.00000000316
-0.00000001414
-0.00000001473
-0.00000000972
-0.00000001055
-0.00000000563
-0.00000000138
-0.00000001651
-0.00000001183
-0.00000000752
-0.00000000670
-0.00000000280
-0.00000000271
-0.00000001319
-0.00000001366
-0.00000000919
-0.00000000324
-0.00000000229
0.00000000261
-0.00000001376
-0.00000000837
-0.00000000802
-0.00000000491
-0.00000000461
-0.00000000063
-0.00000001664
-0.00000001148
-0.00000000674
-0.00000000839
-0.00000000297
-0.00000000520
-0.00000001621
-0.00000001168
-0.00000001106
-0.00000000657
-0.00000000213
-0.00000000197
-0.00000001213
-0.00000001341
-0.00000000801
-0.00000000769
-0.00000000293
-0.00000001881
-0.00000001310
-0.00000000800
-0.00000000810
-0.00000000331
0.00000000030
-0.00000001510
-0.00000001064
-0.00000001019
-0.00000000589
-0.00000000078
0.00000000062
-0.00000001112
-0.00000001026
-0.00000000426
-0.00000000634
-0.00000000147
0.00000000182
-0.00000001347
-0.00000000971
-0.00000000931
-0.00000000418
-0.00000000587
-0.00000000047
-0.00000001790
-0.00000001438
-0.00000000922
-0.00000001029
-0.00000000595
-0.00000000120
-0.00000001656
-0.00000001052
-0.00000000555
-0.00000000515
0.00000000065
-0.00000000153
0.00000000432
-0.00000001238
-0.00000000727
-0.00000000698
-0.00000000089
0.00000000480
0.00000000371
-0.00000000702
-0.00000000661
-0.00000000300
-0.00000000329
0.00000000037
0.00000000023
0.00000000479
-0.00000001017
-0.00000000512
-0.00000000496
-0.00000000080
-0.00000000110
0.00000000394
-0.00000001364
-0.00000000822
-0.00000000824
-0.00000000316
-0.00000000417
0.00000000137
0.00000000160
-0.00000000892
-0.00000000896
-0.00000000390
-0.00000000404
0.00000000099
0.00000000064
-0.00000001417
-0.00000000831
-0.00000000940
-0.00000000387
-0.00000000353
0.00000000080
-0.00000001503
-0.00000001166
-0.00000000789
-0.00000000784
-0.00000000386
-0.00000000452
-0.00000001706
-0.00000001879
-0.00000001447
-0.00000000954
-0.00000000635
-0.00000002310
-0.00000001740
-0.00000001308
-0.00000001332
-0.00000000973
-0.00000000577
-0.00000000538
-0.00000001645
-0.00000001642
-0.00000001253
-0.00000000818
-0.00000000861
-0.00000000472
0.00000000073
-0.00000001690
-0.00000001203
-0.00000001244
-0.00000000812
-0.00000000305
-0.00000000305
0.00000000116
-0.00000001600
-0.00000001256
-0.00000001265
-0.00000000914
-0.00000000513
-0.00000000409
0.00000000112
-0.00000001445
-0.00000000955
-0.00000000371
-0.00000000425
0.00000000024
0.00000000027
-0.00000000797
-0.00000000924
-0.00000000508
-0.00000000574
-0.00000000132
-0.00000000137
0.00000000289
-0.00000001295
-0.00000000808
-0.00000000865
-0.00000000375
0.00000000042
-0.00000000045
-0.00000001464
-0.00000001002
-0.00000000500
-0.00000000594
-0.00000000007
-0.00000000043
0.00000000469
-0.00000000991
-0.00000000645
-0.00000000840
-0.00000000239
0.00000000181
0.00000000242
0.00000000032
-0.00000001008
-0.00000001048
-0.00000000696
-0.00000000760
-0.00000000323
-0.00000000382
-0.00000001568
-0.00000001121
-0.00000001227
-0.00000000750
-0.00000000674
-0.00000000199
-0.00000001853
-0.00000001472
-0.00000000951
-0.00000000948
-0.00000000303
0.00000000109
-0.00000001321
-0.00000001352
-0.00000000798
-0.00000000119
-0.00000000275
0.00000000358
0.00000000387
-0.00000000458
-0.00000000698
0.00000000057
-0.00000000062
0.00000000609
0.00000000455
-0.00000001018
-0.00000000519
-0.00000000578
0.00000000086
0.00000000050
0.00000000716
-0.00000000821
-0.00000000737
-0.00000000176
-0.00000000171
0.00000000195
0.00000000150
0.00000000643
-0.00000001067
-0.00000001022
-0.00000000644
-0.00000000787
-0.00000000321
0.00000000100
-0.00000001452
-0.00000001545
-0.00000001161
-0.00000000453
-0.00000000674
-0.00000000198
-0.00000001745
-0.00000001290
-0.00000001245
-0.00000000889
-0.00000000382
-0.00000000520
-0.00000000068
-0.00000001698
-0.00000001148
-0.00000001028
-0.00000000767
-0.00000000146
-0.00000001795
-0.00000001319
-0.00000001349
-0.00000000839
-0.00000000928
-0.00000000390
-0.00000001523
-0.00000001570
-0.00000000977
-0.00000000379
-0.00000000458
0.00000000110
-0.00000001619
-0.00000001160
-0.00000001108
-0.00000000724
-0.00000000249
-0.00000000263
-0.00000001350
-0.00000001395
-0.00000000815
-0.00000000835
-0.00000000291
-0.00000001395
-0.00000001284
-0.00000000930
-0.00000000915
-0.00000000404
-0.00000000495
0.00000000069
-0.00000001537
-0.00000001107
-0.00000000500
-0.00000000502
0.00000000065
-0.00000000068
-0.00000001032
-0.00000001091
-0.00000000684
-0.00000000287
-0.00000000309
-0.00000001429
-0.00000001441
-0.00000001010
-0.00000000966
-0.00000000612
-0.00000000071
-0.00000001769
-0.00000001263
-0.00000000808
-0.00000000685
-0.00000000175
-0.00000001729
-0.00000001231
-0.00000000789
-0.00000000951
-0.00000000415
-0.00000000635
-0.00000001708
-0.00000001121
-0.00000001246
-0.00000000747
-0.00000000282
-0.00000001719
-0.00000001362
-0.00000000939
-0.00000001016
-0.00000000672
-0.00000002217
-0.00000001880
-0.00000001611
-0.00000001142
-0.00000001351
-0.00000000778
-0.00000001827
-0.00000001449
-0.00000001400
-0.00000000803
-0.00000000989
-0.00000000623
-0.00000001561
-0.00000001190
-0.00000001170
-0.00000000761
-0.00000000198
-0.00000000347
-0.00000001440
-0.00000000996
-0.00000001207
-0.00000000832
-0.00000000929
-0.00000000549
-0.00000001633
-0.00000001197
-0.00000001123
-0.00000000657
-0.00000000767
-0.00000000300
-0.00000001432
-0.00000001284
-0.00000000828
-0.00000000243
-0.00000000359
0.00000000218
-0.00000001331
-0.00000001011
-0.00000000459
-0.00000000575
-0.00000000206
-0.00000000154
-0.00000001227
-0.00000001263
-0.00000000692
-0.00000000207
-0.00000000199
-0.00000001339
-0.00000001393
-0.00000001035
-0.00000000425
-0.00000000555
-0.00000000051
0.00000000603
-0.00000001040
-0.00000000470
-0.00000000449
-0.00000000012
-0.00000000065
0.00000000274
-0.00000000853
-0.00000000867
-0.00000000622
-0.00000000553
-0.00000000103
-0.00000000134
-0.00000001096
-0.00000001098
-0.00000000615
-0.00000000142
-0.00000000180
0.00000000222
0.00000000172
-0.00000000901
-0.00000000790
-0.00000000218
-0.00000000188
0.00000000412
0.00000000350
-0.00000000562
-0.00000000600
0.00000000076
0.00000000015
0.00000000469
-0.00000000995
-0.00000000552
-0.00000000547
0.00000000040
0.00000000052
0.00000000597
-0.00000001096
-0.00000000544
-0.00000000611
-0.00000000002
-0.00000000047
-0.00000001187
-0.00000001194
-0.00000000716
-0.00000000243
-0.00000000251
0.00000000041
-0.00000001544
-0.00000001120
-0.00000001169
-0.00000000780
-0.00000000251
-0.00000001986
-0.00000001503
-0.00000001025
-0.00000001239
-0.00000000821
-0.00000000370
-0.00000002067
-0.00000001586
-0.00000001290
-0.00000001280
-0.00000000798
-0.00000002049
-0.00000001702
-0.00000001139
-0.00000001135
-0.00000002414
-0.00000001876
-0.00000001534
-0.00000001644
-0.00000001318
-0.00000002471
-0.00000002058
-0.00000001841
-0.00000001454
-0.00000001163
-0.00000002710
-0.00000002328
-0.00000002018
-0.00000001437
-0.00000001005
-0.00000000386
-0.00000002005
-0.00000001477
-0.00000001047
-0.00000000687
-0.00000000609
-0.00000001756
-0.00000001268
-0.00000000835
-0.00000000766
-0.00000000239
-0.00000001908
-0.00000001380
-0.00000000839
-0.00000000402
-0.00000000081
-0.00000000136
-0.00000001177
-0.00000001272
-0.00000000752
-0.00000000284
-0.00000000247
-0.00000001366
-0.00000000978
-0.00000000984
-0.00000000481
-0.00000000066
0.00000000042
0.00000000548
-0.00000000535
-0.00000000513
-0.00000000015
0.00000000055
0.00000000569
0.00000000591
-0.00000000367
-0.00000000421
-0.00000000067
-0.00000000080
0.00000000298
0.00000000235
0.00000000666
-0.00000000823
-0.00000000361
-0.00000000530
-0.00000000111
-0.00000000121
0.00000000242
-0.00000000774
-0.00000000827
-0.00000000437
-0.00000000327
-0.00000000036
-0.00000001701
-0.00000001224
-0.00000000807
-0.00000000693
-0.00000000314
-0.00000000246
-0.00000001348
-0.00000000975
-0.00000000947
-0.00000000573
0.00000000006
-0.00000001508
-0.00000001061
-0.00000000924
-0.00000000576
-0.00000000123
-0.00000000070
-0.00000001059
-0.00000001186
-0.00000000592
-0.00000000076
-0.00000000102
-0.00000001205
-0.00000000822
-0.00000000837
-0.00000000372
-0.00000000353
0.00000000167
-0.00000001046
-0.00000000894
-0.00000000349
-0.00000000508
-0.00000000014
-0.00000000004
-0.00000001105
-0.00000000605
-0.00000000536
-0.00000000051
0.00000000095
0.00000000492
0.00000000517
-0.00000000611
-0.00000000682
-0.00000000080
-0.00000000151
0.00000000356
-0.00000001145
-0.00000000695
-0.00000000736
-0.00000000190
-0.00000000210
-0.00000001258
-0.00000001245
-0.00000000873
-0.00000000326
-0.00000000394
-0.00000001573
-0.00000001247
-0.00000001229
-0.00000000848
-0.00000001001
-0.00000000520
-0.00000001672
-0.00000001351
-0.00000001441
-0.00000001070
-0.00000000721
-0.00000000747
-0.00000001950
-0.00000001562
-0.00000001107
-0.00000001309
-0.00000002332
-0.00000002035
-0.00000001612
-0.00000001368
-0.00000001492
-0.00000002550
-0.00000002106
-0.00000001584
-0.00000001210
-0.00000000869
-0.00000000829
-0.00000002022
-0.00000001527
-0.00000001054
-0.00000001207
-0.00000000719
-0.00000000214
-0.00000000322
-0.00000001414
-0.00000000868
-0.00000001017
-0.00000000501
-0.00000000196
-0.00000000166
-0.00000001264
-0.00000000757
-0.00000000774
-0.00000000214
-0.00000000262
0.00000000267
-0.00000000822
-0.00000000743
-0.00000000147
-0.00000000094
0.00000000371
-0.00000000733
-0.00000000645
-0.00000000260
-0.00000000130
0.00000000495
0.00000000353
-0.00000000734
-0.00000000654
-0.00000000250
0.00000000185
0.00000000148
0.00000000578
-0.00000000866
-0.00000000432
-0.00000000550
0.00000000093
0.00000000017
-0.00000001002
-0.00000000567
-0.00000000607
-0.00000000210
-0.00000000303
0.00000000227
-0.00000001367
-0.00000000800
-0.00000000922
-0.00000000382
0.00000000101
0.00000000033
-0.00000001016
-0.00000001185
-0.00000000635
-0.00000000637
-0.00000000259
0.00000000280
-0.00000001177
-0.00000000753
-0.00000000493
-0.00000000142
-0.00000000171
-0.00000001186
-0.00000000653
-0.00000000684
-0.00000000139
-0.00000000234
0.00000000251
-0.00000001307
-0.00000000831
-0.00000000340
-0.00000000468
-0.00000000099
-0.00000000181
-0.00000001210
-0.00000001166
-0.00000000772
-0.00000000277
-0.00000000375
-0.00000000030
-0.00000001644
-0.00000001312
-0.00000000922
-0.00000001023
-0.00000000617
-0.00000002338
-0.00000001937
-0.00000001601
-0.00000001180
-0.00000000933
-0.00000001073
-0.00000002330
-0.00000001962
-0.00000001497
-0.00000001559
-0.00000001324
-0.00000000806
-0.00000000905
-0.00000002114
-0.00000001594
-0.00000001181
-0.00000000872
-0.00000000789
-0.00000000318
-0.00000001968
-0.00000001670
-0.00000001270
-0.00000000887
-0.00000000878
-0.00000002035
-0.00000001570
-0.00000001058
-0.00000000770
-0.00000000921
-0.00000000425
-0.00000002115
-0.00000001892
-0.00000001338
-0.00000001065
-0.00000000725
-0.00000000811
-0.00000002060
-0.00000001697
-0.00000001294
-0.00000001051
-0.00000001024
-0.00000002294
-0.00000001754
-0.00000001528
-0.00000001080
-0.00000000735
-0.00000000816
-0.00000002095
-0.00000001627
-0.00000001226
-0.00000000792
-0.00000001059
-0.00000000766
-0.00000000448
-0.00000002156
-0.00000001702
-0.00000001370
-0.00000000981
-0.00000000771
-0.00000000255
-0.00000002162
-0.00000001702
-0.00000001389
-0.00000000954
-0.00000000431
-0.00000000809
-0.00000000265
-0.00000001524
-0.00000001120
-0.00000000649
-0.00000000786
-0.00000000402
0.00000000089
-0.00000000142
-0.00000001300
-0.00000001394
-0.00000000775
-0.00000000508
-0.00000000040
-0.00000000236
-0.00000001408
-0.00000001040
-0.00000000646
-0.00000000820
-0.00000000259
0.00000000058
-0.00000001533
-0.00000001167
-0.00000000778
-0.00000000235
-0.00000000516
0.00000000055
0.00000000490
-0.00000001201
-0.00000000757
-0.00000000787
-0.00000000462
0.00000000162
-0.00000000157
0.00000000380
-0.00000001344
-0.00000000965
-0.00000000555
-0.00000000484
-0.00000000074
0.00000000270
-0.00000001326
-0.00000000917
-0.00000000305
-0.00000000416
-0.00000000039
0.00000000436
-0.00000001171
-0.00000000763
-0.00000000722
-0.00000000123
0.00000000383
-0.00000001269
-0.00000000818
-0.00000000409
-0.00000000455
-0.00000000018
-0.00000000099
-0.00000001220
-0.00000000707
-0.00000000722
-0.00000000277
-0.00000000288
0.00000000159
0.00000000682
-0.00000000926
-0.00000000441
-0.00000000528
0.00000000023
-0.00000000109
0.00000000392
-0.00000000791
-0.00000000811
-0.00000000310
-0.00000000269
-0.00000000001
-0.00000000174
0.00000000252
-0.00000000800
-0.00000000873
-0.00000000363
-0.00000000612
-0.00000000016
-0.00000000017
-0.00000001264
-0.00000000805
-0.00000000807
-0.00000000373
-0.00000000585
-0.00000000003
-0.00000001769
-0.00000001440
-0.00000000942
-0.00000001104
-0.00000000766
-0.00000000234
-0.00000001966
-0.00000001406
-0.00000000924
-0.00000001034
-0.00000000573
-0.00000000114
-0.00000001732
-0.00000001291
-0.00000000903
-0.00000000876
-0.00000000279
0.00000000192
-0.00000001300
-0.00000000904
-0.00000000849
-0.00000000340
0.00000000072
0.00000000011
0.00000000545
-0.00000001010
-0.00000001134
-0.00000000635
-0.00000000156
-0.00000000213
0.00000000100
-0.00000001496
-0.00000001145
-0.00000000579
-0.00000000718
-0.00000000296
-0.00000000379
-0.00000001409
-0.00000000959
-0.00000000631
-0.00000000631
-0.00000000346
-0.00000000420
-0.00000001645
-0.00000001055
-0.00000001214
-0.00000000771
-0.00000000309
-0.00000000582
-0.00000001608
-0.00000001293
-0.00000001402
-0.00000001139
-0.00000000855
-0.00000000965
-0.00000000650
-0.00000001843
-0.00000001438
-0.00000001561
-0.00000001264
-0.00000000794
-0.00000000938
-0.00000002174
-0.00000001721
-0.00000001432
-0.00000000879
-0.00000000824
-0.00000000393
-0.00000002035
-0.00000001628
-0.00000001085
-0.00000000678
-0.00000000263
-0.00000000240
0.00000000109
-0.00000001411
-0.00000000901
-0.00000000429
-0.00000000456
-0.00000000135
-0.00000000108
-0.00000001285
-0.00000000839
-0.00000000835
-0.00000000440
0.00000000048
-0.00000001589
-0.00000001073
-0.00000000726
-0.00000000219
-0.00000000265
-0.00000000185
-0.00000001359
-0.00000000778
-0.00000000143
-0.00000000276
0.00000000264
-0.00000001310
-0.00000000761
-0.00000000816
-0.00000000355
-0.00000000032
-0.00000000096
-0.00000001113
-0.00000000606
-0.00000000584
-0.00000000172
-0.00000000251
0.00000000202
-0.00000000759
-0.00000000773
-0.00000000288
-0.00000000409
0.00000000147
0.00000000042
0.00000000550
-0.00000000996
-0.00000000603
-0.00000000762
-0.00000000272
-0.00000000261
0.00000000054
-0.00000001022
-0.00000001135
-0.00000000697
-0.00000000788
-0.00000000352
0.00000000138
-0.00000001474
-0.00000001053
-0.00000000754
-0.00000000830
-0.00000000521
-0.00000000633
-0.00000001781
-0.00000001378
-0.00000000829
-0.00000000927
-0.00000000565
-0.00000000727
-0.00000001854
-0.00000001294
-0.00000000908
-0.00000000899
-0.00000000558
-0.00000000597
-0.00000001695
-0.00000001230
-0.00000000782
-0.00000000823
-0.00000000283
-0.00000001857
-0.00000001374
-0.00000000914
-0.00000000562
-0.00000000683
-0.00000000180
-0.00000001809
-0.00000001356
-0.00000000865
-0.00000000906
-0.00000000446
-0.00000000001
-0.00000000084
-0.00000001134
-0.00000000513
-0.00000000671
-0.00000000104
-0.00000000198
0.00000000372
0.00000000383
-0.00000000729
-0.00000000704
-0.00000000219
0.00000000336
0.00000000459
0.00000000972
0.00000000899
-0.00000000619
-0.00000000108
-0.00000000126
0.00000000241
0.00000000160
0.00000000761
-0.00000000965
-0.00000000634
-0.00000000482
-0.00000000085
-0.00000000113
0.00000000409
0.00000000178
-0.00000000796
-0.00000000965
-0.00000000598
-0.00000000557
-0.00000000200
-0.00000000280
-0.00000001412
-0.00000001321
-0.00000000901
-0.00000000406
-0.00000000562
0.00000000059
-0.00000000015
-0.00000001008
-0.00000001050
-0.00000000507
-0.00000000078
-0.00000000048
0.00000000442
-0.00000001140
-0.00000000656
-0.00000000755
-0.00000000283
-0.00000000280
0.00000000131
-0.00000001457
-0.00000001061
-0.00000001106
-0.00000000643
-0.00000000133
-0.00000000202
-0.00000001282
-0.00000001277
-0.00000000815
-0.00000000401
-0.00000000299
0.00000000035
0.00000000157
-0.00000000913
-0.00000000971
-0.00000000572
-0.00000000517
-0.00000000084
-0.00000000016
-0.00000001190
-0.00000001188
-0.00000000751
-0.00000000279
-0.00000000227
0.00000000087
-0.00000000015
-0.00000001270
-0.00000001289
-0.00000000969
-0.00000001005
-0.00000000533
-0.00000000218
-0.00000001793
-0.00000001390
-0.00000001447
-0.00000001052
-0.00000000550
-0.00000000785
-0.00000001906
-0.00000001505
-0.00000001709
-0.00000001245
-0.00000000758
-0.00000002429
-0.00000001959
-0.00000001476
-0.00000001084
-0.00000001130
-0.00000000597
-0.00000001699
-0.00000001665
-0.00000001216
-0.00000000806
-0.00000000891
-0.00000000590
-0.00000001600
-0.00000001831
-0.00000001335
-0.00000000870
-0.00000000973
-0.00000000611
-0.00000001820
-0.00000001374
-0.00000001413
-0.00000001022
-0.00000000708
-0.00000000704
-0.00000000277
-0.00000001927
-0.00000001521
-0.00000000828
-0.00000000417
-0.00000000520
-0.00000000161
-0.00000001681
-0.00000001288
-0.00000000914
-0.00000001050
-0.00000000477
-0.00000001711
-0.00000001739
-0.00000001264
-0.00000000950
-0.00000000503
-0.00000000644
-0.00000001816
-0.00000001367
-0.00000001506
-0.00000000854
-0.00000000642
-0.00000000762
-0.00000001872
-0.00000001425
-0.00000001011
-0.00000001017
-0.00000000601
-0.00000001779
-0.00000001239
-0.00000001362
-0.00000000848
-0.00000000846
-0.00000000301
-0.00000001342
-0.00000000838
-0.00000000793
-0.00000000317
-0.00000000280
-0.00000001483
-0.00000000978
-0.00000001005
-0.00000000355
-0.00000000464
-0.00000001458
-0.00000001006
-0.00000000439
-0.00000000394
-0.00000000131
-0.00000000157
-0.00000001165
-0.00000000813
-0.00000000900
-0.00000000409
0.00000000033
-0.00000001476
-0.00000001102
-0.00000000443
-0.00000000783
-0.00000000324
-0.00000000629
-0.00000000111
-0.00000001209
-0.00000000825
-0.00000000952
-0.00000000536
-0.00000000607
-0.00000000035
-0.00000001789
-0.00000001185
-0.00000000886
-0.00000000951
-0.00000000547
-0.00000001788
-0.00000001289
-0.00000001583
-0.00000001110
-0.00000000636
-0.00000000904
-0.00000002034
-0.00000001559
-0.00000001210
-0.00000000755
-0.00000000875
-0.00000002029
-0.00000001627
-0.00000001319
-0.00000000783
-0.00000000872
-0.00000000477
-0.00000002074
-0.00000001667
-0.00000001096
-0.00000000705
-0.00000000234
-0.00000001893
-0.00000001459
-0.00000001043
-0.00000000590
-0.00000000711
-0.00000000243
0.00000000065
-0.00000001573
-0.00000001305
-0.00000000768
-0.00000000890
-0.00000000382
0.00000000196
-0.00000001414
-0.00000000911
-0.00000000381
-0.00000000397
0.00000000032
0.00000000029
-0.00000001127
-0.00000000767
-0.00000000781
-0.00000000219
-0.00000000294
0.00000000034
-0.00000001083
-0.00000001278
-0.00000000800
-0.00000000295
-0.00000000317
0.00000000005
-0.00000001525
-0.00000001016
-0.00000000609
-0.00000000216
-0.00000000206
-0.00000001366
-0.00000000895
-0.00000001058
-0.00000000504
-0.00000000096
-0.00000001709
-0.00000001279
-0.00000000865
-0.00000000404
-0.00000000523
-0.00000001668
-0.00000001210
-0.00000001319
-0.00000000873
-0.00000000403
-0.00000000130
-0.00000000282
-0.00000001452
-0.00000001563
-0.00000001256
-0.00000000855
-0.00000000450
-0.00000000642
-0.00000001716
-0.00000001272
-0.00000000767
-0.00000000881
-0.00000000591
-0.00000000142
-0.00000001940
-0.00000001693
-0.00000001206
-0.00000000803
-0.00000000763
-0.00000000432
-0.00000002037
-0.00000001561
-0.00000001080
-0.00000000744
-0.00000000290
-0.00000001950
-0.00000001393
-0.00000000896
-0.00000000558
-0.00000000618
-0.00000000293
-0.00000001870
-0.00000001440
-0.00000001041
-0.00000000726
-0.00000000802
-0.00000000294
0.00000000210
-0.00000001448
-0.00000000885
-0.00000000448
-0.00000000418
0.00000000029
0.00000000039
-0.00000001120
-0.00000000648
-0.00000000216
-0.00000000224
0.00000000211
0.00000000179
0.00000000577
-0.00000000904
-0.00000000671
0.00000000007
0.00000000015
0.00000000608
0.00000000596
0.00000001228
0.00000001325
0.00000001305
-0.00000000335
0.00000000136
0.00000000263
0.00000000682
0.00000000618
0.00000001300
0.00000001044
-0.00000000495
-0.00000000075
-0.00000000133
0.00000000212
0.00000000221
0.00000000241
0.00000000665
0.00000000853
-0.00000000756
-0.00000000144
-0.00000000196
0.00000000368
0.00000000413
0.00000000882
0.00000000866
0.00000000873
-0.00000000129
-0.00000000218
-0.00000000150
0.00000000395
0.00000000281
0.00000000685
0.00000000634
0.00000000590
-0.00000001079
-0.00000000638
-0.00000000577
-0.00000000163
-0.00000000080
0.00000000412
-0.00000001103
-0.00000000759
-0.00000000717
-0.00000000113
-0.00000000039
0.00000000438
0.00000000369
-0.00000000588
-0.00000000652
-0.00000000648
-0.00000000104
-0.00000000222
0.00000000271
-0.00000001341
-0.00000000848
-0.00000000859
-0.00000000325
-0.00000000337
0.00000000013
-0.00000001595
-0.00000001119
-0.00000001237
-0.00000000836
-0.00000000890
-0.00000000323
-0.00000001981
-0.00000001435
-0.00000000989
-0.00000000891
-0.00000000357
-0.00000002100
-0.00000001575
-0.00000000884
-0.00000001029
-0.00000000566
-0.00000002177
-0.00000001720
-0.00000001226
-0.00000000775
-0.00000000808
-0.00000000257
-0.00000001939
-0.00000001463
-0.00000001009
-0.00000000900
-0.00000000576
-0.00000002026
-0.00000001694
-0.00000001030
-0.00000000635
-0.00000000705
-0.00000001685
-0.00000001845
-0.00000001363
-0.00000000813
-0.00000000788
-0.00000000327
-0.00000001833
-0.00000001415
-0.00000000875
-0.00000000779
-0.00000000298
-0.00000000274
-0.00000001370
-0.00000001520
-0.00000001003
-0.00000000405
-0.00000000401
0.00000000097
-0.00000001583
-0.00000000964
-0.00000001025
-0.00000000548
-0.00000000027
-0.00000000071
0.00000000367
-0.00000001193
-0.00000000696
-0.00000000785
-0.00000000226
0.00000000280
0.00000000236
-0.00000001409
-0.00000000816
-0.00000000838
-0.00000000316
0.00000000065
0.00000000018
-0.00000001570
-0.00000001207
-0.00000000733
-0.00000000847
-0.00000000298
-0.00000000321
-0.00000001334
-0.00000001378
-0.00000000808
-0.00000000276
-0.00000000342
0.00000000144
-0.00000001416
-0.00000000864
-0.00000000831
-0.00000000242
-0.00000000249
-0.00000001279
-0.00000001255
-0.00000000724
-0.00000000613
-0.00000000062
0.00000000004
-0.00000000998
-0.00000000464
-0.00000000410
0.00000000061
0.00000000060
-0.00000000816
-0.00000000766
-0.00000000137
-0.00000000092
0.00000000465
-0.00000000988
-0.00000000304
-0.00000000252
0.00000000285
0.00000000485
-0.00000001196
-0.00000000720
-0.00000000641
-0.00000000081
0.00000000636
0.00000000515
-0.00000001102
-0.00000000558
-0.00000000564
-0.00000000131
-0.00000000075
-0.00000001099
-0.00000001047
-0.00000000574
-0.00000000084
-0.00000000137
-0.00000001612
-0.00000001215
-0.00000000591
-0.00000000633
-0.00000000120
-0.00000000257
0.00000000354
-0.00000001257
-0.00000000878
-0.00000001017
-0.00000000336
-0.00000000305
0.00000000123
-0.00000001470
-0.00000000952
-0.00000000842
-0.00000000284
-0.00000000201
0.00000000372
0.00000000489
-0.00000000453
-0.00000000597
-0.00000000637
-0.00000000102
0.00000000075
-0.00000000935
-0.00000000913
-0.00000000363
-0.00000000452
0.00000000007
0.00000000047
-0.00000001037
-0.00000000941
-0.00000000452
-0.00000000399
0.00000000079
-0.00000000031
-0.00000001546
-0.00000001028
-0.00000000616
-0.00000000381
-0.00000000348
-0.00000001524
-0.00000001526
-0.00000001028
-0.00000000518
-0.00000000511
-0.00000001546
-0.00000001169
-0.00000001044
-0.00000000653
-0.00000002279
-0.00000001757
-0.00000001285
-0.00000001434
-0.00000000888
-0.00000001895
-0.00000001872
-0.00000001234
-0.00000000808
-0.00000002243
-0.00000001795
-0.00000001063
-0.00000001196
-0.00000000719
-0.00000001699
-0.00000001677
-0.00000001069
-0.00000000416
-0.00000000595
-0.00000001720
-0.00000001078
-0.00000001145
-0.00000000511
-0.00000000075
-0.00000001528
-0.00000000906
-0.00000000366
-0.00000000365
0.00000000226
-0.00000001385
-0.00000000910
-0.00000000810
-0.00000000244
-0.00000000278
0.00000000255
-0.00000001149
-0.00000000645
-0.00000000744
-0.00000000178
0.00000000363
0.00000000285
-0.00000001126
-0.00000000791
-0.00000000682
-0.00000000038
0.00000000417
0.00000000555
-0.00000000759
-0.00000000640
-0.00000000717
-0.00000000155
0.00000000336
0.00000000392
-0.00000001205
-0.00000000611
-0.00000000665
-0.00000000070
-0.00000000018
-0.00000001181
-0.00000000661
-0.00000000741
-0.00000000201
-0.00000000155
0.00000000338
-0.00000001285
-0.00000000764
-0.00000000778
-0.00000000232
-0.00000000177
0.00000000297
-0.00000001303
-0.00000000791
-0.00000000813
-0.00000000244
-0.00000000240
0.00000000215
-0.00000001307
-0.00000000817
-0.00000000864
-0.00000000261
-0.00000000240
0.00000000325
0.00000000330
-0.00000000741
-0.00000000724
-0.00000000087
0.00000000035
0.00000000477
0.00000000576
-0.00000000826
-0.00000000374
-0.00000000263
0.00000000156
0.00000000080
0.00000000083
0.00000000570
-0.00000000969
-0.00000000768
-0.00000000383
-0.00000000359
0.00000000094
0.00000000161
-0.00000000824
-0.00000000887
-0.00000000328
-0.00000000248
-0.00000000302
0.00000000221
-0.00000001382
-0.00000000826
-0.00000000788
-0.00000000300
-0.00000000274
-0.00000001333
-0.00000001357
-0.00000000929
-0.00000000949
-0.00000000553
-0.00000002073
-0.00000001591
-0.00000000984
-0.00000001016
-0.00000000544
-0.00000002193
-0.00000001642
-0.00000001257
-0.00000000547
-0.00000001952
-0.00000001650
-0.00000001438
-0.00000000928
-0.00000000517
-0.00000002006
-0.00000001467
-0.00000001014
-0.00000000977
-0.00000002010
-0.00000001284
-0.00000001394
-0.00000000933
-0.00000002605
-0.00000001539
-0.00000001495
-0.00000000948
-0.00000000494
-0.00000001912
-0.00000001525
-0.00000000906
-0.00000000940
-0.00000002016
-0.00000001660
-0.00000001719
-0.00000001135
-0.00000000786
-0.00000002333
-0.00000001858
-0.00000001383
-0.00000000875
-0.00000000984
-0.00000002001
-0.00000001523
-0.00000001070
-0.00000001078
-0.00000000729
-0.00000001729
-0.00000001228
-0.00000001170
-0.00000000683
-0.00000000722
-0.00000000205
-0.00000001427
-0.00000000876
-0.00000000990
-0.00000000536
-0.00000000532
-0.00000000043
-0.00000001687
-0.00000001198
-0.00000000666
-0.00000000116
-0.00000000040
0.00000000362
-0.00000001124
-0.00000000528
-0.00000000620
-0.00000000098
0.00000000428
0.00000000616
-0.00000000491
-0.00000000318
0.00000000230
0.00000000245
0.00000000728
0.00000000676
-0.00000000685
-0.00000000249
-0.00000000224
0.00000000251
0.00000000166
0.00000000662
-0.00000000852
-0.00000000220
-0.00000000263
0.00000000055
0.00000000222
-0.00000001326
-0.00000000773
-0.00000000779
-0.00000000238
-0.00000000279
-0.00000001193
-0.00000000723
-0.00000000600
-0.00000000139
-0.00000000006
-0.00000001041
-0.00000001174
-0.00000000551
-0.00000000039
0.00000000080
-0.00000000977
-0.00000000873
-0.00000000503
-0.00000000370
-0.00000000025
-0.00000001612
-0.00000001009
-0.00000000593
-0.00000000576
-0.00000000053
-0.00000001734
-0.00000001238
-0.00000000754
-0.00000000760
-0.00000000219
-0.00000001778
-0.00000001363
-0.00000000864
-0.00000000845
-0.00000000367
-0.00000002025
-0.00000001530
-0.00000000988
-0.00000000561
-0.00000002103
-0.00000001738
-0.00000001241
-0.00000001113
-0.00000000659
-0.00000001601
-0.00000001088
-0.00000001091
-0.00000000552
-0.00000000126
-0.00000001592
-0.00000000999
-0.00000000570
-0.00000000326
0.00000000065
0.00000000031
-0.00000000945
-0.00000001038
-0.00000000410
-0.00000000013
0.00000000065
0.00000000673
-0.00000000800
-0.00000000808
-0.00000000207
-0.00000000150
0.00000000371
-0.00000001114
-0.00000000668
-0.00000000521
0.00000000014
0.00000000606
-0.00000000790
-0.00000000266
-0.00000000192
0.00000000395
0.00000000495
-0.00000000412
-0.00000000459
0.00000000102
0.00000000161
0.00000000207
-0.00000000748
-0.00000000774
-0.00000000178
-0.00000000139
-0.00000001181
-0.00000001069
-0.00000000663
-0.00000000611
-0.00000000109
-0.00000001708
-0.00000001170
-0.00000000436
-0.00000000449
0.00000000036
-0.00000001408
-0.00000000911
-0.00000000828
-0.00000000284
-0.00000000287
-0.00000001307
-0.00000001313
-0.00000000782
-0.00000000179
-0.00000001687
-0.00000001063
-0.00000001151
-0.00000000419
-0.00000000021
-0.00000001439
-0.00000000859
-0.00000000894
-0.00000000292
-0.00000000235
-0.00000001192
-0.00000001067
-0.00000000489
-0.00000000012
0.00000000040
-0.00000001126
-0.00000000935
-0.00000000337
-0.00000000327
-0.00000001459
-0.00000001347
-0.00000000784
-0.00000000071
0.00000000033
-0.00000001152
-0.00000001207
-0.00000000548
-0.00000000699
-0.00000000196
-0.00000001788
-0.00000001252
-0.00000000649
-0.00000000752
-0.00000001612
-0.00000001116
-0.00000001047
-0.00000000519
-0.00000000504
-0.00000001421
-0.00000000967
-0.00000000906
-0.00000000310
-0.00000000214
-0.00000001176
-0.00000001269
-0.00000000767
-0.00000000191
-0.00000001702
-0.00000001052
-0.00000000402
-0.00000000530
0.00000000023
-0.00000001444
-0.00000000983
-0.00000000354
-0.00000000287
0.00000000177
-0.00000001205
-0.00000000758
-0.00000000698
-0.00000000256
-0.00000000157
-0.00000001243
-0.00000000640
-0.00000000498
-0.00000000022
0.00000000144
-0.00000000997
-0.00000000913
-0.00000000452
-0.00000000377
0.00000000121
0.00000000273
-0.00000000923
-0.00000000868
-0.00000000270
-0.00000000348
0.00000000312
-0.00000001323
-0.00000000797
-0.00000000829
-0.00000000173
-0.00000000238
-0.00000001242
-0.00000001230
-0.00000000634
-0.00000000131
-0.00000000201
-0.00000001298
-0.00000001269
-0.00000000793
-0.00000000784
-0.00000000204
-0.00000001637
-0.00000001123
-0.00000000721
-0.00000000486
0.00000000010
-0.00000001433
-0.00000000803
-0.00000000130
-0.00000000046
0.00000000594
-0.00000000889
-0.00000000289
-0.00000000231
0.00000000395
0.00000000517
-0.00000000828
-0.00000000231
-0.00000000205
0.00000000335
0.00000000503
-0.00000000531
-0.00000000388
0.00000000240
0.00000000261
0.00000000289
-0.00000000506
-0.00000000592
-0.00000000096
-0.00000000005
0.00000000624
-0.00000000795
-0.00000000745
0.00000000117
0.00000000101
-0.00000000998
-0.00000000856
-0.00000000155
-0.00000000214
0.00000000431
-0.00000000895
-0.00000000804
-0.00000000135
0.00000000001
0.00000000536
-0.00000000829
-0.00000000224
-0.00000000097
-0.00000000000
-0.00000000935
-0.00000000949
-0.00000000274
-0.00000000266
0.00000000248
-0.00000001217
-0.00000001251
-0.00000000583
0.00000000041
-0.00000001456
-0.00000000916
-0.00000000822
-0.00000000293
-0.00000001835
-0.00000001187
-0.00000001172
-0.00000000766
-0.00000000217
-0.00000001669
-0.00000001265
-0.00000001274
-0.00000000941
-0.00000000900
-0.00000000521
-0.00000001994
-0.00000001559
-0.00000000933
-0.00000000939
-0.00000000467
-0.00000001949
-0.00000001493
-0.00000000909
-0.00000000987
-0.00000000391
-0.00000002011
-0.00000001572
-0.00000000906
-0.00000000827
-0.00000000308
-0.00000001727
-0.00000001059
-0.00000000541
-0.00000000433
0.00000000128
0.00000000039
-0.00000001369
-0.00000000775
-0.00000000775
-0.00000000214
0.00000000381
0.00000000436
-0.00000001152
-0.00000000532
-0.00000000614
-0.00000000018
0.00000000130
-0.00000000883
-0.00000000829
-0.00000000219
-0.00000000194
0.00000000461
-0.00000000922
-0.00000000859
-0.00000000279
-0.00000000264
0.00000000434
0.00000000347
-0.00000000733
-0.00000000560
-0.00000000219
-0.00000000139
-0.00000000116
-0.00000001152
-0.00000000965
-0.00000000428
-0.00000000331
0.00000000264
-0.00000001299
-0.00000000749
-0.00000000666
-0.00000000218
-0.00000000164
-0.00000001104
-0.00000001150
-0.00000000801
-0.00000000792
-0.00000000289
-0.00000001860
-0.00000001307
-0.00000001259
-0.00000000835
-0.00000000266
-0.00000001684
-0.00000001254
-0.00000001114
-0.00000000684
-0.00000000701
-0.00000001573
-0.00000000988
-0.00000000813
-0.00000000254
-0.00000001894
-0.00000001271
-0.00000001231
-0.00000000836
-0.00000000316
-0.00000000348
-0.00000001303
-0.00000001327
-0.00000000812
-0.00000000245
-0.00000001807
-0.00000001771
-0.00000001228
-0.00000000632
-0.00000000214
-0.00000001808
-0.00000001211
-0.00000001156
-0.00000000767
-0.00000000190
-0.00000001811
-0.00000001212
-0.00000001357
-0.00000000748
-0.00000000178
-0.00000001815
-0.00000001298
-0.00000000899
-0.00000001034
-0.00000000652
-0.00000002257
-0.00000001803
-0.00000001459
-0.00000000842
-0.00000000816
-0.00000001967
-0.00000001888
-0.00000001541
-0.00000000949
-0.00000000503
-0.00000002147
-0.00000001685
-0.00000001189
-0.00000000821
-0.00000000732
-0.00000000310
-0.00000001805
-0.00000001395
-0.00000000785
-0.00000000786
-0.00000000287
-0.00000000292
-0.00000001495
-0.00000000979
-0.00000000560
-0.00000000708
-0.00000000174
-0.00000001710
-0.00000001248
-0.00000000784
-0.00000000753
-0.00000000298
0.00000000078
-0.00000001488
-0.00000000966
-0.00000000496
-0.00000000366
0.00000000040
0.00000000075
-0.00000001023
-0.00000000592
-0.00000000490
-0.00000000042
0.00000000077
-0.00000001077
-0.00000001107
-0.00000000686
-0.00000000249
-0.00000000262
0.00000000351
0.00000000354
-0.00000000766
-0.00000000659
-0.00000000093
-0.00000000198
0.00000000311
-0.00000001221
-0.00000000735
-0.00000000719
-0.00000000167
0.00000000373
-0.00000001259
-0.00000000854
-0.00000000814
-0.00000000337
-0.00000000531
-0.00000000051
-0.00000001202
-0.00000001287
-0.00000000723
-0.00000000862
-0.00000001918
-0.00000001624
-0.00000001133
-0.00000001274
-0.00000000849
-0.00000001848
-0.00000002045
-0.00000001542
-0.00000001130
-0.00000002211
-0.00000001811
-0.00000001355
-0.00000001422
-0.00000000858
-0.00000000895
-0.00000001971
-0.00000001546
-0.00000000880
-0.00000000953
-0.00000000407
-0.00000001484
-0.00000001061
-0.00000001105
-0.00000000573
-0.00000000470
0.00000000052
-0.00000001220
-0.00000000619
-0.00000000718
-0.00000000196
-0.00000000204
0.00000000263
-0.00000001227
-0.00000000815
-0.00000000252
-0.00000000231
0.00000000383
0.00000000229
-0.00000000772
-0.00000000733
-0.00000000269
0.00000000172
0.00000000088
0.00000000425
0.00000000409
-0.00000000654
-0.00000000666
-0.00000000320
-0.00000000253
0.00000000252
0.00000000173
0.00000000688
-0.00000000925
-0.00000000470
-0.00000000562
0.00000000038
0.00000000047
0.00000000478
0.00000000376
-0.00000000688
-0.00000000786
-0.00000000336
-0.00000000308
0.00000000164
0.00000000086
-0.00000001127
-0.00000001222
-0.00000000819
-0.00000001096
-0.00000000613
-0.00000000179
-0.00000000228
-0.00000001413
-0.00000001357
-0.00000000929
-0.00000000622
-0.00000000807
-0.00000000441
-0.00000002140
-0.00000001856
-0.00000001392
-0.00000000917
-0.00000001050
-0.00000002015
-0.00000001525
-0.00000001020
-0.00000001160
-0.00000000738
-0.00000000313
-0.00000001818
-0.00000001314
-0.00000000778
-0.00000000805
-0.00000001921
-0.00000001061
-0.00000000682
-0.00000000552
-0.00000000129
-0.00000001596
-0.00000000975
-0.00000000432
-0.00000000313
-0.00000001363
-0.00000000915
-0.00000000893
-0.00000000303
-0.00000000431
-0.00000001527
-0.00000000970
-0.00000001063
-0.00000000394
0.00000000112
-0.00000001415
-0.00000000840
-0.00000000772
-0.00000000230
-0.00000001639
-0.00000001238
-0.00000000769
-0.00000000337
-0.00000000353
-0.00000001413
-0.00000001433
-0.00000000963
-0.00000000366
-0.00000000492
-0.00000001474
-0.00000000946
-0.00000000957
-0.00000000531
0.00000000113
-0.00000001668
-0.00000001054
-0.00000000708
-0.00000000576
-0.00000000140
-0.00000000097
-0.00000001018
-0.00000000590
-0.00000000539
-0.00000000044
0.00000000034
0.00000000582
-0.00000001011
-0.00000000576
0.00000000014
-0.00000000069
0.00000000544
0.00000000599
-0.00000000325
-0.00000000190
0.00000000360
0.00000000644
0.00000001173
0.00000001161
-0.00000000261
0.00000000146
0.00000000185
0.00000000317
0.00000000835
0.00000000972
-0.00000000715
-0.00000000135
-0.00000000001
0.00000000498
0.00000000514
0.00000001067
0.00000001171
0.00000001084
-0.00000000346
0.00000000067
0.00000000128
0.00000000153
0.00000000478
0.00000000429
0.00000000225
0.00000000639
-0.00000000972
-0.00000000914
-0.00000000359
-0.00000000404
0.00000000112
0.00000000246
-0.00000001226
-0.00000000653
-0.00000000684
-0.00000000105
0.00000000144
-0.00000001372
-0.00000000923
-0.00000000313
-0.00000000297
0.00000000144
-0.00000001370
-0.00000001284
-0.00000000788
-0.00000000778
-0.00000000324
-0.00000001800
-0.00000001399
-0.00000000886
-0.00000000754
-0.00000001776
-0.00000001710
-0.00000001321
-0.00000000603
-0.00000000734
-0.00000001784
-0.00000001876
-0.00000001250
-0.00000000798
-0.00000002368
-0.00000001729
-0.00000001217
-0.00000001284
-0.00000000717
-0.00000000198
-0.00000001915
-0.00000001514
-0.00000001517
-0.00000000943
-0.00000002026
-0.00000001906
-0.00000001374
-0.00000000841
-0.00000000946
-0.00000001906
-0.00000001537
-0.00000001493
-0.00000000969
-0.00000001929
-0.00000001983
-0.00000001419
-0.00000000938
-0.00000002383
-0.00000001907
-0.00000001327
-0.00000000677
-0.00000002170
-0.00000001658
-0.00000000937
-0.00000000945
-0.00000002018
-0.00000001454
-0.00000000878
-0.00000000919
-0.00000001861
-0.00000001338
-0.00000001220
-0.00000000420
-0.00000000081
-0.00000001449
-0.00000000916
-0.00000000895
-0.00000000269
-0.00000001358
-0.00000001319
-0.00000000774
-0.00000000784
-0.00000000342
0.00000000097
-0.00000001300
-0.00000000916
-0.00000000980
-0.00000000322
0.00000000160
-0.00000001303
-0.00000000673
-0.00000000577
-0.00000000055
-0.00000000155
-0.00000001106
-0.00000001257
-0.00000000699
-0.00000000122
-0.00000000107
-0.00000001248
-0.00000001221
-0.00000000676
-0.00000000099
0.00000000016
0.00000000489
-0.00000000942
-0.00000000332
-0.00000000293
0.00000000248
0.00000000376
-0.00000000659
-0.00000000681
-0.00000000152
0.00000000091
0.00000000594
0.00000000473
-0.00000000529
-0.00000000277
0.00000000294
0.00000000200
0.00000000354
-0.00000000689
-0.00000000723
-0.00000000168
-0.00000000090
0.00000000553
-0.00000001124
-0.00000000595
-0.00000000594
-0.00000000105
-0.00000001595
-0.00000000881
-0.00000000587
-0.00000000508
0.00000000138
-0.00000001419
-0.00000000986
-0.00000000922
-0.00000000298
-0.00000001768
-0.00000001228
-0.00000001230
-0.00000000594
-0.00000001609
-0.00000001422
-0.00000000960
-0.00000001949
-0.00000001916
-0.00000001418
-0.00000000983
-0.00000001004
-0.00000001821
-0.00000001451
-0.00000001318
-0.00000000682
-0.00000000231
-0.00000001690
-0.00000001206
-0.00000001149
-0.00000000424
-0.00000000035
-0.00000001523
-0.00000000853
-0.00000000330
-0.00000000308
0.00000000126
-0.00000001525
-0.00000000881
-0.00000000967
-0.00000000351
-0.00000000209
-0.00000001089
-0.00000000575
-0.00000000610
0.00000000071
-0.00000001359
-0.00000000784
-0.00000000519
0.00000000119
0.00000000676
-0.00000000769
-0.00000000640
0.00000000030
-0.00000000085
0.00000000535
-0.00000000790
-0.00000000284
-0.00000000191
0.00000000429
-0.00000001072
-0.00000000414
-0.00000000528
0.00000000084
-0.00000001362
-0.00000000837
-0.00000000819
-0.00000000223
-0.00000000143
-0.00000001140
-0.00000001141
-0.00000000512
-0.00000000553
-0.00000000015
-0.00000001627
-0.00000001014
-0.00000000614
-0.00000000351
-0.00000001662
-0.00000001600
-0.00000000993
-0.00000000418
-0.00000001929
-0.00000001450
-0.00000000831
-0.00000000823
-0.00000001814
-0.00000001666
-0.00000001097
-0.00000000572
-0.00000001549
-0.00000001505
-0.00000000987
-0.00000000404
-0.00000000314
-0.00000001386
-0.00000001283
-0.00000000772
-0.00000000275
-0.00000001859
-0.00000001373
-0.00000000764
-0.00000000598
-0.00000001502
-0.00000000924
-0.00000000833
-0.00000000254
-0.00000001773
-0.00000001298
-0.00000000613
-0.00000000687
-0.00000001567
-0.00000001030
-0.00000000821
-0.00000000237
-0.00000001190
-0.00000001040
-0.00000000430
-0.00000000304
0.00000000220
-0.00000000598
-0.00000000550
0.00000000061
0.00000000098
-0.00000000838
-0.00000000800
-0.00000000281
-0.00000000276
-0.00000001366
-0.00000001241
-0.00000000729
-0.00000000270
-0.00000001733
-0.00000001221
-0.00000001337
-0.00000000727
-0.00000001672
-0.00000001196
-0.00000001021
-0.00000000411
-0.00000000004
-0.00000001524
-0.00000000928
-0.00000000377
-0.00000000292
-0.00000001323
-0.00000001331
-0.00000000787
-0.00000000034
-0.00000001504
-0.00000000911
-0.00000000387
-0.00000000264
-0.00000001295
-0.00000000640
-0.00000000443
0.00000000056
0.00000000103
-0.00000000994
-0.00000000438
-0.00000000366
-0.00000000373
-0.00000001418
-0.00000000801
-0.00000000751
-0.00000000175
-0.00000000140
-0.00000001214
-0.00000001114
-0.00000000575
0.00000000026
-0.00000001360
-0.00000000815
-0.00000000751
0.00000000055
-0.00000000991
-0.00000000827
-0.00000000161
0.00000000021
0.00000000568
-0.00000000809
-0.00000000138
-0.00000000112
0.00000000566
-0.00000000882
-0.00000000277
-0.00000000162
0.00000000542
-0.00000000936
-0.00000000246
-0.00000000170
0.00000000595
-0.00000000874
-0.00000000149
0.00000000008
0.00000000698
-0.00000000689
-0.00000000534
0.00000000135
0.00000000221
-0.00000000526
-0.00000000501
0.00000000176
0.00000000122
-0.00000000844
-0.00000000749
-0.00000000059
-0.00000000002
-0.00000000927
-0.00000000870
-0.00000000347
-0.00000000281
-0.00000001783
-0.00000001190
-0.00000000642
-0.00000002098
-0.00000001433
-0.00000000802
-0.00000000724
-0.00000001724
-0.00000001134
-0.00000001058
-0.00000000326
-0.00000001874
-0.00000001261
-0.00000000594
-0.00000000415
-0.00000001334
-0.00000001428
-0.00000000820
-0.00000000183
-0.00000001689
-0.00000000935
-0.00000000929
-0.00000001880
-0.00000001232
-0.00000001205
-0.00000000720
-0.00000000109
-0.00000001716
-0.00000001003
-0.00000001092
-0.00000000419
-0.00000001550
-0.00000001510
-0.00000001012
-0.00000000272
-0.00000001833
-0.00000001310
-0.00000000628
-0.00000000593
-0.00000001446
-0.00000000922
-0.00000000805
-0.00000000213
-0.00000001679
-0.00000001098
-0.00000000541
-0.00000001855
-0.00000001222
-0.00000000683
-0.00000000652
-0.00000001473
-0.00000000871
-0.00000000759
-0.00000000245
-0.00000000065
-0.00000000935
-0.00000000297
-0.00000000256
-0.00000001162
-0.00000000958
-0.00000000287
0.00000000377
-0.00000001055
-0.00000000434
-0.00000000273
0.00000000400
-0.00000001080
-0.00000000408
-0.00000000270
0.00000000216
0.00000000438
-0.00000000597
-0.00000000299
0.00000000216
0.00000000336
-0.00000000604
-0.00000000484
0.00000000173
0.00000000219
-0.00000001195
-0.00000000622
-0.00000000426
0.00000000057
0.00000000141
-0.00000000760
-0.00000000533
0.00000000069
0.00000000275
-0.00000000811
-0.00000000596
0.00000000002
0.00000000138
0.00000000796
-0.00000000692
-0.00000000592
-0.00000000041
0.00000000086
-0.00000000901
-0.00000000736
-0.00000000058
-0.00000000078
0.00000000556
-0.00000000836
-0.00000000802
-0.00000000164
-0.00000000134
0.00000000389
-0.00000000981
-0.00000000620
-0.00000000332
0.00000000175
-0.00000001256
-0.00000000749
-0.00000000733
-0.00000000578
-0.00000001555
-0.00000000898
-0.00000001027
-0.00000000466
-0.00000000363
-0.00000001313
-0.00000001275
-0.00000000759
-0.00000000632
-0.00000001677
-0.00000001555
-0.00000001001
-0.00000001962
-0.00000001287
-0.00000001219
-0.00000000710
-0.00000002058
-0.00000001544
-0.00000001116
-0.00000000600
-0.00000001941
-0.00000001371
-0.00000001260
-0.00000000749
-0.00000001591
-0.00000001482
-0.00000000913
-0.00000001968
-0.00000001837
-0.00000001321
-0.00000000789
-0.00000002115
-0.00000001659
-0.00000001109
-0.00000002090
-0.00000001607
-0.00000001517
-0.00000000911
-0.00000001928
-0.00000001443
-0.00000001172
-0.00000000685
-0.00000002102
-0.00000001510
-0.00000000938
-0.00000000433
-0.00000001945
-0.00000001434
-0.00000000759
-0.00000000776
-0.00000001631
-0.00000001137
-0.00000000680
-0.00000002061
-0.00000001539
-0.00000001001
-0.00000000472
-0.00000001800
-0.00000001345
-0.00000000798
-0.00000000626
0.00000000007
-0.00000001390
-0.00000000854
-0.00000000174
-0.00000000195
-0.00000001132
-0.00000000540
-0.00000000570
0.00000000018
-0.00000001428
-0.00000000872
-0.00000000343
-0.00000000250
-0.00000001439
-0.00000001436
-0.00000000928
-0.00000000225
-0.00000000182
-0.00000001281
-0.00000000631
-0.00000000628
-0.00000000078
-0.00000001409
-0.00000000857
-0.00000000203
-0.00000000148
-0.00000001045
-0.00000000530
-0.00000000356
0.00000000277
0.00000000259
-0.00000000599
-0.00000000382
0.00000000154
0.00000000224
-0.00000000444
-0.00000000394
0.00000000208
0.00000000267
-0.00000000715
-0.00000000669
0.00000000040
-0.00000001501
-0.00000000980
-0.00000000318
-0.00000000241
-0.00000001114
-0.00000000840
-0.00000000423
0.00000000228
-0.00000001040
-0.00000000332
-0.00000000361
0.00000000444
-0.00000001052
-0.00000000300
-0.00000000001
0.00000000650
-0.00000000683
0.00000000012
0.00000000172
0.00000000685
-0.00000000503
0.00000000067
0.00000000148
0.00000000383
-0.00000000522
-0.00000000257
0.00000000377
-0.00000000985
-0.00000000359
-0.00000000178
0.00000000671
-0.00000000718
-0.00000000566
0.00000000101
0.00000000290
-0.00000000622
-0.00000000422
0.00000000396
0.00000000397
-0.00000000895
-0.00000000261
-0.00000000123
0.00000000467
-0.00000000863
-0.00000000221
0.00000000065
0.00000000766
0.00000001006
-0.00000000445
0.00000000181
0.00000000265
0.00000000425
-0.00000000994
-0.00000000359
-0.00000000201
0.00000000449
-0.00000000957
-0.00000000249
-0.00000000087
0.00000000113
0.00000000942
-0.00000000392
-0.00000000298
0.00000000430
0.00000000551
-0.00000000871
-0.00000000249
-0.00000000134
-0.00000000081
-0.00000000968
-0.00000000868
-0.00000000393
-0.00000000272
-0.00000001799
-0.00000001204
-0.00000000543
-0.00000000330
-0.00000001963
-0.00000001277
-0.00000000591
-0.00000000467
-0.00000001809
-0.00000001105
-0.00000000630
-0.00000000307
-0.00000001799
-0.00000001162
-0.00000000456
-0.00000000341
-0.00000001770
-0.00000001140
-0.00000000427
-0.00000000320
-0.00000001859
-0.00000001105
-0.00000000565
-0.00000000259
-0.00000001592
-0.00000001169
-0.00000000435
-0.00000000315
-0.00000001646
-0.00000001035
-0.00000000565
-0.00000000357
-0.00000001648
-0.00000001011
-0.00000000319
-0.00000001711
-0.00000001152
-0.00000001047
-0.00000000576
-0.00000001865
-0.00000001327
-0.00000000798
-0.00000000713
-0.00000001687
-0.00000001443
-0.00000000782
-0.00000002169
-0.00000001445
-0.00000000906
-0.00000000687
-0.00000001691
-0.00000001489
-0.00000000922
-0.00000001701
-0.00000001679
-0.00000001175
-0.00000000613
-0.00000002107
-0.00000001456
-0.00000000924
-0.00000000836
-0.00000001765
-0.00000001549
-0.00000001021
-0.00000000309
-0.00000001947
-0.00000001266
-0.00000000584
-0.00000001953
-0.00000001357
-0.00000000745
-0.00000000677
-0.00000001653
-0.00000001469
-0.00000000858
-0.00000001731
-0.00000001620
-0.00000000989
-0.00000000337
-0.00000001848
-0.00000001188
-0.00000000615
-0.00000000311
-0.00000001332
-0.00000001200
-0.00000000446
-0.00000001481
-0.00000001463
-0.00000000823
-0.00000000081
-0.00000001632
-0.00000001065
-0.00000000325
-0.00000001711
-0.00000001021
-0.00000000910
-0.00000000265
-0.00000001281
-0.00000001213
-0.00000000435
0.00000000144
-0.00000001232
-0.00000000502
-0.00000000288
-0.00000001174
-0.00000000975
-0.00000000285
-0.00000000132
-0.00000000920
-0.00000000739
-0.00000000039
-0.00000001454
-0.00000000855
-0.00000000094
0.00000000067
-0.00000000879
-0.00000000598
-0.00000000027
0.00000000032
-0.00000000825
-0.00000000752
0.00000000009
0.00000000135
0.00000000652
-0.00000000684
0.00000000056
0.00000000123
0.00000000795
-0.00000000582
-0.00000000334
0.00000000331
0.00000000423
-0.00000000511
-0.00000000201
0.00000000412
0.00000000606
-0.00000000846
-0.00000000122
0.00000000020
0.00000000618
-0.00000000775
-0.00000000580
0.00000000050
0.00000000201
-0.00000001193
-0.00000000551
-0.00000000278
0.00000000285
-0.00000001137
-0.00000000527
-0.00000000368
0.00000000110
-0.00000001432
-0.00000000819
-0.00000000790
-0.00000000176
-0.00000001587
-0.00000001036
-0.00000000787
-0.00000001644
-0.00000001645
-0.00000001079
-0.00000001866
-0.00000001840
-0.00000001144
-0.00000000478
-0.00000001892
-0.00000001418
-0.00000000669
-0.00000000486
-0.00000001424
-0.00000001305
-0.00000000569
-0.00000000372
-0.00000001362
-0.00000000680
-0.00000000613
-0.00000001512
-0.00000001324
-0.00000000780
-0.00000000603
-0.00000001503
-0.00000000863
-0.00000000676
-0.00000000024
0.00000000120
-0.00000000821
-0.00000000771
-0.00000000091
-0.00000001442
-0.00000000864
-0.00000000780
-0.00000000173
-0.00000001629
-0.00000000864
-0.00000000301
-0.00000000119
-0.00000001029
-0.00000000774
-0.00000000130
0.00000000081
-0.00000000758
-0.00000000621
-0.00000000094
0.00000000168
0.00000000298
-0.00000000645
-0.00000000497
0.00000000218
0.00000000350
-0.00000000950
-0.00000000327
-0.00000000153
0.00000000448
-0.00000000868
-0.00000000231
-0.00000000150
0.00000000038
-0.00000000924
-0.00000000822
-0.00000000130
0.00000000070
-0.00000000887
-0.00000000790
-0.00000000579
0.00000000102
-0.00000001495
-0.00000000737
-0.00000000584
-0.00000000006
-0.00000001429
-0.00000000640
-0.00000000446
0.00000000212
-0.00000001316
-0.00000000590
-0.00000000401
-0.00000001379
-0.00000001230
-0.00000000542
-0.00000000416
0.00000000204
-0.00000001041
-0.00000000298
-0.00000000100
-0.00000001413
-0.00000000828
-0.00000000575
0.00000000058
-0.00000001233
-0.00000000539
-0.00000000451
-0.00000000234
-0.00000001063
-0.00000000547
-0.00000000212
-0.00000000051
-0.00000001002
-0.00000000773
-0.00000000074
-0.00000000007
-0.00000000910
-0.00000000747
0.00000000123
0.00000000214
-0.00000001032
-0.00000000370
-0.00000000268
-0.00000001766
-0.00000001111
-0.00000000512
-0.00000000287
-0.00000001761
-0.00000001147
-0.00000000572
-0.00000000341
-0.00000001811
-0.00000001174
-0.00000000527
-0.00000001884
-0.00000001294
-0.00000001175
-0.00000000641
-0.00000002125
-0.00000001402
-0.00000000868
-0.00000002338
-0.00000001648
-0.00000001028
-0.00000000851
-0.00000001663
-0.00000001500
-0.00000000804
-0.00000001764
-0.00000001578
-0.00000000922
-0.00000000854
-0.00000001776
-0.00000001093
-0.00000001035
-0.00000001873
-0.00000001314
-0.00000001183
-0.00000000508
-0.00000001858
-0.00000001369
-0.00000000805
-0.00000002150
-0.00000001510
-0.00000000781
-0.00000000537
-0.00000001426
-0.00000000790
-0.00000000643
-0.00000001422
-0.00000001222
-0.00000000645
0.00000000045
-0.00000001257
-0.00000001150
-0.00000000542
-0.00000001399
-0.00000001223
-0.00000000570
-0.00000000363
-0.00000001416
-0.00000001274
-0.00000000483
0.00000000054
-0.00000001365
-0.00000000738
-0.00000000467
0.00000000103
-0.00000001323
-0.00000000746
-0.00000000453
-0.00000001534
-0.00000001387
-0.00000000750
-0.00000000010
-0.00000001488
-0.00000000842
-0.00000000721
-0.00000000051
-0.00000001410
-0.00000000789
-0.00000000181
-0.00000001477
-0.00000000832
-0.00000000655
-0.00000000083
-0.00000001359
-0.00000000869
-0.00000000207
-0.00000000030
-0.00000000889
-0.00000000607
-0.00000000625
0.00000000135
-0.00000000829
-0.00000000635
0.00000000075
0.00000000108
-0.00000000790
-0.00000000647
-0.00000000369
-0.00000001207
-0.00000001135
-0.00000000319
0.00000000519
-0.00000000988
-0.00000000824
-0.00000000140
-0.00000000060
-0.00000000925
-0.00000000828
-0.00000000186
-0.00000001470
-0.00000000791
-0.00000000751
-0.00000001551
-0.00000000864
-0.00000000706
-0.00000000179
-0.00000001454
-0.00000000842
-0.00000000697
-0.00000000035
-0.00000001249
-0.00000000783
-0.00000000706
-0.00000001498
-0.00000001447
-0.00000000784
-0.00000001676
-0.00000001564
-0.00000000988
-0.00000001907
-0.00000001808
-0.00000001250
-0.00000002120
-0.00000001500
-0.00000001474
-0.00000000764
-0.00000002358
-0.00000001812
-0.00000000952
-0.00000002055
-0.00000001438
-0.00000001417
-0.00000002325
-0.00000001561
-0.00000001484
-0.00000000856
-0.00000001888
-0.00000001236
-0.00000001029
-0.00000001970
-0.00000001270
-0.00000001113
-0.00000000576
-0.00000001478
-0.00000000893
-0.00000000861
-0.00000000212
-0.00000001694
-0.00000001117
-0.00000000538
-0.00000001935
-0.00000001284
-0.00000000638
-0.00000002046
-0.00000001459
-0.00000000867
-0.00000000291
-0.00000001805
-0.00000001070
-0.00000000506
-0.00000002045
-0.00000001395
-0.00000000827
-0.00000001666
-0.00000001012
-0.00000001021
-0.00000000327
-0.00000001967
-0.00000001423
-0.00000000734
-0.00000002269
-0.00000001586
-0.00000001088
-0.00000000520
-0.00000001487
-0.00000001490
-0.00000000834
-0.00000001924
-0.00000001199
-0.00000001211
-0.00000000474
-0.00000001498
-0.00000000833
-0.00000000840
-0.00000001688
-0.00000001090
-0.00000000520
-0.00000000312
-0.00000001231
-0.00000000597
-0.00000000269
0.00000000258
-0.00000001167
-0.00000000215
0.00000000300
-0.00000001072
-0.00000000540
0.00000000159
0.00000000381
-0.00000000389
-0.00000000296
0.00000000314
-0.00000001109
-0.00000000470
-0.00000000166
-0.00000001264
-0.00000000570
-0.00000000319
0.00000000211
-0.00000001150
-0.00000000574
0.00000000249
-0.00000001257
-0.00000000572
-0.00000000472
-0.00000001372
-0.00000000775
-0.00000000592
0.00000000071
-0.00000001220
-0.00000000761
-0.00000000095
-0.00000001540
-0.00000000785
-0.00000000221
0.00000000023
-0.00000001172
-0.00000000467
-0.00000000363
-0.00000001304
-0.00000000672
-0.00000000327
-0.00000001324
-0.00000001262
-0.00000000452
-0.00000000237
-0.00000001294
-0.00000000629
-0.00000000418
-0.00000001358
-0.00000000828
-0.00000000611
-0.00000001668
-0.00000000844
-0.00000000821
-0.00000000244
-0.00000001663
-0.00000001109
-0.00000000346
-0.00000001378
-0.00000001211
-0.00000000637
-0.00000001541
-0.00000000795
-0.00000000718
-0.00000001753
-0.00000000965
-0.00000000937
-0.00000000452
-0.00000002027
-0.00000001353
-0.00000000807
-0.00000001723
-0.00000001173
-0.00000000975
-0.00000001976
-0.00000001394
-0.00000000781
-0.00000000645
-0.00000001548
-0.00000000957
-0.00000000304
-0.00000001754
-0.00000001197
-0.00000000444
-0.00000001838
-0.00000001260
-0.00000000482
-0.00000001646
-0.00000001055
-0.00000000889
-0.00000001789
-0.00000001167
-0.00000002025
-0.00000001711
-0.00000001158
-0.00000002029
-0.00000001519
-0.00000000810
-0.00000001791
-0.00000001107
-0.00000000860
-0.00000001811
-0.00000001225
-0.00000000602
-0.00000001825
-0.00000001095
-0.00000002012
-0.00000001370
-0.00000000660
-0.00000000038
-0.00000001462
-0.00000000650
-0.00000000093
-0.00000001436
-0.00000000763
-0.00000000053
-0.00000001376
-0.00000000754
-0.00000000019
-0.00000000911
-0.00000000829
-0.00000000198
0.00000000585
-0.00000000856
-0.00000000102
0.00000000081
-0.00000000808
-0.00000000094
0.00000000148
-0.00000000724
-0.00000000696
0.00000000047
0.00000000259
-0.00000000675
-0.00000000093
0.00000000056
-0.00000000804
0.00000000031
0.00000000202
-0.00000000723
-0.00000000582
0.00000000033
0.00000000239
-0.00000000751
-0.00000000345
0.00000000078
0.00000000262
0.00000000998
-0.00000000346
0.00000000370
0.00000000588
-0.00000000354
-0.00000000264
0.00000000446
0.00000000664
-0.00000000136
0.00000000064
0.00000000623
-0.00000000750
-0.00000000359
0.00000000174
-0.00000001093
-0.00000000420
0.00000000239
-0.00000001153
-0.00000000525
-0.00000000275
0.00000000383
-0.00000000854
-0.00000000262
-0.00000000167
-0.00000001058
-0.00000000732
-0.00000000266
-0.00000001643
-0.00000000861
-0.00000000187
-0.00000001601
-0.00000000855
-0.00000000385
-0.00000000225
-0.00000001074
-0.00000001011
-0.00000000269
-0.00000001782
-0.00000001048
-0.00000000327
-0.00000001683
-0.00000001034
-0.00000000345
-0.00000001774
-0.00000001067
-0.00000000405
-0.00000001885
-0.00000001306
-0.00000000716
-0.00000000579
-0.00000001547
-0.00000000887
-0.00000000853
-0.00000001665
-0.00000000948
-0.00000001024
-0.00000000326
-0.00000001387
-0.00000001041
-0.00000000657
-0.00000001528
-0.00000001361
-0.00000000827
-0.00000000259
-0.00000001744
-0.00000001079
-0.00000000306
-0.00000001880
-0.00000001211
-0.00000000551
-0.00000000302
-0.00000001382
-0.00000000761
-0.00000000641
-0.00000001512
-0.00000000931
-0.00000000800
-0.00000001687
-0.00000001136
-0.00000000402
-0.00000000306
-0.00000001312
-0.00000001005
-0.00000000492
-0.00000002040
-0.00000001475
-0.00000000903
-0.00000000334
-0.00000001823
-0.00000001279
-0.00000000765
-0.00000002110
-0.00000001445
-0.00000000975
-0.00000002033
-0.00000001328
-0.00000000702
-0.00000002022
-0.00000001396
-0.00000000865
-0.00000001761
-0.00000001757
-0.00000001153
-0.00000000357
-0.00000001966
-0.00000001182
-0.00000000631
-0.00000001515
-0.00000000851
-0.00000000772
-0.00000001660
-0.00000000871
-0.00000000787
-0.00000001772
-0.00000001221
-0.00000000589
-0.00000002006
-0.00000001342
-0.00000000555
-0.00000001692
-0.00000001040
-0.00000000448
-0.00000000323
-0.00000001394
-0.00000000813
-0.00000000606
-0.00000001652
-0.00000000990
-0.00000000321
-0.00000000276
-0.00000001257
-0.00000000648
-0.00000000447
-0.00000001410
-0.00000000788
-0.00000000653
-0.00000000055
-0.00000000965
-0.00000000795
-0.00000000193
0.00000000486
-0.00000000929
-0.00000000248
0.00000000436
0.00000000639
-0.00000000273
-0.00000000174
0.00000000481
0.00000000760
-0.00000000215
0.00000000023
0.00000000720
0.00000000946
-0.00000000405
0.00000000226
0.00000000920
-0.00000000345
-0.00000000206
0.00000000623
-0.00000000950
-0.00000000232
-0.00000000100
0.00000000626
-0.00000000890
-0.00000000177
-0.00000000126
-0.00000000933
-0.00000000802
-0.00000000230
-0.00000001675
-0.00000001034
-0.00000000367
-0.00000001735
-0.00000001100
-0.00000001892
-0.00000001233
-0.00000000981
-0.00000001929
-0.00000001290
-0.00000001054
-0.00000001948
-0.00000001285
-0.00000000654
-0.00000001964
-0.00000001232
-0.00000000645
-0.00000001981
-0.00000001379
-0.00000000749
-0.00000001651
-0.00000001024
-0.00000000935
-0.00000001805
-0.00000001052
-0.00000000832
-0.00000001843
-0.00000001164
-0.00000000523
-0.00000001931
-0.00000001174
-0.00000000624
-0.00000001573
-0.00000001334
-0.00000000610
0.00000000064
-0.00000001251
-0.00000000646
-0.00000000029
-0.00000001287
-0.00000000795
-0.00000000113
-0.00000001603
-0.00000000894
-0.00000000157
-0.00000000073
-0.00000000942
-0.00000000350
-0.00000000192
-0.00000001014
-0.00000000939
-0.00000000219
-0.00000001604
-0.00000001055
-0.00000000303
-0.00000001273
-0.00000001060
-0.00000000173
0.00000000424
-0.00000000999
-0.00000000280
-0.00000000171
-0.00000001025
-0.00000000363
-0.00000000292
0.00000000448
-0.00000001051
-0.00000000365
-0.00000000271
-0.00000001250
-0.00000000542
-0.00000000450
0.00000000305
-0.00000001224
-0.00000000592
-0.00000000067
0.00000000144
-0.00000000844
-0.00000000772
-0.00000000117
0.00000000073
-0.00000000913
-0.00000000840
-0.00000000194
-0.00000001623
-0.00000000963
-0.00000000265
-0.00000000143
-0.00000001051
-0.00000000292
-0.00000000062
-0.00000000944
-0.00000000680
-0.00000000010
0.00000000292
-0.00000000649
-0.00000000308
0.00000000342
-0.00000001033
-0.00000000293
0.00000000274
-0.00000001157
-0.00000000296
-0.00000000271
-0.00000001023
-0.00000000897
-0.00000000209
-0.00000000154
-0.00000001127
-0.00000001007
-0.00000000508
-0.00000001402
-0.00000001185
-0.00000000580
-0.00000001508
-0.00000000704
-0.00000000747
-0.00000000168
-0.00000001508
-0.00000000935
-0.00000000304
-0.00000001613
-0.00000001020
-0.00000000756
-0.00000001719
-0.00000000941
-0.00000000348
-0.00000001827
-0.00000001015
-0.00000000918
-0.00000001834
-0.00000001245
-0.00000000662
-0.00000002027
-0.00000001329
-0.00000000518
-0.00000001927
-0.00000001359
-0.00000002177
-0.00000001578
-0.00000000829
-0.00000002051
-0.00000001364
-0.00000000729
-0.00000001931
-0.00000001263
-0.00000000396
-0.00000000348
-0.00000001329
-0.00000000539
-0.00000000311
-0.00000001323
-0.00000000760
-0.00000000541
-0.00000001310
-0.00000000769
-0.00000000376
-0.00000001381
-0.00000000710
-0.00000000488
-0.00000001498
-0.00000000772
-0.00000000542
-0.00000001535
-0.00000000793
-0.00000000597
-0.00000001618
-0.00000000933
-0.00000000728
-0.00000001598
-0.00000000971
-0.00000000330
-0.00000001757
-0.00000000909
-0.00000000357
-0.00000001644
-0.00000001159
-0.00000000481
-0.00000001434
-0.00000001317
-0.00000002336
-0.00000001641
-0.00000001010
-0.00000002499
-0.00000001359
-0.00000001140
-0.00000002094
-0.00000001292
-0.00000000607
-0.00000002101
-0.00000001283
-0.00000000743
-0.00000001488
-0.00000000717
-0.00000000539
-0.00000001329
-0.00000000609
0.00000000136
-0.00000001245
-0.00000000413
-0.00000000216
-0.00000001125
-0.00000000323
-0.00000000239
-0.00000001216
-0.00000000466
-0.00000000305
-0.00000001272
-0.00000000532
-0.00000000280
-0.00000001269
-0.00000000472
-0.00000000201
-0.00000001171
-0.00000000578
-0.00000000387
-0.00000001307
-0.00000000544
-0.00000000349
-0.00000001234
-0.00000000401
-0.00000000306
-0.00000001032
-0.00000000326
-0.00000000148
-0.00000000917
-0.00000000263
0.00000000096
-0.00000000743
-0.00000000539
0.00000000214
-0.00000000962
-0.00000000259
-0.00000000018
-0.00000000774
-0.00000000135
0.00000000083
0.00000000838
-0.00000000638
0.00000000180
0.00000000490
-0.00000000419
-0.00000000196
-0.00000001041
-0.00000000414
-0.00000000020
-0.00000001056
-0.00000000824
-0.00000000115
-0.00000001483
-0.00000000803
-0.00000000095
-0.00000001411
-0.00000000760
-0.00000000554
-0.00000001339
-0.00000000630
-0.00000000337
-0.00000001277
-0.00000000903
-0.00000000216
-0.00000001141
-0.00000000926
-0.00000000291
-0.00000001656
-0.00000000874
-0.00000000233
-0.00000001581
-0.00000000904
-0.00000000248
-0.00000001715
-0.00000000959
-0.00000000239
-0.00000001559
-0.00000000881
-0.00000000642
-0.00000001538
-0.00000000815
-0.00000000723
0.00000000083
-0.00000001313
-0.00000000602
0.00000000080
-0.00000001339
-0.00000000692
-0.00000000590
-0.00000001336
-0.00000000621
-0.00000000415
-0.00000001417
-0.00000000843
-0.00000000732
-0.00000001541
-0.00000000828
-0.00000000694
-0.00000000050
-0.00000001381
-0.00000000817
-0.00000000141
-0.00000001629
-0.00000000976
-0.00000000357
-0.00000001822
-0.00000001072
-0.00000000395
-0.00000000358
-0.00000001115
-0.00000001044
-0.00000000355
-0.00000001220
-0.00000001085
-0.00000000364
-0.00000001282
-0.00000001159
-0.00000000350
-0.00000001203
-0.00000001036
-0.00000000278
-0.00000001728
-0.00000000919
-0.00000001986
-0.00000001215
-0.00000001170
-0.00000002089
-0.00000001448
-0.00000000795
-0.00000002124
-0.00000001653
-0.00000000887
-0.00000002277
-0.00000001686
-0.00000001020
-0.00000001894
-0.00000001315
-0.00000000748
-0.00000002096
-0.00000001462
-0.00000000826
-0.00000001653
-0.00000000989
-0.00000000905
-0.00000001861
-0.00000001126
-0.00000000584
-0.00000000363
-0.00000001143
-0.00000000523
-0.00000001850
-0.00000001033
-0.00000000310
-0.00000000203
-0.00000000951
-0.00000000298
-0.00000000049
-0.00000001181
-0.00000000438
-0.00000000308
-0.00000001114
-0.00000000558
-0.00000000267
-0.00000001267
-0.00000000618
-0.00000000336
-0.00000001392
-0.00000000772
-0.00000000482
0.00000000140
-0.00000000829
-0.00000000611
0.00000000168
-0.00000001137
-0.00000000532
0.00000000250
0.00000000440
-0.00000000487
-0.00000000273
0.00000000385
-0.00000000923
-0.00000000093
-0.00000000007
-0.00000000729
0.00000000168
0.00000000460
0.00000001176
-0.00000000047
0.00000000146
0.00000001077
-0.00000000268
0.00000000050
0.00000000752
-0.00000000159
0.00000000179
0.00000000478
-0.00000000233
-0.00000000052
0.00000000740
-0.00000000643
-0.00000000533
-0.00000001400
-0.00000000820
-0.00000000663
-0.00000001391
-0.00000001264
-0.00000000603
-0.00000001408
-0.00000001041
-0.00000000312
-0.00000001620
-0.00000000952
-0.00000000262
-0.00000001581
-0.00000000869
-0.00000000157
-0.00000001417
-0.00000000756
-0.00000001988
-0.00000001126
-0.00000000298
-0.00000000158
-0.00000000950
-0.00000000670
0.00000000023
-0.00000001195
-0.00000000466
-0.00000001253
-0.00000000943
-0.00000000147
0.00000000077
-0.00000000823
-0.00000000588
-0.00000001434
-0.00000001148
-0.00000000429
0.00000000251
-0.00000000817
-0.00000000635
0.00000000252
-0.00000001008
-0.00000000145
0.00000000114
-0.00000000586
-0.00000000395
0.00000000347
-0.00000000824
-0.00000000149
0.00000000126
-0.00000000675
-0.00000000250
0.00000000568
-0.00000000804
-0.00000000492
0.00000000137
-0.00000001185
-0.00000000288
0.00000000016
-0.00000000834
-0.00000000492
0.00000000271
-0.00000001063
-0.00000000286
-0.00000001523
-0.00000000800
-0.00000000583
-0.00000001303
-0.00000001166
-0.00000000493
-0.00000001807
-0.00000001035
-0.00000000372
-0.00000001897
-0.00000001169
-0.00000001113
-0.00000001960
-0.00000001242
-0.00000001145
-0.00000001944
-0.00000001176
-0.00000002600
-0.00000001912
-0.00000001063
-0.00000002047
-0.00000001822
-0.00000001308
-0.00000002159
-0.00000001375
-0.00000002851
-0.00000002217
-0.00000001538
-0.00000002316
-0.00000001662
-0.00000001472
-0.00000002457
-0.00000001641
-0.00000000985
-0.00000002336
-0.00000001592
-0.00000002481
-0.00000001635
-0.00000001150
-0.00000002458
-0.00000001776
-0.00000001214
-0.00000001972
-0.00000001356
-0.00000000664
-0.00000001837
-0.00000001109
-0.00000000497
-0.00000001980
-0.00000001279
-0.00000000563
-0.00000001926
-0.00000001225
-0.00000000330
-0.00000001726
-0.00000000877
-0.00000000209
-0.00000001396
-0.00000000800
-0.00000000030
-0.00000001286
-0.00000000550
-0.00000000306
-0.00000001132
-0.00000000382
-0.00000000187
-0.00000000865
-0.00000000614
0.00000000124
-0.00000000760
-0.00000000688
0.00000000122
-0.00000001315
-0.00000000494
0.00000000143
-0.00000001165
-0.00000000300
-0.00000000013
-0.00000001001
-0.00000000649
0.00000000073
-0.00000001248
-0.00000000635
-0.00000001247
-0.00000001190
-0.00000000274
-0.00000001164
-0.00000000864
-0.00000000058
-0.00000001360
-0.00000000820
-0.00000000080
-0.00000001352
-0.00000000477
-0.00000000272
-0.00000001187
-0.00000000340
-0.00000000162
-0.00000001007
-0.00000000806
-0.00000001694
-0.00000000981
-0.00000000808
-0.00000001766
-0.00000001001
-0.00000000692
-0.00000001641
-0.00000000820
-0.00000002052
-0.00000001327
-0.00000000603
-0.00000002095
-0.00000001295
-0.00000000598
-0.00000001292
-0.00000000580
-0.00000001730
-0.00000000960
-0.00000000337
-0.00000001589
-0.00000000892
-0.00000000230
-0.00000001529
-0.00000000865
-0.00000002170
-0.00000001383
-0.00000000608
-0.00000001561
-0.00000000746
-0.00000000474
-0.00000001326
-0.00000000682
-0.00000001975
-0.00000001215
-0.00000000669
-0.00000001923
-0.00000001303
-0.00000000616
-0.00000001603
-0.00000001342
-0.00000002153
-0.00000001464
-0.00000000764
-0.00000002015
-0.00000001334
-0.00000000747
-0.00000001486
-0.00000000767
-0.00000000640
-0.00000001483
-0.00000000811
-0.00000002111
-0.00000001481
-0.00000000802
-0.00000001506
-0.00000000729
-0.00000000575
-0.00000001428
-0.00000000789
-0.00000000566
-0.00000001402
-0.00000000711
-0.00000000441
-0.00000001330
-0.00000000605
-0.00000001914
-0.00000001141
-0.00000000451
-0.00000001679
-0.00000000959
-0.00000000222
-0.00000001551
-0.00000000835
-0.00000000173
-0.00000001569
-0.00000000775
-0.00000000090
-0.00000001423
-0.00000000673
0.00000000241
-0.00000001305
-0.00000000642
0.00000000060
-0.00000001260
-0.00000000655
0.00000000119
-0.00000001233
-0.00000000404
-0.00000000277
-0.00000000996
-0.00000000163
0.00000000020
-0.00000000714
-0.00000000616
0.00000000200
-0.00000000906
-0.00000000133
0.00000000744
-0.00000000664
0.00000000179
0.00000000462
-0.00000000530
-0.00000000202
-0.00000000964
-0.00000000256
0.00000000017
0.00000000085
-0.00000000650
-0.00000000370
-0.00000001354
-0.00000000589
-0.00000000303
-0.00000001225
-0.00000001094
-0.00000000346
-0.00000001211
-0.00000001058
-0.00000000312
-0.00000001599
-0.00000000907
-0.00000001768
-0.00000000900
-0.00000000723
-0.00000001597
-0.00000000885
-0.00000000785
-0.00000001603
-0.00000000922
-0.00000000714
-0.00000001557
-0.00000000789
-0.00000000572
-0.00000001434
-0.00000000759
-0.00000000541
-0.00000001290
-0.00000000549
-0.00000000290
-0.00000001150
-0.00000000977
-0.00000000240
-0.00000000990
-0.00000000599
-0.00000001568
-0.00000000701
-0.00000000293
-0.00000001236
-0.00000001058
-0.00000000313
-0.00000001274
-0.00000001045
-0.00000000237
-0.00000001187
-0.00000000840
-0.00000000291
-0.00000001555
-0.00000000928
-0.00000000202
-0.00000001596
-0.00000000808
-0.00000000067
-0.00000001321
-0.00000000511
-0.00000000251
-0.00000001042
-0.00000000279
-0.00000000065
-0.00000000827
-0.00000000437
0.00000000306
-0.00000000864
-0.00000000152
0.00000000205
0.00000001100
-0.00000000279
0.00000000493
0.00000000774
-0.00000000598
0.00000000259
0.00000000466
-0.00000000304
-0.00000000017
0.00000000761
-0.00000000579
-0.00000000343
-0.00000001183
-0.00000001070
-0.00000000180
-0.00000001556
-0.00000000871
-0.00000000085
-0.00000001432
-0.00000000657
-0.00000001985
-0.00000001222
-0.00000000362
-0.00000001740
-0.00000001116
-0.00000000844
-0.00000001566
-0.00000000775
-0.00000000562
-0.00000001286
-0.00000001069
-0.00000000276
-0.00000001097
-0.00000000761
-0.00000000003
-0.00000001324
-0.00000000542
-0.00000000161
-0.00000001034
-0.00000000675
0.00000000135
-0.00000001036
-0.00000000241
0.00000000070
-0.00000000782
-0.00000000339
-0.00000001125
-0.00000000849
-0.00000000245
-0.00000001436
-0.00000000741
-0.00000001885
-0.00000001176
-0.00000000358
-0.00000001486
-0.00000000676
-0.00000000343
-0.00000001161
-0.00000000880
-0.00000001700
-0.00000000825
-0.00000000387
-0.00000001285
-0.00000000988
-0.00000000119
-0.00000001463
-0.00000000748
-0.00000001420
-0.00000001158
-0.00000000411
-0.00000001815
-0.00000001133
-0.00000000760
-0.00000001644
-0.00000000703
-0.00000000546
-0.00000001258
-0.00000001063
-0.00000001802
-0.00000001122
-0.00000000873
-0.00000001717
-0.00000001453
-0.00000000728
-0.00000001445
-0.00000001266
-0.00000000448
-0.00000001620
-0.00000000813
-0.00000000038
-0.00000001349
-0.00000000489
-0.00000000261
-0.00000001105
-0.00000000272
-0.00000000067
-0.00000000867
-0.00000000709
-0.00000000405
-0.00000001277
-0.00000000422
-0.00000000210
-0.00000001135
-0.00000000794
-0.00000000186
-0.00000001460
-0.00000000671
-0.00000000636
-0.00000001341
-0.00000001088
-0.00000000382
-0.00000001141
-0.00000000938
-0.00000000221
-0.00000001670
-0.00000000865
-0.00000000706
-0.00000001563
-0.00000000840
-0.00000000623
-0.00000000052
-0.00000001268
-0.00000000540
-0.00000000202
-0.00000001024
-0.00000000852
-0.00000000051
-0.00000001517
-0.00000000770
-0.00000001577
-0.00000001408
-0.00000000770
-0.00000002219
-0.00000001379
-0.00000000755
-0.00000002163
-0.00000001540
-0.00000000850
-0.00000001728
-0.00000001452
-0.00000002319
-0.00000001688
-0.00000001419
-0.00000002317
-0.00000001708
-0.00000000875
-0.00000002341
-0.00000001690
-0.00000001104
-0.00000002512
-0.00000001686
-0.00000000937
-0.00000001841
-0.00000001137
-0.00000000879
-0.00000001784
-0.00000000933
-0.00000000636
-0.00000001412
-0.00000000679
-0.00000000287
-0.00000001018
-0.00000000821
-0.00000000106
-0.00000000802
-0.00000000580
0.00000000132
-0.00000001245
-0.00000000506
-0.00000000163
0.00000000494
-0.00000000636
0.00000000085
0.00000000390
-0.00000000213
0.00000000068
0.00000000906
-0.00000000291
-0.00000000118
0.00000000677
-0.00000000654
0.00000000155
0.00000000468
-0.00000000210
0.00000000028
0.00000000292
0.00000001128
-0.00000000100
0.00000000152
0.00000000934
-0.00000000476
-0.00000000190
0.00000000600
-0.00000000674
0.00000000240
0.00000000555
-0.00000000724
-0.00000000068
-0.00000001329
-0.00000000690
-0.00000000387
-0.00000001240
-0.00000000924
-0.00000000128
0.00000000153
-0.00000001130
-0.00000000389
-0.00000000066
-0.00000000806
-0.00000000586
0.00000000219
-0.00000001045
-0.00000000813
-0.00000001603
-0.00000000776
-0.00000000441
-0.00000001337
-0.00000000909
-0.00000000126
-0.00000001331
-0.00000000619
-0.00000000292
-0.00000001547
-0.00000000748
0.00000000051
-0.00000001428
-0.00000000732
-0.00000000334
-0.00000001667
-0.00000000971
-0.00000001773
-0.00000001432
-0.00000000834
-0.00000002093
-0.00000001334
-0.00000000721
-0.00000001928
-0.00000001194
-0.00000000862
-0.00000001875
-0.00000001088
-0.00000000859
-0.00000001759
-0.00000001632
-0.00000000798
-0.00000001606
-0.00000001341
-0.00000000543
-0.00000001873
-0.00000001120
-0.00000001881
-0.00000001604
-0.00000000864
-0.00000001785
-0.00000001579
-0.00000000844
-0.00000002093
-0.00000001489
-0.00000000737
-0.00000001969
-0.00000001279
-0.00000000610
-0.00000001927
-0.00000001257
-0.00000000544
-0.00000001852
-0.00000001063
-0.00000000385
-0.00000001650
-0.00000000962
-0.00000000687
-0.00000000058
-0.00000001345
-0.00000000604
-0.00000001996
-0.00000001279
-0.00000000518
-0.00000001864
-0.00000001161
-0.00000000438
-0.00000001761
-0.00000001008
-0.00000000178
-0.00000001414
-0.00000000840
-0.00000002065
-0.00000001295
-0.00000000557
-0.00000001975
-0.00000001151
-0.00000000358
-0.00000001621
-0.00000000937
-0.00000000785
-0.00000001535
-0.00000000754
-0.00000000374
-0.00000001221
-0.00000000847
-0.00000000088
-0.00000000897
-0.00000000596
0.00000000289
-0.00000000951
-0.00000000184
0.00000000202
-0.00000000652
-0.00000000354
0.00000000361
-0.00000000931
-0.00000000176
0.00000000142
-0.00000001215
-0.00000000345
-0.00000000127
-0.00000000971
-0.00000000610
-0.00000001530
-0.00000001066
-0.00000000268
-0.00000001141
-0.00000000773
0.00000000168
-0.00000001109
-0.00000000270
0.00000000067
-0.00000000748
-0.00000000556
0.00000000415
-0.00000000863
-0.00000000046
0.00000000164
-0.00000001197
-0.00000000296
-0.00000000067
-0.00000000817
-0.00000000616
0.00000000137
-0.00000001250
-0.00000000336
-0.00000000055
-0.00000001299
-0.00000000662
0.00000000059
-0.00000001268
-0.00000000594
-0.00000000338
-0.00000001213
-0.00000000922
-0.00000000210
-0.00000001432
-0.00000000832
-0.00000000563
-0.00000001472
-0.00000001209
-0.00000000486
-0.00000001894
-0.00000001040
-0.00000000281
-0.00000001739
-0.00000000871
-0.00000000735
-0.00000001564
-0.00000001368
-0.00000000565
-0.00000001422
-0.00000001256
-0.00000001941
-0.00000001741
-0.00000000994
-0.00000001807
-0.00000001576
-0.00000000861
-0.00000001590
-0.00000001444
-0.00000000753
-0.00000001578
-0.00000001345
-0.00000000607
-0.00000001918
-0.00000001137
-0.00000000397
-0.00000001784
-0.00000001086
-0.00000000330
-0.00000001776
-0.00000000932
-0.00000000695
-0.00000001321
-0.00000000641
-0.00000000453
-0.00000001265
-0.00000001024
-0.00000000316
-0.00000001698
-0.00000000958
-0.00000000701
0.00000000096
-0.00000001350
-0.00000000682
-0.00000000072
-0.00000001387
-0.00000000667
-0.00000000342
0.00000000218
-0.00000001027
-0.00000000220
-0.00000000071
-0.00000000927
-0.00000000723
0.00000000076
-0.00000001208
-0.00000000415
-0.00000000243
-0.00000000970
-0.00000000815
-0.00000000106
-0.00000001413
-0.00000000772
-0.00000000601
-0.00000001460
-0.00000001182
-0.00000000469
-0.00000001877
-0.00000000997
-0.00000000357
-0.00000001493
-0.00000000794
-0.00000000558
-0.00000001225
-0.00000001019
-0.00000000274
-0.00000001036
-0.00000000830
-0.00000001592
-0.00000001353
-0.00000000607
-0.00000001871
-0.00000001241
-0.00000000338
-0.00000001757
-0.00000000955
-0.00000000214
-0.00000001385
-0.00000000728
-0.00000000279
-0.00000001266
-0.00000000978
-0.00000000317
-0.00000001585
-0.00000000865
-0.00000001665
-0.00000001433
-0.00000000737
-0.00000002013
-0.00000001319
-0.00000000597
-0.00000001873
-0.00000001137
-0.00000000312
-0.00000001750
-0.00000001096
-0.00000000279
-0.00000001632
-0.00000000954
-0.00000000800
-0.00000001595
-0.00000001064
-0.00000000748
-0.00000001595
-0.00000000801
-0.00000000433
-0.00000001313
-0.00000000914
-0.00000000242
-0.00000001526
-0.00000000840
0.00000000001
-0.00000001344
-0.00000000584
-0.00000000364
-0.00000001005
-0.00000000816
-0.00000000132
0.00000000662
-0.00000000619
-0.00000000310
0.00000000384
-0.00000000800
-0.00000000123
0.00000000169
-0.00000000599
-0.00000000344
0.00000000309
-0.00000001163
-0.00000000388
-0.00000000162
0.00000000613
-0.00000000725
-0.00000000382
0.00000000185
0.00000000544
-0.00000000953
-0.00000000236
0.00000000113
-0.00000000884
-0.00000000586
0.00000000109
-0.00000001324
-0.00000001065
-0.00000000308
-0.00000000196
-0.00000001030
-0.00000000847
-0.00000000200
-0.00000001496
-0.00000000874
-0.00000000092
-0.00000001398
-0.00000001217
-0.00000000523
-0.00000001415
-0.00000001178
-0.00000000486
-0.00000000210
-0.00000000990
-0.00000000798
-0.00000000105
-0.00000001508
-0.00000000746
-0.00000000302
-0.00000001229
-0.00000000799
-0.00000000041
-0.00000001406
-0.00000000756
-0.00000001973
-0.00000001230
-0.00000000333
-0.00000001623
-0.00000000818
-0.00000000531
-0.00000001342
-0.00000001027
-0.00000000266
-0.00000001675
-0.00000000839
-0.00000000218
-0.00000001538
-0.00000000751
-0.00000000635
-0.00000001449
-0.00000001160
-0.00000000366
-0.00000001734
-0.00000001184
-0.00000000363
-0.00000001746
-0.00000001100
-0.00000000736
-0.00000001513
-0.00000000811
-0.00000000709
-0.00000001447
-0.00000001186
-0.00000000360
-0.00000001777
-0.00000001052
-0.00000000237
-0.00000001636
-0.00000000740
-0.00000000484
-0.00000001340
-0.00000001051
-0.00000000358
-0.00000001630
-0.00000001012
-0.00000000136
-0.00000001418
-0.00000000848
-0.00000000549
-0.00000001443
-0.00000001213
-0.00000000331
-0.00000001223
-0.00000000749
-0.00000000031
-0.00000001334
-0.00000000590
-0.00000001690
-0.00000000904
-0.00000000634
-0.00000001307
-0.00000000569
-0.00000000255
-0.00000001136
-0.00000000914
-0.00000000206
-0.00000001518
-0.00000000905
-0.00000000749
-0.00000001424
-0.00000001239
-0.00000002159
-0.00000001451
-0.00000001189
-0.00000000395
-0.00000001380
-0.00000001075
-0.00000000473
-0.00000001903
-0.00000001126
-0.00000000431
-0.00000001923
-0.00000001031
-0.00000000364
-0.00000001729
-0.00000001114
-0.00000000913
-0.00000000215
-0.00000001526
-0.00000000654
-0.00000001483
-0.00000001204
-0.00000000336
-0.00000001737
-0.00000001047
-0.00000000291
-0.00000001658
-0.00000000955
-0.00000000773
-0.00000001589
-0.00000000799
-0.00000000581
-0.00000001380
-0.00000001140
-0.00000000527
-0.00000001424
-0.00000001143
-0.00000000447
-0.00000001860
-0.00000001084
-0.00000000371
-0.00000001769
-0.00000000941
-0.00000000278
-0.00000001490
-0.00000000838
-0.00000002178
-0.00000001476
-0.00000000671
-0.00000002024
-0.00000001340
-0.00000000613
-0.00000001410
-0.00000001068
-0.00000000328
-0.00000001697
-0.00000001052
-0.00000000274
-0.00000000054
-0.00000000885
-0.00000000557
-0.00000001423
-0.00000001135
-0.00000000300
-0.00000001172
-0.00000000970
-0.00000000120
-0.00000001514
-0.00000000750
-0.00000000114
-0.00000001367
-0.00000000590
-0.00000000306
-0.00000001158
-0.00000000434
-0.00000000223
-0.00000000977
-0.00000000692
0.00000000051
-0.00000001359
-0.00000000542
-0.00000000315
0.00000000356
-0.00000000881
-0.00000000262
0.00000000086
-0.00000000825
-0.00000000469
0.00000000180
-0.00000001137
-0.00000000231
-0.00000000066
-0.00000000995
-0.00000000747
0.00000000056
-0.00000001391
-0.00000000733
-0.00000000435
-0.00000001260
-0.00000001128
-0.00000000392
-0.00000001397
-0.00000001108
-0.00000000531
-0.00000001864
-0.00000001019
-0.00000000398
-0.00000001741
-0.00000000891
-0.00000002165
-0.00000001346
-0.00000000683
-0.00000002154
-0.00000001441
-0.00000000660
-0.00000002163
-0.00000001393
-0.00000000861
-0.00000002275
-0.00000001559
-0.00000000870
-0.00000002316
-0.00000001649
-0.00000000954
-0.00000001929
-0.00000001917
-0.00000001275
-0.00000002137
-0.00000001367
-0.00000001135
-0.00000001928
-0.00000001139
-0.00000001955
-0.00000001320
-0.00000000975
-0.00000001827
-0.00000001065
-0.00000000850
0.00000000002
-0.00000000831
-0.00000000450
-0.00000001234
-0.00000001011
-0.00000000301
-0.00000001140
-0.00000000935
-0.00000000258
-0.00000001665
-0.00000000967
-0.00000000238
-0.00000001512
-0.00000000786
-0.00000001745
-0.00000001062
-0.00000000807
-0.00000001593
-0.00000001010
-0.00000000799
-0.00000001634
-0.00000001013
-0.00000000300
-0.00000001858
-0.00000001041
-0.00000000355
-0.00000001623
-0.00000001036
-0.00000000239
-0.00000001574
-0.00000000903
-0.00000000543
-0.00000001296
-0.00000000542
-0.00000000223
-0.00000001018
-0.00000000247
-0.00000000035
-0.00000000830
-0.00000000579
0.00000000083
-0.00000000767
-0.00000000437
0.00000000262
-0.00000001072
-0.00000000353
-0.00000000224
-0.00000000960
-0.00000000345
-0.00000000104
-0.00000000986
-0.00000000787
-0.00000000138
-0.00000001168
-0.00000000999
-0.00000000349
-0.00000001682
-0.00000001153
-0.00000000456
-0.00000001935
-0.00000001305
-0.00000000714
-0.00000002198
-0.00000001428
-0.00000000895
-0.00000002353
-0.00000001716
-0.00000000973
-0.00000001780
-0.00000001154
-0.00000001089
-0.00000002025
-0.00000001340
-0.00000000626
-0.00000001977
-0.00000001167
-0.00000000547
-0.00000001831
-0.00000001148
-0.00000000517
0.00000000310
-0.00000001169
-0.00000000346
-0.00000000235
-0.00000001195
-0.00000000445
-0.00000000225
-0.00000001042
-0.00000000349
0.00000000001
-0.00000000804
-0.00000000646
-0.00000001436
-0.00000000743
-0.00000000550
0.00000000171
-0.00000001347
-0.00000000611
0.00000000216
-0.00000001166
-0.00000000302
0.00000000051
-0.00000000805
-0.00000000594
0.00000000104
-0.00000001315
-0.00000000553
0.00000000108
-0.00000001313
-0.00000000633
-0.00000000458
-0.00000001248
-0.00000000586
-0.00000000341
0.00000000272
-0.00000000912
-0.00000000173
0.00000000084
-0.00000000824
-0.00000000744
0.00000000046
-0.00000001384
-0.00000000610
-0.00000000329
0.00000000342
-0.00000000386
0.00000000082
0.00000000741
-0.00000000576
-0.00000000254
0.00000000344
0.00000000560
-0.00000000263
-0.00000000162
0.00000000612
-0.00000000661
-0.00000000527
0.00000000045
-0.00000001161
-0.00000000542
-0.00000000326
-0.00000001294
-0.00000001191
-0.00000000571
-0.00000000320
-0.00000001280
-0.00000000799
-0.00000000561
-0.00000001436
-0.00000001294
-0.00000002249
-0.00000001712
-0.00000001037
-0.00000002309
-0.00000001675
-0.00000000915
-0.00000002326
-0.00000001740
-0.00000000970
-0.00000002009
-0.00000001812
-0.00000001234
-0.00000002041
-0.00000001540
-0.00000000807
-0.00000002284
-0.00000001498
-0.00000002387
-0.00000001724
-0.00000001051
-0.00000002375
-0.00000001733
-0.00000001071
-0.00000002010
-0.00000001311
-0.00000001033
-0.00000001917
-0.00000001088
-0.00000000521
-0.00000001868
-0.00000001140
-0.00000000374
-0.00000001715
-0.00000001170
-0.00000000510
-0.00000000321
-0.00000001232
-0.00000000332
-0.00000000194
-0.00000001130
-0.00000000405
-0.00000000267
-0.00000001093
-0.00000001058
-0.00000000391
-0.00000001298
-0.00000001128
-0.00000000411
0.00000000327
-0.00000000994
-0.00000000275
-0.00000000076
-0.00000000889
-0.00000000734
-0.00000000161
-0.00000000956
-0.00000000812
-0.00000000049
-0.00000001363
-0.00000000608
-0.00000000034
0.00000000144
-0.00000000676
-0.00000000512
0.00000000165
-0.00000000754
-0.00000000721
-0.00000000054
-0.00000001414
-0.00000000764
-0.00000000584
-0.00000001427
-0.00000000731
-0.00000000541
-0.00000001481
-0.00000000725
-0.00000000407
-0.00000001478
-0.00000000724
-0.00000000414
-0.00000001514
-0.00000000814
-0.00000000613
-0.00000001363
-0.00000001254
-0.00000000550
-0.00000001441
-0.00000000823
-0.00000000718
-0.00000001562
-0.00000000783
-0.00000000475
-0.00000001462
-0.00000000661
-0.00000000438
-0.00000001271
-0.00000000676
-0.00000000344
-0.00000001253
-0.00000000414
-0.00000000370
0.00000000346
-0.00000000947
-0.00000000297
-0.00000000106
-0.00000000958
-0.00000000887
-0.00000000269
-0.00000001211
-0.00000000778
-0.00000000561
0.00000000068
-0.00000001421
-0.00000000645
-0.00000000552
-0.00000001367
-0.00000000798
-0.00000000560
0.00000000078
-0.00000001280
-0.00000000684
0.00000000008
-0.00000001463
-0.00000000786
-0.00000000794
-0.00000001638
-0.00000001116
-0.00000000969
-0.00000001861
-0.00000001307
-0.00000000704
-0.00000002044
-0.00000001415
-0.00000000672
-0.00000001674
-0.00000001492
-0.00000000842
-0.00000001946
-0.00000001312
-0.00000001169
-0.00000000517
-0.00000001470
-0.00000000812
-0.00000002059
-0.00000001392
-0.00000000775
-0.00000002277
-0.00000001527
-0.00000000976
-0.00000001917
-0.00000001346
-0.00000001173
-0.00000002128
-0.00000001475
-0.00000000860
-0.00000001866
-0.00000001184
-0.00000001119
-0.00000001954
-0.00000001499
-0.00000000808
-0.00000000174
-0.00000001693
-0.00000001103
-0.00000000310
-0.00000001754
-0.00000001114
-0.00000000314
-0.00000001357
-0.00000001012
-0.00000000321
-0.00000001194
-0.00000000606
-0.00000000324
0.00000000402
-0.00000000965
-0.00000000226
0.00000000508
-0.00000000963
-0.00000000265
-0.00000000087
0.00000000543
-0.00000000486
-0.00000000165
0.00000000354
-0.00000001141
-0.00000000336
-0.00000000152
-0.00000001195
-0.00000000336
-0.00000000222
-0.00000001027
-0.00000000344
-0.00000001639
-0.00000000986
-0.00000000197
0.00000000002
-0.00000000943
-0.00000000206
-0.00000000061
-0.00000000917
-0.00000000796
-0.00000000107
-0.00000001443
-0.00000000752
-0.00000000128
-0.00000001592
-0.00000001025
-0.00000000439
-0.00000000244
-0.00000001183
-0.00000000609
-0.00000000418
-0.00000001326
-0.00000000682
-0.00000002143
-0.00000001541
-0.00000000919
-0.00000001902
-0.00000001141
-0.00000000906
-0.00000001692
-0.00000001003
-0.00000000275
-0.00000001763
-0.00000000925
-0.00000001691
-0.00000001621
-0.00000000907
-0.00000001900
-0.00000001190
-0.00000000513
-0.00000001690
-0.00000000908
-0.00000000249
-0.00000001515
-0.00000000937
-0.00000000229
-0.00000001512
-0.00000000785
-0.00000000157
-0.00000001470
-0.00000000868
-0.00000000097
-0.00000001597
-0.00000000778
-0.00000000053
-0.00000001368
-0.00000000603
0.00000000127
-0.00000001162
-0.00000000460
-0.00000000231
-0.00000001021
-0.00000000329
-0.00000000279
-0.00000001126
-0.00000000445
-0.00000000252
-0.00000001177
-0.00000000417
-0.00000000186
-0.00000001037
-0.00000000383
-0.00000000292
-0.00000001070
-0.00000000957
-0.00000000198
-0.00000000872
-0.00000000783
-0.00000000038
-0.00000001394
-0.00000000646
-0.00000001485
-0.00000000833
-0.00000000736
-0.00000001582
-0.00000000893
-0.00000000246
-0.00000001567
-0.00000000870
-0.00000000098
-0.00000001502
-0.00000000834
-0.00000000638
-0.00000001519
-0.00000000857
-0.00000000191
0.00000000035
-0.00000000764
-0.00000000507
0.00000000199
-0.00000001066
-0.00000000278
0.00000000530
0.00000000557
-0.00000000247
-0.00000000072
0.00000000641
-0.00000000684
0.00000000132
0.00000000226
0.00000000449
-0.00000000354
-0.00000000245
0.00000000418
0.00000000549
-0.00000000379
-0.00000000183
0.00000000532
-0.00000000625
0.00000000072
0.00000000215
-0.00000000729
-0.00000000598
0.00000000019
-0.00000001395
-0.00000000804
-0.00000000738
-0.00000000140
-0.00000001560
-0.00000000891
-0.00000000178
-0.00000001660
-0.00000000894
-0.00000000761
-0.00000000109
-0.00000001518
-0.00000000840
-0.00000000044
0.00000000075
-0.00000000720
-0.00000000444
0.00000000254
-0.00000001161
-0.00000000371
-0.00000000205
0.00000000521
-0.00000000899
-0.00000000123
-0.00000000063
-0.00000000845
-0.00000000635
0.00000000170
-0.00000001243
-0.00000000569
-0.00000000329
0.00000000174
-0.00000001292
-0.00000000745
-0.00000000531
-0.00000001562
-0.00000001307
-0.00000000743
-0.00000000197
-0.00000001540
-0.00000000751
-0.00000000771
-0.00000001535
-0.00000000916
-0.00000000870
-0.00000001626
-0.00000000989
-0.00000000807
-0.00000000232
-0.00000001442
-0.00000000897
-0.00000000155
-0.00000001678
-0.00000000951
-0.00000000878
-0.00000001773
-0.00000001018
-0.00000000880
-0.00000001907
-0.00000001252
-0.00000001181
-0.00000001975
-0.00000001484
-0.00000001288
-0.00000002248
-0.00000001817
-0.00000001078
-0.00000002529
-0.00000001938
-0.00000001352
-0.00000002294
-0.00000001637
-0.00000000915
-0.00000000868
-0.00000001774
-0.00000001045
-0.00000000960
-0.00000001894
-0.00000001177
-0.00000000538
-0.00000001991
-0.00000001260
-0.00000000632
-0.00000002106
-0.00000001292
-0.00000000749
-0.00000002077
-0.00000001364
-0.00000000734
-0.00000001532
-0.00000000799
-0.00000002262
-0.00000001454
-0.00000000881
-0.00000001792
-0.00000001154
-0.00000001158
-0.00000001990
-0.00000001227
-0.00000000561
-0.00000001965
-0.00000001306
-0.00000000777
-0.00000001599
-0.00000001464
-0.00000000753
-0.00000001645
-0.00000001030
-0.00000000370
-0.00000001798
-0.00000001160
-0.00000000517
-0.00000000250
-0.00000001134
-0.00000000496
-0.00000000460
-0.00000001271
-0.00000000688
-0.00000000309
0.00000000202
-0.00000001278
-0.00000000692
0.00000000036
-0.00000001505
-0.00000000929
-0.00000000284
-0.00000000287
-0.00000001139
-0.00000000547
-0.00000000319
0.00000000249
-0.00000001102
-0.00000000438
0.00000000209
-0.00000001251
-0.00000000724
-0.00000000069
0.00000000160
-0.00000000732
-0.00000000671
0.00000000107
-0.00000001317
-0.00000000745
-0.00000000104
-0.00000001402
-0.00000000690
-0.00000000104
-0.00000001312
-0.00000000547
0.00000000081
-0.00000001391
-0.00000000755
-0.00000000589
0.00000000080
-0.00000000810
-0.00000000627
-0.00000000094
-0.00000001435
-0.00000000646
-0.00000000017
-0.00000001230
-0.00000000629
-0.00000000372
-0.00000001267
-0.00000000570
-0.00000000277
-0.00000001222
-0.00000000521
-0.00000000164
0.00000000400
-0.00000000852
-0.00000000173
0.00000000511
-0.00000000826
-0.00000000235
-0.00000000197
-0.00000000944
-0.00000000772
-0.00000000086
-0.00000001337
-0.00000000582
0.00000000165
-0.00000001134
-0.00000000279
-0.00000000258
0.00000000301
-0.00000000893
-0.00000000103
0.00000000225
-0.00000000815
-0.00000000514
0.00000000233
-0.00000000577
-0.00000000547
0.00000000178
-0.00000001159
-0.00000000303
-0.00000000204
-0.00000001014
-0.00000000730
-0.00000000122
-0.00000001470
-0.00000000790
-0.00000000189
-0.00000001511
-0.00000000798
-0.00000000212
-0.00000000043
-0.00000001021
-0.00000000840
-0.00000000185
-0.00000001674
-0.00000000867
-0.00000000269
-0.00000001657
-0.00000001060
-0.00000000877
-0.00000000161
-0.00000001052
-0.00000000873
-0.00000000141
-0.00000001499
-0.00000001063
-0.00000000351
-0.00000001766
-0.00000001204
-0.00000000390
-0.00000001966
-0.00000001214
-0.00000000565
-0.00000001846
-0.00000001177
-0.00000000368
-0.00000000175
-0.00000001053
-0.00000000854
-0.00000000189
-0.00000000977
-0.00000000744
-0.00000000030
-0.00000001367
-0.00000000666
-0.00000000419
0.00000000288
-0.00000000473
-0.00000000279
0.00000000501
-0.00000000873
-0.00000000088
0.00000000175
-0.00000000789
-0.00000000536
0.00000000287
-0.00000001096
-0.00000000300
-0.00000000123
0.00000000637
-0.00000000590
0.00000000197
0.00000000353
-0.00000000859
-0.00000000014
0.00000000216
-0.00000000781
-0.00000000418
0.00000000164
-0.00000001113
-0.00000000595
-0.00000000311
-0.00000001130
-0.00000000990
-0.00000000308
-0.00000001646
-0.00000000834
-0.00000000048
-0.00000001630
-0.00000000911
-0.00000000761
-0.00000000063
-0.00000001380
-0.00000000696
-0.00000000481
-0.00000001514
-0.00000000707
-0.00000000583
-0.00000001295
-0.00000000991
-0.00000000331
-0.00000001315
-0.00000000932
-0.00000000283
-0.00000000037
-0.00000000969
-0.00000000866
-0.00000000095
-0.00000001457
-0.00000000847
-0.00000000615
0.00000000130
-0.00000000704
-0.00000000284
-0.00000000106
-0.00000000941
-0.00000000781
-0.00000000039
-0.00000001365
-0.00000000710
-0.00000000275
0.00000000374
-0.00000000833
-0.00000000167
0.00000000094
-0.00000000697
-0.00000000338
-0.00000000086
-0.00000000790
-0.00000000438
0.00000000234
-0.00000000935
-0.00000000194
-0.00000000039
-0.00000001325
-0.00000000585
0.00000000419
-0.00000000894
-0.00000000702
0.00000000138
-0.00000001029
-0.00000000263
0.00000000009
-0.00000000825
-0.00000000585
0.00000000247
-0.00000001104
-0.00000000817
-0.00000000112
-0.00000000091
-0.00000001220
-0.00000000732
0.00000000067
-0.00000001309
-0.00000000700
-0.00000000454
-0.00000001277
-0.00000001170
-0.00000000643
-0.00000000396
-0.00000001870
-0.00000001089
-0.00000000405
-0.00000002025
-0.00000001293
-0.00000001315
-0.00000002109
-0.00000001648
-0.00000001495
-0.00000002476
-0.00000001768
-0.00000001593
-0.00000002558
-0.00000001889
-0.00000001273
-0.00000002608
-0.00000002014
-0.00000002939
-0.00000002209
-0.00000001538
-0.00000002890
-0.00000001715
-0.00000001494
-0.00000002448
-0.00000001705
-0.00000001056
-0.00000002332
-0.00000001771
-0.00000002536
-0.00000001819
-0.00000001264
-0.00000002499
-0.00000001897
-0.00000001139
-0.00000002048
-0.00000001307
-0.00000001123
-0.00000001844
-0.00000001221
-0.00000000541
-0.00000001820
-0.00000000991
-0.00000000412
-0.00000001648
-0.00000000912
-0.00000000340
-0.00000001687
-0.00000001044
-0.00000000291
-0.00000000109
-0.00000000972
-0.00000000296
-0.00000000090
-0.00000000831
-0.00000000572
0.00000000188
-0.00000001359
-0.00000000575
-0.00000000010
-0.00000001438
-0.00000000696
-0.00000000025
-0.00000001459
-0.00000000799
-0.00000000581
-0.00000001466
-0.00000000813
-0.00000000636
-0.00000001426
-0.00000000788
-0.00000000682
0.00000000066
-0.00000001238
-0.00000000649
-0.00000000041
-0.00000001295
-0.00000000648
-0.00000000460
-0.00000001323
-0.00000000639
-0.00000000391
0.00000000236
-0.00000000935
-0.00000000253
-0.00000000187
-0.00000001080
-0.00000000288
-0.00000000021
0.00000000622
-0.00000000743
0.00000000003
0.00000000126
-0.00000000700
-0.00000000298
0.00000000369
-0.00000000979
-0.00000000197
-0.00000000064
-0.00000000860
-0.00000000713
0.00000000164
-0.00000001157
-0.00000000582
0.00000000150
-0.00000001224
-0.00000000520
-0.00000000146
-0.00000001069
-0.00000000775
-0.00000000137
-0.00000001378
-0.00000000651
0.00000000125
-0.00000001211
-0.00000000302
-0.00000000255
-0.00000000944
-0.00000000836
-0.00000000005
-0.00000001368
-0.00000000664
0.00000000142
-0.00000001202
-0.00000000610
-0.00000000286
0.00000000460
-0.00000000851
-0.00000000173
0.00000000118
0.00000000409
-0.00000000578
-0.00000000323
0.00000000556
-0.00000000845
0.00000000028
0.00000000155
-0.00000000731
-0.00000000448
0.00000000366
-0.00000001059
-0.00000000729
-0.00000000223
-0.00000001597
-0.00000000790
-0.00000000074
-0.00000001541
-0.00000000792
-0.00000000520
-0.00000001290
-0.00000000937
-0.00000000319
-0.00000001649
-0.00000000871
-0.00000000179
-0.00000001537
-0.00000000829
-0.00000000592
-0.00000001500
-0.00000000692
-0.00000000508
-0.00000001205
-0.00000000873
-0.00000000125
-0.00000001460
-0.00000000789
-0.00000000498
-0.00000001275
-0.00000001039
-0.00000001857
-0.00000001088
-0.00000000892
-0.00000000084
-0.00000001498
-0.00000000591
-0.00000000350
-0.00000001311
-0.00000000621
-0.00000000384
-0.00000001230
-0.00000000968
-0.00000000271
-0.00000001694
-0.00000000836
-0.00000000700
0.00000000154
-0.00000001034
-0.00000000270
-0.00000000057
0.00000000784
-0.00000000617
0.00000000134
0.00000000430
-0.00000000798
-0.00000000136
0.00000000224
-0.00000000595
-0.00000000253
0.00000000496
-0.00000000841
-0.00000000692
0.00000000060
0.00000000317
-0.00000000400
-0.00000000154
0.00000000169
-0.00000000652
-0.00000000358
-0.00000000092
-0.00000000956
-0.00000000630
0.00000000071
-0.00000001220
-0.00000000551
-0.00000000398
-0.00000001743
-0.00000001119
-0.00000000839
-0.00000001730
-0.00000000944
-0.00000000818
-0.00000001515
-0.00000001264
-0.00000000314
-0.00000001724
-0.00000001053
-0.00000001772
-0.00000001552
-0.00000000848
-0.00000002282
-0.00000001532
-0.00000000885
-0.00000002176
-0.00000001515
-0.00000002293
-0.00000001663
-0.00000001352
-0.00000002013
-0.00000002027
-0.00000001317
-0.00000002110
-0.00000001436
-0.00000002883
-0.00000002110
-0.00000001367
-0.00000002291
-0.00000002100
-0.00000001266
-0.00000002089
-0.00000001372
-0.00000000641
-0.00000001913
-0.00000001225
-0.00000002638
-0.00000001848
-0.00000000995
-0.00000001918
-0.00000001677
-0.00000000781
-0.00000001726
-0.00000000995
-0.00000000767
0.00000000087
-0.00000001257
-0.00000000584
-0.00000000219
-0.00000001134
-0.00000000458
-0.00000000257
-0.00000000986
-0.00000000863
-0.00000000070
-0.00000001556
-0.00000000820
-0.00000001740
-0.00000001430
-0.00000000846
-0.00000001639
-0.00000000969
-0.00000002517
-0.00000001822
-0.00000001319
-0.00000002682
-0.00000001506
-0.00000001345
-0.00000002317
-0.00000001651
-0.00000000871
-0.00000002420
-0.00000001684
-0.00000002658
-0.00000001888
-0.00000001285
-0.00000002197
-0.00000002133
-0.00000001436
-0.00000002405
-0.00000001686
-0.00000000962
-0.00000001655
-0.00000001633
-0.00000000938
-0.00000001894
-0.00000001257
-0.00000000407
-0.00000001807
-0.00000001279
-0.00000000635
-0.00000002011
-0.00000001298
-0.00000000725
-0.00000001701
-0.00000000877
-0.00000000800
-0.00000001571
-0.00000001029
-0.00000000230
-0.00000001723
-0.00000000931
-0.00000000300
-0.00000001588
-0.00000000882
-0.00000000164
-0.00000001048
-0.00000000786
-0.00000000016
-0.00000000770
-0.00000000623
0.00000000170
-0.00000001096
-0.00000000389
0.00000000390
-0.00000000863
-0.00000000075
0.00000000155
-0.00000000699
-0.00000000103
-0.00000001522
-0.00000000760
-0.00000000037
-0.00000001441
-0.00000000625
0.00000000109
-0.00000001260
-0.00000000530
0.00000000383
0.00000000536
-0.00000000325
-0.00000000186
0.00000000532
-0.00000000804
-0.00000000152
0.00000000059
0.00000000714
-0.00000000704
-0.00000000012
0.00000000244
0.00000001000
-0.00000000263
0.00000000429
0.00000000709
-0.00000000091
0.00000000189
0.00000000505
-0.00000000405
-0.00000000268
0.00000000325
-0.00000000883
-0.00000000075
-0.00000000101
-0.00000000733
-0.00000000696
-0.00000001530
-0.00000001288
-0.00000000624
-0.00000001347
-0.00000001136
-0.00000000477
-0.00000001361
-0.00000001201
-0.00000000457
-0.00000001809
-0.00000001240
-0.00000000679
-0.00000001504
-0.00000001309
-0.00000000636
-0.00000001569
-0.00000000834
-0.00000000615
-0.00000001473
-0.00000001321
-0.00000000515
-0.00000001276
-0.00000001197
-0.00000000348
-0.00000001365
-0.00000001122
-0.00000000259
-0.00000001730
-0.00000000918
-0.00000000141
-0.00000001423
-0.00000000792
0.00000000103
-0.00000001235
-0.00000000559
-0.00000000354
-0.00000001159
-0.00000000902
-0.00000001697
-0.00000000897
-0.00000000784
-0.00000001638
-0.00000000810
-0.00000000521
-0.00000001338
-0.00000000414
-0.00000001736
-0.00000000900
-0.00000000286
-0.00000001430
-0.00000000711
-0.00000000240
-0.00000001144
-0.00000000282
-0.00000000006
-0.00000000779
-0.00000000603
0.00000000251
-0.00000000821
-0.00000000209
-0.00000001360
-0.00000000640
0.00000000258
-0.00000001029
-0.00000000222
0.00000000003
0.00000000784
-0.00000000552
-0.00000000234
-0.00000000830
-0.00000000685
0.00000000101
-0.00000001258
-0.00000000510
-0.00000000297
0.00000000525
-0.00000000837
0.00000000000
0.00000000296
-0.00000000613
-0.00000000256
0.00000000533
-0.00000000775
-0.00000000138
0.00000000261
-0.00000000635
-0.00000000396
0.00000000511
-0.00000000965
-0.00000000739
-0.00000001438
-0.00000001168
-0.00000000541
-0.00000001372
-0.00000001096
-0.00000000363
-0.00000001623
-0.00000000898
-0.00000000764
-0.00000001467
-0.00000000592
-0.00000000311
-0.00000001316
-0.00000000888
-0.00000000187
-0.00000001691
-0.00000000909
-0.00000000761
-0.00000001514
-0.00000001281
-0.00000000775
-0.00000001547
-0.00000001375
-0.00000000807
-0.00000001677
-0.00000001490
-0.00000000796
-0.00000001723
-0.00000001597
-0.00000000878
-0.00000001725
-0.00000001518
-0.00000000738
-0.00000001567
-0.00000001274
-0.00000000540
-0.00000001968
-0.00000001197
-0.00000000466
-0.00000001862
-0.00000001137
-0.00000000359
-0.00000001795
-0.00000001144
-0.00000000574
-0.00000001780
-0.00000001059
-0.00000000444
-0.00000001789
-0.00000001016
-0.00000000297
-0.00000001702
-0.00000001080
-0.00000002439
-0.00000001647
-0.00000000890
-0.00000001727
-0.00000001488
-0.00000000875
-0.00000001732
-0.00000001114
-0.00000002592
-0.00000001831
-0.00000001077
-0.00000002084
-0.00000001414
-0.00000001258
-0.00000002102
-0.00000001352
-0.00000000761
-0.00000002068
-0.00000001327
-0.00000002301
-0.00000001594
-0.00000000817
-0.00000002213
-0.00000001498
-0.00000000849
-0.00000001783
-0.00000001095
-0.00000000896
-0.00000000262
-0.00000001700
-0.00000001009
-0.00000000306
-0.00000001592
-0.00000000896
-0.00000000285
-0.00000001707
-0.00000001111
-0.00000000340
-0.00000001804
-0.00000001179
-0.00000000492
-0.00000001411
-0.00000000795
-0.00000000575
-0.00000001391
-0.00000000827
-0.00000000613
0.00000000082
-0.00000001259
-0.00000000610
-0.00000001407
-0.00000000765
-0.00000000694
-0.00000001515
-0.00000000799
-0.00000000593
-0.00000001522
-0.00000000778
-0.00000000106
-0.00000001490
-0.00000000749
-0.00000000164
-0.00000001492
-0.00000000751
-0.00000000203
-0.00000001542
-0.00000000792
-0.00000000072
-0.00000001418
-0.00000000693
-0.00000000075
-0.00000001550
-0.00000001023
-0.00000000343
-0.00000001816
-0.00000001303
-0.00000000698
0.00000000151
-0.00000001219
-0.00000000607
-0.00000001417
-0.00000001232
-0.00000000452
0.00000000379
-0.00000001088
-0.00000000284
-0.00000000094
0.00000000595
-0.00000000310
-0.00000000223
0.00000000552
-0.00000000866
-0.00000000253
-0.00000000139
-0.00000000937
-0.00000000822
-0.00000000073
0.00000000471
0.00000000568
-0.00000000705
0.00000000170
0.00000000956
-0.00000000333
-0.00000000220
0.00000000549
-0.00000000844
-0.00000000212
0.00000000056
-0.00000000866
-0.00000000677
0.00000000086
-0.00000000835
-0.00000000696
0.00000000172
-0.00000001362
-0.00000000550
-0.00000000471
-0.00000001346
-0.00000001089
-0.00000000347
-0.00000001153
-0.00000001167
-0.00000000428
-0.00000001831
-0.00000001201
-0.00000000396
-0.00000000275
-0.00000001000
-0.00000000387
-0.00000000220
-0.00000001103
-0.00000000880
-0.00000000166
-0.00000001619
-0.00000000865
-0.00000000329
-0.00000000215
-0.00000001279
-0.00000001114
-0.00000000268
-0.00000001223
-0.00000001083
-0.00000000325
-0.00000000230
-0.00000001103
-0.00000000911
-0.00000000227
0.00000000514
-0.00000000898
-0.00000000720
-0.00000000000
-0.00000000916
-0.00000000734
0.00000000054
0.00000000233
-0.00000000680
-0.00000000445
0.00000000138
-0.00000001281
-0.00000000733
-0.00000000383
-0.00000001273
-0.00000001000
-0.00000000299
0.00000000289
-0.00000000997
-0.00000000815
-0.00000000105
-0.00000001048
-0.00000000770
-0.00000000263
-0.00000001603
-0.00000000979
-0.00000000249
-0.00000001741
-0.00000001161
-0.00000000983
-0.00000001842
-0.00000001256
-0.00000001105
-0.00000001982
-0.00000001300
-0.00000000617
-0.00000001987
-0.00000001373
-0.00000000592
-0.00000002025
-0.00000001351
-0.00000000688
-0.00000001978
-0.00000001461
-0.00000000696
-0.00000002206
-0.00000001441
-0.00000000793
-0.00000001649
-0.00000000851
-0.00000000685
-0.00000001594
-0.00000001345
-0.00000002138
-0.00000001472
-0.00000000815
-0.00000002136
-0.00000001366
-0.00000000934
-0.00000002331
-0.00000001708
-0.00000001033
-0.00000001844
-0.00000001125
-0.00000001960
-0.00000001822
-0.00000001165
-0.00000002015
-0.00000001423
-0.00000000817
-0.00000002284
-0.00000001626
-0.00000000954
-0.00000001798
-0.00000001214
-0.00000002455
-0.00000001761
-0.00000001085
-0.00000002016
-0.00000001408
-0.00000000749
-0.00000002164
-0.00000001495
-0.00000000889
-0.00000001820
-0.00000001543
-0.00000000829
-0.00000001833
-0.00000001259
-0.00000000659
-0.00000001899
-0.00000001330
-0.00000000594
-0.00000001512
-0.00000000884
-0.00000000716
-0.00000001508
-0.00000000833
-0.00000000166
-0.00000001578
-0.00000000831
-0.00000000071
-0.00000001575
-0.00000000862
-0.00000000211
0.00000000294
-0.00000001011
-0.00000000411
-0.00000000191
-0.00000001118
-0.00000000496
-0.00000000016
-0.00000001289
-0.00000000842
-0.00000000205
-0.00000001565
-0.00000000861
-0.00000000205
0.00000000019
-0.00000000929
-0.00000000292
-0.00000000273
-0.00000001042
-0.00000000390
-0.00000000298
0.00000000375
-0.00000001002
-0.00000000243
-0.00000000061
-0.00000001027
-0.00000000356
-0.00000000120
0.00000000521
-0.00000000215
0.00000000024
0.00000000660
-0.00000000724
-0.00000000053
0.00000000093
-0.00000000800
-0.00000000155
0.00000000014
0.00000000730
-0.00000000613
-0.00000000595
0.00000000112
-0.00000000767
-0.00000000670
-0.00000000121
-0.00000001445
-0.00000000952
-0.00000000275
-0.00000001518
-0.00000000938
-0.00000000347
-0.00000001783
-0.00000000958
-0.00000000262
-0.00000001635
-0.00000001023
-0.00000001837
-0.00000001240
-0.00000001066
-0.00000001945
-0.00000001266
-0.00000000647
-0.00000002115
-0.00000001488
-0.00000000830
-0.00000001941
-0.00000001838
-0.00000001162
-0.00000000650
-0.00000001488
-0.00000000906
-0.00000000769
-0.00000001679
-0.00000001066
-0.00000000360
-0.00000001879
-0.00000001103
-0.00000000596
-0.00000000371
-0.00000001422
-0.00000000748
-0.00000000629
-0.00000001471
-0.00000000750
-0.00000000701
-0.00000000035
-0.00000000948
-0.00000000178
-0.00000000189
-0.00000001148
-0.00000000979
-0.00000000388
-0.00000001389
-0.00000001202
-0.00000000536
-0.00000001509
-0.00000000848
-0.00000000601
-0.00000001571
-0.00000001025
-0.00000000279
-0.00000001636
-0.00000001038
-0.00000000244
-0.00000001797
-0.00000001149
-0.00000000568
-0.00000001489
-0.00000001238
-0.00000002284
-0.00000001771
-0.00000001204
-0.00000000570
-0.00000001396
-0.00000001298
-0.00000000544
-0.00000001444
-0.00000000770
-0.00000000462
-0.00000001343
-0.00000000644
-0.00000002095
-0.00000001450
-0.00000000641
-0.00000001585
-0.00000001085
-0.00000000962
-0.00000001877
-0.00000001231
-0.00000000597
-0.00000001407
-0.00000001228
-0.00000000640
-0.00000001500
-0.00000000763
-0.00000000091
-0.00000001530
-0.00000000851
-0.00000000173
-0.00000001583
-0.00000000936
-0.00000000237
-0.00000001140
-0.00000001010
-0.00000000258
-0.00000001243
-0.00000000509
-0.00000000295
-0.00000001245
-0.00000000569
0.00000000167
-0.00000001154
-0.00000000529
0.00000000209
-0.00000001156
-0.00000000384
-0.00000000201
-0.00000001233
-0.00000000526
0.00000000069
-0.00000001271
-0.00000000639
0.00000000156
-0.00000001354
-0.00000000715
-0.00000000033
-0.00000001450
-0.00000000801
-0.00000000130
0.00000000161
-0.00000000711
-0.00000000133
0.00000000186
-0.00000000791
-0.00000000401
0.00000000163
-0.00000001134
-0.00000000300
0.00000000201
-0.00000001102
-0.00000000297
-0.00000000187
0.00000000554
-0.00000000313
-0.00000000201
0.00000000511
-0.00000000806
-0.00000000123
0.00000000461
-0.00000000816
-0.00000000224
-0.00000000070
-0.00000000877
-0.00000000308
-0.00000000185
-0.00000001013
-0.00000000918
-0.00000000164
-0.00000000033
-0.00000000943
-0.00000000813
-0.00000000088
-0.00000000930
-0.00000000604
-0.00000000076
-0.00000000819
-0.00000000733
-0.00000000108
-0.00000001552
-0.00000000840
-0.00000000262
-0.00000001722
-0.00000001078
-0.00000000519
-0.00000001933
-0.00000001298
-0.00000000562
-0.00000001942
-0.00000001342
-0.00000000634
-0.00000001516
-0.00000000828
-0.00000000684
-0.00000001664
-0.00000000953
-0.00000000835
-0.00000001713
-0.00000000879
-0.00000000606
-0.00000001596
-0.00000000883
-0.00000000177
-0.00000001659
-0.00000000861
-0.00000000214
-0.00000001717
-0.00000001132
-0.00000000519
-0.00000001839
-0.00000001298
-0.00000000891
-0.00000001673
-0.00000001722
-0.00000001161
-0.00000002029
-0.00000001329
-0.00000000721
-0.00000000613
-0.00000001514
-0.00000000794
-0.00000000691
-0.00000001653
-0.00000001177
-0.00000000606
-0.00000001899
-0.00000001271
-0.00000000873
-0.00000001776
-0.00000001221
-0.00000001125
-0.00000000349
-0.00000001241
-0.00000001162
-0.00000000302
-0.00000001445
-0.00000000711
-0.00000000653
-0.00000001480
-0.00000000826
-0.00000000263
-0.00000001725
-0.00000001056
-0.00000000318
-0.00000001958
-0.00000001290
-0.00000000564
-0.00000001433
-0.00000001298
-0.00000000677
-0.00000001492
-0.00000000891
-0.00000000739
-0.00000001628
-0.00000000930
-0.00000000263
-0.00000001214
-0.00000000948
-0.00000000489
0.00000000206
-0.00000001129
-0.00000000422
0.00000000185
-0.00000001397
-0.00000000736
-0.00000000198
-0.00000001581
-0.00000001004
-0.00000000411
-0.00000001818
-0.00000001140
-0.00000000576
-0.00000001235
-0.00000001271
-0.00000000713
-0.00000001553
-0.00000001037
-0.00000000339
-0.00000000319
-0.00000001211
-0.00000000561
-0.00000000412
-0.00000001219
-0.00000000572
0.00000000041
-0.00000001413
-0.00000000759
-0.00000000727
0.00000000054
-0.00000000925
-0.00000000316
-0.00000000128
-0.00000000951
-0.00000000853
-0.00000000293
0.00000000396
-0.00000000909
-0.00000000430
0.00000000270
-0.00000001343
-0.00000000797
-0.00000000171
-0.00000001584
-0.00000000984
-0.00000001874
-0.00000001396
-0.00000001275
-0.00000002394
-0.00000001958
-0.00000001265
-0.00000002324
-0.00000001696
-0.00000001253
-0.00000000550
-0.00000001930
-0.00000001375
-0.00000000715
-0.00000001716
-0.00000001074
-0.00000002589
-0.00000002068
-0.00000001367
-0.00000002338
-0.00000001587
-0.00000000931
-0.00000001785
-0.00000001158
-0.00000000656
-0.00000000397
-0.00000001352
-0.00000000596
0.00000000007
-0.00000001285
-0.00000000748
-0.00000000069
-0.00000000980
-0.00000000752
-0.00000000198
-0.00000000977
-0.00000000294
-0.00000000255
0.00000000573
-0.00000000521
-0.00000000300
0.00000000440
-0.00000000630
-0.00000000449
0.00000000200
-0.00000001368
-0.00000000631
-0.00000000072
-0.00000001571
-0.00000000939
-0.00000000264
-0.00000001233
-0.00000000602
-0.00000000350
-0.00000001365
-0.00000000750
-0.00000000576
-0.00000001485
-0.00000000828
-0.00000000209
-0.00000001759
-0.00000001163
-0.00000000403
-0.00000001536
-0.00000001321
-0.00000000789
-0.00000001693
-0.00000001112
-0.00000000550
-0.00000001408
-0.00000001351
-0.00000000707
-0.00000001636
-0.00000000845
-0.00000000891
-0.00000000288
-0.00000001380
-0.00000000787
-0.00000000650
-0.00000001559
-0.00000000888
-0.00000000301
-0.00000001259
-0.00000001070
-0.00000000412
0.00000000184
-0.00000000780
-0.00000000583
-0.00000000122
-0.00000000866
-0.00000000932
-0.00000000293
0.00000000305
-0.00000001176
-0.00000000568
0.00000000124
-0.00000001277
-0.00000000798
-0.00000000108
0.00000000061
-0.00000000798
-0.00000000152
-0.00000000123
-0.00000001017
-0.00000000287
-0.00000000226
-0.00000001182
-0.00000000568
-0.00000000420
0.00000000204
-0.00000001211
-0.00000000557
0.00000000132
-0.00000001174
-0.00000000606
0.00000000165
-0.00000001253
-0.00000000558
0.00000000216
0.00000000387
-0.00000000625
0.00000000195
0.00000000361
-0.00000000581
-0.00000000268
0.00000000283
-0.00000001186
-0.00000000622
0.00000000192
0.00000000238
-0.00000000648
-0.00000000559
0.00000000019
-0.00000001460
-0.00000000856
-0.00000000185
-0.00000001208
-0.00000001045
-0.00000000585
0.00000000206
-0.00000001279
-0.00000000708
-0.00000000075
-0.00000001450
-0.00000000896
-0.00000000292
-0.00000000136
-0.00000001054
-0.00000000514
-0.00000000277
-0.00000001386
-0.00000000586
-0.00000000557
-0.00000001401
-0.00000000861
-0.00000000675
-0.00000001525
-0.00000000830
-0.00000000078
0.00000000139
-0.00000000766
-0.00000000790
-0.00000000074
-0.00000001385
-0.00000000857
-0.00000000208
-0.00000001555
-0.00000000902
-0.00000000152
-0.00000001661
-0.00000000891
-0.00000000211
-0.00000001629
-0.00000001031
-0.00000000242
-0.00000001801
-0.00000001294
-0.00000000712
0.00000000046
-0.00000001388
-0.00000000814
-0.00000000095
-0.00000001466
-0.00000000799
-0.00000000181
-0.00000001594
-0.00000000848
-0.00000000196
-0.00000001443
-0.00000000939
-0.00000000199
-0.00000001678
-0.00000000909
-0.00000000307
-0.00000001757
-0.00000001057
-0.00000000432
-0.00000001887
-0.00000001132
-0.00000000569
-0.00000001563
-0.00000000922
-0.00000000797
-0.00000001796
-0.00000001149
-0.00000000472
-0.00000001968
-0.00000001285
-0.00000000659
-0.00000001523
-0.00000001231
-0.00000000622
-0.00000001493
-0.00000000733
-0.00000000621
-0.00000001622
-0.00000001002
-0.00000000317
-0.00000001648
-0.00000001089
-0.00000000593
0.00000000101
-0.00000001423
-0.00000000777
-0.00000001700
-0.00000001098
-0.00000001021
-0.00000000267
-0.00000001191
-0.00000001176
-0.00000000573
-0.00000001592
-0.00000000773
-0.00000000783
-0.00000001601
-0.00000001037
-0.00000000379
-0.00000001367
-0.00000001212
-0.00000000538
-0.00000001360
-0.00000000695
-0.00000000357
-0.00000001458
-0.00000000699
-0.00000000653
-0.00000001396
-0.00000000857
-0.00000000135
-0.00000000055
-0.00000000809
-0.00000000796
-0.00000000123
-0.00000000909
-0.00000000798
-0.00000000101
-0.00000001146
-0.00000000934
-0.00000000219
0.00000000432
-0.00000000903
-0.00000000364
0.00000000301
-0.00000001143
-0.00000000316
-0.00000000255
-0.00000001229
-0.00000000602
-0.00000000477
-0.00000001571
-0.00000000795
-0.00000000181
-0.00000001507
-0.00000000890
-0.00000000137
0.00000000025
-0.00000000784
-0.00000000174
-0.00000000179
-0.00000001018
-0.00000000958
-0.00000000320
-0.00000001260
-0.00000000594
-0.00000000494
-0.00000001310
-0.00000000515
-0.00000000519
-0.00000001364
-0.00000000715
-0.00000000390
-0.00000001421
-0.00000000785
-0.00000000678
-0.00000001578
-0.00000000904
-0.00000000260
-0.00000001694
-0.00000000896
-0.00000000286
-0.00000001790
-0.00000000966
-0.00000000283
-0.00000001746
-0.00000001032
-0.00000000297
-0.00000001824
-0.00000001145
-0.00000000412
-0.00000001171
-0.00000000643
-0.00000000321
-0.00000001210
-0.00000000491
-0.00000002040
-0.00000001364
-0.00000000576
-0.00000001443
-0.00000000691
-0.00000000454
-0.00000001503
-0.00000000666
-0.00000000680
-0.00000001508
-0.00000000826
-0.00000000211
-0.00000001709
-0.00000000898
-0.00000000354
-0.00000001880
-0.00000001115
-0.00000000620
-0.00000001382
-0.00000001312
-0.00000000650
-0.00000001593
-0.00000000839
-0.00000000200
-0.00000001647
-0.00000000913
-0.00000000300
-0.00000001645
-0.00000001066
-0.00000000262
-0.00000001140
-0.00000001001
-0.00000000263
-0.00000001160
-0.00000000826
-0.00000000293
0.00000000337
-0.00000000933
-0.00000000292
0.00000000235
-0.00000001239
-0.00000000677
0.00000000025
0.00000000072
-0.00000000996
-0.00000000318
-0.00000000203
-0.00000001044
-0.00000000934
-0.00000000256
-0.00000001147
-0.00000000892
-0.00000000304
-0.00000001233
-0.00000000409
-0.00000000273
0.00000000355
-0.00000000931
-0.00000000332
-0.00000000214
-0.00000001118
-0.00000000498
-0.00000000333
-0.00000001193
-0.00000000585
-0.00000000350
-0.00000001448
-0.00000000818
-0.00000000606
-0.00000001485
-0.00000000838
-0.00000000229
-0.00000001578
-0.00000000911
-0.00000000274
-0.00000001506
-0.00000000788
-0.00000000240
-0.00000001492
-0.00000000761
-0.00000000092
-0.00000001409
-0.00000000638
0.00000000095
-0.00000001295
-0.00000000597
0.00000000127
-0.00000001334
-0.00000000672
0.00000000060
-0.00000001409
-0.00000000771
-0.00000000133
-0.00000001517
-0.00000000830
-0.00000000308
-0.00000001668
-0.00000001083
-0.00000000338
-0.00000000281
-0.00000001181
-0.00000000491
-0.00000000336
-0.00000001309
-0.00000000614
-0.00000000311
-0.00000001285
-0.00000000636
-0.00000000396
-0.00000001363
-0.00000000771
-0.00000000634
-0.00000001614
-0.00000000786
-0.00000000743
-0.00000001556
-0.00000000887
-0.00000000258
-0.00000001685
-0.00000001151
-0.00000000543
-0.00000001935
-0.00000001386
-0.00000000765
-0.00000001749
-0.00000001211
-0.00000001077
-0.00000000408
-0.00000001527
-0.00000000919
-0.00000000811
-0.00000001796
-0.00000001187
-0.00000000579
-0.00000001933
-0.00000001340
-0.00000000750
-0.00000001557
-0.00000001547
-0.00000000958
-0.00000000364
-0.00000001332
-0.00000000735
-0.00000000604
-0.00000001610
-0.00000000871
-0.00000000234
-0.00000001797
-0.00000001145
-0.00000000494
-0.00000001978
-0.00000001339
-0.00000000776
-0.00000001693
-0.00000001175
-0.00000001094
-0.00000001938
-0.00000001528
-0.00000000901
-0.00000001844
-0.00000001349
-0.00000001077
-0.00000002155
-0.00000001453
-0.00000000904
-0.00000002002
-0.00000001354
-0.00000000582
-0.00000001991
-0.00000001484
-0.00000000687
-0.00000001635
-0.00000001013
-0.00000000305
-0.00000001818
-0.00000001291
-0.00000000699
-0.00000001602
-0.00000000835
-0.00000000220
-0.00000001664
-0.00000000871
-0.00000001828
-0.00000001200
-0.00000000484
-0.00000001602
-0.00000001522
-0.00000000840
-0.00000000200
-0.00000001142
-0.00000000510
-0.00000000299
-0.00000001155
-0.00000000570
-0.00000001464
-0.00000000803
-0.00000000655
-0.00000001524
-0.00000000768
-0.00000000147
-0.00000000972
-0.00000000756
0.00000000086
-0.00000000826
-0.00000000641
0.00000000071
-0.00000000953
-0.00000000829
-0.00000000225
-0.00000001149
-0.00000000439
-0.00000000312
-0.00000001059
-0.00000000576
0.00000000173
-0.00000001333
-0.00000000673
-0.00000000035
-0.00000001521
-0.00000000954
-0.00000000287
0.00000000286
-0.00000001107
-0.00000000516
-0.00000000067
-0.00000001496
-0.00000000849
-0.00000000258
0.00000000483
-0.00000001103
-0.00000000232
0.00000000434
-0.00000000910
-0.00000000131
0.00000000574
-0.00000000795
-0.00000000059
0.00000000664
0.00000000741
-0.00000000610
0.00000000152
0.00000000294
-0.00000000504
0.00000000328
0.00000000366
-0.00000000324
-0.00000000118
0.00000000434
-0.00000000958
-0.00000000213
0.00000000606
0.00000000656
-0.00000000210
-0.00000000096
0.00000000688
-0.00000000681
0.00000000129
0.00000000265
-0.00000000620
-0.00000000272
0.00000000273
-0.00000000992
-0.00000000303
0.00000000329
-0.00000000968
-0.00000000272
-0.00000001768
-0.00000000999
-0.00000000176
-0.00000001607
-0.00000000841
-0.00000000053
-0.00000001517
-0.00000000810
-0.00000000210
-0.00000001537
-0.00000000916
-0.00000001788
-0.00000001097
-0.00000000917
-0.00000001766
-0.00000001088
-0.00000000927
-0.00000001943
-0.00000001273
-0.00000000768
-0.00000002113
-0.00000001421
-0.00000000737
-0.00000001799
-0.00000001604
-0.00000000912
-0.00000001984
-0.00000001265
-0.00000000650
-0.00000001993
-0.00000001303
-0.00000000654
-0.00000001588
-0.00000001447
-0.00000000860
-0.00000001695
-0.00000001101
-0.00000001025
-0.00000000244
-0.00000001144
-0.00000000309
-0.00000000265
-0.00000001209
-0.00000000588
-0.00000000492
-0.00000001358
-0.00000000644
-0.00000000460
-0.00000001319
-0.00000000683
-0.00000000301
-0.00000001237
-0.00000000577
-0.00000000354
-0.00000001446
-0.00000000696
-0.00000000109
0.00000000187
-0.00000000704
-0.00000000517
0.00000000182
-0.00000001238
-0.00000000580
-0.00000001424
-0.00000000803
-0.00000000670
-0.00000001583
-0.00000000915
-0.00000000804
-0.00000000086
-0.00000000910
-0.00000000745
-0.00000001601
-0.00000000918
-0.00000000718
-0.00000001524
-0.00000000849
-0.00000000227
-0.00000001545
-0.00000000879
-0.00000000265
-0.00000000138
-0.00000001003
-0.00000000295
-0.00000000185
-0.00000000959
-0.00000000275
-0.00000000079
-0.00000001010
-0.00000000994
-0.00000001835
-0.00000001130
-0.00000000383
-0.00000001838
-0.00000001123
-0.00000000392
-0.00000001902
-0.00000001097
-0.00000000343
-0.00000001281
-0.00000001099
-0.00000000355
-0.00000001274
-0.00000001079
-0.00000000357
-0.00000001242
-0.00000000917
-0.00000000193
-0.00000000958
-0.00000000303
0.00000000038
-0.00000000844
-0.00000000766
-0.00000000050
0.00000000148
-0.00000000705
-0.00000000087
0.00000000162
-0.00000000820
-0.00000000591
-0.00000000040
-0.00000001313
-0.00000000715
-0.00000000077
-0.00000001459
-0.00000000656
-0.00000000042
0.00000000192
-0.00000000730
-0.00000000512
0.00000000280
-0.00000000745
-0.00000000503
0.00000000133
-0.00000001300
-0.00000000569
-0.00000000590
-0.00000001430
-0.00000000797
-0.00000000637
-0.00000001519
-0.00000000850
-0.00000000523
-0.00000001541
-0.00000000760
-0.00000000571
-0.00000001547
-0.00000000794
-0.00000000628
-0.00000001416
-0.00000000761
-0.00000000577
0.00000000046
-0.00000000846
-0.00000000592
-0.00000001578
-0.00000000680
-0.00000000494
-0.00000001499
-0.00000000719
-0.00000000532
-0.00000001311
-0.00000000749
-0.00000000373
-0.00000001353
-0.00000000710
-0.00000000612
-0.00000001476
-0.00000000887
-0.00000000803
-0.00000001845
-0.00000001247
-0.00000000623
-0.00000002049
-0.00000001406
-0.00000000695
-0.00000002122
-0.00000001651
-0.00000000975
-0.00000001872
-0.00000001260
-0.00000000518
-0.00000001944
-0.00000001234
-0.00000000659
-0.00000001836
-0.00000001248
-0.00000000397
-0.00000001791
-0.00000000992
-0.00000001951
-0.00000001284
-0.00000000542
-0.00000002018
-0.00000001290
-0.00000000693
-0.00000001548
-0.00000000867
-0.00000002386
-0.00000001636
-0.00000000981
-0.00000001812
-0.00000001195
-0.00000000938
-0.00000002010
-0.00000001274
-0.00000000614
-0.00000001466
-0.00000000916
-0.00000000693
-0.00000001578
-0.00000000925
-0.00000000305
-0.00000001741
-0.00000000920
-0.00000000342
-0.00000001291
-0.00000001076
-0.00000000308
-0.00000001268
-0.00000001022
-0.00000000337
0.00000000290
-0.00000001013
-0.00000000325
0.00000000322
-0.00000001106
-0.00000000426
0.00000000250
-0.00000001187
-0.00000000419
0.00000000141
0.00000000298
-0.00000000670
-0.00000000538
0.00000000055
-0.00000001381
-0.00000000679
0.00000000133
-0.00000001350
-0.00000000606
-0.00000000128
0.00000000055
-0.00000000810
-0.00000000165
0.00000000028
-0.00000000876
-0.00000000743
-0.00000000052
-0.00000001248
-0.00000000634
-0.00000000026
-0.00000001368
-0.00000000658
-0.00000000052
-0.00000001442
-0.00000000820
-0.00000000165
-0.00000001486
-0.00000000823
-0.00000000088
-0.00000001596
-0.00000000861
-0.00000000228
-0.00000001750
-0.00000001151
-0.00000000384
-0.00000001863
-0.00000001260
-0.00000000595
-0.00000001578
-0.00000001469
-0.00000002306
-0.00000001745
-0.00000000865
-0.00000001843
-0.00000001202
-0.00000002525
-0.00000001798
-0.00000001251
-0.00000001981
-0.00000001401
-0.00000000483
-0.00000001921
-0.00000001337
-0.00000000594
-0.00000001342
-0.00000000729
-0.00000002069
-0.00000001299
-0.00000000375
-0.00000001425
-0.00000001144
-0.00000000487
-0.00000001343
-0.00000001082
-0.00000000379
-0.00000001278
-0.00000000590
-0.00000000266
-0.00000001185
-0.00000000557
-0.00000000322
-0.00000001230
-0.00000000613
-0.00000001501
-0.00000001232
-0.00000000620
-0.00000001429
-0.00000000803
-0.00000000686
-0.00000001531
-0.00000000839
-0.00000000091
-0.00000000010
-0.00000000978
-0.00000000254
-0.00000000170
-0.00000001098
-0.00000000419
-0.00000000385
-0.00000001279
-0.00000000632
-0.00000000649
-0.00000001496
-0.00000000912
-0.00000000211
-0.00000000125
-0.00000001072
-0.00000000289
-0.00000001630
-0.00000001040
-0.00000000308
-0.00000001271
-0.00000000962
-0.00000000283
-0.00000001041
-0.00000000486
-0.00000000201
-0.00000001099
-0.00000000875
-0.00000000216
-0.00000001044
-0.00000000514
-0.00000000267
-0.00000001304
-0.00000001086
-0.00000000455
-0.00000001311
-0.00000000754
-0.00000000429
-0.00000001471
-0.00000000846
-0.00000000127
-0.00000001694
-0.00000000907
-0.00000001982
-0.00000001301
-0.00000001163
-0.00000002127
-0.00000001206
-0.00000000600
-0.00000001404
-0.00000001244
-0.00000000582
-0.00000001505
-0.00000000759
-0.00000000010
-0.00000001439
-0.00000000886
-0.00000000142
-0.00000001572
-0.00000000840
-0.00000001721
-0.00000001186
-0.00000000965
-0.00000002012
-0.00000001258
-0.00000000588
-0.00000001607
-0.00000000872
-0.00000000811
-0.00000001717
-0.00000000899
-0.00000000283
-0.00000001707
-0.00000001075
-0.00000000359
-0.00000001278
-0.00000001108
-0.00000000540
-0.00000001437
-0.00000000698
-0.00000000617
0.00000000083
-0.00000000834
-0.00000000622
-0.00000000121
-0.00000001153
-0.00000000424
-0.00000000201
-0.00000001112
-0.00000000337
-0.00000000273
-0.00000001166
-0.00000000609
-0.00000000335
-0.00000001284
-0.00000000344
-0.00000000316
-0.00000001172
-0.00000000577
-0.00000000290
-0.00000001073
-0.00000000298
0.00000000364
-0.00000000937
-0.00000000122
-0.00000001503
-0.00000000769
-0.00000000124
-0.00000000896
-0.00000000760
-0.00000000000
-0.00000001315
-0.00000000746
-0.00000000035
-0.00000000932
-0.00000000667
-0.00000000092
-0.00000001384
-0.00000000710
0.00000000040
-0.00000001230
-0.00000000657
0.00000000105
-0.00000001161
-0.00000000435
0.00000000211
-0.00000001253
-0.00000000522
-0.00000001304
-0.00000001176
-0.00000000409
-0.00000001680
-0.00000000896
-0.00000000273
-0.00000001021
-0.00000000875
-0.00000000290
-0.00000001037
-0.00000000791
-0.00000001661
-0.00000001012
-0.00000000235
-0.00000001511
-0.00000000750
0.00000000008
-0.00000001386
-0.00000000695
-0.00000001455
-0.00000001302
-0.00000000721
-0.00000001574
-0.00000000855
-0.00000000574
-0.00000001572
-0.00000000776
-0.00000001730
-0.00000001534
-0.00000000820
-0.00000001720
-0.00000001117
-0.00000000329
-0.00000001788
-0.00000001056
-0.00000000347
-0.00000001761
-0.00000001258
-0.00000000591
-0.00000001567
-0.00000000829
-0.00000002361
-0.00000001690
-0.00000000862
-0.00000001882
-0.00000001195
-0.00000000525
-0.00000001794
-0.00000001151
-0.00000000469
-0.00000001381
-0.00000001204
-0.00000000389
-0.00000001349
-0.00000000660
-0.00000000615
-0.00000001497
-0.00000000854
-0.00000000051
-0.00000001420
-0.00000000840
-0.00000000141
-0.00000001512
-0.00000000852
-0.00000000052
-0.00000000951
-0.00000000827
-0.00000000123
0.00000000673
-0.00000000673
-0.00000000012
0.00000000254
-0.00000000624
0.00000000080
0.00000000193
-0.00000000610
-0.00000000292
0.00000000502
-0.00000000849
-0.00000000184
0.00000000551
-0.00000000645
-0.00000000037
0.00000000209
-0.00000000630
-0.00000000414
0.00000000264
-0.00000001156
-0.00000000479
-0.00000001418
-0.00000001307
-0.00000000662
-0.00000001525
-0.00000000919
-0.00000000767
-0.00000001710
-0.00000001054
-0.00000000399
-0.00000001862
-0.00000001178
-0.00000000519
-0.00000001936
-0.00000001257
-0.00000000661
-0.00000001588
-0.00000001441
-0.00000000786
-0.00000001635
-0.00000001023
-0.00000000792
-0.00000001646
-0.00000001078
-0.00000001934
-0.00000001168
-0.00000000989
-0.00000001806
-0.00000000962
-0.00000000414
-0.00000001713
-0.00000001011
-0.00000000492
-0.00000001335
-0.00000001210
-0.00000002133
-0.00000001466
-0.00000000713
-0.00000001652
-0.00000001429
-0.00000002246
-0.00000001449
-0.00000000829
-0.00000001576
-0.00000000777
-0.00000000429
-0.00000001280
-0.00000000642
-0.00000001425
-0.00000001174
-0.00000000570
-0.00000001319
-0.00000000693
-0.00000000391
-0.00000001409
-0.00000000709
-0.00000001445
-0.00000001274
-0.00000000596
-0.00000001419
-0.00000000762
-0.00000000404
-0.00000001304
-0.00000000613
0.00000000248
-0.00000001207
-0.00000000462
-0.00000000197
-0.00000001078
-0.00000000291
0.00000000371
-0.00000000922
-0.00000000207
-0.00000000091
-0.00000000934
-0.00000000256
0.00000000073
-0.00000000708
-0.00000000479
0.00000000218
-0.00000000727
-0.00000000573
-0.00000001438
-0.00000000864
-0.00000000688
-0.00000001429
-0.00000000756
-0.00000000692
-0.00000001612
-0.00000000762
-0.00000000194
-0.00000001404
-0.00000000766
0.00000000039
-0.00000001285
-0.00000000549
-0.00000001451
-0.00000001267
-0.00000000507
-0.00000001520
-0.00000000780
-0.00000000653
-0.00000001557
-0.00000000828
-0.00000001702
-0.00000001468
-0.00000000751
-0.00000001684
-0.00000000954
-0.00000000241
-0.00000001712
-0.00000000952
-0.00000001911
-0.00000001270
-0.00000000541
-0.00000001886
-0.00000001279
-0.00000000538
-0.00000001459
-0.00000001225
-0.00000002181
-0.00000001423
-0.00000000601
-0.00000001534
-0.00000000793
-0.00000002018
-0.00000001444
-0.00000000667
-0.00000001452
-0.00000000808
-0.00000000698
-0.00000001490
-0.00000000818
-0.00000001734
-0.00000001102
-0.00000001014
-0.00000001794
-0.00000001151
-0.00000000534
-0.00000001246
-0.00000001222
-0.00000000602
-0.00000001289
-0.00000000580
-0.00000000014
-0.00000001366
-0.00000000800
-0.00000000202
-0.00000001583
-0.00000000931
-0.00000001777
-0.00000001191
-0.00000000576
-0.00000002011
-0.00000001292
-0.00000000465
-0.00000001465
-0.00000000703
-0.00000000149
-0.00000000010
-0.00000000837
-0.00000000284
-0.00000000078
-0.00000000998
-0.00000000271
-0.00000000075
-0.00000000952
-0.00000000221
-0.00000000089
-0.00000000906
-0.00000000264
-0.00000000214
-0.00000001177
-0.00000000664
-0.00000000499
0.00000000131
-0.00000000876
-0.00000000575
-0.00000000109
-0.00000000979
-0.00000000952
-0.00000000297
0.00000000245
-0.00000001041
-0.00000000309
0.00000000303
-0.00000001143
-0.00000000331
0.00000000372
0.00000000635
-0.00000000294
-0.00000000217
0.00000000369
-0.00000000952
-0.00000000313
0.00000000312
-0.00000000977
-0.00000000424
-0.00000000276
-0.00000001258
-0.00000000457
-0.00000000318
-0.00000001248
-0.00000000589
-0.00000001798
-0.00000001118
-0.00000000353
-0.00000001731
-0.00000000986
-0.00000000227
-0.00000001522
-0.00000000840
-0.00000000051
-0.00000000879
-0.00000000641
-0.00000001444
-0.00000000790
-0.00000000470
-0.00000001317
-0.00000000627
-0.00000000249
-0.00000001218
-0.00000000344
-0.00000000201
-0.00000001020
-0.00000000421
-0.00000000194
-0.00000001183
-0.00000000332
-0.00000001828
-0.00000001238
-0.00000000642
-0.00000001547
-0.00000001316
-0.00000000650
-0.00000001475
-0.00000000915
-0.00000000702
-0.00000001598
-0.00000000900
-0.00000000761
-0.00000001637
-0.00000000831
-0.00000000287
-0.00000001592
-0.00000000846
-0.00000000152
-0.00000000931
-0.00000000821
-0.00000000148
-0.00000001386
-0.00000000542
0.00000000028
-0.00000001269
-0.00000000625
0.00000000038
-0.00000001255
-0.00000000357
-0.00000000264
-0.00000001016
-0.00000000320
-0.00000000181
-0.00000001054
-0.00000000276
-0.00000000108
-0.00000000860
-0.00000000188
-0.00000000065
-0.00000000864
-0.00000000769
-0.00000000138
-0.00000001084
-0.00000000790
-0.00000000065
-0.00000001500
-0.00000000619
-0.00000000065
-0.00000001255
-0.00000000545
0.00000000187
-0.00000001201
-0.00000000469
-0.00000001916
-0.00000001118
-0.00000000551
-0.00000001338
-0.00000001147
-0.00000000399
-0.00000001331
-0.00000001197
-0.00000000540
-0.00000001408
-0.00000000710
-0.00000000566
-0.00000001513
-0.00000000747
-0.00000000131
-0.00000001510
-0.00000000755
-0.00000000002
-0.00000001208
-0.00000000724
-0.00000001505
-0.00000001296
-0.00000000647
-0.00000001523
-0.00000001184
-0.00000000545
-0.00000001411
-0.00000000829
-0.00000002243
-0.00000001524
-0.00000000917
-0.00000001848
-0.00000001187
-0.00000001009
-0.00000001834
-0.00000001263
-0.00000002177
-0.00000001379
-0.00000001326
-0.00000002023
-0.00000001304
-0.00000000745
-0.00000001460
-0.00000000712
-0.00000000527
-0.00000001257
-0.00000000530
-0.00000001770
-0.00000001029
-0.00000000308
-0.00000001007
-0.00000000950
-0.00000000131
-0.00000000939
-0.00000000703
-0.00000001714
-0.00000000930
-0.00000000320
-0.00000000069
-0.00000000856
-0.00000000674
-0.00000001505
-0.00000000792
-0.00000000094
-0.00000001537
-0.00000000755
-0.00000000128
-0.00000001588
-0.00000000908
-0.00000000356
-0.00000001820
-0.00000001205
-0.00000000580
-0.00000001483
-0.00000001341
-0.00000000584
-0.00000001516
-0.00000000850
-0.00000002218
-0.00000001506
-0.00000000815
-0.00000001636
-0.00000000979
-0.00000000338
-0.00000001815
-0.00000001043
-0.00000000233
-0.00000001204
-0.00000000856
-0.00000000162
-0.00000001063
-0.00000000859
-0.00000000290
-0.00000001174
-0.00000001035
-0.00000000370
-0.00000001244
-0.00000000624
-0.00000002013
-0.00000001288
-0.00000000643
-0.00000001388
-0.00000000656
-0.00000000440
-0.00000001466
-0.00000000740
-0.00000001947
-0.00000001360
-0.00000000827
-0.00000001696
-0.00000000863
-0.00000000785
-0.00000001649
-0.00000000847
-0.00000000212
-0.00000001018
-0.00000000942
-0.00000001796
-0.00000001028
-0.00000000332
-0.00000001795
-0.00000001094
-0.00000000260
-0.00000001181
-0.00000000896
-0.00000000143
-0.00000000960
-0.00000000558
-0.00000000001
-0.00000000785
-0.00000000043
-0.00000001481
-0.00000000678
-0.00000000002
-0.00000001372
-0.00000000669
-0.00000000049
-0.00000000863
-0.00000000655
-0.00000000005
-0.00000001377
-0.00000000643
-0.00000001501
-0.00000000799
-0.00000000563
-0.00000001416
-0.00000000652
0.00000000144
-0.00000001125
-0.00000000356
0.00000000361
-0.00000000895
-0.00000000255
-0.00000000126
-0.00000000972
-0.00000000235
0.00000000055
-0.00000000763
-0.00000000325
-0.00000001481
-0.00000000734
0.00000000057
-0.00000001434
-0.00000000820
-0.00000000627
-0.00000001614
-0.00000000812
-0.00000000030
-0.00000001446
-0.00000000654
-0.00000000009
-0.00000001358
-0.00000000736
0.00000000224
-0.00000001298
-0.00000000602
-0.00000001381
-0.00000001093
-0.00000000302
-0.00000001164
-0.00000000403
-0.00000000188
-0.00000000861
-0.00000000768
0.00000000193
-0.00000001239
-0.00000000412
0.00000000241
-0.00000001079
-0.00000000318
-0.00000001549
-0.00000000811
-0.00000000142
-0.00000001500
-0.00000000801
-0.00000000052
-0.00000001360
-0.00000000512
-0.00000001402
-0.00000000620
-0.00000000368
-0.00000001221
-0.00000000601
-0.00000000290
-0.00000001068
-0.00000000880
-0.00000001696
-0.00000001007
-0.00000000162
-0.00000001472
-0.00000000763
0.00000000030
-0.00000001416
-0.00000000691
-0.00000001933
-0.00000001281
-0.00000000388
-0.00000001344
-0.00000001197
-0.00000000478
-0.00000001286
-0.00000001119
-0.00000000302
-0.00000001387
-0.00000001105
-0.00000000492
-0.00000001326
-0.00000001028
-0.00000000260
-0.00000001201
-0.00000001007
-0.00000001986
-0.00000001194
-0.00000000554
-0.00000000415
-0.00000001283
-0.00000000717
-0.00000002078
-0.00000001337
-0.00000000668
-0.00000001353
-0.00000001295
-0.00000000654
-0.00000001466
-0.00000000810
-0.00000000623
-0.00000001377
-0.00000000768
-0.00000000414
-0.00000001334
-0.00000000734
-0.00000000068
-0.00000001406
-0.00000000902
-0.00000000623
-0.00000001619
-0.00000001089
-0.00000000275
-0.00000001760
-0.00000001124
-0.00000000480
-0.00000001321
-0.00000001231
-0.00000000529
-0.00000001318
-0.00000000709
-0.00000000475
-0.00000001321
-0.00000000758
-0.00000000460
-0.00000001445
-0.00000000760
-0.00000000645
-0.00000001450
-0.00000000679
-0.00000000554
-0.00000001367
-0.00000000600
0.00000000046
-0.00000001202
-0.00000000473
0.00000000164
-0.00000001157
-0.00000000378
-0.00000000279
-0.00000001147
-0.00000000508
-0.00000000256
-0.00000001028
-0.00000000279
-0.00000000131
-0.00000001060
-0.00000000346
-0.00000001749
-0.00000001161
-0.00000000407
-0.00000001727
-0.00000001053
-0.00000000371
-0.00000001719
-0.00000001082
-0.00000001899
-0.00000001322
-0.00000000390
-0.00000002013
-0.00000001331
-0.00000000509
-0.00000001364
-0.00000001315
-0.00000000379
-0.00000001442
-0.00000001076
-0.00000002031
-0.00000001283
-0.00000000557
-0.00000001377
-0.00000001226
-0.00000001932
-0.00000001156
-0.00000000532
-0.00000001750
-0.00000001120
-0.00000000321
-0.00000001161
-0.00000000840
-0.00000001670
-0.00000001001
-0.00000001850
-0.00000000899
-0.00000000720
-0.00000001471
-0.00000000673
0.00000000078
-0.00000001278
-0.00000000473
-0.00000001228
-0.00000001068
-0.00000000313
-0.00000001174
-0.00000000513
-0.00000000281
-0.00000001246
-0.00000000478
-0.00000001887
-0.00000001288
-0.00000000475
-0.00000001357
-0.00000001141
-0.00000000524
-0.00000001362
-0.00000000624
-0.00000001986
-0.00000001224
-0.00000000518
-0.00000001450
-0.00000001358
-0.00000000694
-0.00000001507
-0.00000000828
-0.00000000261
-0.00000001648
-0.00000000936
-0.00000000263
-0.00000001768
-0.00000001210
-0.00000000700
-0.00000001535
-0.00000000875
-0.00000000693
-0.00000001563
-0.00000000983
-0.00000001931
-0.00000001177
-0.00000001019
-0.00000001912
-0.00000001232
-0.00000000437
-0.00000001377
-0.00000001159
-0.00000000318
-0.00000001288
-0.00000000620
-0.00000000235
-0.00000001140
-0.00000000542
-0.00000001515
-0.00000001282
-0.00000000684
-0.00000001605
-0.00000000824
-0.00000000185
-0.00000001637
-0.00000000989
-0.00000000317
-0.00000001273
-0.00000001281
-0.00000000651
-0.00000001594
-0.00000000848
-0.00000002178
-0.00000001511
-0.00000000919
-0.00000001759
-0.00000000912
-0.00000000238
-0.00000001130
-0.00000000883
-0.00000000177
-0.00000000998
-0.00000000733
-0.00000001731
-0.00000000950
-0.00000000263
-0.00000001770
-0.00000000973
-0.00000000318
-0.00000001089
-0.00000000413
-0.00000000276
-0.00000001186
-0.00000000369
-0.00000001336
-0.00000001062
-0.00000000348
-0.00000001267
-0.00000001077
-0.00000000375
-0.00000001297
-0.00000000527
-0.00000001814
-0.00000001226
-0.00000000598
-0.00000001446
-0.00000000675
-0.00000000335
-0.00000001404
-0.00000000771
-0.00000000700
-0.00000001464
-0.00000001024
-0.00000001817
-0.00000001314
-0.00000000613
-0.00000001591
-0.00000001466
-0.00000000887
-0.00000001809
-0.00000001156
-0.00000000390
-0.00000001884
-0.00000001343
-0.00000002250
-0.00000001672
-0.00000000926
-0.00000001890
-0.00000001277
-0.00000000635
-0.00000001557
-0.00000001334
-0.00000000777
-0.00000001654
-0.00000000992
-0.00000000362
-0.00000001226
-0.00000001060
-0.00000001946
-0.00000001221
-0.00000000571
-0.00000001362
-0.00000000787
-0.00000000592
-0.00000001291
-0.00000000738
0.00000000115
-0.00000001373
-0.00000000646
0.00000000170
-0.00000000679
-0.00000000409
-0.00000001096
-0.00000000458
0.00000000419
-0.00000000973
-0.00000000341
0.00000000364
-0.00000000885
-0.00000000248
-0.00000001167
-0.00000000822
-0.00000000227
-0.00000001118
-0.00000000348
-0.00000000184
-0.00000001075
-0.00000000292
-0.00000000123
-0.00000000818
-0.00000000067
-0.00000001466
-0.00000000766
0.00000000009
-0.00000001385
-0.00000000780
-0.00000000193
-0.00000001055
-0.00000000306
-0.00000001815
-0.00000001102
-0.00000000425
-0.00000001272
-0.00000001210
-0.00000000461
-0.00000001449
-0.00000000782
-0.00000002311
-0.00000001711
-0.00000001052
-0.00000002081
-0.00000001347
-0.00000000801
-0.00000001745
-0.00000001103
-0.00000000858
-0.00000001760
-0.00000001092
-0.00000000545
-0.00000001400
-0.00000000792
-0.00000000650
-0.00000001523
-0.00000000723
-0.00000001676
-0.00000000903
-0.00000000259
-0.00000001744
-0.00000001057
-0.00000000320
-0.00000001248
-0.00000000465
-0.00000000296
-0.00000001333
-0.00000000522
-0.00000001573
-0.00000001427
-0.00000000808
-0.00000001783
-0.00000000981
-0.00000000403
-0.00000001214
-0.00000001117
-0.00000002074
-0.00000001235
-0.00000000724
-0.00000001604
-0.00000000921
-0.00000000159
-0.00000001620
-0.00000000965
-0.00000000275
-0.00000001179
-0.00000000566
-0.00000000321
-0.00000001134
-0.00000000438
0.00000000124
-0.00000001219
-0.00000000528
-0.00000001332
-0.00000000616
-0.00000000403
-0.00000001409
-0.00000000723
0.00000000129
-0.00000000792
-0.00000000605
-0.00000001437
-0.00000000814
-0.00000000060
-0.00000001540
-0.00000000829
-0.00000000144
-0.00000001182
-0.00000000791
-0.00000001741
-0.00000001173
-0.00000000316
-0.00000001307
-0.00000001171
-0.00000000248
-0.00000001276
-0.00000000643
-0.00000001504
-0.00000001268
-0.00000000565
-0.00000001495
-0.00000000799
-0.00000000213
-0.00000001095
-0.00000000974
-0.00000001915
-0.00000001179
-0.00000000405
-0.00000001278
-0.00000001084
-0.00000001980
-0.00000001367
-0.00000000817
-0.00000001757
-0.00000001044
-0.00000000442
-0.00000001293
-0.00000001170
-0.00000002166
-0.00000001527
-0.00000000980
-0.00000001778
-0.00000001130
-0.00000000560
-0.00000001416
-0.00000001232
-0.00000001954
-0.00000001335
-0.00000000611
-0.00000001479
-0.00000000733
-0.00000001648
-0.00000000883
-0.00000000759
-0.00000001680
-0.00000001095
-0.00000000309
-0.00000001101
-0.00000000581
-0.00000001807
-0.00000001133
-0.00000000458
-0.00000001370
-0.00000000693
-0.00000000058
-0.00000001470
-0.00000000815
-0.00000001678
-0.00000000989
-0.00000000161
-0.00000001080
-0.00000000349
-0.00000000268
-0.00000000966
-0.00000000356
0.00000000229
-0.00000000906
-0.00000000198
-0.00000000957
-0.00000000211
0.00000000169
-0.00000000859
-0.00000000134
0.00000000024
-0.00000000797
0.00000000042
-0.00000001348
-0.00000000702
0.00000000056
-0.00000000853
-0.00000000648
-0.00000001579
-0.00000000765
0.00000000069
-0.00000000792
-0.00000000473
0.00000000141
-0.00000000694
-0.00000000361
-0.00000001247
-0.00000000421
0.00000000209
-0.00000001086
-0.00000000291
-0.00000001104
-0.00000000870
-0.00000000270
-0.00000001178
-0.00000000497
-0.00000000268
-0.00000001208
-0.00000000409
-0.00000001192
-0.00000001032
-0.00000000274
-0.00000001248
-0.00000001121
-0.00000000377
-0.00000001227
-0.00000000578
-0.00000001494
-0.00000000793
-0.00000000683
-0.00000001486
-0.00000000814
-0.00000000161
-0.00000001524
-0.00000000803
-0.00000000078
-0.00000000891
-0.00000000609
-0.00000001425
-0.00000000769
0.00000000068
-0.00000001226
-0.00000000347
0.00000000272
-0.00000001053
-0.00000000297
-0.00000001196
-0.00000000973
-0.00000000267
-0.00000001081
-0.00000000420
-0.00000000271
-0.00000001254
-0.00000000383
-0.00000001743
-0.00000000958
-0.00000000201
-0.00000001069
-0.00000000277
-0.00000000157
-0.00000001027
-0.00000000436
-0.00000000232
-0.00000001119
-0.00000000502
-0.00000001829
-0.00000001087
-0.00000000367
-0.00000001212
-0.00000000870
-0.00000000178
-0.00000000986
-0.00000000292
0.00000000053
-0.00000000835
-0.00000000056
-0.00000001326
-0.00000000600
0.00000000177
-0.00000001137
-0.00000000280
0.00000000366
-0.00000000847
-0.00000000050
-0.00000000872
-0.00000000596
0.00000000095
-0.00000001179
-0.00000000361
-0.00000001267
-0.00000001003
-0.00000000277
-0.00000001173
-0.00000000280
-0.00000000146
-0.00000000951
-0.00000000784
-0.00000001576
-0.00000000926
-0.00000000149
-0.00000001547
-0.00000000773
-0.00000000194
-0.00000001056
-0.00000000853
-0.00000000128
-0.00000001462
-0.00000000899
-0.00000001821
-0.00000001145
-0.00000000391
-0.00000001703
-0.00000001000
-0.00000000453
-0.00000001863
-0.00000001176
-0.00000002112
-0.00000001321
-0.00000000775
-0.00000001568
-0.00000001437
-0.00000000669
-0.00000001555
-0.00000000740
-0.00000001441
-0.00000001251
-0.00000000432
-0.00000001316
-0.00000000410
-0.00000000342
-0.00000001200
-0.00000000379
-0.00000001764
-0.00000001008
-0.00000000266
-0.00000001266
-0.00000001000
-0.00000000360
-0.00000001307
-0.00000001118
-0.00000000371
-0.00000001263
-0.00000000642
-0.00000002023
-0.00000001336
-0.00000000784
-0.00000001715
-0.00000001068
-0.00000002415
-0.00000001826
-0.00000001149
-0.00000002060
-0.00000001317
-0.00000000615
-0.00000001543
-0.00000001359
-0.00000002223
-0.00000001615
-0.00000000949
-0.00000001819
-0.00000001177
-0.00000000434
-0.00000001839
-0.00000001165
-0.00000001973
-0.00000001312
-0.00000000627
-0.00000001418
-0.00000000605
-0.00000000441
-0.00000001351
-0.00000000428
-0.00000001428
-0.00000001240
-0.00000000572
-0.00000001385
-0.00000000638
-0.00000001473
-0.00000001277
-0.00000000448
-0.00000001309
-0.00000000667
-0.00000001409
-0.00000001196
-0.00000000459
-0.00000001257
-0.00000000663
-0.00000001484
-0.00000000821
-0.00000000714
-0.00000001481
-0.00000000865
-0.00000000120
-0.00000001587
-0.00000000879
-0.00000000170
-0.00000000922
-0.00000000237
-0.00000001631
-0.00000000861
-0.00000000216
-0.00000001017
-0.00000000768
-0.00000000033
-0.00000000867
-0.00000000180
-0.00000001507
-0.00000000850
-0.00000000055
-0.00000000906
-0.00000000731
-0.00000000104
0.00000000624
-0.00000000684
0.00000000197
-0.00000000514
-0.00000000282
0.00000000294
-0.00000000318
-0.00000000192
-0.00000000987
-0.00000000742
-0.00000000020
-0.00000000876
-0.00000000680
0.00000000158
-0.00000001281
-0.00000000469
-0.00000001249
-0.00000000633
-0.00000000284
-0.00000001201
-0.00000000422
0.00000000396
-0.00000000903
0.00000000052
-0.00000001289
-0.00000000605
0.00000000142
-0.00000001130
-0.00000000292
-0.00000001199
-0.00000000869
-0.00000000185
-0.00000000942
-0.00000000808
-0.00000001709
-0.00000000833
-0.00000000201
-0.00000001483
-0.00000000830
-0.00000001526
-0.00000000781
-0.00000000523
-0.00000001433
-0.00000000576
-0.00000001879
-0.00000001205
-0.00000000359
-0.00000001198
-0.00000000873
-0.00000001884
-0.00000001128
-0.00000000318
-0.00000001697
-0.00000001034
-0.00000000358
-0.00000001290
-0.00000001153
-0.00000002022
-0.00000001230
-0.00000000550
-0.00000001393
-0.00000001083
-0.00000000334
-0.00000001217
-0.00000000620
-0.00000000345
-0.00000001023
-0.00000000329
-0.00000001670
-0.00000000934
-0.00000000204
-0.00000001034
-0.00000000621
-0.00000001532
-0.00000000639
0.00000000106
-0.00000001131
-0.00000000296
-0.00000001574
-0.00000000839
-0.00000000268
-0.00000001028
-0.00000000785
0.00000000058
-0.00000001328
-0.00000000465
-0.00000001311
-0.00000000362
-0.00000000142
-0.00000000916
-0.00000000216
-0.00000001483
-0.00000000776
0.00000000120
-0.00000001342
-0.00000000571
0.00000000216
-0.00000001202
-0.00000000325
-0.00000001730
-0.00000000881
-0.00000000189
-0.00000001457
-0.00000000624
-0.00000001440
-0.00000000689
-0.00000000587
-0.00000001392
-0.00000000738
-0.00000001999
-0.00000001258
-0.00000000556
-0.00000001379
-0.00000000530
-0.00000001909
-0.00000001228
-0.00000000585
-0.00000001372
-0.00000001221
-0.00000002110
-0.00000001319
-0.00000000537
-0.00000001810
-0.00000001028
-0.00000001942
-0.00000001226
-0.00000000484
-0.00000001823
-0.00000001131
-0.00000000301
-0.00000001293
-0.00000001059
-0.00000001905
-0.00000001072
-0.00000001745
-0.00000001046
-0.00000000252
-0.00000001522
-0.00000000784
-0.00000001515
-0.00000000728
-0.00000000405
-0.00000001267
-0.00000000521
-0.00000001793
-0.00000000889
-0.00000000231
-0.00000001075
-0.00000000839
-0.00000001602
-0.00000001033
-0.00000000281
-0.00000001483
-0.00000000708
-0.00000001491
-0.00000000731
-0.00000000426
-0.00000001183
-0.00000000504
-0.00000001358
-0.00000001076
-0.00000000290
-0.00000001049
-0.00000000905
-0.00000001788
-0.00000001006
-0.00000000305
-0.00000001111
-0.00000000887
-0.00000001804
-0.00000000999
-0.00000000297
-0.00000001548
-0.00000000795
-0.00000001694
-0.00000000836
-0.00000001583
-0.00000001402
-0.00000000718
-0.00000001524
-0.00000000795
-0.00000001721
-0.00000001372
-0.00000000642
-0.00000001456
-0.00000000742
-0.00000001994
-0.00000001204
-0.00000000364
-0.00000001293
-0.00000000354
-0.00000001730
-0.00000000982
-0.00000000288
-0.00000001112
-0.00000000853
-0.00000001601
-0.00000000923
-0.00000000281
-0.00000001629
-0.00000000870
-0.00000000035
-0.00000001312
-0.00000000499
-0.00000001348
-0.00000000605
0.00000000137
-0.00000001199
-0.00000000532
-0.00000001832
-0.00000001079
-0.00000000299
-0.00000001096
-0.00000000349
-0.00000001704
-0.00000000918
-0.00000000160
-0.00000001553
-0.00000000772
-0.00000001593
-0.00000000848
-0.00000000104
-0.00000001422
-0.00000000741
-0.00000001621
-0.00000000885
-0.00000000804
-0.00000001493
-0.00000000846
-0.00000001643
-0.00000000986
-0.00000000800
-0.00000001545
-0.00000000845
-0.00000001660
-0.00000000871
-0.00000000611
-0.00000001374
-0.00000000644
-0.00000001542
-0.00000001330
-0.00000000579
-0.00000001454
-0.00000000711
-0.00000001985
-0.00000001346
-0.00000000720
-0.00000001499
-0.00000000835
0.00000000085
-0.00000001357
-0.00000000613
-0.00000001342
-0.00000001041
-0.00000000410
-0.00000001293
-0.00000000581
-0.00000001370
-0.00000001169
-0.00000002058
-0.00000001281
-0.00000000544
-0.00000001259
-0.00000001030
-0.00000001889
-0.00000001233
-0.00000000341
-0.00000001181
-0.00000000976
-0.00000001825
-0.00000000916
-0.00000000220
-0.00000000985
-0.00000000734
0.00000000004
-0.00000000781
-0.00000000530
-0.00000001395
-0.00000000646
0.00000000035
-0.00000001369
-0.00000000515
-0.00000001340
-0.00000000685
-0.00000000533
-0.00000001303
-0.00000000630
-0.00000001523
-0.00000000736
-0.00000000593
-0.00000001389
-0.00000000641
-0.00000001491
-0.00000001139
-0.00000000495
-0.00000001213
-0.00000000542
-0.00000001876
-0.00000001241
-0.00000000526
-0.00000001341
-0.00000000610
-0.00000001868
-0.00000001117
-0.00000000329
-0.00000001272
-0.00000001018
-0.00000000249
-0.00000001082
-0.00000000375
-0.00000001767
-0.00000001143
-0.00000000361
-0.00000001120
-0.00000000507
-0.00000001810
-0.00000001194
-0.00000000394
-0.00000001315
-0.00000001162
-0.00000002003
-0.00000001213
-0.00000002046
-0.00000001502
-0.00000000754
-0.00000001617
-0.00000001469
-0.00000002275
-0.00000001666
-0.00000000822
-0.00000001786
-0.00000000957
-0.00000001833
-0.00000001013
-0.00000000240
-0.00000001573
-0.00000000792
-0.00000001609
-0.00000000794
-0.00000001598
-0.00000000863
-0.00000000216
-0.00000001528
-0.00000000710
-0.00000001553
-0.00000000787
-0.00000000051
-0.00000001422
-0.00000000676
-0.00000001510
-0.00000000826
-0.00000001776
-0.00000001077
-0.00000000888
-0.00000001730
-0.00000000906
-0.00000001820
-0.00000000989
-0.00000000253
-0.00000001710
-0.00000000888
-0.00000001759
-0.00000001017
-0.00000000125
-0.00000001032
-0.00000000737
-0.00000001418
-0.00000000664
0.00000000043
-0.00000001163
-0.00000000436
-0.00000001270
-0.00000000468
0.00000000234
-0.00000001035
-0.00000000222
-0.00000001013
-0.00000000752
-0.00000001310
-0.00000000704
0.00000000205
-0.00000000632
-0.00000000268
0.00000000497
-0.00000000292
0.00000000058
-0.00000000798
-0.00000000046
0.00000000205
-0.00000000498
0.00000000202
-0.00000001015
-0.00000000202
0.00000000613
-0.00000000609
0.00000000179
-0.00000001076
-0.00000000284
0.00000000535
-0.00000000728
0.00000000107
-0.00000001189
-0.00000000292
0.00000000487
-0.00000000801
-0.00000000007
-0.00000000808
-0.00000000532
-0.00000001271
-0.00000000351
-0.00000000107
-0.00000000824
-0.00000000519
-0.00000001319
-0.00000000551
0.00000000129
-0.00000001305
-0.00000000350
-0.00000001776
-0.00000000917
-0.00000001686
-0.00000000952
-0.00000000188
-0.00000001544
-0.00000000763
-0.00000001593
-0.00000000874
-0.00000000556
-0.00000001267
-0.00000000500
-0.00000001798
-0.00000000884
-0.00000001708
-0.00000000829
-0.00000000169
-0.00000001498
-0.00000000801
-0.00000001586
-0.00000001316
-0.00000000419
-0.00000001272
-0.00000000536
-0.00000001675
-0.00000000791
-0.00000001793
-0.00000000907
-0.00000000700
-0.00000001542
-0.00000000708
-0.00000001425
-0.00000001188
-0.00000000359
-0.00000001259
-0.00000000926
-0.00000001827
-0.00000000916
-0.00000000214
-0.00000001536
-0.00000000701
-0.00000001474
-0.00000000790
-0.00000000409
-0.00000001329
-0.00000000556
-0.00000001340
-0.00000001232
-0.00000000246
-0.00000001228
-0.00000001043
-0.00000000203
-0.00000001014
-0.00000000785
-0.00000001608
-0.00000000932
-0.00000001690
-0.00000001511
-0.00000000676
-0.00000001513
-0.00000000824
-0.00000001464
-0.00000001251
-0.00000000502
-0.00000001277
-0.00000000314
-0.00000001745
-0.00000001198
-0.00000000275
-0.00000001120
-0.00000000782
-0.00000001654
-0.00000000904
-0.00000000197
-0.00000001528
-0.00000000798
-0.00000000064
-0.00000001444
-0.00000000641
-0.00000001464
-0.00000000761
-0.00000000403
-0.00000001293
-0.00000000609
-0.00000001801
-0.00000001228
-0.00000000347
-0.00000001286
-0.00000001017
-0.00000001818
-0.00000001092
-0.00000000386
-0.00000001780
-0.00000000939
-0.00000001869
-0.00000001092
-0.00000001929
-0.00000001198
-0.00000000901
-0.00000001659
-0.00000000850
-0.00000001715
-0.00000000920
-0.00000000680
-0.00000001603
-0.00000000894
-0.00000001735
-0.00000001420
-0.00000000674
-0.00000001623
-0.00000000726
-0.00000001558
-0.00000001367
-0.00000002155
-0.00000001430
-0.00000000661
-0.00000001605
-0.00000000844
-0.00000001653
-0.00000001513
-0.00000002374
-0.00000001615
-0.00000000909
-0.00000001693
-0.00000000906
-0.00000001566
-0.00000001371
-0.00000002213
-0.00000001402
-0.00000000664
-0.00000001460
-0.00000000720
-0.00000001866
-0.00000001199
-0.00000000362
-0.00000001230
-0.00000000362
-0.00000001798
-0.00000001123
-0.00000000302
-0.00000001171
-0.00000000619
-0.00000000334
-0.00000001071
-0.00000000318
-0.00000001325
-0.00000000952
-0.00000001747
-0.00000001056
-0.00000000333
-0.00000001270
-0.00000001038
-0.00000000328
-0.00000001108
-0.00000000261
-0.00000001637
-0.00000000823
-0.00000000092
-0.00000000865
-0.00000000716
-0.00000001341
-0.00000000516
0.00000000300
-0.00000001099
-0.00000000432
-0.00000001250
-0.00000000607
-0.00000000285
-0.00000000954
-0.00000000276
-0.00000001553
-0.00000000786
0.00000000020
-0.00000000843
-0.00000000609
-0.00000001255
-0.00000000548
-0.00000001339
-0.00000000971
-0.00000000298
-0.00000001116
-0.00000000236
-0.00000001615
-0.00000000817
-0.00000001524
-0.00000000787
-0.00000001519
-0.00000001089
-0.00000000272
-0.00000001102
-0.00000000320
-0.00000001634
-0.00000000797
-0.00000001501
-0.00000000762
-0.00000001651
-0.00000000797
-0.00000000358
-0.00000001334
-0.00000000472
-0.00000001620
-0.00000000935
-0.00000001812
-0.00000000989
-0.00000000226
-0.00000001567
-0.00000000754
-0.00000001500
-0.00000000671
-0.00000001576
-0.00000001313
-0.00000000535
-0.00000001358
-0.00000000705
-0.00000001435
-0.00000000994
-0.00000000235
-0.00000000938
-0.00000000248
-0.00000001536
-0.00000000712
-0.00000001480
-0.00000000850
0.00000000018
-0.00000001230
-0.00000000482
-0.00000001358
-0.00000000506
-0.00000000066
-0.00000000915
-0.00000000056
-0.00000001281
-0.00000000513
0.00000000274
-0.00000000909
-0.00000000221
-0.00000000864
-0.00000000688
-0.00000001361
-0.00000000607
0.00000000278
-0.00000000891
-0.00000000108
-0.00000001323
-0.00000000432
0.00000000354
-0.00000000837
0.00000000036
-0.00000000818
-0.00000000356
0.00000000355
-0.00000000815
0.00000000033
-0.00000000805
-0.00000000348
0.00000000406
-0.00000001021
-0.00000000178
-0.00000000965
-0.00000000708
0.00000000044
-0.00000001179
-0.00000000348
0.00000000530
-0.00000000778
0.00000000115
-0.00000001167
-0.00000000210
-0.00000001133
-0.00000000760
0.00000000001
-0.00000000808
-0.00000000425
0.00000000397
-0.00000000757
0.00000000049
-0.00000001099
-0.00000000279
-0.00000001423
-0.00000000649
0.00000000241
-0.00000000889
-0.00000000107
0.00000000245
-0.00000000327
0.00000000027
-0.00000000790
0.00000000107
-0.00000001217
-0.00000000313
-0.00000000096
-0.00000000758
-0.00000000547
-0.00000001222
-0.00000000893
-0.00000001586
-0.00000000780
-0.00000000412
-0.00000001223
-0.00000000961
-0.00000001853
-0.00000001102
-0.00000001901
-0.00000001203
-0.00000002448
-0.00000001844
-0.00000002690
-0.00000001938
-0.00000002778
-0.00000001934
-0.00000001192
-0.00000002576
-0.00000001729
-0.00000002576
-0.00000001831
-0.00000002751
-0.00000002068
-0.00000001273
-0.00000002075
-0.00000001304
-0.00000002574
-0.00000001907
-0.00000002664
-0.00000001914
-0.00000001254
-0.00000002046
-0.00000001371
-0.00000002203
-0.00000001495
-0.00000002759
-0.00000002079
-0.00000001272
-0.00000002087
-0.00000001339
-0.00000002123
-0.00000001345
-0.00000000637
-0.00000001896
-0.00000001111
-0.00000001828
-0.00000001183
-0.00000001883
-0.00000001051
-0.00000000233
-0.00000001563
-0.00000000772
-0.00000001588
-0.00000000768
-0.00000001464
-0.00000000766
-0.00000000407
-0.00000001247
-0.00000000569
-0.00000001284
-0.00000001028
-0.00000001798
-0.00000000980
-0.00000001736
-0.00000001010
-0.00000000229
-0.00000001478
-0.00000000725
-0.00000001506
-0.00000000646
-0.00000001350
-0.00000001042
-0.00000000175
-0.00000000875
-0.00000000126
-0.00000001252
-0.00000000559
0.00000000337
-0.00000000823
-0.00000000041
-0.00000000757
-0.00000000401
-0.00000001183
-0.00000000360
0.00000000435
-0.00000000967
-0.00000000152
-0.00000000922
-0.00000000658
-0.00000001418
-0.00000000643
-0.00000000283
-0.00000000996
-0.00000000173
-0.00000000963
-0.00000000640
-0.00000001394
-0.00000000596
-0.00000001855
-0.00000000981
-0.00000001793
-0.00000001089
-0.00000000266
-0.00000001561
-0.00000000834
-0.00000001752
-0.00000001051
-0.00000000816
-0.00000001760
-0.00000001210
-0.00000000446
-0.00000001171
-0.00000000931
-0.00000001724
-0.00000000928
-0.00000001646
-0.00000000944
-0.00000000665
-0.00000001343
-0.00000000697
-0.00000001387
-0.00000001028
-0.00000001713
-0.00000000841
0.00000000015
-0.00000000780
-0.00000000508
-0.00000001273
-0.00000000407
-0.00000000303
-0.00000001151
-0.00000000317
-0.00000001629
-0.00000000879
-0.00000000129
-0.00000000972
-0.00000000742
0.00000000094
-0.00000000760
-0.00000000323
-0.00000001113
-0.00000000337
-0.00000000159
-0.00000000915
-0.00000000144
-0.00000001457
-0.00000000725
-0.00000000070
-0.00000001396
-0.00000000650
-0.00000001449
-0.00000000727
-0.00000000369
-0.00000001269
-0.00000000590
-0.00000001920
-0.00000001103
-0.00000000472
-0.00000001292
-0.00000001021
-0.00000001977
-0.00000001168
-0.00000002082
-0.00000001408
-0.00000000686
-0.00000001993
-0.00000001209
-0.00000001999
-0.00000001293
-0.00000000410
-0.00000001319
-0.00000000864
-0.00000000135
-0.00000000805
-0.00000000438
-0.00000001113
-0.00000000361
-0.00000001575
-0.00000000822
-0.00000000059
-0.00000000754
-0.00000000450
-0.00000001100
-0.00000000428
-0.00000001636
-0.00000000786
-0.00000000130
-0.00000001393
-0.00000000571
-0.00000001339
-0.00000000532
-0.00000001723
-0.00000000916
-0.00000001746
-0.00000000900
-0.00000000110
-0.00000001427
-0.00000000768
-0.00000001543
-0.00000001255
-0.00000001988
-0.00000001253
-0.00000000360
-0.00000001035
-0.00000001019
-0.00000001894
-0.00000001165
-0.00000001982
-0.00000001161
-0.00000000240
-0.00000001594
-0.00000000732
-0.00000001501
-0.00000000854
-0.00000001928
-0.00000001442
-0.00000000644
-0.00000001326
-0.00000000646
-0.00000001956
-0.00000001208
-0.00000000527
-0.00000001314
-0.00000000551
-0.00000001760
-0.00000001045
-0.00000001627
-0.00000000935
-0.00000000067
-0.00000001332
-0.00000000348
-0.00000001200
-0.00000000787
0.00000000032
-0.00000000679
-0.00000000369
-0.00000001261
-0.00000000387
0.00000000333
-0.00000000912
-0.00000000135
-0.00000001349
-0.00000000507
0.00000000205
-0.00000001011
-0.00000000146
-0.00000001111
-0.00000000817
-0.00000001494
-0.00000000759
-0.00000000023
-0.00000001302
-0.00000000470
-0.00000001307
-0.00000000605
-0.00000000287
-0.00000001199
-0.00000000565
-0.00000001808
-0.00000001104
-0.00000001844
-0.00000001169
-0.00000000300
-0.00000001727
-0.00000000989
-0.00000001762
-0.00000001021
-0.00000001885
-0.00000001615
-0.00000000898
-0.00000001617
-0.00000000891
-0.00000001767
-0.00000000957
-0.00000002239
-0.00000001443
-0.00000000586
-0.00000001438
-0.00000000645
-0.00000001789
-0.00000001010
-0.00000000169
-0.00000000950
-0.00000000613
-0.00000001223
-0.00000000366
-0.00000001523
-0.00000000838
0.00000000102
-0.00000001156
-0.00000000096
-0.00000000853
-0.00000000087
0.00000000226
-0.00000000354
0.00000000394
-0.00000000771
0.00000000047
-0.00000001273
-0.00000000380
-0.00000001111
-0.00000000791
-0.00000000084
-0.00000001243
-0.00000000493
-0.00000001125
-0.00000000451
-0.00000001709
-0.00000000807
-0.00000000060
-0.00000000686
-0.00000000328
-0.00000001182
-0.00000000774
-0.00000001483
-0.00000000762
-0.00000001459
-0.00000001134
-0.00000000315
-0.00000001119
-0.00000000808
-0.00000001626
-0.00000000816
-0.00000001579
-0.00000001296
-0.00000000317
-0.00000001270
-0.00000000562
-0.00000001849
-0.00000001144
-0.00000000299
-0.00000001668
-0.00000000927
-0.00000001866
-0.00000001065
-0.00000001925
-0.00000001610
-0.00000001039
-0.00000001729
-0.00000001056
-0.00000001848
-0.00000000999
-0.00000002422
-0.00000001674
-0.00000000912
-0.00000001709
-0.00000000862
-0.00000001772
-0.00000001430
-0.00000000723
-0.00000001540
-0.00000000798
-0.00000001458
-0.00000001227
-0.00000002023
-0.00000001077
-0.00000000498
-0.00000001237
-0.00000001087
-0.00000001835
-0.00000000955
-0.00000000128
-0.00000001292
-0.00000000567
-0.00000001377
-0.00000000497
-0.00000001839
-0.00000001026
-0.00000000199
-0.00000001110
-0.00000000843
-0.00000001635
-0.00000000795
0.00000000080
-0.00000001125
-0.00000000375
-0.00000001145
-0.00000000824
-0.00000001683
-0.00000001033
-0.00000001853
-0.00000001178
-0.00000000310
-0.00000001589
-0.00000000824
-0.00000001663
-0.00000000824
-0.00000002079
-0.00000001468
-0.00000000482
-0.00000001315
-0.00000000652
-0.00000001811
-0.00000000956
-0.00000001734
-0.00000000928
-0.00000000144
-0.00000001373
-0.00000000650
-0.00000001318
-0.00000000483
-0.00000001801
-0.00000000898
-0.00000001803
-0.00000000912
-0.00000001612
-0.00000001297
-0.00000002104
-0.00000001221
-0.00000002053
-0.00000001196
-0.00000000348
-0.00000001185
-0.00000000836
-0.00000001691
-0.00000000883
-0.00000001664
-0.00000000937
-0.00000002258
-0.00000001405
-0.00000000738
-0.00000001373
-0.00000000642
-0.00000001342
-0.00000001142
-0.00000001811
-0.00000001013
-0.00000000164
-0.00000000995
-0.00000000679
-0.00000001295
-0.00000000554
0.00000000388
-0.00000000826
-0.00000000018
-0.00000000771
-0.00000000391
-0.00000001155
-0.00000000231
-0.00000000006
-0.00000000680
0.00000000067
-0.00000001304
-0.00000000620
0.00000000252
-0.00000001071
-0.00000000300
-0.00000001087
-0.00000000786
-0.00000001723
-0.00000000975
-0.00000001793
-0.00000001046
-0.00000000272
-0.00000001606
-0.00000000791
-0.00000001712
-0.00000000752
-0.00000002140
-0.00000001387
-0.00000000645
-0.00000001238
-0.00000000543
-0.00000001743
-0.00000000895
-0.00000001748
-0.00000000970
-0.00000001815
-0.00000000932
-0.00000000571
-0.00000001347
-0.00000000589
-0.00000001381
-0.00000000930
-0.00000001683
-0.00000000958
-0.00000000183
-0.00000001489
-0.00000000799
-0.00000001503
-0.00000000876
-0.00000000133
-0.00000001357
-0.00000000689
-0.00000001393
-0.00000000696
-0.00000000339
-0.00000001096
-0.00000000295
-0.00000001570
-0.00000002237
-0.00000001566
-0.00000000685
-0.00000001309
-0.00000000617
-0.00000001802
-0.00000000830
-0.00000000148
-0.00000000852
-0.00000000651
-0.00000001358
-0.00000000597
0.00000000109
-0.00000001234
-0.00000000492
-0.00000001326
-0.00000001201
-0.00000001921
-0.00000001302
-0.00000000581
-0.00000001337
-0.00000000591
-0.00000001772
-0.00000001057
-0.00000001851
-0.00000001070
-0.00000000325
-0.00000001513
-0.00000000785
-0.00000001576
-0.00000000781
-0.00000001585
-0.00000001481
-0.00000002105
-0.00000001369
-0.00000002020
-0.00000001411
-0.00000000538
-0.00000001356
-0.00000001054
-0.00000001946
-0.00000001277
-0.00000002194
-0.00000001458
-0.00000002285
-0.00000001456
-0.00000000791
-0.00000001590
-0.00000000691
-0.00000001959
-0.00000001121
-0.00000001917
-0.00000001136
-0.00000001827
-0.00000001017
-0.00000000225
-0.00000000983
-0.00000000758
-0.00000001450
-0.00000000777
-0.00000001466
-0.00000000583
-0.00000000287
-0.00000001039
-0.00000000118
-0.00000000954
-0.00000000582
-0.00000001422
-0.00000000585
0.00000000158
-0.00000001024
-0.00000000286
-0.00000001095
-0.00000000241
-0.00000001535
-0.00000000676
-0.00000001474
-0.00000000805
-0.00000000110
-0.00000001303
-0.00000000499
-0.00000001218
-0.00000000379
-0.00000001570
-0.00000000950
-0.00000001645
-0.00000000820
0.00000000060
-0.00000001170
-0.00000000552
-0.00000001244
-0.00000000499
-0.00000001687
-0.00000000902
-0.00000000134
-0.00000000847
-0.00000000479
-0.00000001228
-0.00000000521
-0.00000001023
-0.00000000296
-0.00000001669
-0.00000000801
-0.00000000101
-0.00000000916
-0.00000000647
-0.00000001365
-0.00000000747
-0.00000001428
-0.00000001176
-0.00000000312
-0.00000001181
-0.00000000314
-0.00000001689
-0.00000000870
-0.00000001575
-0.00000000819
-0.00000000124
-0.00000001307
-0.00000000532
-0.00000001302
-0.00000000369
-0.00000001717
-0.00000000810
-0.00000000006
-0.00000001237
-0.00000000495
-0.00000001048
-0.00000000249
-0.00000001556
-0.00000000745
-0.00000000045
-0.00000000850
-0.00000000565
-0.00000001202
-0.00000000334
-0.00000001624
-0.00000000872
-0.00000000038
-0.00000000848
-0.00000000567
-0.00000001258
-0.00000000663
-0.00000001876
-0.00000001139
-0.00000001967
-0.00000001241
-0.00000000457
-0.00000001172
-0.00000000882
-0.00000001683
-0.00000000945
-0.00000001706
-0.00000001436
-0.00000002024
-0.00000001363
-0.00000002041
-0.00000001272
-0.00000000494
-0.00000001209
-0.00000000983
-0.00000001675
-0.00000000952
-0.00000001868
-0.00000001034
-0.00000000337
-0.00000001554
-0.00000000814
-0.00000001576
-0.00000000813
-0.00000000146
-0.00000001431
-0.00000000529
-0.00000001442
-0.00000000581
-0.00000001849
-0.00000001042
-0.00000000330
-0.00000001220
-0.00000000418
-0.00000001743
-0.00000000895
-0.00000001795
-0.00000001186
-0.00000000839
-0.00000001630
-0.00000000894
-0.00000001587
-0.00000000741
-0.00000001590
-0.00000000742
-0.00000000320
-0.00000001204
-0.00000000284
-0.00000001190
-0.00000000884
-0.00000000203
-0.00000001008
-0.00000000749
-0.00000001535
-0.00000000797
0.00000000053
-0.00000001252
-0.00000000524
-0.00000001280
-0.00000000530
-0.00000001434
-0.00000001056
-0.00000000233
-0.00000001218
-0.00000000841
-0.00000001532
-0.00000000828
-0.00000001744
-0.00000000819
-0.00000000112
-0.00000001360
-0.00000000650
-0.00000001327
-0.00000000461
-0.00000000297
-0.00000001176
-0.00000000348
-0.00000001655
-0.00000000851
-0.00000001656
-0.00000000920
-0.00000001537
-0.00000000898
-0.00000000555
-0.00000001359
-0.00000000590
-0.00000001274
-0.00000000955
-0.00000001680
-0.00000000701
0.00000000057
-0.00000001134
-0.00000000285
-0.00000000795
-0.00000000070
-0.00000001303
-0.00000000589
-0.00000001345
-0.00000000971
-0.00000000270
-0.00000000788
-0.00000000111
-0.00000001371
-0.00000000369
-0.00000001222
-0.00000000895
-0.00000001500
-0.00000000648
0.00000000213
-0.00000001040
-0.00000000264
-0.00000001087
-0.00000000792
-0.00000001492
-0.00000000750
-0.00000001501
-0.00000001201
-0.00000000368
-0.00000001272
-0.00000000357
-0.00000001784
-0.00000000929
-0.00000000175
-0.00000000815
-0.00000000650
-0.00000001377
-0.00000000621
-0.00000001774
-0.00000000929
-0.00000001756
-0.00000000985
-0.00000000221
-0.00000001457
-0.00000000701
0.00000000125
-0.00000001319
-0.00000000513
-0.00000001181
-0.00000000378
-0.00000001626
-0.00000000824
0.00000000015
-0.00000001289
-0.00000000633
-0.00000001308
-0.00000001038
-0.00000001836
-0.00000001079
-0.00000000286
-0.00000000879
-0.00000000674
-0.00000001323
-0.00000000496
-0.00000001641
-0.00000000847
-0.00000001595
-0.00000000741
0.00000000186
-0.00000001211
-0.00000000309
-0.00000000966
-0.00000000761
-0.00000001388
-0.00000000579
-0.00000001802
-0.00000000928
-0.00000000277
-0.00000000907
-0.00000000775
-0.00000001541
-0.00000000726
-0.00000001983
-0.00000001293
-0.00000000342
-0.00000001192
-0.00000000908
-0.00000001597
-0.00000000860
-0.00000001598
-0.00000000805
-0.00000000322
-0.00000001203
-0.00000000279
-0.00000001545
-0.00000000796
-0.00000001593
-0.00000000776
-0.00000000552
-0.00000001191
-0.00000000571
-0.00000001332
-0.00000001126
-0.00000001839
-0.00000000995
-0.00000000153
-0.00000001486
-0.00000000593
-0.00000001374
-0.00000000572
-0.00000001899
-0.00000001177
-0.00000001820
-0.00000001186
-0.00000001867
-0.00000001797
-0.00000000960
-0.00000001832
-0.00000000974
-0.00000001760
-0.00000001472
-0.00000002349
-0.00000001468
-0.00000002275
-0.00000001631
-0.00000000791
-0.00000001580
-0.00000000741
-0.00000001822
-0.00000001074
-0.00000001851
-0.00000000903
-0.00000001784
-0.00000000875
-0.00000000605
-0.00000001257
-0.00000000749
-0.00000001467
-0.00000000797
-0.00000002180
-0.00000001192
-0.00000000610
-0.00000001270
-0.00000000504
-0.00000001702
-0.00000000906
-0.00000001646
-0.00000000882
-0.00000000174
-0.00000001317
-0.00000000388
-0.00000001376
-0.00000000579
-0.00000001792
-0.00000000942
-0.00000000063
-0.00000000753
-0.00000000388
-0.00000001077
-0.00000000121
-0.00000001504
-0.00000000606
-0.00000001327
-0.00000000516
-0.00000001183
-0.00000000970
-0.00000000224
-0.00000000892
-0.00000000559
-0.00000001461
-0.00000000614
-0.00000001355
-0.00000001005
-0.00000000295
-0.00000000966
-0.00000000259
-0.00000001456
-0.00000000641
-0.00000001330
-0.00000000653
-0.00000001807
-0.00000001102
-0.00000000292
-0.00000001077
-0.00000000754
-0.00000001532
-0.00000000723
-0.00000001447
-0.00000000659
-0.00000001988
-0.00000001282
-0.00000001973
-0.00000001214
-0.00000000355
-0.00000001250
-0.00000000935
-0.00000001702
-0.00000000981
-0.00000001714
-0.00000000943
-0.00000002260
-0.00000001502
-0.00000000779
-0.00000001456
-0.00000000734
-0.00000001700
-0.00000000868
-0.00000002179
-0.00000001437
-0.00000000697
-0.00000001476
-0.00000000702
-0.00000001890
-0.00000001050
-0.00000001835
-0.00000001075
-0.00000001799
-0.00000000898
-0.00000001578
-0.00000001220
-0.00000000335
-0.00000001183
-0.00000000310
-0.00000001030
-0.00000000699
-0.00000001338
-0.00000000720
-0.00000001392
-0.00000000954
-0.00000001835
-0.00000001083
-0.00000001833
-0.00000000999
-0.00000000078
-0.00000001421
-0.00000000690
-0.00000001369
-0.00000000384
-0.00000001246
-0.00000000976
-0.00000001624
-0.00000000817
-0.00000000061
-0.00000001188
-0.00000000238
-0.00000001018
-0.00000000280
-0.00000001485
-0.00000000679
-0.00000001362
-0.00000000518
-0.00000001803
-0.00000000886
-0.00000000101
-0.00000000861
-0.00000000121
-0.00000001374
-0.00000000566
-0.00000001289
-0.00000001130
-0.00000001917
-0.00000001315
-0.00000000485
-0.00000001270
-0.00000000488
-0.00000001863
-0.00000001193
-0.00000002034
-0.00000001182
-0.00000001919
-0.00000001131
-0.00000000270
-0.00000001522
-0.00000000752
-0.00000001346
-0.00000000412
-0.00000001336
-0.00000000902
-0.00000001654
-0.00000000629
-0.00000001449
-0.00000000638
-0.00000001706
-0.00000000945
-0.00000001575
-0.00000000756
0.00000000114
-0.00000001076
-0.00000000045
-0.00000000962
-0.00000000575
-0.00000001216
-0.00000000461
-0.00000001148
-0.00000000868
-0.00000001678
-0.00000000813
-0.00000000052
-0.00000000827
-0.00000000602
-0.00000001332
-0.00000000570
-0.00000001880
-0.00000000999
-0.00000000270
-0.00000000977
-0.00000000680
-0.00000001411
-0.00000000578
-0.00000001326
-0.00000001177
-0.00000001949
-0.00000001173
-0.00000001893
-0.00000001191
-0.00000000300
-0.00000001592
-0.00000000747
-0.00000001526
-0.00000000685
-0.00000001350
-0.00000001087
-0.00000001767
-0.00000001080
-0.00000001812
-0.00000001026
-0.00000001711
-0.00000001501
-0.00000000551
-0.00000001395
-0.00000000447
-0.00000001093
-0.00000000776
-0.00000001528
-0.00000000781
-0.00000001427
-0.00000000677
-0.00000001876
-0.00000000934
-0.00000000164
-0.00000000792
-0.00000000337
-0.00000001317
-0.00000000448
-0.00000001813
-0.00000000997
-0.00000000203
-0.00000001012
-0.00000000159
-0.00000001358
-0.00000000484
-0.00000001201
-0.00000000339
-0.00000000139
-0.00000000794
-0.00000000091
-0.00000001315
-0.00000000563
-0.00000001299
-0.00000000304
-0.00000000054
-0.00000000661
0.00000000111
-0.00000001052
-0.00000000110
-0.00000001245
-0.00000000377
-0.00000000939
0.00000000111
0.00000000381
-0.00000000349
0.00000000020
-0.00000000768
0.00000000176
-0.00000000967
-0.00000000108
-0.00000001236
-0.00000000329
-0.00000001029
-0.00000000060
-0.00000001226
-0.00000000368
-0.00000001531
-0.00000000732
-0.00000001401
-0.00000000555
-0.00000000125
-0.00000000775
-0.00000000604
-0.00000001123
-0.00000000109
-0.00000001427
-0.00000000583
-0.00000001334
-0.00000000359
-0.00000001591
-0.00000000841
-0.00000001436
-0.00000001069
-0.00000000286
-0.00000000966
-0.00000000546
-0.00000001286
-0.00000000357
-0.00000001619
-0.00000000866
-0.00000001658
-0.00000000813
-0.00000001838
-0.00000001200
-0.00000001750
-0.00000000943
-0.00000001596
-0.00000001196
-0.00000001995
-0.00000001231
-0.00000001831
-0.00000001026
-0.00000000757
-0.00000001459
-0.00000000670
-0.00000001149
-0.00000001052
-0.00000001604
-0.00000000844
-0.00000001637
-0.00000001250
-0.00000002015
-0.00000001211
-0.00000001929
-0.00000000991
-0.00000000286
-0.00000001252
-0.00000000438
-0.00000001275
-0.00000000842
-0.00000001577
-0.00000000697
-0.00000001482
-0.00000001141
-0.00000001911
-0.00000001132
-0.00000001827
-0.00000000959
-0.00000002241
-0.00000001434
-0.00000002123
-0.00000001289
-0.00000002046
-0.00000001105
-0.00000000346
-0.00000001599
-0.00000000670
-0.00000001417
-0.00000000544
-0.00000001857
-0.00000001070
-0.00000001633
-0.00000001018
-0.00000001641
-0.00000000810
-0.00000002191
-0.00000001227
-0.00000002055
-0.00000001051
-0.00000000250
-0.00000001406
-0.00000000655
-0.00000001365
-0.00000000461
-0.00000001586
-0.00000000708
-0.00000001335
-0.00000000550
-0.00000001689
-0.00000000842
-0.00000001548
-0.00000000776
-0.00000001446
-0.00000001182
-0.00000001857
-0.00000001056
-0.00000001747
-0.00000000898
-0.00000000383
-0.00000001237
-0.00000000436
-0.00000001270
-0.00000000848
-0.00000001591
-0.00000000759
-0.00000001482
-0.00000000737
-0.00000001967
-0.00000001094
-0.00000000290
-0.00000000930
-0.00000000798
-0.00000001603
-0.00000000717
-0.00000001535
-0.00000000752
-0.00000001991
-0.00000001053
-0.00000001815
-0.00000000907
-0.00000001772
-0.00000000977
-0.00000000614
-0.00000001337
-0.00000000408
-0.00000001207
-0.00000001018
-0.00000001669
-0.00000000845
-0.00000001509
-0.00000000796
-0.00000001888
-0.00000001019
-0.00000000163
-0.00000000836
-0.00000000327
-0.00000001021
-0.00000000198
-0.00000001339
-0.00000000406
-0.00000001111
-0.00000000219
-0.00000001446
-0.00000000513
-0.00000001374
-0.00000000394
-0.00000001681
-0.00000000745
-0.00000001498
-0.00000000547
-0.00000001772
-0.00000000987
-0.00000000126
-0.00000000938
-0.00000000454
-0.00000001256
-0.00000000312
-0.00000001602
-0.00000000753
-0.00000001333
-0.00000000572
0.00000000328
-0.00000000668
0.00000000085
-0.00000001017
-0.00000000271
-0.00000000945
-0.00000000692
-0.00000001370
-0.00000000525
-0.00000001187
-0.00000000745
-0.00000001444
-0.00000000562
-0.00000001793
-0.00000000820
-0.00000000035
-0.00000000851
-0.00000000584
-0.00000001320
-0.00000000499
-0.00000001661
-0.00000000959
-0.00000001725
-0.00000000880
-0.00000002133
-0.00000001428
-0.00000002008
-0.00000001237
-0.00000000330
-0.00000001565
-0.00000000827
-0.00000001361
-0.00000000456
-0.00000001614
-0.00000000803
-0.00000001533
-0.00000000644
-0.00000001328
-0.00000000877
0.00000000068
-0.00000001126
-0.00000000210
-0.00000000926
-0.00000000698
-0.00000001290
-0.00000000388
-0.00000001657
-0.00000000786
-0.00000001421
-0.00000000708
-0.00000001966
-0.00000001048
-0.00000000294
-0.00000001600
-0.00000000627
-0.00000001388
-0.00000000425
-0.00000001516
-0.00000000797
-0.00000001581
-0.00000000816
-0.00000001510
-0.00000001163
-0.00000001822
-0.00000000922
-0.00000000024
-0.00000001290
-0.00000000303
-0.00000001630
-0.00000000673
-0.00000001350
-0.00000000445
-0.00000001788
-0.00000000805
-0.00000001597
-0.00000000708
-0.00000001282
-0.00000000956
-0.00000001588
-0.00000000661
-0.00000001400
-0.00000001104
-0.00000001612
-0.00000000768
-0.00000001433
-0.00000001139
-0.00000001877
-0.00000000914
-0.00000001707
-0.00000000762
-0.00000001957
-0.00000001143
-0.00000001819
-0.00000001043
-0.00000001638
-0.00000001309
-0.00000002123
-0.00000001186
-0.00000000281
-0.00000000946
-0.00000000665
-0.00000001374
-0.00000000469
-0.00000001715
-0.00000000817
-0.00000001487
-0.00000000663
-0.00000001315
-0.00000000978
-0.00000001691
-0.00000000923
-0.00000001648
-0.00000000845
-0.00000001945
-0.00000001189
-0.00000001912
-0.00000000997
-0.00000001717
-0.00000000820
-0.00000002118
-0.00000001463
-0.00000000447
-0.00000001225
-0.00000000460
-0.00000001765
-0.00000000832
-0.00000001658
-0.00000000799
-0.00000001376
-0.00000001233
-0.00000001921
-0.00000000959
-0.00000001704
-0.00000000889
-0.00000001625
-0.00000001413
-0.00000000686
-0.00000001277
-0.00000000588
-0.00000001860
-0.00000000997
-0.00000001824
-0.00000001056
-0.00000001826
-0.00000000977
-0.00000002116
-0.00000001271
-0.00000000311
-0.00000000947
-0.00000001669
-0.00000000812
0.00000000112
-0.00000001181
-0.00000000308
-0.00000000936
-0.00000000671
-0.00000001391
-0.00000000592
-0.00000001608
-0.00000000900
-0.00000001500
-0.00000000684
-0.00000001267
-0.00000000926
-0.00000001624
-0.00000000796
0.00000000153
-0.00000000977
-0.00000000164
-0.00000000889
0.00000000064
-0.00000001037
-0.00000000242
-0.00000001010
-0.00000000498
-0.00000001157
-0.00000000270
-0.00000001529
-0.00000000606
-0.00000001298
-0.00000000371
-0.00000001595
-0.00000000818
-0.00000001372
-0.00000000551
-0.00000000183
-0.00000000728
0.00000000106
-0.00000001145
-0.00000000218
-0.00000000824
-0.00000000334
-0.00000001053
-0.00000000211
-0.00000001409
-0.00000000400
-0.00000001717
-0.00000000848
-0.00000001491
-0.00000000434
-0.00000001042
-0.00000000747
0.00000000219
-0.00000000970
0.00000000046
-0.00000000608
-0.00000000398
-0.00000001157
-0.00000000347
-0.00000001539
-0.00000000669
-0.00000001389
-0.00000000993
-0.00000001812
-0.00000000846
-0.00000001661
-0.00000001384
-0.00000002059
-0.00000001093
-0.00000001745
-0.00000000875
-0.00000001988
-0.00000001084
-0.00000000191
-0.00000001384
-0.00000000573
-0.00000001273
-0.00000000258
-0.00000001464
-0.00000000654
-0.00000001171
-0.00000000182
-0.00000001242
-0.00000000279
-0.00000001342
-0.00000000270
-0.00000000861
-0.00000000363
-0.00000001093
-0.00000000217
-0.00000001376
-0.00000000311
-0.00000001515
-0.00000000571
-0.00000001235
-0.00000000273
-0.00000001522
-0.00000000672
-0.00000001550
-0.00000000681
-0.00000000322
-0.00000001138
-0.00000000324
-0.00000001364
-0.00000000725
-0.00000001939
-0.00000000998
-0.00000001834
-0.00000001039
-0.00000001797
-0.00000001557
-0.00000002236
-0.00000001315
-0.00000002152
-0.00000001369
-0.00000002498
-0.00000001337
-0.00000002610
-0.00000001737
-0.00000002522
-0.00000001623
-0.00000002443
-0.00000001588
-0.00000002169
-0.00000001179
-0.00000002044
-0.00000001250
-0.00000002484
-0.00000001626
-0.00000002515
-0.00000001671
-0.00000002402
-0.00000001545
-0.00000002225
-0.00000001299
-0.00000002000
-0.00000001030
-0.00000001886
-0.00000000972
-0.00000002221
-0.00000001400
-0.00000002217
-0.00000001250
-0.00000002027
-0.00000001149
-0.00000001800
-0.00000000912
-0.00000001551
-0.00000002747
-0.00000001499
-0.00000002215
-0.00000001196
-0.00000001842
-0.00000000869
-0.00000002098
-0.00000000971
-0.00000001760
-0.00000000787
-0.00000001300
-0.00000000402
-0.00000001697
-0.00000000778
-0.00000001301
-0.00000000354
-0.00000001106
-0.00000000772
-0.00000001359
-0.00000000618
-0.00000001088
-0.00000000273
-0.00000001415
-0.00000000615
-0.00000001309
-0.00000000280
-0.00000001482
-0.00000000637
-0.00000001278
-0.00000000310
-0.00000000986
-0.00000000623
-0.00000001500
-0.00000000654
-0.00000001186
-0.00000000476
-0.00000001556
-0.00000000681
-0.00000001346
-0.00000000475
-0.00000001313
-0.00000000982
-0.00000001643
-0.00000000803
-0.00000001387
-0.00000000483
-0.00000001669
-0.00000000800
0.00000000152
-0.00000000473
-0.00000000164
-0.00000000764
0.00000000145
-0.00000001028
-0.00000000160
-0.00000000825
-0.00000000277
-0.00000000989
-0.00000000106
-0.00000000685
-0.00000000293
-0.00000001039
-0.00000000625
0.00000000222
-0.00000000368
0.00000000486
-0.00000000854
0.00000000111
-0.00000001223
-0.00000000291
-0.00000001040
-0.00000000729
-0.00000001434
-0.00000000374
-0.00000001128
-0.00000000778
-0.00000001364
-0.00000000357
-0.00000001647
-0.00000000784
-0.00000001431
-0.00000000519
-0.00000001612
-0.00000000779
-0.00000001347
-0.00000000463
-0.00000001596
-0.00000000774
-0.00000001467
-0.00000000539
-0.00000001743
-0.00000000795
-0.00000001338
-0.00000000380
-0.00000001628
-0.00000000561
-0.00000001347
-0.00000000830
-0.00000001508
-0.00000000599
-0.00000001303
-0.00000000877
-0.00000001674
-0.00000000738
-0.00000001487
-0.00000001191
-0.00000000267
-0.00000000959
-0.00000000166
-0.00000001358
-0.00000000587
-0.00000001297
-0.00000000744
-0.00000001646
-0.00000000780
-0.00000001440
-0.00000000986
-0.00000001625
-0.00000000838
-0.00000001506
-0.00000000966
-0.00000001755
-0.00000000817
-0.00000001476
-0.00000000674
-0.00000001864
-0.00000000964
-0.00000001584
-0.00000000812
-0.00000001313
-0.00000000884
-0.00000001577
-0.00000000624
-0.00000001149
-0.00000000792
-0.00000001475
-0.00000000537
-0.00000000071
-0.00000000728
0.00000000212
-0.00000000914
-0.00000000027
-0.00000001146
-0.00000000242
-0.00000000830
0.00000000055
-0.00000001083
-0.00000000221
-0.00000001319
-0.00000000369
-0.00000001084
-0.00000000722
-0.00000001394
-0.00000000372
-0.00000001601
-0.00000000586
-0.00000001304
-0.00000000297
-0.00000001398
-0.00000000562
-0.00000001070
-0.00000000719
-0.00000001358
-0.00000000445
-0.00000001455
-0.00000000662
-0.00000001294
-0.00000000272
-0.00000001430
-0.00000000340
-0.00000001512
-0.00000000724
-0.00000001303
-0.00000000271
-0.00000001405
-0.00000002104
-0.00000001024
-0.00000001807
-0.00000001254
-0.00000001912
-0.00000001119
-0.00000001616
-0.00000000768
-0.00000001954
-0.00000000937
-0.00000001570
-0.00000000731
-0.00000001746
-0.00000000758
-0.00000001316
-0.00000000866
-0.00000001621
-0.00000002086
-0.00000001212
-0.00000001777
-0.00000001310
-0.00000002172
-0.00000001208
-0.00000001918
-0.00000001025
-0.00000001673
-0.00000001092
-0.00000001739
-0.00000000832
-0.00000001484
-0.00000001054
-0.00000001763
-0.00000000797
-0.00000001420
-0.00000001062
-0.00000001590
-0.00000000816
-0.00000001449
-0.00000001114
-0.00000001774
-0.00000002639
-0.00000001723
-0.00000002474
-0.00000001575
-0.00000002191
-0.00000001370
-0.00000001938
-0.00000001573
-0.00000002209
-0.00000001354
-0.00000001987
-0.00000001204
-0.00000001828
-0.00000000854
-0.00000002094
-0.00000001139
-0.00000001790
-0.00000000941
-0.00000001475
-0.00000000520
-0.00000001598
-0.00000000711
-0.00000001366
-0.00000001965
-0.00000001071
-0.00000001772
-0.00000000752
-0.00000002017
-0.00000001092
-0.00000001605
-0.00000000627
-0.00000001281
-0.00000000825
-0.00000001329
-0.00000000484
-0.00000001128
-0.00000000069
-0.00000001223
-0.00000000287
-0.00000000971
-0.00000000570
0.00000000515
-0.00000000066
-0.00000001276
-0.00000000306
0.00000000546
-0.00000000602
0.00000000313
-0.00000000932
0.00000000082
-0.00000001038
-0.00000000150
-0.00000000770
0.00000000124
-0.00000000908
-0.00000000101
-0.00000001290
-0.00000000421
-0.00000001629
-0.00000000802
-0.00000001444
-0.00000000474
-0.00000001658
-0.00000000684
-0.00000001276
-0.00000000336
-0.00000001501
-0.00000000590
-0.00000001239
-0.00000000786
-0.00000001425
-0.00000000341
-0.00000001541
-0.00000000598
-0.00000001289
-0.00000000327
0.00000000121
-0.00000000566
-0.00000000063
-0.00000000789
0.00000000389
-0.00000000661
0.00000000326
-0.00000000582
0.00000000281
-0.00000000859
0.00000000119
-0.00000001010
0.00000000112
-0.00000001294
-0.00000000253
-0.00000000952
-0.00000000534
-0.00000001004
-0.00000000682
-0.00000001355
-0.00000000292
-0.00000001550
-0.00000000594
-0.00000001264
-0.00000000969
-0.00000001698
-0.00000000803
-0.00000001881
-0.00000000985
-0.00000001618
-0.00000000808
-0.00000001925
-0.00000000920
-0.00000002096
-0.00000001350
-0.00000001930
-0.00000000930
-0.00000002136
-0.00000001241
-0.00000001947
-0.00000002645
-0.00000001690
-0.00000002306
-0.00000001485
-0.00000002800
-0.00000001828
-0.00000002599
-0.00000001704
-0.00000002355
-0.00000001444
-0.00000002247
-0.00000001216
-0.00000002530
-0.00000001523
-0.00000002163
-0.00000001286
-0.00000001866
-0.00000001118
-0.00000002147
-0.00000000757
-0.00000001889
-0.00000001030
-0.00000001595
-0.00000000714
-0.00000001908
-0.00000001086
-0.00000001779
-0.00000000778
-0.00000001387
-0.00000001008
-0.00000001782
-0.00000000727
-0.00000001375
-0.00000000957
-0.00000001711
-0.00000000762
-0.00000001349
-0.00000000878
-0.00000001508
-0.00000000654
-0.00000001392
-0.00000001020
-0.00000001610
-0.00000002387
-0.00000001461
-0.00000002172
-0.00000001281
-0.00000002019
-0.00000001154
-0.00000002181
-0.00000001369
-0.00000002054
-0.00000001055
-0.00000001707
-0.00000000722
-0.00000001410
-0.00000001002
-0.00000001642
-0.00000000818
-0.00000001308
-0.00000000424
-0.00000001679
-0.00000000798
-0.00000001487
-0.00000000558
-0.00000001603
-0.00000000758
-0.00000001542
-0.00000000659
-0.00000001350
-0.00000000910
-0.00000001662
-0.00000000710
-0.00000001238
-0.00000000827
-0.00000001497
-0.00000000450
-0.00000000942
-0.00000000035
-0.00000001227
-0.00000000320
-0.00000000905
-0.00000000509
-0.00000001200
-0.00000000210
-0.00000000810
-0.00000000279
-0.00000000990
-0.00000000033
-0.00000001287
-0.00000000237
-0.00000000861
-0.00000000343
-0.00000001093
0.00000000047
-0.00000001052
-0.00000000051
-0.00000000745
-0.00000000179
-0.00000000834
0.00000000140
-0.00000001002
-0.00000000091
-0.00000001210
-0.00000000266
-0.00000000954
-0.00000000393
-0.00000001146
-0.00000000266
-0.00000001395
-0.00000000465
-0.00000001104
-0.00000000757
-0.00000001399
-0.00000000368
-0.00000001595
-0.00000000671
-0.00000001149
-0.00000000300
-0.00000001457
-0.00000000407
-0.00000001424
-0.00000000587
-0.00000001089
-0.00000000483
-0.00000001150
-0.00000000014
-0.00000001052
-0.00000000073
-0.00000001160
-0.00000000242
-0.00000000722
-0.00000000325
-0.00000000948
-0.00000000332
-0.00000000904
-0.00000000028
-0.00000001172
-0.00000000029
-0.00000001202
-0.00000000180
-0.00000000696
-0.00000000277
-0.00000000870
-0.00000000456
-0.00000000877
-0.00000002147
-0.00000001188
-0.00000001693
-0.00000000716
-0.00000001808
-0.00000000871
-0.00000001534
-0.00000000711
-0.00000001691
-0.00000000757
-0.00000001884
-0.00000000889
-0.00000001435
-0.00000000307
-0.00000001462
-0.00000000503
-0.00000001566
-0.00000000582
-0.00000001194
-0.00000000775
-0.00000001316
-0.00000000424
-0.00000001679
-0.00000000777
-0.00000001331
-0.00000000828
-0.00000001391
-0.00000000316
-0.00000001509
-0.00000000493
-0.00000000925
-0.00000000523
-0.00000001005
-0.00000000543
-0.00000001126
-0.00000000150
-0.00000001219
-0.00000000268
-0.00000001291
-0.00000000294
-0.00000000883
-0.00000000501
-0.00000001128
-0.00000000592
-0.00000001087
-0.00000000183
-0.00000001239
-0.00000000243
-0.00000001453
-0.00000002090
-0.00000001053
-0.00000002274
-0.00000001389
-0.00000001979
-0.00000001015
-0.00000002107
-0.00000001146
-0.00000001728
-0.00000000803
-0.00000001889
-0.00000000929
-0.00000001498
-0.00000000378
-0.00000001568
-0.00000000518
-0.00000001614
-0.00000002211
-0.00000001225
-0.00000001791
-0.00000000791
-0.00000001850
-0.00000000907
-0.00000001961
-0.00000000906
-0.00000001499
-0.00000000566
-0.00000001620
-0.00000000681
-0.00000001361
-0.00000000807
-0.00000001362
-0.00000002507
-0.00000001091
-0.00000002306
-0.00000001350
-0.00000001928
-0.00000001185
-0.00000002330
-0.00000001208
-0.00000001767
-0.00000000816
-0.00000001979
-0.00000001028
-0.00000001641
-0.00000000680
-0.00000001776
-0.00000000875
-0.00000001516
-0.00000002089
-0.00000001698
-0.00000002274
-0.00000001255
-0.00000001932
-0.00000000937
-0.00000001979
-0.00000000943
-0.00000001479
-0.00000000562
-0.00000001669
-0.00000000738
-0.00000001378
-0.00000000342
-0.00000001509
-0.00000000483
-0.00000001129
-0.00000000730
-0.00000001292
-0.00000000365
-0.00000001579
-0.00000000568
-0.00000001303
-0.00000000804
-0.00000001500
-0.00000000543
-0.00000001651
-0.00000000770
-0.00000001409
-0.00000000569
-0.00000001712
-0.00000000858
-0.00000001387
-0.00000000499
-0.00000001636
-0.00000000676
-0.00000001871
-0.00000002424
-0.00000001463
-0.00000002050
-0.00000001106
-0.00000001814
-0.00000001256
-0.00000001858
-0.00000000751
-0.00000002066
-0.00000001120
-0.00000001579
-0.00000000470
-0.00000001252
-0.00000000716
-0.00000001288
-0.00000000245
-0.00000001438
-0.00000000490
-0.00000000980
-0.00000000553
-0.00000001164
-0.00000001911
-0.00000000831
-0.00000002103
-0.00000001114
-0.00000001772
-0.00000000803
-0.00000002040
-0.00000000936
-0.00000001596
-0.00000000547
-0.00000001068
-0.00000000654
-0.00000001353
-0.00000000345
-0.00000001470
-0.00000002117
-0.00000001236
-0.00000001727
-0.00000000889
-0.00000001934
-0.00000001059
-0.00000001749
-0.00000000835
-0.00000001904
-0.00000001016
-0.00000001774
-0.00000000820
-0.00000001552
-0.00000001135
-0.00000001836
-0.00000000868
-0.00000001461
-0.00000001034
-0.00000001735
-0.00000002342
-0.00000001438
-0.00000002230
-0.00000001326
-0.00000002357
-0.00000001519
-0.00000002158
-0.00000001247
-0.00000001916
-0.00000001134
-0.00000002223
-0.00000001373
-0.00000001859
-0.00000001157
-0.00000001779
-0.00000000911
-0.00000002133
-0.00000002653
-0.00000001756
-0.00000002294
-0.00000001435
-0.00000002169
-0.00000001229
-0.00000001909
-0.00000002545
-0.00000001602
-0.00000002246
-0.00000001372
-0.00000002027
-0.00000000970
-0.00000002284
-0.00000000877
-0.00000001995
-0.00000001177
-0.00000001790
-0.00000002492
-0.00000001523
-0.00000002179
-0.00000001273
-0.00000001820
-0.00000001001
-0.00000001552
-0.00000000800
-0.00000001900
-0.00000000963
-0.00000001652
-0.00000000804
-0.00000001220
-0.00000000361
-0.00000001603
-0.00000000589
-0.00000001282
-0.00000001900
-0.00000001013
-0.00000001678
-0.00000000791
-0.00000001462
-0.00000001058
-0.00000001709
-0.00000000841
-0.00000001586
-0.00000000644
-0.00000001231
-0.00000000821
-0.00000001543
-0.00000000455
-0.00000001032
-0.00000000219
-0.00000000632
-0.00000000312
-0.00000000879
-0.00000000052
-0.00000001054
-0.00000000075
-0.00000000744
-0.00000001398
-0.00000000855
-0.00000001466
-0.00000000519
-0.00000001219
-0.00000000756
-0.00000001457
-0.00000000559
-0.00000001100
-0.00000000294
-0.00000001323
-0.00000002044
-0.00000001230
-0.00000001803
-0.00000000896
-0.00000001655
-0.00000001350
-0.00000002049
-0.00000001139
-0.00000001813
-0.00000000910
-0.00000001644
-0.00000000777
-0.00000001767
-0.00000000859
-0.00000001619
-0.00000000790
-0.00000001317
-0.00000000370
-0.00000001635
-0.00000000651
-0.00000001342
-0.00000000325
-0.00000001125
-0.00000002120
-0.00000001231
-0.00000002016
-0.00000001010
-0.00000001648
-0.00000000804
-0.00000001560
-0.00000000574
-0.00000001774
-0.00000000876
-0.00000001604
-0.00000000726
-0.00000001357
-0.00000000401
-0.00000001585
-0.00000000830
-0.00000001573
-0.00000000653
-0.00000001168
-0.00000000825
-0.00000001498
-0.00000000583
-0.00000001189
-0.00000000234
-0.00000001417
-0.00000000476
-0.00000001217
-0.00000000186
-0.00000001437
-0.00000002195
-0.00000001324
-0.00000001932
-0.00000001124
-0.00000001853
-0.00000000933
-0.00000001566
-0.00000001184
-0.00000001836
-0.00000000899
-0.00000001603
-0.00000000642
-0.00000001243
-0.00000000879
-0.00000001563
-0.00000000751
-0.00000001142
-0.00000000309
-0.00000001638
-0.00000000667
-0.00000001431
-0.00000000467
-0.00000001570
-0.00000000652
-0.00000001314
-0.00000001988
-0.00000001027
-0.00000001808
-0.00000000927
-0.00000001600
-0.00000001215
-0.00000001987
-0.00000001009
-0.00000001787
-0.00000000855
-0.00000001361
-0.00000000531
-0.00000001632
-0.00000000820
-0.00000001465
-0.00000002017
-0.00000001301
-0.00000001914
-0.00000000958
-0.00000001627
-0.00000000799
-0.00000001898
-0.00000000887
-0.00000001499
-0.00000000685
-0.00000001322
-0.00000000472
-0.00000001617
-0.00000000741
-0.00000001248
-0.00000001986
-0.00000000878
-0.00000001473
-0.00000000612
-0.00000001767
-0.00000000831
0.00000000165
-0.00000000640
-0.00000000297
-0.00000000973
0.00000000052
-0.00000001174
-0.00000000249
-0.00000000856
-0.00000000018
-0.00000001150
-0.00000000265
-0.00000001021
-0.00000000168
-0.00000001288
-0.00000000486
-0.00000001182
-0.00000001786
-0.00000001388
-0.00000002011
-0.00000001119
-0.00000001774
-0.00000000939
-0.00000001614
-0.00000000718
-0.00000001969
-0.00000001058
-0.00000001779
-0.00000000961
-0.00000001623
-0.00000000750
-0.00000001493
-0.00000001253
-0.00000001946
-0.00000001122
-0.00000001834
-0.00000000923
-0.00000001727
-0.00000000931
-0.00000002105
-0.00000001211
-0.00000001943
-0.00000001140
-0.00000001691
-0.00000000850
-0.00000001553
-0.00000000755
-0.00000001439
-0.00000001067
-0.00000001646
-0.00000000809
-0.00000001500
-0.00000000619
-0.00000001293
-0.00000000267
-0.00000001351
-0.00000000580
-0.00000001222
-0.00000000398
-0.00000001588
-0.00000000779
-0.00000001368
-0.00000000355
-0.00000001148
-0.00000000836
-0.00000001474
-0.00000000716
-0.00000001319
-0.00000000652
-0.00000001245
-0.00000000877
-0.00000001514
-0.00000000770
-0.00000001346
-0.00000000356
-0.00000001751
-0.00000000825
-0.00000001592
-0.00000000812
-0.00000001612
-0.00000000759
-0.00000001857
-0.00000000837
-0.00000001592
-0.00000000740
-0.00000001532
-0.00000000680
-0.00000001943
-0.00000001035
-0.00000001871
-0.00000000973
-0.00000001735
-0.00000000738
-0.00000001448
-0.00000000693
-0.00000001828
-0.00000000882
-0.00000001441
-0.00000002271
-0.00000001380
-0.00000002042
-0.00000001121
-0.00000001770
-0.00000000862
-0.00000001504
-0.00000000694
-0.00000001970
-0.00000001030
-0.00000000045
-0.00000000776
0.00000000210
-0.00000000947
-0.00000000001
-0.00000000453
-0.00000001707
-0.00000000755
-0.00000001310
-0.00000000341
-0.00000000955
-0.00000000625
-0.00000001205
-0.00000000400
-0.00000001108
-0.00000000858
-0.00000001506
-0.00000000695
-0.00000001229
-0.00000000375
-0.00000001569
-0.00000000830
-0.00000001450
-0.00000000644
-0.00000001289
-0.00000000957
-0.00000001730
-0.00000000765
-0.00000001407
-0.00000000654
-0.00000001275
-0.00000000881
-0.00000001519
-0.00000000694
-0.00000001374
-0.00000000437
-0.00000001233
-0.00000000831
-0.00000001473
-0.00000000769
-0.00000001312
-0.00000001110
-0.00000001712
-0.00000000837
-0.00000001609
-0.00000000752
-0.00000001427
-0.00000001028
-0.00000001736
-0.00000000867
-0.00000001370
-0.00000000568
-0.00000001164
-0.00000000761
-0.00000001376
-0.00000000571
-0.00000001171
-0.00000000335
-0.00000001606
-0.00000000671
-0.00000001322
-0.00000000423
-0.00000001128
-0.00000000718
-0.00000001338
-0.00000000320
-0.00000000929
-0.00000000533
-0.00000001224
-0.00000000251
-0.00000001436
-0.00000000489
-0.00000001257
-0.00000001836
-0.00000000995
-0.00000001634
-0.00000001285
-0.00000002007
-0.00000001010
-0.00000001670
-0.00000000819
-0.00000001451
-0.00000000548
-0.00000001723
-0.00000000866
-0.00000001390
-0.00000000562
-0.00000001264
-0.00000000880
-0.00000001551
-0.00000000709
-0.00000001180
-0.00000000792
-0.00000001551
-0.00000000650
-0.00000001243
-0.00000000266
-0.00000001368
-0.00000000444
-0.00000001111
-0.00000001794
-0.00000000880
-0.00000002094
-0.00000001167
-0.00000001854
-0.00000000951
-0.00000001614
-0.00000000588
-0.00000001337
-0.00000000901
-0.00000001590
-0.00000000746
-0.00000001310
-0.00000000918
-0.00000001695
-0.00000000792
-0.00000001449
-0.00000002001
-0.00000001075
-0.00000001783
-0.00000001519
-0.00000002218
-0.00000001284
-0.00000001969
-0.00000001014
-0.00000001573
-0.00000000718
-0.00000001359
-0.00000001911
-0.00000000980
-0.00000002054
-0.00000001340
-0.00000001985
-0.00000001139
-0.00000001626
-0.00000000802
-0.00000001466
-0.00000000672
-0.00000001242
-0.00000000887
-0.00000001683
-0.00000000803
-0.00000001318
-0.00000001983
-0.00000001213
-0.00000001799
-0.00000001429
-0.00000002072
-0.00000001156
-0.00000001721
-0.00000000875
-0.00000001556
-0.00000000664
-0.00000001318
-0.00000000956
-0.00000001676
-0.00000000727
-0.00000001529
-0.00000000526
-0.00000001197
-0.00000000350
-0.00000001498
-0.00000000611
-0.00000001299
-0.00000000513
-0.00000001220
-0.00000001781
-0.00000001418
-0.00000002053
-0.00000001040
-0.00000001819
-0.00000000765
-0.00000001481
-0.00000000467
-0.00000001058
-0.00000000031
-0.00000001184
-0.00000000259
-0.00000000749
-0.00000000312
-0.00000000912
0.00000000003
-0.00000000540
-0.00000000147
-0.00000000727
0.00000000246
-0.00000000807
0.00000000073
-0.00000000676
-0.00000000107
-0.00000000705
0.00000000300
-0.00000000837
0.00000000068
-0.00000000607
-0.00000000111
-0.00000000788
0.00000000288
-0.00000000783
0.00000000195
-0.00000000894
0.00000000074
-0.00000000977
-0.00000000090
-0.00000000719
-0.00000000314
-0.00000000895
0.00000000034
-0.00000001111
-0.00000000100
-0.00000000719
-0.00000000292
-0.00000000881
0.00000000062
-0.00000001114
-0.00000000239
-0.00000001299
-0.00000000331
-0.00000001001
-0.00000000096
-0.00000001257
-0.00000001769
-0.00000000867
-0.00000002151
-0.00000001220
-0.00000001873
-0.00000000969
-0.00000002179
-0.00000001212
-0.00000001905
-0.00000000915
-0.00000001607
-0.00000001234
-0.00000001869
-0.00000000856
-0.00000001617
-0.00000001248
-0.00000001824
-0.00000001009
-0.00000001694
-0.00000000751
-0.00000001909
-0.00000001178
-0.00000001764
-0.00000000843
-0.00000001541
-0.00000001235
-0.00000001834
-0.00000000938
-0.00000001765
-0.00000000825
-0.00000002027
-0.00000001092
-0.00000001681
-0.00000000759
-0.00000001233
-0.00000000946
-0.00000001546
-0.00000000664
-0.00000001288
-0.00000000945
-0.00000001592
-0.00000000669
-0.00000001264
-0.00000000932
-0.00000001459
-0.00000000764
-0.00000001406
-0.00000001015
-0.00000001633
-0.00000000671
-0.00000001301
-0.00000001008
-0.00000001704
-0.00000000819
-0.00000001657
-0.00000000728
-0.00000001890
-0.00000001112
-0.00000001694
-0.00000000827
-0.00000001507
-0.00000001138
-0.00000001775
-0.00000000880
-0.00000001600
-0.00000000762
-0.00000001932
-0.00000000977
-0.00000001583
-0.00000002250
-0.00000001325
-0.00000001968
-0.00000001031
-0.00000002304
-0.00000001244
-0.00000002138
-0.00000001160
-0.00000001989
-0.00000001075
-0.00000001785
-0.00000000863
-0.00000002030
-0.00000001243
-0.00000001846
-0.00000000965
-0.00000001595
-0.00000000627
-0.00000001748
-0.00000000911
-0.00000001571
-0.00000000661
-0.00000001423
-0.00000000927
-0.00000001550
-0.00000000665
-0.00000001457
-0.00000000602
-0.00000001705
-0.00000000911
-0.00000001597
-0.00000002215
-0.00000001327
-0.00000001977
-0.00000000952
-0.00000001661
-0.00000001261
-0.00000001905
-0.00000001145
-0.00000001780
-0.00000000709
-0.00000001330
-0.00000001037
-0.00000001593
-0.00000000685
-0.00000001221
-0.00000000302
-0.00000001330
-0.00000000462
-0.00000001002
-0.00000000018
-0.00000001048
-0.00000000114
-0.00000000628
0.00000000213
-0.00000000705
0.00000000204
-0.00000000274
0.00000000163
-0.00000000305
0.00000000135
-0.00000000456
0.00000000456
-0.00000000567
-0.00000001087
-0.00000000591
-0.00000001077
-0.00000000219
-0.00000001303
-0.00000000279
-0.00000001028
-0.00000000517
-0.00000001102
-0.00000000229
-0.00000001326
-0.00000000452
-0.00000001115
-0.00000000297
-0.00000001443
-0.00000000455
-0.00000001164
-0.00000000676
-0.00000001271
-0.00000000360
-0.00000001352
-0.00000000374
-0.00000001006
-0.00000000547
-0.00000001067
-0.00000000186
-0.00000001294
-0.00000000316
-0.00000000847
-0.00000000410
-0.00000001159
-0.00000001733
-0.00000001200
-0.00000001849
-0.00000000972
-0.00000001569
-0.00000000727
-0.00000001684
-0.00000000676
-0.00000001376
-0.00000000428
-0.00000001621
-0.00000000614
-0.00000001218
-0.00000000884
-0.00000001553
-0.00000000483
-0.00000001736
-0.00000002401
-0.00000001229
-0.00000001948
-0.00000000937
-0.00000002185
-0.00000001179
-0.00000001747
-0.00000000666
-0.00000001344
-0.00000002507
-0.00000001495
-0.00000002024
-0.00000001363
-0.00000002007
-0.00000001046
-0.00000001713
-0.00000001226
-0.00000001808
-0.00000000961
-0.00000001584
-0.00000001119
-0.00000001705
-0.00000000803
-0.00000001353
-0.00000000301
-0.00000001514
-0.00000002062
-0.00000001125
-0.00000001703
-0.00000000704
-0.00000001845
-0.00000000775
-0.00000001439
-0.00000000568
-0.00000001504
-0.00000000421
-0.00000000988
0.00000000112
-0.00000000880
-0.00000001347
-0.00000000460
-0.00000001487
-0.00000000657
-0.00000001197
-0.00000000716
-0.00000001377
-0.00000000346
-0.00000001641
-0.00000000603
-0.00000001130
-0.00000000234
-0.00000001233
-0.00000000278
-0.00000001492
-0.00000000448
-0.00000001125
-0.00000000213
-0.00000001312
-0.00000000463
-0.00000001164
-0.00000000771
-0.00000001403
-0.00000001891
-0.00000001092
-0.00000002194
-0.00000001255
-0.00000001833
-0.00000000936
-0.00000002002
-0.00000001007
-0.00000001612
-0.00000000622
-0.00000001216
-0.00000000761
-0.00000001320
-0.00000000504
-0.00000001047
-0.00000000651
-0.00000001088
-0.00000000110
-0.00000001320
-0.00000000307
-0.00000001381
-0.00000000601
-0.00000001308
-0.00000000333
-0.00000001563
-0.00000000769
-0.00000001329
-0.00000000378
-0.00000001654
-0.00000002277
-0.00000001350
-0.00000001966
-0.00000001564
-0.00000002267
-0.00000001318
-0.00000001998
-0.00000001104
-0.00000001737
-0.00000000682
-0.00000001929
-0.00000002499
-0.00000001705
-0.00000002220
-0.00000001293
-0.00000001929
-0.00000000978
-0.00000002114
-0.00000002739
-0.00000001870
-0.00000002493
-0.00000001617
-0.00000002136
-0.00000001268
-0.00000002045
-0.00000001099
-0.00000001897
-0.00000000850
-0.00000002103
-0.00000001065
-0.00000001788
-0.00000002395
-0.00000001456
-0.00000001970
-0.00000001107
-0.00000000196
-0.00000001277
-0.00000000320
-0.00000000959
-0.00000000488
-0.00000001244
-0.00000000236
-0.00000000935
-0.00000000535
-0.00000001012
-0.00000000101
-0.00000000720
-0.00000000214
-0.00000000849
-0.00000000255
-0.00000000860
-0.00000000020
-0.00000001157
-0.00000000122
-0.00000000779
-0.00000000250
-0.00000000827
0.00000000008
-0.00000001073
-0.00000000095
-0.00000000707
-0.00000000148
-0.00000000728
0.00000000153
-0.00000000895
0.00000000099
-0.00000001214
-0.00000000166
-0.00000001293
-0.00000000299
-0.00000001087
-0.00000001656
-0.00000001341
-0.00000001806
-0.00000000964
-0.00000001560
-0.00000000808
-0.00000001928
-0.00000001049
-0.00000001678
-0.00000000657
-0.00000001622
-0.00000000733
-0.00000001315
-0.00000000873
-0.00000001383
-0.00000000610
-0.00000001131
-0.00000000687
-0.00000001212
-0.00000000239
-0.00000001273
-0.00000000258
-0.00000001245
-0.00000001844
-0.00000000864
-0.00000001543
-0.00000000623
-0.00000001567
-0.00000000632
-0.00000001248
-0.00000000128
-0.00000001278
-0.00000000192
-0.00000001285
-0.00000000275
-0.00000000767
-0.00000001812
-0.00000000796
-0.00000001410
-0.00000000172
-0.00000001313
-0.00000000297
-0.00000001315
-0.00000001998
-0.00000001076
-0.00000001646
-0.00000001062
-0.00000001707
-0.00000000745
-0.00000001290
-0.00000000859
-0.00000001543
-0.00000002034
-0.00000001106
-0.00000002038
-0.00000001141
-0.00000001728
-0.00000002152
-0.00000001290
-0.00000001828
-0.00000001395
-0.00000001933
-0.00000002566
-0.00000001664
-0.00000002275
-0.00000001244
-0.00000001852
-0.00000001233
-0.00000001928
-0.00000000948
-0.00000001684
-0.00000002192
-0.00000001726
-0.00000002355
-0.00000001398
-0.00000002027
-0.00000001119
-0.00000001697
-0.00000000802
-0.00000001848
-0.00000002450
-0.00000001596
-0.00000002221
-0.00000001239
-0.00000001669
-0.00000000815
-0.00000001751
-0.00000002396
-0.00000001388
-0.00000001914
-0.00000000967
-0.00000001462
-0.00000001066
-0.00000001683
-0.00000000807
-0.00000001459
-0.00000000347
-0.00000001528
-0.00000000578
-0.00000001199
-0.00000000270
-0.00000001389
-0.00000000537
-0.00000001220
-0.00000000759
-0.00000001416
-0.00000000594
-0.00000001288
-0.00000000889
-0.00000001639
-0.00000000765
-0.00000001524
-0.00000000709
-0.00000001829
-0.00000000822
-0.00000001442
-0.00000000487
-0.00000001630
-0.00000000651
-0.00000001280
-0.00000000371
-0.00000001628
-0.00000000741
-0.00000001303
-0.00000000459
-0.00000001586
-0.00000000604
-0.00000001167
-0.00000000194
-0.00000001350
-0.00000001828
-0.00000000851
-0.00000001309
-0.00000000914
-0.00000001568
-0.00000000609
-0.00000001319
-0.00000000823
-0.00000001431
-0.00000000565
-0.00000001219
-0.00000000718
-0.00000001423
-0.00000000374
-0.00000001512
-0.00000000727
-0.00000001132
-0.00000001840
-0.00000000893
-0.00000001919
-0.00000001003
-0.00000001618
-0.00000000695
-0.00000001354
-0.00000000876
-0.00000001377
-0.00000002037
-0.00000001047
-0.00000002182
-0.00000001302
-0.00000001784
-0.00000000796
-0.00000001366
-0.00000000839
-0.00000001382
-0.00000002044
-0.00000000875
-0.00000001477
-0.00000001089
-0.00000001600
-0.00000000630
-0.00000001204
-0.00000000755
-0.00000001373
-0.00000000346
-0.00000000990
-0.00000000313
-0.00000000961
-0.00000001648
-0.00000000444
-0.00000001607
-0.00000000786
-0.00000001307
-0.00000001852
-0.00000001532
-0.00000002162
-0.00000001162
-0.00000001640
-0.00000000646
-0.00000001094
-0.00000000787
-0.00000001372
-0.00000000583
-0.00000001184
-0.00000000798
-0.00000001475
-0.00000002023
-0.00000001077
-0.00000002090
-0.00000001091
-0.00000001688
-0.00000000628
-0.00000001164
-0.00000000170
-0.00000001259
-0.00000000221
-0.00000000710
-0.00000001757
-0.00000000841
-0.00000001325
-0.00000000283
-0.00000001419
-0.00000000337
-0.00000000937
-0.00000000361
-0.00000000974
0.00000000040
-0.00000001148
-0.00000000118
-0.00000001054
-0.00000000137
-0.00000000756
0.00000000424
-0.00000000824
0.00000000147
-0.00000000948
0.00000000054
-0.00000001131
-0.00000000043
-0.00000000772
-0.00000000241
-0.00000000768
-0.00000000222
-0.00000000733
0.00000000124
-0.00000000939
0.00000000029
-0.00000001085
-0.00000000046
-0.00000000981
-0.00000000089
-0.00000000637
0.00000000042
-0.00000000552
-0.00000000126
-0.00000000650
-0.00000000207
-0.00000000832
-0.00000000291
-0.00000000892
0.00000000031
-0.00000001147
-0.00000001761
-0.00000000796
-0.00000001847
-0.00000000955
-0.00000002022
-0.00000001076
-0.00000001680
-0.00000000662
-0.00000001668
-0.00000000805
-0.00000001335
-0.00000000800
-0.00000001444
-0.00000000444
-0.00000001585
-0.00000000642
-0.00000001657
-0.00000000697
-0.00000001284
-0.00000000383
-0.00000001504
-0.00000000474
-0.00000001619
-0.00000000786
-0.00000001406
-0.00000001040
-0.00000001644
-0.00000000796
-0.00000001990
-0.00000000901
-0.00000001614
-0.00000000632
-0.00000001694
-0.00000002400
-0.00000001553
-0.00000002336
-0.00000001381
-0.00000002550
-0.00000001703
-0.00000002250
-0.00000001445
-0.00000002454
-0.00000001053
-0.00000002265
-0.00000001297
-0.00000002001
-0.00000001145
-0.00000001768
-0.00000002926
-0.00000001942
-0.00000002740
-0.00000001778
-0.00000002437
-0.00000001635
-0.00000002386
-0.00000001547
-0.00000002202
-0.00000001668
-0.00000002451
-0.00000001485
-0.00000002099
-0.00000002639
-0.00000001870
-0.00000002483
-0.00000001537
-0.00000002278
-0.00000001381
-0.00000002060
-0.00000001024
-0.00000001635
-0.00000002860
-0.00000001887
-0.00000002571
-0.00000001669
-0.00000002241
-0.00000001318
-0.00000001836
-0.00000000864
-0.00000001477
-0.00000000624
-0.00000001676
-0.00000000800
-0.00000001401
-0.00000001996
-0.00000001133
-0.00000001774
-0.00000000774
-0.00000001861
-0.00000000932
-0.00000001505
-0.00000000647
-0.00000001276
-0.00000000794
-0.00000001435
-0.00000000485
-0.00000001160
-0.00000000673
-0.00000001290
-0.00000000476
-0.00000001104
-0.00000000190
-0.00000001118
-0.00000000261
-0.00000000827
-0.00000000415
-0.00000001014
-0.00000001707
-0.00000000727
-0.00000001830
-0.00000000783
-0.00000001422
-0.00000000522
-0.00000001512
-0.00000000432
-0.00000001006
-0.00000000101
-0.00000001237
-0.00000000239
-0.00000000835
-0.00000001876
-0.00000000929
-0.00000001670
-0.00000000765
-0.00000001272
-0.00000000789
-0.00000001540
-0.00000000589
-0.00000001345
-0.00000000885
-0.00000001463
-0.00000000545
-0.00000001528
-0.00000002256
-0.00000001264
-0.00000001933
-0.00000000898
-0.00000001453
-0.00000000617
-0.00000001605
-0.00000000780
-0.00000001274
-0.00000000275
-0.00000001378
-0.00000000375
-0.00000001068
-0.00000002073
-0.00000001219
-0.00000001767
-0.00000000751
-0.00000001292
-0.00000000837
-0.00000001438
-0.00000000620
-0.00000001158
-0.00000000650
-0.00000001091
-0.00000001834
-0.00000000826
-0.00000001557
-0.00000001093
-0.00000001797
-0.00000000831
-0.00000001592
-0.00000000651
-0.00000001916
-0.00000000905
-0.00000001728
-0.00000002314
-0.00000001324
-0.00000002539
-0.00000001047
-0.00000002086
-0.00000001147
-0.00000001892
-0.00000000852
-0.00000001473
-0.00000000505
-0.00000001579
-0.00000002394
-0.00000001384
-0.00000001999
-0.00000000971
-0.00000001757
-0.00000000705
-0.00000001329
-0.00000000929
-0.00000001629
-0.00000000764
-0.00000001308
-0.00000002402
-0.00000001575
-0.00000002134
-0.00000001238
-0.00000001707
-0.00000001013
-0.00000001557
-0.00000000706
-0.00000001282
-0.00000000878
-0.00000001477
-0.00000001937
-0.00000001100
-0.00000001651
-0.00000001195
-0.00000001950
-0.00000000852
-0.00000001573
-0.00000000699
-0.00000001215
-0.00000000370
-0.00000001474
-0.00000000591
-0.00000001232
-0.00000000203
-0.00000001362
-0.00000000503
-0.00000001202
-0.00000000351
-0.00000001481
-0.00000000667
-0.00000001170
-0.00000000321
-0.00000001477
-0.00000000615
-0.00000001222
-0.00000001818
-0.00000000925
-0.00000002046
-0.00000001104
-0.00000001707
-0.00000000789
-0.00000001438
-0.00000000559
-0.00000001191
-0.00000000627
-0.00000001375
-0.00000000357
-0.00000001507
-0.00000002078
-0.00000001214
-0.00000001732
-0.00000000783
-0.00000001382
-0.00000000328
-0.00000001587
-0.00000000654
-0.00000001278
-0.00000000268
-0.00000001343
-0.00000000306
-0.00000001058
-0.00000001653
-0.00000001155
-0.00000001834
-0.00000000870
-0.00000001410
-0.00000000469
-0.00000001624
-0.00000000745
-0.00000001365
-0.00000000458
-0.00000001017
-0.00000002280
-0.00000001211
-0.00000001734
-0.00000000825
-0.00000001502
-0.00000000603
-0.00000001730
-0.00000000598
-0.00000001417
-0.00000001924
-0.00000000970
-0.00000001690
-0.00000001213
-0.00000001999
-0.00000000892
-0.00000001713
-0.00000002308
-0.00000001369
-0.00000001970
-0.00000001000
-0.00000001782
-0.00000001250
-0.00000001909
-0.00000002461
-0.00000001543
-0.00000002155
-0.00000001213
-0.00000001824
-0.00000000972
-0.00000001507
-0.00000000529
-0.00000001179
-0.00000000602
-0.00000001179
-0.00000000210
-0.00000000736
-0.00000000080
-0.00000000656
-0.00000001194
-0.00000000239
-0.00000001294
-0.00000000310
-0.00000000925
-0.00000000379
-0.00000001013
-0.00000000109
-0.00000000759
-0.00000000300
-0.00000000950
-0.00000000109
-0.00000001106
-0.00000000185
-0.00000000794
0.00000000181
-0.00000000892
0.00000000066
-0.00000001013
0.00000000005
-0.00000000636
-0.00000000215
-0.00000000839
0.00000000163
-0.00000000957
-0.00000000069
-0.00000001165
-0.00000000255
-0.00000000845
-0.00000000533
-0.00000001036
-0.00000000143
-0.00000001181
-0.00000000265
-0.00000000798
-0.00000000362
-0.00000000983
-0.00000001573
-0.00000000551
-0.00000001557
-0.00000000701
-0.00000001271
-0.00000000752
-0.00000001421
-0.00000000316
-0.00000001569
-0.00000000584
-0.00000001294
-0.00000000325
-0.00000001640
-0.00000000624
-0.00000001306
-0.00000000882
-0.00000001437
-0.00000002044
-0.00000001063
-0.00000001697
-0.00000001291
-0.00000001805
-0.00000000882
-0.00000001538
-0.00000002226
-0.00000001756
-0.00000002348
-0.00000001406
-0.00000002066
-0.00000001111
-0.00000001763
-0.00000000785
-0.00000001966
-0.00000002556
-0.00000001506
-0.00000002027
-0.00000001233
-0.00000001764
-0.00000000767
-0.00000001972
-0.00000001074
-0.00000001619
-0.00000000788
-0.00000001339
-0.00000002443
-0.00000001407
-0.00000002126
-0.00000001066
-0.00000001671
-0.00000000729
-0.00000001866
-0.00000000791
-0.00000001338
-0.00000002029
-0.00000000976
-0.00000001650
-0.00000000642
-0.00000001763
-0.00000000712
-0.00000001425
-0.00000001935
-0.00000001044
-0.00000002070
-0.00000001081
-0.00000001744
-0.00000000805
-0.00000001494
-0.00000000484
-0.00000001656
-0.00000000538
-0.00000001335
-0.00000001844
-0.00000000864
-0.00000002130
-0.00000001189
-0.00000001751
-0.00000000834
-0.00000001391
-0.00000000559
-0.00000001546
-0.00000002233
-0.00000001151
-0.00000001787
-0.00000000903
-0.00000001437
-0.00000000885
-0.00000001578
-0.00000000573
-0.00000001227
-0.00000000051
-0.00000001301
-0.00000000291
-0.00000000936
-0.00000000301
-0.00000001083
-0.00000000097
-0.00000001292
-0.00000000277
-0.00000000821
0.00000000096
-0.00000001020
-0.00000000118
-0.00000001124
-0.00000000164
-0.00000000784
-0.00000001365
-0.00000001033
-0.00000001584
-0.00000000557
-0.00000001268
-0.00000000849
-0.00000001507
-0.00000000626
-0.00000001117
-0.00000000653
-0.00000001228
-0.00000000239
-0.00000001304
-0.00000000216
-0.00000000838
-0.00000000338
-0.00000000926
-0.00000000109
-0.00000001206
-0.00000000396
-0.00000001180
-0.00000000706
-0.00000001397
-0.00000000501
-0.00000001593
-0.00000000732
-0.00000001276
-0.00000000378
-0.00000001475
-0.00000000640
-0.00000001202
-0.00000000261
-0.00000001274
-0.00000001877
-0.00000000977
-0.00000001620
-0.00000001003
-0.00000001849
-0.00000000859
-0.00000001572
-0.00000001059
-0.00000001683
-0.00000000726
-0.00000001392
-0.00000000971
-0.00000001606
-0.00000000638
-0.00000001297
-0.00000002043
-0.00000001737
-0.00000002376
-0.00000001589
-0.00000002258
-0.00000001352
-0.00000002036
-0.00000001092
-0.00000002131
-0.00000001286
-0.00000002048
-0.00000000980
-0.00000001709
-0.00000002488
-0.00000001557
-0.00000002321
-0.00000001303
-0.00000002028
-0.00000001092
-0.00000001717
-0.00000001352
-0.00000002042
-0.00000001257
-0.00000001926
-0.00000001001
-0.00000001707
-0.00000002087
-0.00000001252
-0.00000002345
-0.00000001536
-0.00000002220
-0.00000001157
-0.00000001784
-0.00000000878
-0.00000001616
-0.00000002154
-0.00000001313
-0.00000001803
-0.00000001315
-0.00000001920
-0.00000001045
-0.00000001703
-0.00000000731
-0.00000001231
-0.00000000237
-0.00000001494
-0.00000002171
-0.00000001180
-0.00000001841
-0.00000000824
-0.00000001568
-0.00000000722
-0.00000001254
-0.00000000842
-0.00000001503
-0.00000000555
-0.00000001056
-0.00000000123
-0.00000001348
-0.00000000269
-0.00000000902
0.00000000023
-0.00000001206
-0.00000000211
-0.00000000891
-0.00000001946
-0.00000000820
-0.00000001587
-0.00000000546
-0.00000001006
-0.00000000562
-0.00000001214
-0.00000000201
-0.00000000790
-0.00000001720
-0.00000000869
-0.00000001374
-0.00000000338
-0.00000001011
-0.00000000587
-0.00000001039
-0.00000000163
-0.00000001398
-0.00000000321
-0.00000000977
0.00000000092
-0.00000001153
-0.00000000215
-0.00000000810
-0.00000000365
-0.00000001025
-0.00000000037
-0.00000001221
-0.00000000221
-0.00000000862
-0.00000002066
-0.00000001092
-0.00000001717
-0.00000000842
-0.00000001446
-0.00000001103
-0.00000001733
-0.00000000735
-0.00000001470
-0.00000000554
-0.00000001731
-0.00000000747
-0.00000001342
-0.00000002040
-0.00000001646
-0.00000002221
-0.00000001341
-0.00000002011
-0.00000001116
-0.00000001809
-0.00000000810
-0.00000001448
-0.00000000551
-0.00000001652
-0.00000000650
-0.00000001226
-0.00000000312
-0.00000001440
-0.00000000326
-0.00000000854
-0.00000000523
-0.00000000973
-0.00000001578
-0.00000000613
-0.00000001790
-0.00000000878
-0.00000001519
-0.00000000469
-0.00000001101
-0.00000000715
-0.00000001224
-0.00000000232
-0.00000000966
-0.00000001991
-0.00000001043
-0.00000001599
-0.00000000410
-0.00000001133
-0.00000000696
-0.00000001221
-0.00000000093
-0.00000001187
-0.00000001679
-0.00000000736
-0.00000001254
-0.00000000303
-0.00000001423
-0.00000000577
-0.00000001096
-0.00000000665
-0.00000001308
-0.00000000341
-0.00000000980
-0.00000000474
-0.00000001096
-0.00000001704
-0.00000000763
-0.00000001912
-0.00000000923
-0.00000001579
-0.00000000712
-0.00000001661
-0.00000000722
-0.00000001261
-0.00000001818
-0.00000001389
-0.00000001880
-0.00000000988
-0.00000001502
-0.00000000553
-0.00000001544
-0.00000002220
-0.00000001148
-0.00000001760
-0.00000000863
-0.00000001446
-0.00000000889
-0.00000001535
-0.00000000630
-0.00000001151
-0.00000002333
-0.00000001238
-0.00000001921
-0.00000000859
-0.00000001598
-0.00000000618
-0.00000001701
-0.00000002250
-0.00000001211
-0.00000001743
-0.00000000923
-0.00000001513
-0.00000001071
-0.00000001683
-0.00000002409
-0.00000001452
-0.00000001981
-0.00000001067
-0.00000001700
-0.00000000748
-0.00000001826
-0.00000002586
-0.00000001556
-0.00000002191
-0.00000001185
-0.00000001935
-0.00000001004
-0.00000001664
-0.00000000856
-0.00000002041
-0.00000002626
-0.00000001761
-0.00000002507
-0.00000001001
-0.00000002103
-0.00000001082
-0.00000001680
-0.00000000828
-0.00000001547
-0.00000002035
-0.00000001092
-0.00000001737
-0.00000000876
-0.00000001928
-0.00000001010
-0.00000001618
-0.00000002173
-0.00000001399
-0.00000001984
-0.00000001024
-0.00000001670
-0.00000000732
-0.00000001469
-0.00000000925
-0.00000001566
-0.00000000589
-0.00000001232
-0.00000001895
-0.00000000930
-0.00000001582
-0.00000001199
-0.00000001831
-0.00000000981
-0.00000001563
-0.00000000681
-0.00000001255
-0.00000000233
-0.00000001455
-0.00000000432
-0.00000000981
-0.00000001508
-0.00000000519
-0.00000001198
-0.00000000746
-0.00000001262
-0.00000000274
-0.00000001011
-0.00000000071
-0.00000001135
-0.00000000286
-0.00000000934
-0.00000000309
-0.00000000935
-0.00000000087
-0.00000000626
-0.00000001704
-0.00000000803
-0.00000001431
-0.00000000600
-0.00000001195
-0.00000000731
-0.00000001265
-0.00000000265
-0.00000000781
-0.00000000097
-0.00000000632
0.00000000328
-0.00000000718
-0.00000001009
-0.00000000136
-0.00000001176
-0.00000000040
-0.00000000688
-0.00000000182
-0.00000000598
0.00000000439
-0.00000000754
-0.00000001263
-0.00000000308
-0.00000001375
-0.00000000303
-0.00000000998
0.00000000033
-0.00000001102
-0.00000000042
-0.00000001166
-0.00000000164
-0.00000000752
0.00000000282
-0.00000001021
-0.00000000024
-0.00000001033
-0.00000001729
-0.00000000818
-0.00000001392
-0.00000000895
-0.00000001482
-0.00000000575
-0.00000001253
-0.00000000730
-0.00000001240
-0.00000000322
-0.00000001360
-0.00000000345
-0.00000001122
-0.00000000614
-0.00000001122
-0.00000001807
-0.00000000967
-0.00000002019
-0.00000001251
-0.00000001888
-0.00000000874
-0.00000001544
-0.00000001210
-0.00000001741
-0.00000000802
-0.00000001369
-0.00000000951
-0.00000001561
-0.00000002229
-0.00000001235
-0.00000001923
-0.00000001461
-0.00000002178
-0.00000001130
-0.00000001805
-0.00000002411
-0.00000001401
-0.00000002039
-0.00000001164
-0.00000002136
-0.00000002762
-0.00000001847
-0.00000002425
-0.00000001295
-0.00000001983
-0.00000002452
-0.00000001484
-0.00000002096
-0.00000001036
-0.00000001702
-0.00000002728
-0.00000001353
-0.00000002446
-0.00000001441
-0.00000002214
-0.00000001106
-0.00000001841
-0.00000000993
-0.00000001631
-0.00000002240
-0.00000001285
-0.00000002001
-0.00000001501
-0.00000002170
-0.00000001207
-0.00000001972
-0.00000002549
-0.00000001523
-0.00000002235
-0.00000001187
-0.00000001890
-0.00000002476
-0.00000001541
-0.00000002288
-0.00000001260
-0.00000001764
-0.00000000897
-0.00000001444
-0.00000000918
-0.00000001414
-0.00000000533
-0.00000001059
-0.00000001580
-0.00000000826
-0.00000001418
-0.00000001103
-0.00000001682
-0.00000000771
-0.00000001298
-0.00000000342
-0.00000000977
-0.00000000384
-0.00000000960
-0.00000000039
-0.00000000599
-0.00000000227
-0.00000000827
0.00000000040
-0.00000001035
-0.00000000052
-0.00000000714
0.00000000332
-0.00000000784
-0.00000001335
-0.00000000355
-0.00000001539
-0.00000000610
-0.00000001259
-0.00000000121
-0.00000000774
-0.00000000065
-0.00000000633
-0.00000000227
-0.00000000781
0.00000000125
-0.00000001012
0.00000000056
-0.00000000667
-0.00000000198
-0.00000000830
0.00000000096
-0.00000000860
-0.00000001506
-0.00000000601
-0.00000001152
-0.00000000696
-0.00000001213
-0.00000000237
-0.00000001323
-0.00000000320
-0.00000000911
-0.00000000461
-0.00000000911
-0.00000001543
-0.00000000601
-0.00000001699
-0.00000000776
-0.00000001354
-0.00000000291
-0.00000001598
-0.00000000532
-0.00000001139
-0.00000001849
-0.00000001185
-0.00000001927
-0.00000000918
-0.00000001560
-0.00000002696
-0.00000001314
-0.00000002370
-0.00000001545
-0.00000002201
-0.00000002696
-0.00000001756
-0.00000002354
-0.00000001413
-0.00000002157
-0.00000002586
-0.00000001738
-0.00000002238
-0.00000001343
-0.00000001812
-0.00000001340
-0.00000001999
-0.00000002641
-0.00000001544
-0.00000002181
-0.00000001225
-0.00000001895
-0.00000000844
-0.00000001411
-0.00000001066
-0.00000001561
-0.00000002082
-0.00000001166
-0.00000001728
-0.00000000696
-0.00000001284
-0.00000000283
-0.00000001453
-0.00000000591
-0.00000001175
-0.00000000163
-0.00000001441
-0.00000000353
-0.00000000982
-0.00000001705
-0.00000000687
-0.00000001774
-0.00000000965
-0.00000001626
-0.00000000740
-0.00000001245
-0.00000000706
-0.00000001195
-0.00000000276
-0.00000000854
-0.00000000265
-0.00000000874
0.00000000105
-0.00000001076
-0.00000000045
-0.00000000406
-0.00000000063
-0.00000000624
-0.00000001105
-0.00000000511
-0.00000001054
-0.00000000181
-0.00000000791
-0.00000000194
-0.00000000860
-0.00000000527
-0.00000001110
0.00000000029
-0.00000000554
-0.00000001658
-0.00000000671
-0.00000001177
0.00000000008
-0.00000001210
-0.00000000026
-0.00000000756
-0.00000001694
-0.00000000763
-0.00000001187
-0.00000000635
-0.00000001216
-0.00000000238
-0.00000001138
-0.00000000198
-0.00000000758
-0.00000001250
-0.00000000766
-0.00000001162
-0.00000000167
-0.00000001288
-0.00000000180
-0.00000001181
-0.00000001810
-0.00000000899
-0.00000001495
-0.00000000866
-0.00000001600
-0.00000000724
-0.00000001169
-0.00000000748
-0.00000001129
-0.00000001715
-0.00000000676
-0.00000001818
-0.00000000766
-0.00000001409
-0.00000000334
-0.00000001318
-0.00000001986
-0.00000000891
-0.00000002043
-0.00000000955
-0.00000001558
-0.00000000578
-0.00000001161
-0.00000002334
-0.00000001214
-0.00000001755
-0.00000000736
-0.00000001736
-0.00000000755
-0.00000001188
-0.00000001875
-0.00000000828
-0.00000002070
-0.00000001187
-0.00000001696
-0.00000000810
-0.00000001946
-0.00000000841
-0.00000001576
-0.00000000646
-0.00000001731
-0.00000000731
-0.00000001405
-0.00000002017
-0.00000000985
-0.00000002341
-0.00000001271
-0.00000001899
-0.00000000990
-0.00000001541
-0.00000000582
-0.00000001636
-0.00000002228
-0.00000001296
-0.00000002065
-0.00000001181
-0.00000002348
-0.00000001275
-0.00000001924
-0.00000002464
-0.00000001584
-0.00000002233
-0.00000001291
-0.00000001929
-0.00000001021
-0.00000001694
-0.00000001210
-0.00000001853
-0.00000002429
-0.00000001556
-0.00000002205
-0.00000001193
-0.00000001941
-0.00000002498
-0.00000001506
-0.00000002149
-0.00000001320
-0.00000002075
-0.00000001511
-0.00000002347
-0.00000002954
-0.00000001574
-0.00000002185
-0.00000001304
-0.00000002383
-0.00000002973
-0.00000001558
-0.00000002059
-0.00000001194
-0.00000001702
-0.00000000780
-0.00000001872
-0.00000002528
-0.00000000992
-0.00000002163
-0.00000000786
-0.00000001907
-0.00000002534
-0.00000001533
-0.00000002086
-0.00000001149
-0.00000001781
-0.00000002364
-0.00000001326
-0.00000001993
-0.00000000954
-0.00000001474
-0.00000000529
-0.00000001032
-0.00000001554
-0.00000000539
-0.00000001610
-0.00000000694
-0.00000001221
-0.00000000238
-0.00000000751
0.00000000216
-0.00000000803
0.00000000162
-0.00000000380
-0.00000001399
-0.00000000353
-0.00000001094
-0.00000000047
-0.00000001048
-0.00000000092
-0.00000000496
0.00000000521
-0.00000000553
0.00000000384
-0.00000000237
0.00000000382
-0.00000000338
0.00000000501
-0.00000000595
0.00000000235
-0.00000000827
-0.00000001423
-0.00000000655
-0.00000001775
-0.00000000865
-0.00000001598
-0.00000000602
-0.00000001253
-0.00000000835
-0.00000001619
-0.00000000726
-0.00000001287
-0.00000002076
-0.00000001715
-0.00000002269
-0.00000001476
-0.00000002192
-0.00000001338
-0.00000001929
-0.00000002470
-0.00000001516
-0.00000002273
-0.00000001347
-0.00000001930
-0.00000002577
-0.00000001569
-0.00000002169
-0.00000002763
-0.00000001681
-0.00000002395
-0.00000001470
-0.00000001927
-0.00000002602
-0.00000001507
-0.00000002104
-0.00000001159
-0.00000001709
-0.00000002100
-0.00000001162
-0.00000001765
-0.00000000720
-0.00000001228
-0.00000000742
-0.00000001238
-0.00000001773
-0.00000000708
-0.00000001263
-0.00000000212
-0.00000001194
-0.00000000146
-0.00000000794
-0.00000001187
-0.00000000599
-0.00000001135
-0.00000000192
-0.00000000657
0.00000000457
-0.00000000662
0.00000000468
-0.00000000156
-0.00000001039
-0.00000000054
-0.00000000615
0.00000000374
-0.00000000708
0.00000000287
-0.00000000289
-0.00000001350
-0.00000000298
-0.00000000921
-0.00000000421
-0.00000001047
0.00000000039
-0.00000001079
-0.00000001501
-0.00000000459
-0.00000001038
-0.00000000091
-0.00000001095
-0.00000000093
-0.00000000677
-0.00000001761
-0.00000000667
-0.00000001143
-0.00000000092
-0.00000001045
-0.00000001567
-0.00000000543
-0.00000001003
0.00000000097
-0.00000000992
-0.00000001441
-0.00000000815
-0.00000001490
-0.00000000544
-0.00000000974
0.00000000049
-0.00000000947
-0.00000001634
-0.00000000630
-0.00000001169
-0.00000000587
-0.00000001133
-0.00000000098
-0.00000001222
-0.00000001835
-0.00000000827
-0.00000001421
-0.00000000939
-0.00000001613
-0.00000002354
-0.00000001457
-0.00000002041
-0.00000001152
-0.00000002272
-0.00000002787
-0.00000001835
-0.00000002319
-0.00000001434
-0.00000001961
-0.00000000924
-0.00000001617
-0.00000002699
-0.00000001128
-0.00000002265
-0.00000001330
-0.00000001888
-0.00000002553
-0.00000001566
-0.00000002145
-0.00000001249
-0.00000001824
-0.00000000829
-0.00000001865
-0.00000002593
-0.00000001549
-0.00000002157
-0.00000001020
-0.00000001658
-0.00000000715
-0.00000001320
-0.00000000242
-0.00000001250
-0.00000001830
-0.00000000748
-0.00000001219
-0.00000000218
-0.00000001109
0.00000000022
-0.00000000631
0.00000000025
-0.00000000440
-0.00000001009
-0.00000000396
-0.00000000865
0.00000000093
-0.00000000862
0.00000000151
-0.00000000931
0.00000000213
-0.00000000422
0.00000000215
-0.00000000312
0.00000000589
-0.00000000619
-0.00000001099
-0.00000000720
-0.00000001210
-0.00000000202
-0.00000001270
-0.00000000232
-0.00000000818
-0.00000000337
-0.00000001093
-0.00000000481
-0.00000000951
-0.00000000102
-0.00000001148
-0.00000001728
-0.00000000615
-0.00000001660
-0.00000000825
-0.00000001323
-0.00000000262
-0.00000001428
-0.00000001986
-0.00000001076
-0.00000001630
-0.00000001211
-0.00000001621
-0.00000002223
-0.00000001192
-0.00000001792
-0.00000000675
-0.00000001750
-0.00000000753
-0.00000001144
-0.00000002135
-0.00000001007
-0.00000001538
-0.00000000474
-0.00000001172
-0.00000002172
-0.00000001197
-0.00000001630
-0.00000000614
-0.00000001666
-0.00000000774
-0.00000001259
-0.00000001784
-0.00000000868
-0.00000001821
-0.00000002296
-0.00000001524
-0.00000001924
-0.00000001042
-0.00000001603
-0.00000002646
-0.00000001654
-0.00000002182
-0.00000001103
-0.00000001590
-0.00000000653
-0.00000001229
-0.00000002273
-0.00000001313
-0.00000001899
-0.00000000794
-0.00000001534
-0.00000001136
-0.00000001807
-0.00000000787
-0.00000001544
-0.00000002205
-0.00000001183
-0.00000002320
-0.00000001259
-0.00000001878
-0.00000000922
-0.00000001584
-0.00000001115
-0.00000001811
-0.00000002396
-0.00000001409
-0.00000001907
-0.00000000950
-0.00000001960
-0.00000001022
-0.00000001719
-0.00000000596
-0.00000001183
-0.00000002254
-0.00000001367
-0.00000001990
-0.00000000931
-0.00000001525
-0.00000000571
-0.00000001009
-0.00000000609
-0.00000001107
-0.00000001691
-0.00000000642
-0.00000001837
-0.00000000976
-0.00000001471
-0.00000000505
-0.00000001187
-0.00000002286
-0.00000001247
-0.00000001847
-0.00000000958
-0.00000001558
-0.00000000360
-0.00000001585
-0.00000002142
-0.00000000969
-0.00000001497
-0.00000000452
-0.00000000975
-0.00000002024
-0.00000001002
-0.00000001685
-0.00000000596
-0.00000001238
-0.00000000296
-0.00000001313
-0.00000002061
-0.00000001061
-0.00000001693
-0.00000000826
-0.00000001434
-0.00000002409
-0.00000001514
-0.00000001996
-0.00000001067
-0.00000001646
-0.00000000696
-0.00000001278
-0.00000002267
-0.00000001100
-0.00000001743
-0.00000000602
-0.00000001147
-0.00000001771
-0.00000001197
-0.00000001639
-0.00000000736
-0.00000001301
-0.00000000258
-0.00000001229
-0.00000001886
-0.00000000896
-0.00000001517
-0.00000000361
-0.00000001467
-0.00000000413
-0.00000001097
-0.00000000032
-0.00000001040
-0.00000001464
-0.00000000560
-0.00000001015
-0.00000000165
-0.00000001207
-0.00000000170
-0.00000000842
-0.00000002116
-0.00000001153
-0.00000001703
-0.00000000642
-0.00000001222
-0.00000002333
-0.00000001190
-0.00000001653
-0.00000000699
-0.00000001094
-0.00000002096
-0.00000000885
-0.00000001451
-0.00000000478
-0.00000000952
-0.00000000335
-0.00000000891
-0.00000001349
-0.00000000864
-0.00000001448
-0.00000000615
-0.00000001207
-0.00000000771
-0.00000001197
-0.00000001814
-0.00000000789
-0.00000001828
-0.00000000837
-0.00000001344
-0.00000000334
-0.00000001325
-0.00000001892
-0.00000000843
-0.00000001246
-0.00000000775
-0.00000001334
-0.00000001913
-0.00000000846
-0.00000001990
-0.00000000901
-0.00000001509
-0.00000002130
-0.00000001101
-0.00000001596
-0.00000002734
-0.00000001289
-0.00000002320
-0.00000001295
-0.00000001854
-0.00000002469
-0.00000001446
-0.00000002009
-0.00000001009
-0.00000001445
-0.00000002105
-0.00000001409
-0.00000001940
-0.00000000989
-0.00000001634
-0.00000002144
-0.00000001153
-0.00000001656
-0.00000000579
-0.00000001745
-0.00000000568
-0.00000001136
-0.00000001796
-0.00000000729
-0.00000001282
-0.00000000816
-0.00000001385
-0.00000002185
-0.00000001194
-0.00000001831
-0.00000000758
-0.00000001783
-0.00000000865
-0.00000001458
-0.00000002079
-0.00000001075
-0.00000001746
-0.00000000801
-0.00000001706
-0.00000002302
-0.00000001330
-0.00000001882
-0.00000000999
-0.00000001538
-0.00000000406
-0.00000001683
-0.00000000522
-0.00000001203
-0.00000001700
-0.00000000585
-0.00000001177
-0.00000000163
-0.00000001163
-0.00000000093
-0.00000000628
-0.00000000024
-0.00000000484
-0.00000001084
-0.00000000629
-0.00000001184
-0.00000000128
-0.00000000812
-0.00000000264
-0.00000000904
0.00000000153
-0.00000000869
-0.00000001450
-0.00000000418
-0.00000001552
-0.00000000680
-0.00000001203
-0.00000000250
-0.00000001312
-0.00000000172
-0.00000000748
-0.00000001879
-0.00000000978
-0.00000001542
-0.00000000616
-0.00000001250
-0.00000000777
-0.00000001393
-0.00000001888
-0.00000000889
-0.00000002003
-0.00000001110
-0.00000001635
-0.00000002232
-0.00000001300
-0.00000001699
-0.00000002387
-0.00000001196
-0.00000002272
-0.00000001156
-0.00000001852
-0.00000002392
-0.00000001439
-0.00000001944
-0.00000002606
-0.00000001546
-0.00000002282
-0.00000001230
-0.00000001787
-0.00000002224
-0.00000001765
-0.00000002247
-0.00000001119
-0.00000001682
-0.00000002203
-0.00000001049
-0.00000001688
-0.00000000689
-0.00000001047
-0.00000002185
-0.00000001198
-0.00000001628
-0.00000000670
-0.00000001208
-0.00000001709
-0.00000000856
-0.00000001949
-0.00000000901
-0.00000001472
-0.00000000596
-0.00000000998
-0.00000001690
-0.00000001216
-0.00000001674
-0.00000000809
-0.00000001336
-0.00000002081
-0.00000001170
-0.00000001778
-0.00000000833
-0.00000001882
-0.00000002540
-0.00000000991
-0.00000002209
-0.00000001191
-0.00000001730
-0.00000002277
-0.00000001358
-0.00000001782
-0.00000000792
-0.00000001345
-0.00000002299
-0.00000001232
-0.00000001770
-0.00000000687
-0.00000001175
-0.00000001693
-0.00000000725
-0.00000001372
-0.00000000779
-0.00000001304
-0.00000001772
-0.00000000708
-0.00000001218
-0.00000000288
-0.00000001256
-0.00000001813
-0.00000000845
-0.00000001398
-0.00000001909
-0.00000000857
-0.00000001870
-0.00000000867
-0.00000001377
-0.00000001907
-0.00000000643
-0.00000001270
-0.00000000710
-0.00000001058
-0.00000001565
-0.00000000518
-0.00000001164
-0.00000000507
-0.00000001052
-0.00000001624
-0.00000000395
-0.00000000892
-0.00000000316
-0.00000000940
0.00000000292
-0.00000000832
-0.00000001532
-0.00000000320
-0.00000000848
-0.00000000292
-0.00000000872
-0.00000001416
-0.00000000872
-0.00000001335
-0.00000000377
-0.00000000790
-0.00000001838
-0.00000000711
-0.00000001290
-0.00000000255
-0.00000001169
-0.00000001762
-0.00000000740
-0.00000001144
-0.00000000647
-0.00000001261
-0.00000000026
-0.00000001104
-0.00000001574
-0.00000000578
-0.00000001154
-0.00000000615
-0.00000001027
0.00000000099
-0.00000000896
0.00000000129
-0.00000000474
-0.00000001473
-0.00000000257
-0.00000001319
-0.00000000288
-0.00000000784
-0.00000000238
-0.00000000661
-0.00000001138
-0.00000000699
-0.00000001049
-0.00000000139
-0.00000001131
0.00000000045
-0.00000001016
-0.00000001489
-0.00000000466
-0.00000001019
-0.00000000651
-0.00000001201
-0.00000000053
-0.00000001028
-0.00000001703
-0.00000000626
-0.00000001730
-0.00000000627
-0.00000001177
-0.00000000215
-0.00000001179
-0.00000001561
-0.00000000376
-0.00000001464
-0.00000000331
-0.00000001320
-0.00000001883
-0.00000000763
-0.00000001285
-0.00000000872
-0.00000001254
-0.00000001708
-0.00000000797
-0.00000001778
-0.00000002276
-0.00000001272
-0.00000001834
-0.00000001404
-0.00000001806
-0.00000002346
-0.00000001373
-0.00000001764
-0.00000001212
-0.00000001781
-0.00000002118
-0.00000001038
-0.00000001526
-0.00000000988
-0.00000001446
-0.00000001985
-0.00000000887
-0.00000001786
-0.00000000810
-0.00000001283
-0.00000001610
-0.00000000964
-0.00000001489
-0.00000000342
-0.00000001286
-0.00000001889
-0.00000000779
-0.00000001741
-0.00000000692
-0.00000001161
-0.00000001710
-0.00000001203
-0.00000001736
-0.00000000755
-0.00000001397
-0.00000000888
-0.00000001370
-0.00000001944
-0.00000000870
-0.00000001910
-0.00000000848
-0.00000001473
-0.00000002466
-0.00000001324
-0.00000001830
-0.00000000755
-0.00000001835
-0.00000002257
-0.00000001312
-0.00000001756
-0.00000000729
-0.00000001747
-0.00000000706
-0.00000001301
-0.00000002448
-0.00000001571
-0.00000002098
-0.00000001074
-0.00000001502
-0.00000002054
-0.00000000831
-0.00000001855
-0.00000000840
-0.00000001239
-0.00000001862
-0.00000001382
-0.00000001916
-0.00000000920
-0.00000001523
-0.00000002187
-0.00000001614
-0.00000002176
-0.00000001025
-0.00000001565
-0.00000002069
-0.00000001096
-0.00000002198
-0.00000001035
-0.00000001706
-0.00000002172
-0.00000001194
-0.00000001690
-0.00000000664
-0.00000001703
-0.00000002034
-0.00000001162
-0.00000001546
-0.00000000560
-0.00000001353
-0.00000001933
-0.00000000789
-0.00000001354
-0.00000001702
-0.00000001155
-0.00000001710
-0.00000002179
-0.00000001292
-0.00000001713
-0.00000000839
-0.00000001817
-0.00000002383
-0.00000001490
-0.00000001873
-0.00000000860
-0.00000001339
-0.00000002417
-0.00000001363
-0.00000001716
-0.00000000707
-0.00000001266
-0.00000002332
-0.00000001169
-0.00000001779
-0.00000002258
-0.00000001206
-0.00000001788
-0.00000000778
-0.00000001783
-0.00000002392
-0.00000001345
-0.00000001891
-0.00000000865
-0.00000001390
-0.00000002511
-0.00000001385
-0.00000002064
-0.00000000942
-0.00000001522
-0.00000002136
-0.00000001204
-0.00000001729
-0.00000000718
-0.00000001707
-0.00000000497
-0.00000001119
-0.00000001733
-0.00000000524
-0.00000001709
-0.00000000657
-0.00000001121
-0.00000001484
-0.00000000334
-0.00000001378
-0.00000000316
-0.00000000751
-0.00000000168
-0.00000000723
-0.00000001255
-0.00000000205
-0.00000001262
-0.00000000102
-0.00000000652
0.00000000042
-0.00000000330
-0.00000000772
-0.00000000303
-0.00000000784
-0.00000000299
-0.00000000732
0.00000000309
-0.00000000770
0.00000000385
-0.00000000679
-0.00000001072
-0.00000000115
-0.00000001105
0.00000000028
-0.00000000925
0.00000000244
-0.00000000055
-0.00000001070
-0.00000000003
-0.00000000893
0.00000000255
-0.00000000735
-0.00000001221
0.00000000025
-0.00000001030
0.00000000108
-0.00000000893
-0.00000001455
-0.00000000309
-0.00000001264
0.00000000008
-0.00000001219
-0.00000001545
-0.00000000600
-0.00000001598
-0.00000000573
-0.00000001066
-0.00000000448
-0.00000000928
-0.00000000348
-0.00000000842
-0.00000001312
-0.00000000739
-0.00000001087
-0.00000000660
-0.00000000932
-0.00000001339
-0.00000000783
-0.00000001165
0.00000000094
-0.00000000799
-0.00000001318
-0.00000000659
-0.00000001146
-0.00000000612
-0.00000001008
0.00000000113
-0.00000000826
0.00000000203
-0.00000000768
-0.00000001283
-0.00000000755
-0.00000001232
-0.00000000734
-0.00000001143
-0.00000001782
-0.00000001243
-0.00000001683
-0.00000000813
-0.00000001667
-0.00000000751
-0.00000001207
-0.00000002161
-0.00000001045
-0.00000001585
-0.00000000884
-0.00000001492
-0.00000001987
-0.00000001450
-0.00000002021
-0.00000001031
-0.00000001575
-0.00000002457
-0.00000001508
-0.00000001854
-0.00000001421
-0.00000001836
-0.00000002340
-0.00000001403
-0.00000002395
-0.00000003012
-0.00000001890
-0.00000002439
-0.00000001240
-0.00000001892
-0.00000002430
-0.00000001968
-0.00000002477
-0.00000001528
-0.00000002156
-0.00000002661
-0.00000001707
-0.00000002230
-0.00000001728
-0.00000002355
-0.00000002837
-0.00000001806
-0.00000002321
-0.00000001375
-0.00000002338
-0.00000002827
-0.00000001696
-0.00000002071
-0.00000001091
-0.00000001615
-0.00000002150
-0.00000001681
-0.00000002221
-0.00000001226
-0.00000001822
-0.00000002247
-0.00000001243
-0.00000001698
-0.00000001149
-0.00000001630
-0.00000002084
-0.00000000950
-0.00000001394
-0.00000002457
-0.00000001316
-0.00000001768
-0.00000002189
-0.00000001171
-0.00000001654
-0.00000002160
-0.00000001103
-0.00000002091
-0.00000001028
-0.00000001505
-0.00000002026
-0.00000000870
-0.00000001367
-0.00000000813
-0.00000001399
-0.00000001881
-0.00000000757
-0.00000001807
-0.00000002417
-0.00000001266
-0.00000001903
-0.00000000819
-0.00000001339
-0.00000002312
-0.00000001051
-0.00000001498
-0.00000000539
-0.00000000871
-0.00000001876
-0.00000000810
-0.00000001250
-0.00000000207
-0.00000001203
-0.00000000161
-0.00000000726
-0.00000001581
-0.00000000648
-0.00000000994
-0.00000000020
-0.00000001058
-0.00000001621
-0.00000000519
-0.00000000943
-0.00000000395
-0.00000000877
-0.00000001889
-0.00000000865
-0.00000001385
-0.00000000250
-0.00000001188
-0.00000001768
-0.00000000650
-0.00000001244
-0.00000000674
-0.00000001039
-0.00000000002
-0.00000000880
-0.00000001523
-0.00000000765
-0.00000001864
-0.00000000848
-0.00000001427
-0.00000000441
-0.00000001474
-0.00000000621
-0.00000001315
-0.00000000323
-0.00000001468
-0.00000000257
-0.00000001513
-0.00000000395
-0.00000001065
-0.00000000018
-0.00000001217
-0.00000000094
-0.00000001149
-0.00000001740
-0.00000000760
-0.00000001681
-0.00000000704
-0.00000001155
-0.00000000122
-0.00000001030
-0.00000001409
-0.00000000408
-0.00000001367
-0.00000001757
-0.00000000682
-0.00000001652
-0.00000000579
-0.00000000914
-0.00000001852
-0.00000000848
-0.00000001398
-0.00000000815
-0.00000001474
-0.00000000405
-0.00000001504
-0.00000001971
-0.00000001077
-0.00000001548
-0.00000001092
-0.00000001492
-0.00000002084
-0.00000000842
-0.00000001806
-0.00000000770
-0.00000001249
-0.00000001764
-0.00000000846
-0.00000001839
-0.00000000796
-0.00000001964
-0.00000000850
-0.00000001340
-0.00000001762
-0.00000000604
-0.00000001610
-0.00000000537
-0.00000001612
-0.00000002056
-0.00000001122
-0.00000001695
-0.00000000709
-0.00000001542
-0.00000002186
-0.00000001132
-0.00000001820
-0.00000000742
-0.00000001912
-0.00000000831
-0.00000001375
-0.00000000993
-0.00000001537
-0.00000002176
-0.00000001143
-0.00000001661
-0.00000001104
-0.00000001728
-0.00000002299
-0.00000001350
-0.00000001834
-0.00000001545
-0.00000002166
-0.00000002819
-0.00000001817
-0.00000002608
-0.00000001724
-0.00000002437
-0.00000001555
-0.00000002357
-0.00000001625
-0.00000002799
-0.00000001476
-0.00000002061
-0.00000001940
-0.00000002569
-0.00000001716
-0.00000002249
-0.00000002892
-0.00000001856
-0.00000002552
-0.00000001518
-0.00000002076
-0.00000002695
-0.00000001714
-0.00000002409
-0.00000001309
-0.00000001996
-0.00000002539
-0.00000001575
-0.00000001953
-0.00000001171
-0.00000001747
-0.00000000660
-0.00000001845
-0.00000002372
-0.00000001354
-0.00000001983
-0.00000001033
-0.00000001799
-0.00000000673
-0.00000001319
-0.00000001869
-0.00000000831
-0.00000002043
-0.00000000861
-0.00000001584
-0.00000002035
-0.00000001228
-0.00000001821
-0.00000000821
-0.00000001376
-0.00000002419
-0.00000001470
-0.00000001974
-0.00000000912
-0.00000001495
-0.00000000498
-0.00000000915
-0.00000001517
-0.00000000910
-0.00000001497
-0.00000000319
-0.00000000823
-0.00000001331
-0.00000000810
-0.00000001200
-0.00000000241
-0.00000000729
-0.00000001236
-0.00000000577
-0.00000001246
-0.00000000213
-0.00000000832
-0.00000000210
-0.00000000822
-0.00000001262
-0.00000000715
-0.00000001223
-0.00000000278
-0.00000000785
-0.00000000163
-0.00000000661
-0.00000001238
-0.00000000208
-0.00000001262
-0.00000000294
-0.00000000798
-0.00000001894
-0.00000000997
-0.00000001526
-0.00000000416
-0.00000001052
-0.00000002110
-0.00000001233
-0.00000001810
-0.00000002279
-0.00000001259
-0.00000001979
-0.00000001042
-0.00000002069
-0.00000002670
-0.00000001243
-0.00000002394
-0.00000001387
-0.00000001982
-0.00000002612
-0.00000001541
-0.00000002255
-0.00000001335
-0.00000001953
-0.00000002557
-0.00000001587
-0.00000002115
-0.00000002748
-0.00000001739
-0.00000002308
-0.00000001252
-0.00000001779
-0.00000002321
-0.00000001458
-0.00000002017
-0.00000000987
-0.00000001536
-0.00000002126
-0.00000001184
-0.00000001702
-0.00000000676
-0.00000001659
-0.00000000728
-0.00000001228
-0.00000001781
-0.00000000807
-0.00000001437
-0.00000000492
-0.00000001675
-0.00000000775
-0.00000001457
-0.00000001962
-0.00000000951
-0.00000001548
-0.00000000601
-0.00000001089
-0.00000001745
-0.00000000764
-0.00000001991
-0.00000000970
-0.00000001509
-0.00000002169
-0.00000001234
-0.00000001806
-0.00000000769
-0.00000001134
-0.00000001745
-0.00000000717
-0.00000001812
-0.00000000669
-0.00000001261
-0.00000001742
-0.00000000782
-0.00000001281
-0.00000000253
-0.00000001369
-0.00000000228
-0.00000000781
-0.00000001389
-0.00000000335
-0.00000001400
-0.00000000267
-0.00000000893
-0.00000001337
-0.00000000821
-0.00000001413
-0.00000000319
-0.00000000888
0.00000000169
-0.00000000893
-0.00000001459
-0.00000000370
-0.00000001421
-0.00000000245
-0.00000001029
0.00000000082
-0.00000001003
0.00000000057
-0.00000000492
-0.00000001495
-0.00000000544
-0.00000000961
0.00000000028
-0.00000001063
-0.00000001530
-0.00000000594
-0.00000001103
-0.00000000142
-0.00000001179
-0.00000000080
-0.00000000766
-0.00000001686
-0.00000000820
-0.00000001351
-0.00000000426
-0.00000001384
-0.00000002071
-0.00000000959
-0.00000001597
-0.00000000598
-0.00000001129
-0.00000002253
-0.00000001333
-0.00000001837
-0.00000000822
-0.00000001499
-0.00000002065
-0.00000001598
-0.00000002060
-0.00000000995
-0.00000001533
-0.00000002073
-0.00000001159
-0.00000001638
-0.00000000601
-0.00000001658
-0.00000000607
-0.00000001164
-0.00000001577
-0.00000000542
-0.00000000970
-0.00000001972
-0.00000000852
-0.00000001451
-0.00000000296
-0.00000001449
-0.00000001941
-0.00000000781
-0.00000001280
-0.00000001803
-0.00000001240
-0.00000001805
-0.00000000769
-0.00000001316
-0.00000001835
-0.00000000842
-0.00000001836
-0.00000000916
-0.00000001289
-0.00000002028
-0.00000001019
-0.00000001506
-0.00000002636
-0.00000001696
-0.00000002176
-0.00000001295
-0.00000001781
-0.00000000872
-0.00000001416
-0.00000001937
-0.00000001405
-0.00000001951
-0.00000001042
-0.00000001605
-0.00000002045
-0.00000001155
-0.00000001705
-0.00000000667
-0.00000001265
-0.00000000762
-0.00000001208
-0.00000001741
-0.00000000679
-0.00000001804
-0.00000002297
-0.00000001342
-0.00000001866
-0.00000000821
-0.00000001332
-0.00000001792
-0.00000001385
-0.00000001932
-0.00000002465
-0.00000001537
-0.00000002089
-0.00000002561
-0.00000001670
-0.00000002156
-0.00000001134
-0.00000001783
-0.00000002359
-0.00000001352
-0.00000001912
-0.00000002588
-0.00000001587
-0.00000002216
-0.00000002777
-0.00000001836
-0.00000002230
-0.00000001270
-0.00000001806
-0.00000002425
-0.00000001478
-0.00000001942
-0.00000000889
-0.00000001569
-0.00000002182
-0.00000001143
-0.00000001585
-0.00000000784
-0.00000001736
-0.00000002354
-0.00000000983
-0.00000002154
-0.00000000664
-0.00000001713
-0.00000000791
-0.00000001438
-0.00000000425
-0.00000001007
-0.00000002020
-0.00000000526
-0.00000001657
-0.00000000591
-0.00000001214
-0.00000000107
-0.00000000594
-0.00000001060
-0.00000000498
-0.00000001093
-0.00000000054
-0.00000000518
-0.00000001627
-0.00000000652
-0.00000001172
-0.00000000134
-0.00000000667
0.00000000452
-0.00000000581
-0.00000001149
-0.00000000070
-0.00000001091
0.00000000031
-0.00000000345
-0.00000000836
-0.00000000333
-0.00000000849
0.00000000147
-0.00000000825
-0.00000001452
-0.00000000425
-0.00000001452
-0.00000000376
-0.00000000923
-0.00000001618
-0.00000000566
-0.00000001628
-0.00000000692
-0.00000001031
-0.00000000049
-0.00000001070
-0.00000001675
-0.00000000634
-0.00000001149
-0.00000000285
-0.00000001419
-0.00000002141
-0.00000001129
-0.00000001737
-0.00000000746
-0.00000001800
-0.00000002449
-0.00000001370
-0.00000001846
-0.00000002498
-0.00000001576
-0.00000002144
-0.00000001122
-0.00000001642
-0.00000002279
-0.00000001297
-0.00000001892
-0.00000000845
-0.00000001882
-0.00000002547
-0.00000001482
-0.00000002050
-0.00000000855
-0.00000001457
-0.00000001962
-0.00000000945
-0.00000001505
-0.00000000912
-0.00000001341
-0.00000001784
-0.00000000858
-0.00000001357
-0.00000000820
-0.00000001323
-0.00000000360
-0.00000000829
-0.00000001822
-0.00000000640
-0.00000001263
-0.00000000186
-0.00000000770
-0.00000001761
-0.00000000840
-0.00000001368
-0.00000000249
-0.00000001398
-0.00000001975
-0.00000000842
-0.00000001291
-0.00000000378
-0.00000001389
-0.00000001813
-0.00000000883
-0.00000001210
-0.00000001702
-0.00000001018
-0.00000001622
-0.00000001986
-0.00000000855
-0.00000001337
-0.00000000252
-0.00000001252
-0.00000001833
-0.00000000700
-0.00000001116
-0.00000000727
-0.00000001072
-0.00000001624
-0.00000000714
-0.00000001236
-0.00000000714
-0.00000000996
-0.00000001576
-0.00000000512
-0.00000000879
-0.00000000444
-0.00000000954
-0.00000001411
-0.00000000824
-0.00000001257
-0.00000001803
-0.00000000821
-0.00000001312
-0.00000000694
-0.00000001095
-0.00000001607
-0.00000000549
-0.00000001496
-0.00000001918
-0.00000000748
-0.00000001227
-0.00000001702
-0.00000001230
-0.00000001754
-0.00000000695
-0.00000001177
-0.00000001694
-0.00000001038
-0.00000001477
-0.00000002083
-0.00000000950
-0.00000001537
-0.00000000340
-0.00000001504
-0.00000001928
-0.00000001104
-0.00000001612
-0.00000000558
-0.00000001637
-0.00000000610
-0.00000001034
-0.00000001616
-0.00000000637
-0.00000001712
-0.00000000599
-0.00000001115
-0.00000001530
-0.00000000366
-0.00000001434
-0.00000001917
-0.00000000756
-0.00000001315
-0.00000000789
-0.00000001191
-0.00000001730
-0.00000000650
-0.00000001683
-0.00000000477
-0.00000000908
-0.00000001350
-0.00000000782
-0.00000001341
-0.00000000194
-0.00000001199
-0.00000000179
-0.00000000757
-0.00000001630
-0.00000000602
-0.00000001176
-0.00000000097
-0.00000001092
-0.00000001622
-0.00000000532
-0.00000001071
-0.00000000412
-0.00000000927
0.00000000092
-0.00000000917
-0.00000001345
-0.00000000251
-0.00000001333
-0.00000001793
-0.00000000601
-0.00000001165
-0.00000000635
-0.00000001145
-0.00000001786
-0.00000001101
-0.00000001736
-0.00000000733
-0.00000001206
-0.00000002124
-0.00000001061
-0.00000001629
-0.00000000507
-0.00000001095
-0.00000001951
-0.00000000919
-0.00000001420
-0.00000000777
-0.00000001419
-0.00000001868
-0.00000000752
-0.00000001714
-0.00000000539
-0.00000000991
-0.00000001467
-0.00000000957
-0.00000001594
-0.00000000652
-0.00000001181
-0.00000000749
-0.00000001250
-0.00000001698
-0.00000000619
-0.00000001739
-0.00000000558
-0.00000001255
-0.00000001777
-0.00000001229
-0.00000001875
-0.00000001013
-0.00000001474
-0.00000000402
-0.00000001509
-0.00000000536
-0.00000000891
-0.00000000585
-0.00000001070
-0.00000001606
-0.00000000581
-0.00000001638
-0.00000000545
-0.00000000988
-0.00000002099
-0.00000000950
-0.00000001446
-0.00000000339
-0.00000001510
-0.00000000543
-0.00000001160
-0.00000001806
-0.00000001210
-0.00000001799
-0.00000000833
-0.00000001407
-0.00000002590
-0.00000001458
-0.00000002027
-0.00000000923
-0.00000001429
-0.00000002407
-0.00000001448
-0.00000001940
-0.00000001087
-0.00000001747
-0.00000000583
-0.00000001783
-0.00000000601
-0.00000001176
-0.00000001700
-0.00000001244
-0.00000001789
-0.00000000854
-0.00000001300
-0.00000000845
-0.00000001388
-0.00000000305
-0.00000001330
-0.00000001818
-0.00000000801
-0.00000001445
-0.00000000903
-0.00000001441
-0.00000000351
-0.00000001426
-0.00000002019
-0.00000000994
-0.00000001505
-0.00000000552
-0.00000001614
-0.00000000536
-0.00000001069
-0.00000001598
-0.00000001070
-0.00000001674
-0.00000000707
-0.00000001150
-0.00000002340
-0.00000001276
-0.00000001885
-0.00000000866
-0.00000001332
-0.00000002408
-0.00000001461
-0.00000002168
-0.00000001246
-0.00000001821
-0.00000000785
-0.00000001782
-0.00000002263
-0.00000001252
-0.00000001734
-0.00000002345
-0.00000001367
-0.00000002513
-0.00000001465
-0.00000001836
-0.00000000799
-0.00000001309
-0.00000001755
-0.00000000700
-0.00000001767
-0.00000002288
-0.00000001304
-0.00000001880
-0.00000000911
-0.00000002066
-0.00000001121
-0.00000001628
-0.00000002266
-0.00000001305
-0.00000001899
-0.00000000925
-0.00000002106
-0.00000001140
-0.00000001754
-0.00000002303
-0.00000001340
-0.00000001953
-0.00000000828
-0.00000001828
-0.00000002501
-0.00000001461
-0.00000001982
-0.00000001082
-0.00000001677
-0.00000000822
-0.00000001943
-0.00000000861
-0.00000001548
-0.00000002039
-0.00000001000
-0.00000001551
-0.00000000645
-0.00000001692
-0.00000000730
-0.00000001247
-0.00000001879
-0.00000000838
-0.00000001447
-0.00000000844
-0.00000001322
-0.00000000245
-0.00000001403
-0.00000001993
-0.00000000993
-0.00000001469
-0.00000000424
-0.00000001096
-0.00000000405
-0.00000001130
-0.00000001699
-0.00000000648
-0.00000001734
-0.00000000739
-0.00000001326
-0.00000000367
-0.00000001444
-0.00000000284
-0.00000000897
-0.00000001509
-0.00000000916
-0.00000001300
-0.00000000278
-0.00000000787
-0.00000001750
-0.00000000810
-0.00000001295
-0.00000000230
-0.00000001364
-0.00000001882
-0.00000000891
-0.00000001411
-0.00000000824
-0.00000001506
-0.00000002029
-0.00000000912
-0.00000001504
-0.00000001093
-0.00000001585
-0.00000002232
-0.00000001350
-0.00000001844
-0.00000000764
-0.00000001798
-0.00000002467
-0.00000001367
-0.00000001939
-0.00000002557
-0.00000001583
-0.00000002324
-0.00000001430
-0.00000001914
-0.00000000959
-0.00000002017
-0.00000002545
-0.00000001504
-0.00000002106
-0.00000001015
-0.00000001480
-0.00000000407
-0.00000000939
-0.00000001560
-0.00000001131
-0.00000001731
-0.00000000761
-0.00000001221
-0.00000000296
-0.00000001384
-0.00000001742
-0.00000000837
-0.00000001427
-0.00000000261
-0.00000001314
-0.00000001886
-0.00000000929
-0.00000001501
-0.00000000956
-0.00000001627
-0.00000000604
-0.00000001083
-0.00000001655
-0.00000000532
-0.00000001136
-0.00000000731
-0.00000001237
-0.00000000285
-0.00000001327
-0.00000001966
-0.00000000926
-0.00000001572
-0.00000000658
-0.00000001626
-0.00000000681
-0.00000001174
-0.00000000218
-0.00000001424
-0.00000001862
-0.00000001032
-0.00000001818
-0.00000000765
-0.00000002117
-0.00000001043
-0.00000001788
-0.00000000803
-0.00000001283
-0.00000001799
-0.00000001365
-0.00000002104
-0.00000001234
-0.00000001806
-0.00000000831
-0.00000001618
-0.00000000666
-0.00000001753
-0.00000000773
-0.00000001316
-0.00000001905
-0.00000001009
-0.00000001655
-0.00000001192
-0.00000001803
-0.00000000813
-0.00000001434
-0.00000000398
-0.00000001521
-0.00000002144
-0.00000001142
-0.00000001801
-0.00000001028
-0.00000001578
-0.00000000704
-0.00000001827
-0.00000002429
-0.00000001493
-0.00000001981
-0.00000001015
-0.00000001708
-0.00000002329
-0.00000001374
-0.00000002027
-0.00000001134
-0.00000001742
-0.00000000974
-0.00000001570
-0.00000001035
-0.00000001642
-0.00000002329
-0.00000001355
-0.00000002077
-0.00000001179
-0.00000001865
-0.00000000900
-0.00000001529
-0.00000001192
-0.00000001738
-0.00000000741
-0.00000001387
-0.00000001828
-0.00000000928
-0.00000001547
-0.00000001247
-0.00000001858
-0.00000000915
-0.00000001472
-0.00000002025
-0.00000001045
-0.00000001774
-0.00000000725
-0.00000001320
-0.00000000705
-0.00000001339
-0.00000002002
-0.00000000966
-0.00000001495
-0.00000000353
-0.00000000970
-0.00000000338
-0.00000000816
-0.00000001424
-0.00000000359
-0.00000001499
-0.00000000352
-0.00000001005
0.00000000157
-0.00000000860
-0.00000001382
-0.00000000547
-0.00000001321
-0.00000000751
-0.00000001422
-0.00000000244
-0.00000000829
-0.00000001832
-0.00000000865
-0.00000001475
-0.00000000387
-0.00000001083
-0.00000002132
-0.00000001060
-0.00000001643
-0.00000000515
-0.00000001087
-0.00000001563
-0.00000001060
-0.00000001596
-0.00000000604
-0.00000001288
-0.00000000249
-0.00000001307
-0.00000000202
-0.00000000938
-0.00000001357
-0.00000000851
-0.00000001316
-0.00000000239
-0.00000000840
-0.00000001763
-0.00000000748
-0.00000001329
-0.00000000435
-0.00000001643
-0.00000000494
-0.00000001118
-0.00000000155
-0.00000001274
-0.00000001817
-0.00000000742
-0.00000001357
-0.00000000365
-0.00000001407
-0.00000000503
-0.00000000976
-0.00000001969
-0.00000000895
-0.00000001395
-0.00000000363
-0.00000000895
-0.00000001968
-0.00000001000
-0.00000001434
-0.00000000529
-0.00000001486
-0.00000001991
-0.00000001119
-0.00000001693
-0.00000000784
-0.00000001820
-0.00000000669
-0.00000001216
-0.00000001715
-0.00000000806
-0.00000001884
-0.00000000806
-0.00000001396
-0.00000002055
-0.00000001093
-0.00000002112
-0.00000001111
-0.00000001833
-0.00000000825
-0.00000001369
-0.00000001928
-0.00000001433
-0.00000001948
-0.00000000745
-0.00000001362
-0.00000000329
-0.00000001265
-0.00000001883
-0.00000000908
-0.00000001481
-0.00000000977
-0.00000001645
-0.00000000695
-0.00000001180
-0.00000000207
-0.00000001287
-0.00000001846
-0.00000000718
-0.00000001245
-0.00000000793
-0.00000001309
-0.00000001731
-0.00000000710
-0.00000001748
-0.00000000670
-0.00000001117
-0.00000001655
-0.00000000484
-0.00000001505
-0.00000001974
-0.00000000968
-0.00000001659
-0.00000000570
-0.00000001145
-0.00000000714
-0.00000001178
-0.00000001614
-0.00000000516
-0.00000001582
-0.00000000627
-0.00000000999
-0.00000001704
-0.00000000781
-0.00000001741
-0.00000000753
-0.00000001043
-0.00000000140
-0.00000001276
-0.00000001831
-0.00000000873
-0.00000001417
-0.00000000936
-0.00000001500
-0.00000000475
-0.00000001051
-0.00000000383
-0.00000000870
-0.00000001418
-0.00000000289
-0.00000001363
-0.00000000302
-0.00000001357
-0.00000001953
-0.00000001019
-0.00000001762
-0.00000000692
-0.00000001372
-0.00000000799
-0.00000001249
-0.00000001869
-0.00000000895
-0.00000001984
-0.00000001192
-0.00000001872
-0.00000000765
-0.00000001865
-0.00000000848
-0.00000001428
-0.00000002043
-0.00000000911
-0.00000002035
-0.00000001209
-0.00000001788
-0.00000002487
-0.00000001561
-0.00000002302
-0.00000001204
-0.00000001837
-0.00000000899
-0.00000001957
-0.00000002462
-0.00000001232
-0.00000001800
-0.00000000795
-0.00000001375
-0.00000002474
-0.00000001543
-0.00000002138
-0.00000001279
-0.00000001744
-0.00000000719
-0.00000001248
-0.00000002260
-0.00000001409
-0.00000001903
-0.00000001055
-0.00000001595
-0.00000000430
-0.00000001590
-0.00000001932
-0.00000001085
-0.00000001442
-0.00000000350
-0.00000000907
-0.00000001913
-0.00000000914
-0.00000001409
-0.00000000261
-0.00000001109
-0.00000000100
-0.00000000466
-0.00000000951
-0.00000000282
-0.00000000806
-0.00000000223
-0.00000000774
0.00000000384
-0.00000000696
-0.00000001352
-0.00000000211
-0.00000001160
-0.00000000118
-0.00000000896
-0.00000001397
-0.00000000324
-0.00000001367
-0.00000000366
-0.00000000934
-0.00000000417
-0.00000000861
-0.00000001422
-0.00000000806
-0.00000001335
-0.00000000243
-0.00000001219
-0.00000000226
-0.00000000817
-0.00000000274
-0.00000000708
-0.00000001739
-0.00000000781
-0.00000001134
-0.00000000170
-0.00000001174
-0.00000001720
-0.00000000662
-0.00000001714
-0.00000000611
-0.00000001299
-0.00000000228
-0.00000001242
-0.00000001787
-0.00000000848
-0.00000001915
-0.00000000867
-0.00000001310
-0.00000000758
-0.00000001285
-0.00000001687
-0.00000000566
-0.00000001704
-0.00000000646
-0.00000001147
-0.00000002165
-0.00000001054
-0.00000001582
-0.00000000480
-0.00000001416
-0.00000001967
-0.00000000956
-0.00000002097
-0.00000001115
-0.00000001633
-0.00000002443
-0.00000001423
-0.00000002192
-0.00000001056
-0.00000002203
-0.00000001237
-0.00000001750
-0.00000002184
-0.00000001218
-0.00000002224
-0.00000001253
-0.00000001646
-0.00000000753
-0.00000001074
-0.00000001948
-0.00000000877
-0.00000001286
-0.00000001751
-0.00000001139
-0.00000001532
-0.00000000560
-0.00000001093
-0.00000002169
-0.00000000873
-0.00000001577
-0.00000000350
-0.00000001422
-0.00000001822
-0.00000000762
-0.00000001219
-0.00000000779
-0.00000001246
-0.00000001821
-0.00000001256
-0.00000001769
-0.00000000785
-0.00000001356
-0.00000001712
-0.00000001257
-0.00000001719
-0.00000002266
-0.00000001209
-0.00000001825
-0.00000001371
-0.00000001943
-0.00000000887
-0.00000001315
-0.00000002296
-0.00000001190
-0.00000001544
-0.00000000632
-0.00000001093
-0.00000002070
-0.00000001091
-0.00000001755
-0.00000000712
-0.00000001654
-0.00000002157
-0.00000001141
-0.00000001474
-0.00000000463
-0.00000001352
-0.00000001819
-0.00000000790
-0.00000001314
-0.00000000786
-0.00000001288
-0.00000000075
-0.00000001151
0.00000000046
-0.00000000529
-0.00000001424
-0.00000000390
-0.00000001484
-0.00000000584
-0.00000001121
-0.00000000091
-0.00000001087
-0.00000001644
-0.00000000509
-0.00000001561
-0.00000002056
-0.00000001163
-0.00000001769
-0.00000000796
-0.00000001786
-0.00000002245
-0.00000001014
-0.00000001617
-0.00000000542
-0.00000001510
-0.00000001921
-0.00000000828
-0.00000001438
-0.00000000973
-0.00000001448
-0.00000002094
-0.00000001039
-0.00000001950
-0.00000000879
-0.00000001406
-0.00000001800
-0.00000000808
-0.00000001809
-0.00000000780
-0.00000001325
-0.00000000789
-0.00000001321
-0.00000001788
-0.00000000729
-0.00000001680
-0.00000000626
-0.00000001158
-0.00000001705
-0.00000001282
-0.00000001738
-0.00000000807
-0.00000001328
-0.00000002362
-0.00000001126
-0.00000001688
-0.00000000615
-0.00000001103
-0.00000001993
-0.00000001178
-0.00000001706
-0.00000000716
-0.00000001858
-0.00000000786
-0.00000001423
-0.00000001879
-0.00000000900
-0.00000001925
-0.00000000871
-0.00000001392
-0.00000002644
-0.00000001519
-0.00000002128
-0.00000001015
-0.00000001547
-0.00000002033
-0.00000001078
-0.00000002220
-0.00000001395
-0.00000000600
-0.00000001131
-0.00000001930
-0.00000001558
-0.00000000817
-0.00000001477
-0.00000000599
-0.00000001075
-0.00000002111
-0.00000001116
-0.00000001476
-0.00000000299
-0.00000001528
-0.00000002038
-0.00000001121
-0.00000001492
-0.00000000470
-0.00000001568
-0.00000002090
-0.00000000877
-0.00000001664
-0.00000000868
-0.00000001366
-0.00000001021
-0.00000001697
-0.00000000670
-0.00000001198
-0.00000002218
-0.00000001175
-0.00000001772
-0.00000002446
-0.00000001302
-0.00000002166
-0.00000001252
-0.00000001760
-0.00000001216
-0.00000001797
-0.00000002435
-0.00000001422
-0.00000001929
-0.00000000928
-0.00000002172
-0.00000001183
-0.00000001850
-0.00000002479
-0.00000001562
-0.00000002086
-0.00000000947
-0.00000001387
-0.00000002171
-0.00000001510
-0.00000002179
-0.00000001310
-0.00000001882
-0.00000002559
-0.00000001612
-0.00000002132
-0.00000001138
-0.00000001612
-0.00000002238
-0.00000001139
-0.00000001804
-0.00000002332
-0.00000001380
-0.00000002037
-0.00000001042
-0.00000001642
-0.00000002670
-0.00000001016
-0.00000002111
-0.00000001109
-0.00000001659
-0.00000002260
-0.00000001263
-0.00000001925
-0.00000000821
-0.00000001233
-0.00000001920
-0.00000000802
-0.00000001663
-0.00000000566
-0.00000001076
-0.00000001659
-0.00000000783
-0.00000001309
-0.00000000832
-0.00000001337
-0.00000000110
-0.00000000760
-0.00000001215
-0.00000000745
-0.00000001104
-0.00000000156
-0.00000000724
-0.00000001919
-0.00000000847
-0.00000001391
-0.00000000360
-0.00000000827
-0.00000001712
-0.00000000747
-0.00000001431
-0.00000000422
-0.00000001541
-0.00000002200
-0.00000001264
-0.00000001736
-0.00000000740
-0.00000001236
-0.00000001728
-0.00000001033
-0.00000001475
-0.00000000509
-0.00000001000
-0.00000001709
-0.00000000734
-0.00000001612
-0.00000000574
-0.00000001032
-0.00000001593
-0.00000000663
-0.00000001023
-0.00000000373
-0.00000000978
-0.00000000034
-0.00000000691
-0.00000000036
-0.00000000626
-0.00000001132
-0.00000000730
-0.00000001181
-0.00000000167
-0.00000000629
-0.00000001799
-0.00000000654
-0.00000001329
-0.00000000284
-0.00000001396
-0.00000002102
-0.00000001058
-0.00000001545
-0.00000000586
-0.00000001406
-0.00000002262
-0.00000001224
-0.00000001877
-0.00000000897
-0.00000001434
-0.00000000859
-0.00000001448
-0.00000001778
-0.00000000787
-0.00000001291
-0.00000000807
-0.00000001338
-0.00000001886
-0.00000000767
-0.00000001526
-0.00000000621
-0.00000001726
-0.00000000738
-0.00000001236
-0.00000001767
-0.00000000742
-0.00000001772
-0.00000000858
-0.00000001429
-0.00000001973
-0.00000000978
-0.00000002098
-0.00000001053
-0.00000001679
-0.00000002267
-0.00000001085
-0.00000001637
-0.00000000390
-0.00000001118
-0.00000002163
-0.00000000970
-0.00000001522
-0.00000000528
-0.00000001067
-0.00000000084
-0.00000001166
-0.00000001670
-0.00000000562
-0.00000000874
-0.00000000470
-0.00000000876
-0.00000000001
-0.00000000908
-0.00000001581
-0.00000000482
-0.00000001393
-0.00000000273
-0.00000000786
0.00000000327
-0.00000000567
-0.00000001073
0.00000000135
-0.00000001129
0.00000000081
-0.00000001053
-0.00000000075
-0.00000000480
-0.00000001557
-0.00000000458
-0.00000001035
-0.00000000055
-0.00000001096
-0.00000000215
-0.00000000822
-0.00000001796
-0.00000000758
-0.00000001320
-0.00000002281
-0.00000001141
-0.00000001664
-0.00000000639
-0.00000001100
-0.00000002265
-0.00000001250
-0.00000001795
-0.00000000905
-0.00000001934
-0.00000002557
-0.00000001526
-0.00000002089
-0.00000002531
-0.00000001645
-0.00000002244
-0.00000001320
-0.00000002002
-0.00000002518
-0.00000001444
-0.00000001999
-0.00000002510
-0.00000001442
-0.00000001910
-0.00000002867
-0.00000001854
-0.00000002371
-0.00000001458
-0.00000001936
-0.00000000872
-0.00000001357
-0.00000002417
-0.00000001238
-0.00000001874
-0.00000002317
-0.00000001226
-0.00000001724
-0.00000002286
-0.00000001317
-0.00000001798
-0.00000000763
-0.00000001113
-0.00000002004
-0.00000001036
-0.00000001533
-0.00000001985
-0.00000000861
-0.00000001479
-0.00000002191
-0.00000001128
-0.00000002250
-0.00000001075
-0.00000001739
-0.00000002254
-0.00000001255
-0.00000001730
-0.00000002271
-0.00000001324
-0.00000001811
-0.00000000910
-0.00000001464
-0.00000000813
-0.00000001518
-0.00000001965
-0.00000000928
-0.00000001545
-0.00000000477
-0.00000001625
-0.00000002200
-0.00000001157
-0.00000001746
-0.00000000709
-0.00000001222
-0.00000000180
-0.00000001212
-0.00000001745
-0.00000000781
-0.00000001246
-0.00000000294
-0.00000001298
-0.00000000320
-0.00000000897
-0.00000001428
-0.00000001008
-0.00000001477
-0.00000000525
-0.00000001001
-0.00000001438
-0.00000000845
-0.00000001518
-0.00000000295
-0.00000000972
-0.00000000070
-0.00000001048
-0.00000001671
-0.00000000651
-0.00000001137
0.00000000069
-0.00000000942
-0.00000001608
-0.00000000574
-0.00000001079
-0.00000000774
-0.00000001316
-0.00000000215
-0.00000000866
-0.00000001885
-0.00000000771
-0.00000001339
-0.00000001843
-0.00000000967
-0.00000002154
-0.00000001141
-0.00000001608
-0.00000000560
-0.00000001016
-0.00000001607
-0.00000001091
-0.00000001493
-0.00000000547
-0.00000001064
-0.00000000024
-0.00000001196
-0.00000001685
-0.00000000610
-0.00000001098
-0.00000000059
-0.00000000986
-0.00000001458
-0.00000000315
-0.00000001392
-0.00000001904
-0.00000000871
-0.00000001611
-0.00000000532
-0.00000001452
-0.00000001853
-0.00000000588
-0.00000001119
-0.00000001912
-0.00000000809
-0.00000001367
-0.00000000305
-0.00000000688
-0.00000001767
-0.00000000630
-0.00000001120
-0.00000001429
-0.00000000830
-0.00000001356
-0.00000000168
-0.00000001249
-0.00000001830
-0.00000000816
-0.00000001303
-0.00000000749
-0.00000001333
-0.00000001761
-0.00000000787
-0.00000001710
-0.00000002306
-0.00000001083
-0.00000001747
-0.00000002044
-0.00000001165
-0.00000001665
-0.00000002762
-0.00000001205
-0.00000002147
-0.00000001140
-0.00000001652
-0.00000002375
-0.00000001245
-0.00000001927
-0.00000002329
-0.00000001341
-0.00000001843
-0.00000002747
-0.00000001690
-0.00000002190
-0.00000002690
-0.00000001745
-0.00000002289
-0.00000001314
-0.00000001718
-0.00000002269
-0.00000001214
-0.00000001708
-0.00000002225
-0.00000001137
-0.00000001789
-0.00000001209
-0.00000001803
-0.00000002364
-0.00000001530
-0.00000002084
-0.00000001006
-0.00000001483
-0.00000001875
-0.00000000843
-0.00000001361
-0.00000001962
-0.00000001380
-0.00000001983
-0.00000000923
-0.00000001523
-0.00000000336
-0.00000000836
-0.00000001773
-0.00000000644
-0.00000001034
0.00000000045
-0.00000000884
-0.00000001490
-0.00000000331
-0.00000000886
-0.00000000276
-0.00000000795
0.00000000217
-0.00000000838
-0.00000001389
-0.00000000337
-0.00000001293
-0.00000000360
-0.00000000912
-0.00000000589
-0.00000001039
-0.00000000090
-0.00000000459
-0.00000001469
-0.00000000521
-0.00000001031
-0.00000000123
-0.00000001215
-0.00000001786
-0.00000000760
-0.00000001443
-0.00000000964
-0.00000001752
-0.00000000707
-0.00000001344
-0.00000000386
-0.00000001523
-0.00000002055
-0.00000001115
-0.00000001746
-0.00000000820
-0.00000001689
-0.00000000647
-0.00000001165
-0.00000001681
-0.00000001172
-0.00000001681
-0.00000000767
-0.00000001245
-0.00000001841
-0.00000001507
-0.00000002130
-0.00000001056
-0.00000001579
-0.00000002117
-0.00000001040
-0.00000001647
-0.00000000697
-0.00000001264
-0.00000002232
-0.00000001255
-0.00000001715
-0.00000000563
-0.00000001139
-0.00000001604
-0.00000000902
-0.00000001426
-0.00000001951
-0.00000001000
-0.00000001492
-0.00000002554
-0.00000001610
-0.00000002239
-0.00000001256
-0.00000001687
-0.00000002166
-0.00000001126
-0.00000001653
-0.00000002191
-0.00000001198
-0.00000001782
-0.00000002366
-0.00000001852
-0.00000002341
-0.00000002950
-0.00000001754
-0.00000002311
-0.00000002874
-0.00000001342
-0.00000002424
-0.00000002895
-0.00000001495
-0.00000002407
-0.00000001271
-0.00000001860
-0.00000002248
-0.00000001231
-0.00000001593
-0.00000002131
-0.00000001035
-0.00000001718
-0.00000002386
-0.00000001287
-0.00000001754
-0.00000000786
-0.00000001831
-0.00000002407
-0.00000000808
-0.00000001917
-0.00000000914
-0.00000001571
-0.00000000717
-0.00000001279
-0.00000001877
-0.00000001317
-0.00000001853
-0.00000002353
-0.00000000859
-0.00000001929
-0.00000000844
-0.00000001398
-0.00000000520
-0.00000001025
-0.00000001489
-0.00000000882
-0.00000001335
-0.00000001801
-0.00000000696
-0.00000001213
-0.00000000242
-0.00000001264
-0.00000000298
-0.00000000769
-0.00000001181
-0.00000000765
-0.00000001193
0.00000000031
-0.00000000498
-0.00000001095
-0.00000000488
-0.00000000968
-0.00000000036
-0.00000000445
0.00000000062
-0.00000000388
-0.00000000731
-0.00000000142
-0.00000000672
0.00000000449
-0.00000000482
-0.00000000787
-0.00000000014
-0.00000001147
-0.00000000079
-0.00000000467
0.00000000092
-0.00000000371
-0.00000000886
-0.00000000209
-0.00000000995
-0.00000000294
-0.00000000945
0.00000000064
-0.00000000837
-0.00000001329
-0.00000000348
-0.00000001284
-0.00000001845
-0.00000000794
-0.00000001922
-0.00000000937
-0.00000001687
-0.00000002234
-0.00000001329
-0.00000001986
-0.00000001464
-0.00000002026
-0.00000002551
-0.00000001590
-0.00000002060
-0.00000002791
-0.00000001945
-0.00000002572
-0.00000001771
-0.00000002191
-0.00000002867
-0.00000001848
-0.00000002288
-0.00000002939
-0.00000001852
-0.00000002423
-0.00000001370
-0.00000002005
-0.00000002586
-0.00000001441
-0.00000001929
-0.00000002349
-0.00000001189
-0.00000001808
-0.00000000772
-0.00000001633
-0.00000002234
-0.00000001301
-0.00000001910
-0.00000002301
-0.00000001402
-0.00000001978
-0.00000000847
-0.00000001405
-0.00000002070
-0.00000001062
-0.00000002184
-0.00000001190
-0.00000001974
-0.00000002436
-0.00000001510
-0.00000002060
-0.00000002538
-0.00000001376
-0.00000002018
-0.00000001050
-0.00000001603
-0.00000002080
-0.00000001002
-0.00000001682
-0.00000002148
-0.00000001181
-0.00000001617
-0.00000000471
-0.00000001088
-0.00000002075
-0.00000000419
-0.00000001477
-0.00000000331
-0.00000000792
-0.00000001381
-0.00000000291
-0.00000001309
-0.00000001744
-0.00000000721
-0.00000001093
-0.00000001599
-0.00000000426
-0.00000001431
-0.00000000444
-0.00000000885
-0.00000001360
-0.00000000137
-0.00000001101
-0.00000001517
-0.00000000313
-0.00000000729
0.00000000422
-0.00000000450
-0.00000001001
0.00000000200
-0.00000000830
-0.00000001380
-0.00000000263
-0.00000000750
-0.00000001700
-0.00000000849
-0.00000001414
-0.00000000250
-0.00000001256
-0.00000001860
-0.00000000814
-0.00000001366
-0.00000001722
-0.00000000698
-0.00000001614
-0.00000002110
-0.00000001025
-0.00000001604
-0.00000000560
-0.00000001098
-0.00000001585
-0.00000001034
-0.00000001505
-0.00000000498
-0.00000001104
-0.00000001702
-0.00000000727
-0.00000001688
-0.00000000768
-0.00000001328
-0.00000001705
-0.00000000746
-0.00000001319
-0.00000002361
-0.00000001135
-0.00000001755
-0.00000002154
-0.00000001232
-0.00000001662
-0.00000002070
-0.00000000862
-0.00000001455
-0.00000002448
-0.00000001331
-0.00000001854
-0.00000000716
-0.00000001179
-0.00000001773
-0.00000000747
-0.00000001297
-0.00000002134
-0.00000001178
-0.00000001680
-0.00000000481
-0.00000001007
-0.00000001407
-0.00000001102
-0.00000001482
-0.00000002035
-0.00000000862
-0.00000001515
-0.00000000387
-0.00000000801
-0.00000001898
-0.00000000906
-0.00000001295
-0.00000001816
-0.00000000760
-0.00000001827
-0.00000002080
-0.00000001219
-0.00000001516
-0.00000000576
-0.00000000965
-0.00000001368
-0.00000000296
-0.00000001237
-0.00000001623
-0.00000000617
-0.00000000965
-0.00000000428
-0.00000000851
-0.00000001457
-0.00000000253
-0.00000001233
-0.00000001816
-0.00000000701
-0.00000001192
-0.00000001729
-0.00000001124
-0.00000001730
-0.00000000825
-0.00000001281
-0.00000001831
-0.00000000841
-0.00000001903
-0.00000002597
-0.00000001668
-0.00000002142
-0.00000001124
-0.00000001539
-0.00000001979
-0.00000000941
-0.00000001340
-0.00000002350
-0.00000001246
-0.00000001712
-0.00000000588
-0.00000001085
-0.00000001386
-0.00000000267
-0.00000001191
-0.00000001717
-0.00000000620
-0.00000001090
-0.00000002078
-0.00000000844
-0.00000001377
-0.00000000300
-0.00000000665
-0.00000001757
-0.00000000671
-0.00000001162
-0.00000001633
-0.00000000605
-0.00000001546
-0.00000000387
-0.00000000822
-0.00000001460
-0.00000000799
-0.00000001110
-0.00000000134
-0.00000000555
-0.00000001525
-0.00000000412
-0.00000000898
-0.00000001274
-0.00000000600
-0.00000001148
-0.00000000007
-0.00000000988
-0.00000001638
-0.00000000558
-0.00000001057
-0.00000002116
-0.00000000948
-0.00000001488
-0.00000000338
-0.00000001383
-0.00000001741
-0.00000000727
-0.00000001176
-0.00000000621
-0.00000001111
-0.00000001615
-0.00000000513
-0.00000001572
-0.00000002105
-0.00000001094
-0.00000001472
-0.00000000581
-0.00000001075
-0.00000002030
-0.00000001053
-0.00000001418
-0.00000001901
-0.00000000893
-0.00000001930
-0.00000000790
-0.00000001300
-0.00000001774
-0.00000001100
-0.00000001749
-0.00000002164
-0.00000001089
-0.00000001484
-0.00000001960
-0.00000000878
-0.00000001315
-0.00000002449
-0.00000001148
-0.00000001789
-0.00000002163
-0.00000001072
-0.00000001539
-0.00000000376
-0.00000001392
-0.00000001966
-0.00000000731
-0.00000001115
-0.00000002085
-0.00000001051
-0.00000001498
-0.00000001756
-0.00000000888
-0.00000001314
-0.00000002266
-0.00000001269
-0.00000001709
-0.00000002202
-0.00000001127
-0.00000001540
-0.00000002178
-0.00000000964
-0.00000001467
-0.00000002356
-0.00000001401
-0.00000002022
-0.00000002550
-0.00000001519
-0.00000002054
-0.00000002382
-0.00000001534
-0.00000001973
-0.00000002595
-0.00000001478
-0.00000001770
-0.00000002375
-0.00000001274
-0.00000001746
-0.00000002273
-0.00000001152
-0.00000001694
-0.00000000618
-0.00000001472
-0.00000002082
-0.00000000880
-0.00000001326
-0.00000001800
-0.00000000722
-0.00000001237
-0.00000002188
-0.00000001124
-0.00000001491
-0.00000001979
-0.00000000951
-0.00000001357
-0.00000000293
-0.00000001386
-0.00000001856
-0.00000000642
-0.00000001293
-0.00000001830
-0.00000000729
-0.00000001740
-0.00000000720
-0.00000001188
-0.00000001733
-0.00000000748
-0.00000001124
-0.00000002059
-0.00000000886
-0.00000001393
-0.00000000471
-0.00000000903
-0.00000001851
-0.00000000749
-0.00000001143
-0.00000001539
-0.00000000463
-0.00000001317
-0.00000001744
-0.00000000657
-0.00000001042
-0.00000001472
-0.00000000740
-0.00000001293
-0.00000001665
-0.00000000590
-0.00000000982
-0.00000000365
-0.00000000886
-0.00000001278
-0.00000000264
-0.00000001305
-0.00000001767
-0.00000000713
-0.00000000984
-0.00000001753
-0.00000001137
-0.00000001557
-0.00000000430
-0.00000001010
-0.00000001953
-0.00000000907
-0.00000001389
-0.00000000262
-0.00000000848
-0.00000001784
-0.00000000662
-0.00000001122
0.00000000050
-0.00000000858
-0.00000001415
-0.00000000853
-0.00000001272
-0.00000001747
-0.00000000724
-0.00000001090
-0.00000002134
-0.00000000811
-0.00000001392
-0.00000000291
-0.00000001313
-0.00000001789
-0.00000000645
-0.00000001077
-0.00000002011
-0.00000000921
-0.00000001342
-0.00000001780
-0.00000000715
-0.00000001615
-0.00000002169
-0.00000000940
-0.00000001445
-0.00000001938
-0.00000000729
-0.00000001592
-0.00000002080
-0.00000000990
-0.00000001486
-0.00000001921
-0.00000000763
-0.00000001629
-0.00000002163
-0.00000000840
-0.00000001317
-0.00000000180
-0.00000001160
-0.00000001561
-0.00000000390
-0.00000001301
-0.00000001772
-0.00000000628
-0.00000000970
-0.00000002031
-0.00000000847
-0.00000001288
-0.00000001729
-0.00000000583
-0.00000001412
-0.00000001980
-0.00000000842
-0.00000001359
-0.00000000748
-0.00000001326
-0.00000001507
-0.00000000688
-0.00000001502
-0.00000002046
-0.00000000908
-0.00000001505
-0.00000001907
-0.00000000861
-0.00000001756
-0.00000000671
-0.00000001117
-0.00000001687
-0.00000001009
-0.00000001542
-0.00000001940
-0.00000000972
-0.00000001384
-0.00000002266
-0.00000001338
-0.00000001772
-0.00000000700
-0.00000001077
-0.00000002098
-0.00000000945
-0.00000001361
-0.00000001721
-0.00000000617
-0.00000001601
-0.00000001908
-0.00000000775
-0.00000001292
-0.00000002090
-0.00000001017
-0.00000001464
-0.00000000241
-0.00000000663
-0.00000001478
-0.00000000408
-0.00000001323
-0.00000001698
-0.00000000686
-0.00000001067
-0.00000001472
-0.00000000636
-0.00000001134
-0.00000001600
-0.00000000915
-0.00000001401
-0.00000000305
-0.00000001114
-0.00000001688
-0.00000000584
-0.00000001106
-0.00000002041
-0.00000001130
-0.00000001643
-0.00000000677
-0.00000001237
-0.00000002315
-0.00000001274
-0.00000001832
-0.00000002215
-0.00000001185
-0.00000001739
-0.00000002743
-0.00000001673
-0.00000002089
-0.00000002701
-0.00000001742
-0.00000002219
-0.00000002710
-0.00000001534
-0.00000002102
-0.00000002566
-0.00000001509
-0.00000001927
-0.00000000773
-0.00000001836
-0.00000002192
-0.00000000936
-0.00000001459
-0.00000001772
-0.00000000728
-0.00000001671
-0.00000000619
-0.00000000898
-0.00000001413
-0.00000000771
-0.00000001146
-0.00000001708
-0.00000000676
-0.00000001126
-0.00000000598
-0.00000001205
-0.00000001608
-0.00000002033
-0.00000001046
-0.00000002062
-0.00000001006
-0.00000001554
-0.00000001910
-0.00000000767
-0.00000001156
-0.00000001745
-0.00000001211
-0.00000001522
-0.00000002153
-0.00000000976
-0.00000001510
-0.00000002006
-0.00000000975
-0.00000001874
-0.00000002538
-0.00000001468
-0.00000001850
-0.00000002405
-0.00000001258
-0.00000001720
-0.00000000804
-0.00000001347
-0.00000002271
-0.00000001232
-0.00000001741
-0.00000002257
-0.00000001262
-0.00000001693
-0.00000000765
-0.00000001738
-0.00000002067
-0.00000001037
-0.00000001490
-0.00000000293
-0.00000000755
-0.00000001592
-0.00000000312
-0.00000000862
-0.00000001088
-0.00000000561
-0.00000000974
-0.00000000009
-0.00000000341
-0.00000001345
-0.00000000190
-0.00000000581
-0.00000001479
-0.00000000335
-0.00000000803
-0.00000000031
-0.00000000452
-0.00000000783
-0.00000000208
-0.00000000547
-0.00000001066
-0.00000000412
-0.00000000775
-0.00000001234
-0.00000000550
-0.00000001041
0.00000000083
-0.00000000795
-0.00000001304
-0.00000000087
-0.00000001030
-0.00000001527
-0.00000000236
-0.00000001212
-0.00000000045
-0.00000000929
-0.00000001420
-0.00000000205
-0.00000001231
-0.00000001631
-0.00000000576
-0.00000001501
-0.00000002076
-0.00000000902
-0.00000001466
-0.00000001925
-0.00000001383
-0.00000001833
-0.00000002251
-0.00000001124
-0.00000001664
-0.00000002394
-0.00000001424
-0.00000001778
-0.00000002288
-0.00000001208
-0.00000002107
-0.00000002611
-0.00000001355
-0.00000001748
-0.00000002247
-0.00000001023
-0.00000001469
-0.00000002428
-0.00000001158
-0.00000001628
-0.00000002047
-0.00000002375
-0.00000001290
-0.00000002221
-0.00000002619
-0.00000001638
-0.00000001973
-0.00000002546
-0.00000001408
-0.00000001930
-0.00000002442
-0.00000001287
-0.00000001769
-0.00000002684
-0.00000001389
-0.00000001859
-0.00000002162
-0.00000000935
-0.00000001396
-0.00000001752
-0.00000000957
-0.00000001317
-0.00000001577
-0.00000000517
-0.00000000923
-0.00000001752
-0.00000000594
-0.00000000901
-0.00000001342
-0.00000000605
-0.00000000858
-0.00000001262
-0.00000000649
-0.00000001137
-0.00000001651
-0.00000000470
-0.00000001393
-0.00000001861
-0.00000000617
-0.00000001168
-0.00000002043
-0.00000000926
-0.00000001385
-0.00000001885
-0.00000001162
-0.00000001743
-0.00000002153
-0.00000000941
-0.00000001429
-0.00000001817
-0.00000001177
-0.00000001777
-0.00000002049
-0.00000001046
-0.00000001526
-0.00000001977
-0.00000001188
-0.00000001710
-0.00000002188
-0.00000000974
-0.00000001586
-0.00000001985
-0.00000000742
-0.00000001766
-0.00000002067
-0.00000000908
-0.00000001475
-0.00000001874
-0.00000001240
-0.00000001677
-0.00000002081
-0.00000000962
-0.00000001363
-0.00000000278
-0.00000001073
-0.00000001384
-0.00000000336
-0.00000001384
-0.00000001743
-0.00000000744
-0.00000001240
-0.00000002071
-0.00000001012
-0.00000001336
-0.00000001747
-0.00000000649
-0.00000001459
-0.00000001940
-0.00000000850
-0.00000001245
-0.00000001826
-0.00000001100
-0.00000001610
-0.00000001967
-0.00000000746
-0.00000001153
-0.00000002043
-0.00000000969
-0.00000001359
-0.00000001813
-0.00000000715
-0.00000001576
-0.00000002064
-0.00000000921
-0.00000001316
-0.00000002243
-0.00000001191
-0.00000001590
-0.00000001955
-0.00000000855
-0.00000001294
-0.00000002246
-0.00000001071
-0.00000001568
-0.00000001915
-0.00000000757
-0.00000001615
-0.00000002072
-0.00000001044
-0.00000001481
-0.00000001980
-0.00000000902
-0.00000001271
-0.00000002192
-0.00000001195
-0.00000001555
-0.00000001868
-0.00000000750
-0.00000001693
-0.00000002170
-0.00000000932
-0.00000001373
-0.00000001723
-0.00000000584
-0.00000001529
-0.00000001838
-0.00000000737
-0.00000001285
-0.00000001571
-0.00000000984
-0.00000001469
-0.00000001948
-0.00000000885
-0.00000001311
-0.00000002218
-0.00000000957
-0.00000001473
-0.00000001841
-0.00000002266
-0.00000001218
-0.00000001553
-0.00000002448
-0.00000001377
-0.00000001878
-0.00000002282
-0.00000001181
-0.00000001596
-0.00000002007
-0.00000000944
-0.00000001286
-0.00000002282
-0.00000001126
-0.00000001718
-0.00000000528
-0.00000000998
-0.00000002097
-0.00000001084
-0.00000001463
-0.00000002016
-0.00000000943
-0.00000001464
-0.00000002283
-0.00000001112
-0.00000001621
-0.00000002064
-0.00000000888
-0.00000001314
-0.00000000150
-0.00000001004
-0.00000001548
-0.00000000272
-0.00000000731
-0.00000001657
-0.00000000622
-0.00000000924
-0.00000001501
-0.00000000234
-0.00000001141
-0.00000001619
-0.00000000346
-0.00000001458
-0.00000001950
-0.00000000840
-0.00000001340
-0.00000000707
-0.00000001269
-0.00000001633
-0.00000000614
-0.00000001057
-0.00000002125
-0.00000000991
-0.00000001408
-0.00000001889
-0.00000000730
-0.00000001675
-0.00000000563
-0.00000001128
-0.00000001528
-0.00000000360
-0.00000001305
-0.00000001835
-0.00000000854
-0.00000001780
-0.00000002234
-0.00000001176
-0.00000001548
-0.00000002039
-0.00000000892
-0.00000001541
-0.00000002370
-0.00000001316
-0.00000001892
-0.00000002242
-0.00000001217
-0.00000001822
-0.00000002304
-0.00000001210
-0.00000002212
-0.00000002626
-0.00000001491
-0.00000001944
-0.00000002458
-0.00000001432
-0.00000001866
-0.00000002412
-0.00000001332
-0.00000001760
-0.00000002154
-0.00000001043
-0.00000001362
-0.00000002266
-0.00000001258
-0.00000001668
-0.00000000493
-0.00000000884
-0.00000001804
-0.00000000708
-0.00000000979
-0.00000001415
-0.00000000352
-0.00000001087
-0.00000001688
-0.00000000621
-0.00000001091
-0.00000001381
-0.00000000937
-0.00000001261
-0.00000001766
-0.00000000726
-0.00000001550
-0.00000001962
-0.00000000898
-0.00000001460
-0.00000001816
-0.00000000762
-0.00000001640
-0.00000002068
-0.00000000965
-0.00000001377
-0.00000000301
-0.00000001441
-0.00000001905
-0.00000000714
-0.00000001215
-0.00000002278
-0.00000001098
-0.00000001448
-0.00000002114
-0.00000000825
-0.00000001314
-0.00000001771
-0.00000000703
-0.00000001651
-0.00000002096
-0.00000001120
-0.00000001430
-0.00000001948
-0.00000000732
-0.00000001703
-0.00000000342
-0.00000000814
-0.00000001607
-0.00000000327
-0.00000000814
-0.00000001270
-0.00000000657
-0.00000001018
-0.00000001469
-0.00000000326
-0.00000001309
-0.00000001774
-0.00000000576
-0.00000001102
-0.00000001966
-0.00000000841
-0.00000001371
-0.00000001765
-0.00000000782
-0.00000001826
-0.00000002409
-0.00000001301
-0.00000001679
-0.00000002188
-0.00000001291
-0.00000001773
-0.00000002830
-0.00000001791
-0.00000002204
-0.00000002767
-0.00000001675
-0.00000002139
-0.00000002612
-0.00000001436
-0.00000001890
-0.00000002269
-0.00000001188
-0.00000001699
-0.00000002012
-0.00000000928
-0.00000001449
-0.00000000741
-0.00000001189
-0.00000001700
-0.00000000529
-0.00000001402
-0.00000002022
-0.00000000852
-0.00000001348
-0.00000001761
-0.00000000600
-0.00000001593
-0.00000002076
-0.00000000857
-0.00000001297
-0.00000001810
-0.00000000699
-0.00000001613
-0.00000002044
-0.00000001012
-0.00000001490
-0.00000001897
-0.00000000833
-0.00000001708
-0.00000001956
-0.00000001105
-0.00000001505
-0.00000001837
-0.00000000757
-0.00000001305
-0.00000002240
-0.00000001013
-0.00000001392
-0.00000001928
-0.00000000729
-0.00000001250
-0.00000002127
-0.00000001008
-0.00000001568
-0.00000001974
-0.00000000861
-0.00000001255
-0.00000001725
-0.00000001088
-0.00000001574
-0.00000002057
-0.00000000874
-0.00000001398
-0.00000001839
-0.00000001095
-0.00000001512
-0.00000001870
-0.00000000753
-0.00000001168
-0.00000001487
-0.00000000555
-0.00000001433
-0.00000001971
-0.00000000754
-0.00000001134
-0.00000001695
-0.00000000507
-0.00000001403
-0.00000001866
-0.00000000563
-0.00000000996
-0.00000001943
-0.00000002303
-0.00000001249
-0.00000001686
-0.00000000563
-0.00000000977
-0.00000001926
-0.00000002446
-0.00000001243
-0.00000001671
-0.00000000551
-0.00000001112
-0.00000002021
-0.00000001033
-0.00000001411
-0.00000001883
-0.00000000794
-0.00000001236
-0.00000002158
-0.00000001109
-0.00000001512
-0.00000001987
-0.00000000927
-0.00000001328
-0.00000001742
-0.00000000628
-0.00000001577
-0.00000000506
-0.00000000808
-0.00000001286
-0.00000000750
-0.00000001149
-0.00000001560
-0.00000000330
-0.00000001227
-0.00000001634
-0.00000000538
-0.00000001001
-0.00000000568
-0.00000001035
-0.00000001413
-0.00000000264
-0.00000000774
-0.00000001774
-0.00000000649
-0.00000001089
-0.00000001579
-0.00000001031
-0.00000001494
-0.00000001922
-0.00000000833
-0.00000001251
-0.00000001953
-0.00000000818
-0.00000001238
-0.00000001686
-0.00000000426
-0.00000001421
-0.00000001817
-0.00000002203
-0.00000001217
-0.00000001692
-0.00000002004
-0.00000000798
-0.00000001754
-0.00000002273
-0.00000001226
-0.00000001813
-0.00000002317
-0.00000001305
-0.00000001718
-0.00000002174
-0.00000003157
-0.00000001704
-0.00000002052
-0.00000002573
-0.00000001406
-0.00000001992
-0.00000003065
-0.00000001370
-0.00000002002
-0.00000002426
-0.00000001264
-0.00000001763
-0.00000002852
-0.00000001229
-0.00000002174
-0.00000002618
-0.00000000982
-0.00000002038
-0.00000002404
-0.00000001314
-0.00000001749
-0.00000002135
-0.00000001094
-0.00000001567
-0.00000002080
-0.00000000905
-0.00000001382
-0.00000001872
-0.00000000766
-0.00000001657
-0.00000001984
-0.00000000987
-0.00000001202
-0.00000001792
-0.00000000554
-0.00000001072
-0.00000001558
-0.00000000848
-0.00000001468
-0.00000001948
-0.00000000795
-0.00000001322
-0.00000000241
-0.00000001035
-0.00000001631
-0.00000000590
-0.00000001055
-0.00000001470
-0.00000000301
-0.00000001237
-0.00000001693
-0.00000000615
-0.00000000849
-0.00000001244
-0.00000000603
-0.00000001098
-0.00000001445
-0.00000000260
-0.00000001284
-0.00000000046
-0.00000000567
-0.00000000821
-0.00000000193
-0.00000000671
-0.00000000975
0.00000000250
-0.00000000618
-0.00000001006
-0.00000001479
-0.00000000817
-0.00000001216
-0.00000001476
-0.00000000312
-0.00000000635
-0.00000001508
-0.00000000294
-0.00000000651
-0.00000001574
-0.00000001946
-0.00000000814
-0.00000001144
-0.00000001567
-0.00000000363
-0.00000001377
-0.00000001713
-0.00000000673
-0.00000001074
-0.00000002022
-0.00000000984
-0.00000001458
-0.00000001795
-0.00000000799
-0.00000001739
-0.00000002089
-0.00000001044
-0.00000001344
-0.00000001856
-0.00000002753
-0.00000001216
-0.00000001619
-0.00000002550
-0.00000001229
-0.00000001790
-0.00000002177
-0.00000001129
-0.00000001540
-0.00000001780
-0.00000000769
-0.00000001571
-0.00000002068
-0.00000000841
-0.00000001190
-0.00000001743
-0.00000000383
-0.00000001380
-0.00000001741
-0.00000000714
-0.00000001114
-0.00000002065
-0.00000001106
-0.00000001473
-0.00000002031
-0.00000000887
-0.00000001392
-0.00000001763
-0.00000001153
-0.00000001493
-0.00000002039
-0.00000000767
-0.00000001244
-0.00000000109
-0.00000001058
-0.00000001438
-0.00000000298
-0.00000001201
-0.00000001379
-0.00000000279
-0.00000000692
-0.00000001617
-0.00000000462
-0.00000000963
0.00000000172
-0.00000000851
-0.00000001271
-0.00000000487
-0.00000000910
-0.00000001429
-0.00000000278
-0.00000001234
-0.00000001599
-0.00000000266
-0.00000001329
-0.00000001810
-0.00000000693
-0.00000000820
-0.00000001914
-0.00000000653
-0.00000000897
-0.00000001969
-0.00000000754
-0.00000001076
-0.00000001511
-0.00000000682
-0.00000001174
-0.00000001527
-0.00000000332
-0.00000001122
-0.00000001616
-0.00000000453
-0.00000001327
-0.00000001664
-0.00000000671
-0.00000001487
-0.00000001957
-0.00000002319
-0.00000000965
-0.00000001476
-0.00000001926
-0.00000001286
-0.00000001645
-0.00000000601
-0.00000001136
-0.00000001940
-0.00000000941
-0.00000001229
-0.00000001691
-0.00000001007
-0.00000001404
-0.00000001806
-0.00000000831
-0.00000001723
-0.00000002043
-0.00000000996
-0.00000001502
-0.00000001804
-0.00000001226
-0.00000001637
-0.00000002129
-0.00000001030
-0.00000001460
-0.00000002333
-0.00000001187
-0.00000001643
-0.00000001996
-0.00000000851
-0.00000001295
-0.00000002266
-0.00000000983
-0.00000001402
-0.00000001931
-0.00000000821
-0.00000001745
-0.00000002007
-0.00000000950
-0.00000001294
-0.00000002112
-0.00000000919
-0.00000001280
-0.00000001550
-0.00000000326
-0.00000001350
-0.00000001599
-0.00000000541
-0.00000001431
-0.00000001722
-0.00000000735
-0.00000001107
-0.00000001915
-0.00000000763
-0.00000001075
-0.00000001472
-0.00000000914
-0.00000001318
-0.00000001695
-0.00000000665
-0.00000001461
-0.00000001929
-0.00000000801
-0.00000001175
-0.00000002019
-0.00000000794
-0.00000001293
-0.00000001664
-0.00000000927
-0.00000001377
-0.00000001815
-0.00000000745
-0.00000001633
-0.00000002198
-0.00000000967
-0.00000001597
-0.00000002437
-0.00000002396
-0.00000001911
-0.00000002183
-0.00000002608
-0.00000001401
-0.00000001928
-0.00000002399
-0.00000002760
-0.00000001697
-0.00000002237
-0.00000002585
-0.00000001393
-0.00000002419
-0.00000002650
-0.00000001545
-0.00000002001
-0.00000002375
-0.00000002731
-0.00000001586
-0.00000002137
-0.00000002550
-0.00000001484
-0.00000001820
-0.00000002140
-0.00000001018
-0.00000001321
-0.00000001655
-0.00000002590
-0.00000001357
-0.00000001800
-0.00000002236
-0.00000001213
-0.00000001610
-0.00000002191
-0.00000000872
-0.00000001989
-0.00000002325
-0.00000001156
-0.00000001403
-0.00000001885
-0.00000000586
-0.00000000892
-0.00000001874
-0.00000000703
-0.00000000973
0.00000000211
-0.00000000591
-0.00000000913
0.00000000288
-0.00000000652
-0.00000001017
0.00000000192
-0.00000000792
-0.00000001019
0.00000000097
-0.00000000652
-0.00000000842
-0.00000000193
-0.00000000491
-0.00000000844
-0.00000001761
-0.00000000604
-0.00000001000
-0.00000001288
-0.00000000774
-0.00000001222
-0.00000001573
-0.00000000349
-0.00000001404
-0.00000001726
-0.00000000691
-0.00000001127
-0.00000002069
-0.00000000945
-0.00000001425
-0.00000001965
-0.00000001276
-0.00000001658
-0.00000002189
-0.00000001071
-0.00000001419
-0.00000002400
-0.00000001230
-0.00000001684
-0.00000001982
-0.00000000847
-0.00000001309
-0.00000002123
-0.00000001020
-0.00000001416
-0.00000001817
-0.00000002193
-0.00000001523
-0.00000001945
-0.00000002511
-0.00000001378
-0.00000001893
-0.00000002336
-0.00000001166
-0.00000002037
-0.00000002396
-0.00000001283
-0.00000001620
-0.00000002060
-0.00000000948
-0.00000001469
-0.00000002503
-0.00000002398
-0.00000001861
-0.00000002359
-0.00000002649
-0.00000001535
-0.00000002080
-0.00000002438
-0.00000001119
-0.00000001542
-0.00000001972
-0.00000000714
-0.00000001715
-0.00000002078
-0.00000000882
-0.00000001324
-0.00000001710
-0.00000000918
-0.00000001301
-0.00000001747
-0.00000000645
-0.00000001051
-0.00000002061
-0.00000000856
-0.00000001239
-0.00000001772
-0.00000000581
-0.00000001483
-0.00000001845
-0.00000000805
-0.00000001277
-0.00000001703
-0.00000000958
-0.00000001427
-0.00000001854
-0.00000000800
-0.00000001343
-0.00000002336
-0.00000001140
-0.00000001542
-0.00000001983
-0.00000000972
-0.00000001424
-0.00000002221
-0.00000000992
-0.00000001536
-0.00000001811
-0.00000000760
-0.00000001062
-0.00000001969
-0.00000002353
-0.00000001215
-0.00000001683
-0.00000002192
-0.00000001125
-0.00000001541
-0.00000002011
-0.00000000857
-0.00000001724
-0.00000002259
-0.00000002539
-0.00000001597
-0.00000002022
-0.00000002495
-0.00000001365
-0.00000001674
-0.00000002238
-0.00000001029
-0.00000001500
-0.00000001808
-0.00000002786
-0.00000001151
-0.00000001525
-0.00000002093
-0.00000001424
-0.00000001846
-0.00000002369
-0.00000001109
-0.00000001590
-0.00000001936
-0.00000002261
-0.00000001190
-0.00000001714
-0.00000002092
-0.00000001023
-0.00000001517
-0.00000002012
-0.00000001409
-0.00000001705
-0.00000002343
-0.00000001187
-0.00000001708
-0.00000002182
-0.00000001019
-0.00000001448
-0.00000001827
-0.00000000739
-0.00000001053
-0.00000001901
-0.00000000859
-0.00000001279
-0.00000001779
-0.00000000529
-0.00000000918
-0.00000001796
-0.00000000602
-0.00000000888
-0.00000001321
-0.00000000162
-0.00000000982
-0.00000001340
-0.00000000089
-0.00000000482
-0.00000001440
-0.00000000163
-0.00000000686
-0.00000001070
-0.00000000606
-0.00000000852
-0.00000001364
-0.00000000155
-0.00000000993
-0.00000001494
-0.00000000262
-0.00000000730
-0.00000001582
-0.00000000374
-0.00000000859
-0.00000001192
-0.00000000648
-0.00000000926
-0.00000001429
-0.00000000690
-0.00000001158
-0.00000001288
-0.00000000193
-0.00000000856
-0.00000001298
0.00000000066
-0.00000000790
-0.00000001281
0.00000000045
-0.00000000818
-0.00000001219
-0.00000001504
-0.00000000373
-0.00000001327
-0.00000001581
-0.00000000380
-0.00000001208
-0.00000001620
-0.00000000351
-0.00000001355
-0.00000001666
-0.00000000428
-0.00000001358
-0.00000001760
-0.00000000598
-0.00000000978
-0.00000001898
-0.00000000792
-0.00000001157
-0.00000001612
-0.00000000541
-0.00000001429
-0.00000001853
-0.00000000585
-0.00000001589
-0.00000001969
-0.00000000813
-0.00000001332
-0.00000002158
-0.00000000814
-0.00000001306
-0.00000001823
-0.00000000949
-0.00000001496
-0.00000001703
-0.00000000491
-0.00000001522
-0.00000001768
-0.00000002283
-0.00000000996
-0.00000001386
-0.00000001807
-0.00000001108
-0.00000001544
-0.00000001931
-0.00000000784
-0.00000001623
-0.00000002136
-0.00000000977
-0.00000001491
-0.00000001936
-0.00000000686
-0.00000001640
-0.00000001998
-0.00000000856
-0.00000001261
-0.00000002034
-0.00000000981
-0.00000001344
-0.00000001788
-0.00000001045
-0.00000001417
-0.00000001956
-0.00000000899
-0.00000001904
-0.00000000740
-0.00000001127
-0.00000001904
-0.00000000851
-0.00000001292
-0.00000001903
-0.00000000872
-0.00000001829
-0.00000000550
-0.00000001464
-0.00000001823
-0.00000000790
-0.00000001154
-0.00000001720
-0.00000001202
-0.00000001587
-0.00000002145
-0.00000001033
-0.00000001293
-0.00000002324
-0.00000001239
-0.00000001590
-0.00000002045
-0.00000000889
-0.00000001777
-0.00000002193
-0.00000001179
-0.00000001534
-0.00000002024
-0.00000000836
-0.00000001755
-0.00000002119
-0.00000001058
-0.00000001493
-0.00000001799
-0.00000001131
-0.00000001471
-0.00000001907
-0.00000002187
-0.00000000864
-0.00000001254
-0.00000002238
-0.00000000988
-0.00000001413
-0.00000001591
-0.00000000530
-0.00000001450
-0.00000001875
-0.00000000791
-0.00000001040
-0.00000001864
-0.00000000787
-0.00000000992
-0.00000001973
-0.00000002204
-0.00000001201
-0.00000001597
-0.00000001885
-0.00000000755
-0.00000001604
-0.00000000584
-0.00000000928
-0.00000001423
-0.00000000679
-0.00000001162
-0.00000001449
-0.00000000754
-0.00000001242
-0.00000001579
-0.00000000445
-0.00000001223
-0.00000001547
-0.00000000283
-0.00000001229
-0.00000001543
-0.00000001891
-0.00000000759
-0.00000001718
-0.00000002066
-0.00000000895
-0.00000001388
-0.00000001669
-0.00000001007
-0.00000001499
-0.00000001856
-0.00000000506
-0.00000001422
-0.00000001868
-0.00000000737
-0.00000001627
-0.00000000485
-0.00000000878
-0.00000001763
-0.00000002241
-0.00000001146
-0.00000001507
-0.00000001991
-0.00000000878
-0.00000001824
-0.00000002254
-0.00000001261
-0.00000001564
-0.00000002020
-0.00000001438
-0.00000001849
-0.00000002421
-0.00000001083
-0.00000001703
-0.00000002159
-0.00000001240
-0.00000002163
-0.00000002651
-0.00000001597
-0.00000002220
-0.00000002464
-0.00000003071
-0.00000001838
-0.00000002417
-0.00000002684
-0.00000001640
-0.00000002106
-0.00000000972
-0.00000001433
-0.00000002352
-0.00000001114
-0.00000001547
-0.00000002027
-0.00000002361
-0.00000001094
-0.00000001436
-0.00000001751
-0.00000001057
-0.00000001537
-0.00000001952
-0.00000000766
-0.00000001282
-0.00000002141
-0.00000000933
-0.00000001345
-0.00000001880
-0.00000000738
-0.00000001250
-0.00000000561
-0.00000000883
-0.00000001383
-0.00000000241
-0.00000001104
-0.00000001413
-0.00000001839
-0.00000000590
-0.00000001344
-0.00000001869
-0.00000000715
-0.00000001005
-0.00000001347
-0.00000000716
-0.00000001069
-0.00000001394
-0.00000000211
-0.00000001010
-0.00000001447
-0.00000000206
-0.00000001145
-0.00000001399
-0.00000000280
-0.00000001177
-0.00000001494
-0.00000000255
-0.00000001145
-0.00000001540
-0.00000000218
-0.00000001082
-0.00000001512
-0.00000000284
-0.00000000671
-0.00000001445
-0.00000001827
-0.00000000548
-0.00000001407
-0.00000001748
-0.00000000434
-0.00000000886
-0.00000001691
-0.00000000362
-0.00000000786
-0.00000001632
-0.00000000497
-0.00000000804
-0.00000001479
-0.00000000333
-0.00000000764
-0.00000001737
-0.00000000460
-0.00000000884
-0.00000001802
-0.00000000508
-0.00000000881
-0.00000001823
-0.00000000536
-0.00000000867
-0.00000001757
-0.00000000377
-0.00000000731
-0.00000001633
-0.00000000363
-0.00000000680
-0.00000001455
-0.00000000188
-0.00000001052
-0.00000001440
-0.00000000144
-0.00000000982
-0.00000001271
-0.00000000148
-0.00000001039
-0.00000001300
-0.00000000753
-0.00000001026
-0.00000001540
-0.00000000831
-0.00000001143
-0.00000001526
-0.00000000799
-0.00000001221
-0.00000001768
-0.00000001095
-0.00000001523
-0.00000001865
-0.00000000722
-0.00000001640
-0.00000001931
-0.00000000785
-0.00000001632
-0.00000001929
-0.00000002351
-0.00000001151
-0.00000002105
-0.00000002427
-0.00000001252
-0.00000001591
-0.00000001911
-0.00000001187
-0.00000001416
-0.00000001816
-0.00000000744
-0.00000001535
-0.00000001809
-0.00000000753
-0.00000001509
-0.00000001899
-0.00000000766
-0.00000001500
-0.00000001824
-0.00000000696
-0.00000001533
-0.00000002043
-0.00000000888
-0.00000001324
-0.00000002228
-0.00000002790
-0.00000001674
-0.00000002069
-0.00000002546
-0.00000001334
-0.00000002240
-0.00000002655
-0.00000001595
-0.00000002030
-0.00000002421
-0.00000001173
-0.00000001670
-0.00000002414
-0.00000001268
-0.00000001654
-0.00000002066
-0.00000000827
-0.00000001744
-0.00000002126
-0.00000000949
-0.00000001345
-0.00000002363
-0.00000001154
-0.00000001571
-0.00000001888
-0.00000002404
-0.00000001324
-0.00000002267
-0.00000002737
-0.00000001579
-0.00000002051
-0.00000002581
-0.00000001351
-0.00000001722
-0.00000002140
-0.00000001555
-0.00000002034
-0.00000002366
-0.00000001153
-0.00000001551
-0.00000002027
-0.00000002478
-0.00000001357
-0.00000002168
-0.00000002636
-0.00000001541
-0.00000001837
-0.00000002321
-0.00000002694
-0.00000001530
-0.00000001941
-0.00000002402
-0.00000001281
-0.00000001799
-0.00000002200
-0.00000001432
-0.00000001968
-0.00000002406
-0.00000001187
-0.00000001576
-0.00000002008
-0.00000001046
-0.00000001322
-0.00000002333
-0.00000001057
-0.00000001406
-0.00000001807
-0.00000002198
-0.00000000937
-0.00000001235
-0.00000002059
-0.00000001027
-0.00000001360
-0.00000001647
-0.00000000519
-0.00000000903
-0.00000001777
-0.00000000629
-0.00000000937
-0.00000001335
-0.00000000795
-0.00000001117
-0.00000001365
-0.00000001847
-0.00000000677
-0.00000001431
-0.00000001936
-0.00000000676
-0.00000001153
-0.00000002191
-0.00000000892
-0.00000001335
-0.00000001746
-0.00000000625
-0.00000001344
-0.00000001862
-0.00000000618
-0.00000000997
-0.00000001467
-0.00000002312
-0.00000001130
-0.00000001425
-0.00000001733
-0.00000000538
-0.00000001353
-0.00000001554
-0.00000002072
-0.00000000919
-0.00000001365
-0.00000002078
-0.00000000880
-0.00000001221
-0.00000001506
-0.00000000256
-0.00000001155
-0.00000001498
-0.00000001872
-0.00000000796
-0.00000001020
-0.00000001992
-0.00000000810
-0.00000001132
-0.00000001597
-0.00000000853
-0.00000001360
-0.00000001703
-0.00000000551
-0.00000001468
-0.00000001791
-0.00000000690
-0.00000001015
-0.00000001990
-0.00000000307
-0.00000001214
-0.00000001583
-0.00000000294
-0.00000001267
-0.00000001597
-0.00000002064
-0.00000000854
-0.00000001308
-0.00000002206
-0.00000000959
-0.00000001440
-0.00000001755
-0.00000000615
-0.00000001542
-0.00000001874
-0.00000000750
-0.00000001140
-0.00000002077
-0.00000000938
-0.00000001354
-0.00000001759
-0.00000002720
-0.00000001128
-0.00000002005
-0.00000002405
-0.00000001285
-0.00000001667
-0.00000002048
-0.00000000913
-0.00000001418
-0.00000002236
-0.00000002832
-0.00000001619
-0.00000001844
-0.00000002315
-0.00000001117
-0.00000001477
-0.00000001874
-0.00000001125
-0.00000001625
-0.00000001986
-0.00000000893
-0.00000001320
-0.00000001663
-0.00000000621
-0.00000001536
-0.00000001906
-0.00000000856
-0.00000001148
-0.00000001646
-0.00000002573
-0.00000001485
-0.00000001825
-0.00000002261
-0.00000000971
-0.00000001303
-0.00000001687
-0.00000000591
-0.00000001394
-0.00000001675
-0.00000000611
-0.00000000931
-0.00000001897
-0.00000000613
-0.00000001113
-0.00000001450
-0.00000000807
-0.00000001246
-0.00000001663
-0.00000001897
-0.00000000822
-0.00000001620
-0.00000001978
-0.00000000774
-0.00000001183
-0.00000001588
-0.00000000800
-0.00000001240
-0.00000001724
-0.00000000457
-0.00000000892
-0.00000001882
-0.00000000785
-0.00000001218
-0.00000001742
-0.00000001028
-0.00000001398
-0.00000001787
-0.00000000748
-0.00000001268
-0.00000002033
-0.00000000897
-0.00000001410
-0.00000001775
-0.00000000898
-0.00000001577
-0.00000001955
-0.00000002384
-0.00000001161
-0.00000001618
-0.00000002448
-0.00000001319
-0.00000001714
-0.00000002106
-0.00000000781
-0.00000001184
-0.00000001579
-0.00000000876
-0.00000001221
-0.00000001588
-0.00000000397
-0.00000001346
-0.00000001655
-0.00000000583
-0.00000000848
-0.00000001900
-0.00000000764
-0.00000001135
-0.00000001592
-0.00000002593
-0.00000001426
-0.00000001973
-0.00000002343
-0.00000001135
-0.00000001718
-0.00000002129
-0.00000000889
-0.00000001864
-0.00000002310
-0.00000001255
-0.00000001575
-0.00000000651
-0.00000001548
-0.00000002080
-0.00000000953
-0.00000001308
-0.00000001747
-0.00000000750
-0.00000001635
-0.00000002151
-0.00000000794
-0.00000001394
-0.00000001851
-0.00000001195
-0.00000001519
-0.00000001866
-0.00000000781
-0.00000001210
-0.00000002185
-0.00000000956
-0.00000001433
-0.00000001882
-0.00000000838
-0.00000001689
-0.00000002155
-0.00000000924
-0.00000001428
-0.00000001916
-0.00000000818
-0.00000001783
-0.00000002216
-0.00000001046
-0.00000001415
-0.00000001941
-0.00000002727
-0.00000001137
-0.00000001974
-0.00000002506
-0.00000001220
-0.00000001717
-0.00000002167
-0.00000000877
-0.00000001282
-0.00000002304
-0.00000002558
-0.00000001429
-0.00000001689
-0.00000002129
-0.00000000856
-0.00000001334
-0.00000001788
-0.00000001025
-0.00000001487
-0.00000001749
-0.00000000722
-0.00000000974
-0.00000001435
-0.00000000687
-0.00000001020
-0.00000001328
-0.00000001504
-0.00000000418
-0.00000001262
-0.00000000035
-0.00000000249
-0.00000001189
-0.00000001484
-0.00000000287
-0.00000000804
-0.00000001544
-0.00000000637
-0.00000001006
-0.00000001960
-0.00000000780
-0.00000001140
-0.00000001466
-0.00000000864
-0.00000001287
-0.00000001636
-0.00000000316
-0.00000000817
-0.00000001704
-0.00000000548
-0.00000000887
-0.00000001726
-0.00000000435
-0.00000000833
-0.00000001245
-0.00000000621
-0.00000000970
-0.00000001491
-0.00000000863
-0.00000001265
-0.00000001574
-0.00000002011
-0.00000000970
-0.00000001873
-0.00000002270
-0.00000001255
-0.00000001781
-0.00000002226
-0.00000001142
-0.00000001495
-0.00000002371
-0.00000001019
-0.00000001406
-0.00000001694
-0.00000000454
-0.00000001442
-0.00000001908
-0.00000000644
-0.00000000961
-0.00000001879
-0.00000000704
-0.00000001179
-0.00000001537
-0.00000000880
-0.00000001349
-0.00000001782
-0.00000000528
-0.00000001501
-0.00000001947
-0.00000000763
-0.00000001158
-0.00000002091
-0.00000000881
-0.00000001449
-0.00000001825
-0.00000000748
-0.00000001805
-0.00000002380
-0.00000001206
-0.00000001728
-0.00000000585
-0.00000001555
-0.00000001934
-0.00000000841
-0.00000001366
-0.00000002291
-0.00000001271
-0.00000001763
-0.00000002075
-0.00000000831
-0.00000001253
-0.00000002339
-0.00000001267
-0.00000001735
-0.00000002101
-0.00000001019
-0.00000001541
-0.00000002491
-0.00000001237
-0.00000001517
-0.00000001955
-0.00000000653
-0.00000001028
-0.00000001940
-0.00000000793
-0.00000001243
-0.00000001620
-0.00000000568
-0.00000001316
-0.00000001754
-0.00000000355
-0.00000001359
-0.00000001701
-0.00000000518
-0.00000000745
-0.00000001198
-0.00000000360
-0.00000000834
-0.00000001231
-0.00000000524
-0.00000000834
-0.00000001150
-0.00000001889
-0.00000000825
-0.00000000922
-0.00000001364
-0.00000000710
-0.00000000936
-0.00000001413
-0.00000000676
-0.00000000857
-0.00000001312
-0.00000000444
-0.00000000970
-0.00000001369
-0.00000002165
-0.00000001065
-0.00000001482
-0.00000000159
-0.00000001010
-0.00000001369
-0.00000000130
-0.00000001011
-0.00000001466
-0.00000000257
-0.00000001216
-0.00000001591
-0.00000000279
-0.00000001120
-0.00000001415
-0.00000000178
-0.00000001079
-0.00000001431
-0.00000000808
-0.00000001083
-0.00000001584
-0.00000000266
-0.00000001238
-0.00000001529
-0.00000000300
-0.00000001142
-0.00000001515
-0.00000001798
-0.00000000737
-0.00000001714
-0.00000002261
-0.00000001086
-0.00000002095
-0.00000002621
-0.00000001462
-0.00000001961
-0.00000002481
-0.00000002954
-0.00000001692
-0.00000002316
-0.00000002663
-0.00000002018
-0.00000001903
-0.00000002816
-0.00000001486
-0.00000002045
-0.00000002430
-0.00000001247
-0.00000001496
-0.00000001986
-0.00000001361
-0.00000001770
-0.00000002190
-0.00000000965
-0.00000001363
-0.00000002160
-0.00000001000
-0.00000001364
-0.00000001654
-0.00000000307
-0.00000001168
-0.00000001469
-0.00000000332
-0.00000001248
-0.00000000062
-0.00000001098
-0.00000001401
-0.00000000176
-0.00000001110
-0.00000001440
-0.00000001834
-0.00000000675
-0.00000001523
-0.00000001910
-0.00000000740
-0.00000001643
-0.00000001977
-0.00000002313
-0.00000001134
-0.00000001368
-0.00000001555
-0.00000000846
-0.00000001238
-0.00000001575
-0.00000001789
-0.00000001143
-0.00000001517
-0.00000001728
-0.00000000617
-0.00000001298
-0.00000001709
-0.00000000595
-0.00000001536
-0.00000001942
-0.00000000793
-0.00000001189
-0.00000002048
-0.00000000895
-0.00000001393
-0.00000001909
-0.00000001330
-0.00000001671
-0.00000002146
-0.00000001131
-0.00000001433
-0.00000002483
-0.00000001217
-0.00000001865
-0.00000002181
-0.00000000965
-0.00000001405
-0.00000002190
-0.00000000904
-0.00000001280
-0.00000001725
-0.00000002556
-0.00000001381
-0.00000001678
-0.00000002208
-0.00000001119
-0.00000001528
-0.00000001934
-0.00000001330
-0.00000001665
-0.00000002072
-0.00000002452
-0.00000001386
-0.00000001818
-0.00000002679
-0.00000001598
-0.00000001898
-0.00000002347
-0.00000001241
-0.00000001687
-0.00000002031
-0.00000002385
-0.00000001010
-0.00000001840
-0.00000002067
-0.00000002464
-0.00000001363
-0.00000001713
-0.00000002119
-0.00000000885
-0.00000001269
-0.00000002261
-0.00000002674
-0.00000001500
-0.00000001767
-0.00000002229
-0.00000002624
-0.00000001619
-0.00000001951
-0.00000002435
-0.00000001352
-0.00000001777
-0.00000002127
-0.00000001503
-0.00000001834
-0.00000002125
-0.00000002603
-0.00000001538
-0.00000001860
-0.00000002359
-0.00000001218
-0.00000001702
-0.00000002067
-0.00000000905
-0.00000001222
-0.00000002331
-0.00000001325
-0.00000001629
-0.00000002064
-0.00000000921
-0.00000001454
-0.00000001891
-0.00000001206
-0.00000001499
-0.00000001984
-0.00000000697
-0.00000001258
-0.00000001598
-0.00000000475
-0.00000001387
-0.00000001682
-0.00000000292
-0.00000000734
-0.00000001507
-0.00000001883
-0.00000000708
-0.00000001002
-0.00000001281
-0.00000000629
-0.00000000926
-0.00000001192
-0.00000000054
-0.00000000877
-0.00000001228
-0.00000001539
-0.00000000319
-0.00000001234
-0.00000001460
-0.00000000276
-0.00000000651
-0.00000001323
-0.00000000122
-0.00000000957
-0.00000001207
0.00000000128
-0.00000000779
-0.00000000981
-0.00000001478
-0.00000000262
-0.00000001024
-0.00000001547
-0.00000000264
-0.00000001151
-0.00000001424
-0.00000000238
-0.00000000953
-0.00000001405
-0.00000000166
-0.00000001070
-0.00000001372
-0.00000000266
-0.00000001103
-0.00000001497
-0.00000001936
-0.00000000731
-0.00000001557
-0.00000001903
-0.00000000803
-0.00000001681
-0.00000002044
-0.00000000888
-0.00000001313
-0.00000001483
-0.00000001077
-0.00000001294
-0.00000001718
-0.00000000537
-0.00000001342
-0.00000001690
-0.00000000642
-0.00000001553
-0.00000001875
-0.00000000609
-0.00000000992
-0.00000001402
-0.00000000698
-0.00000000921
-0.00000001382
-0.00000000770
-0.00000001274
-0.00000001683
-0.00000000394
-0.00000001269
-0.00000001704
-0.00000000583
-0.00000001410
-0.00000001893
-0.00000000497
-0.00000001638
-0.00000001921
-0.00000000735
-0.00000001652
-0.00000001971
-0.00000000772
-0.00000001004
-0.00000001519
-0.00000000712
-0.00000001190
-0.00000001470
-0.00000001843
-0.00000001067
-0.00000001340
-0.00000001773
-0.00000000408
-0.00000001362
-0.00000001632
-0.00000002027
-0.00000000797
-0.00000001703
-0.00000001965
-0.00000000903
-0.00000001775
-0.00000002055
-0.00000002563
-0.00000001374
-0.00000001793
-0.00000002189
-0.00000003011
-0.00000001311
-0.00000002039
-0.00000002547
-0.00000002807
-0.00000001532
-0.00000001956
-0.00000002350
-0.00000001189
-0.00000001585
-0.00000002541
-0.00000003006
-0.00000001800
-0.00000002262
-0.00000002599
-0.00000001428
-0.00000001880
-0.00000002315
-0.00000002804
-0.00000001635
-0.00000002161
-0.00000002658
-0.00000001340
-0.00000001929
-0.00000002794
-0.00000003211
-0.00000001942
-0.00000002289
-0.00000002743
-0.00000001523
-0.00000001908
-0.00000002350
-0.00000001176
-0.00000001479
-0.00000001957
-0.00000002316
-0.00000001221
-0.00000001540
-0.00000002051
-0.00000001269
-0.00000001829
-0.00000002276
-0.00000001055
-0.00000001550
-0.00000001858
-0.00000000724
-0.00000000930
-0.00000001953
-0.00000000827
-0.00000001057
-0.00000001352
-0.00000001813
-0.00000000586
-0.00000001504
-0.00000001869
-0.00000000808
-0.00000001133
-0.00000001496
-0.00000001937
-0.00000000777
-0.00000001511
-0.00000001930
-0.00000000850
-0.00000001254
-0.00000000536
-0.00000000800
-0.00000001296
0.00000000103
-0.00000000803
-0.00000001174
0.00000000150
-0.00000000788
-0.00000001079
0.00000000068
-0.00000000931
-0.00000001328
-0.00000000246
-0.00000001165
-0.00000001637
-0.00000001973
-0.00000000797
-0.00000001657
-0.00000001990
-0.00000000806
-0.00000001238
-0.00000001741
-0.00000002193
-0.00000001312
-0.00000001843
-0.00000002254
-0.00000001056
-0.00000001605
-0.00000002041
-0.00000002403
-0.00000001335
-0.00000002214
-0.00000002682
-0.00000001478
-0.00000001749
-0.00000002067
-0.00000002436
-0.00000001020
-0.00000001601
-0.00000001790
-0.00000002208
-0.00000001533
-0.00000002029
-0.00000002297
-0.00000001027
-0.00000001440
-0.00000001796
-0.00000000385
-0.00000001357
-0.00000001632
-0.00000001985
-0.00000000712
-0.00000001134
-0.00000001420
-0.00000000788
-0.00000001090
-0.00000001467
-0.00000001658
-0.00000000908
-0.00000001277
-0.00000001488
-0.00000001856
-0.00000000652
-0.00000001404
-0.00000001695
-0.00000002017
-0.00000000958
-0.00000001315
-0.00000002200
-0.00000000905
-0.00000001208
-0.00000001638
-0.00000002067
-0.00000000896
-0.00000001366
-0.00000002159
-0.00000000970
-0.00000001310
-0.00000001530
-0.00000002483
-0.00000001189
-0.00000001577
-0.00000002000
-0.00000002451
-0.00000001194
-0.00000001592
-0.00000002009
-0.00000002287
-0.00000001101
-0.00000001513
-0.00000002353
-0.00000001105
-0.00000001336
-0.00000001561
-0.00000001913
-0.00000000779
-0.00000001081
-0.00000001917
-0.00000000609
-0.00000000793
-0.00000001193
-0.00000000422
-0.00000000738
-0.00000000978
-0.00000001775
-0.00000000505
-0.00000000894
-0.00000001244
-0.00000000438
-0.00000000848
-0.00000001176
-0.00000001527
-0.00000000819
-0.00000001314
-0.00000001611
-0.00000001838
-0.00000000868
-0.00000001747
-0.00000002123
-0.00000002481
-0.00000001253
-0.00000001669
-0.00000002108
-0.00000000975
-0.00000001391
-0.00000002273
-0.00000001201
-0.00000001410
-0.00000001853
-0.00000000547
-0.00000001506
-0.00000001927
-0.00000000672
-0.00000001074
-0.00000002062
-0.00000000907
-0.00000001198
-0.00000001766
-0.00000000420
-0.00000001375
-0.00000001733
-0.00000000425
-0.00000000923
-0.00000000299
-0.00000000659
-0.00000000966
-0.00000000262
-0.00000000616
-0.00000000989
-0.00000000173
-0.00000000406
-0.00000001405
-0.00000000077
-0.00000000494
-0.00000001435
-0.00000001754
-0.00000000434
-0.00000001461
-0.00000001767
-0.00000000656
-0.00000001054
-0.00000001965
-0.00000000702
-0.00000001056
-0.00000001449
-0.00000000706
-0.00000000972
-0.00000001786
-0.00000000599
-0.00000001005
-0.00000001369
-0.00000000136
-0.00000000904
-0.00000001810
-0.00000000548
-0.00000000793
-0.00000001627
-0.00000002069
-0.00000000654
-0.00000001244
-0.00000001476
-0.00000000928
-0.00000001333
-0.00000001640
-0.00000000422
-0.00000001281
-0.00000001626
-0.00000000352
-0.00000001321
-0.00000001789
-0.00000000442
-0.00000001346
-0.00000001804
-0.00000002266
-0.00000001016
-0.00000001499
-0.00000000814
-0.00000001289
-0.00000002268
-0.00000002543
-0.00000001365
-0.00000001603
-0.00000000337
-0.00000001283
-0.00000001635
-0.00000000523
-0.00000001339
-0.00000001725
-0.00000002215
-0.00000000942
-0.00000001947
-0.00000002198
-0.00000001119
-0.00000001458
-0.00000001773
-0.00000002551
-0.00000001490
-0.00000001902
-0.00000000668
-0.00000001598
-0.00000002009
-0.00000002486
-0.00000001139
-0.00000001488
-0.00000001853
-0.00000001067
-0.00000001535
-0.00000000267
-0.00000001232
-0.00000001682
-0.00000000357
-0.00000001372
-0.00000001678
-0.00000002155
-0.00000001001
-0.00000001522
-0.00000002490
-0.00000001154
-0.00000001750
-0.00000002054
-0.00000002565
-0.00000001464
-0.00000001818
-0.00000002858
-0.00000001700
-0.00000002252
-0.00000002655
-0.00000001521
-0.00000001880
-0.00000002386
-0.00000001233
-0.00000002126
-0.00000002483
-0.00000001389
-0.00000001673
-0.00000002130
-0.00000000874
-0.00000001403
-0.00000002305
-0.00000001078
-0.00000001379
-0.00000001785
-0.00000002162
-0.00000001140
-0.00000002044
-0.00000002353
-0.00000001152
-0.00000001713
-0.00000001953
-0.00000002363
-0.00000001171
-0.00000001554
-0.00000002440
-0.00000002835
-0.00000003231
-0.00000002018
-0.00000002285
-0.00000002715
-0.00000001531
-0.00000001758
-0.00000002267
-0.00000002696
-0.00000001558
-0.00000001953
-0.00000002242
-0.00000001096
-0.00000001611
-0.00000002488
-0.00000000804
-0.00000001745
-0.00000002169
-0.00000000946
-0.00000001310
-0.00000001691
-0.00000001006
-0.00000001282
-0.00000001625
-0.00000000536
-0.00000000838
-0.00000001284
-0.00000002175
-0.00000001053
-0.00000001416
-0.00000001833
-0.00000000693
-0.00000001075
-0.00000001986
-0.00000002405
-0.00000001307
-0.00000001725
-0.00000002241
-0.00000002645
-0.00000001433
-0.00000001820
-0.00000002312
-0.00000001150
-0.00000001427
-0.00000002331
-0.00000002735
-0.00000001493
-0.00000001897
-0.00000002205
-0.00000002452
-0.00000001272
-0.00000001735
-0.00000002078
-0.00000000925
-0.00000001370
-0.00000001744
-0.00000001990
-0.00000001344
-0.00000001765
-0.00000002125
-0.00000002591
-0.00000001354
-0.00000001788
-0.00000002205
-0.00000001185
-0.00000001570
-0.00000001914
-0.00000002423
-0.00000001274
-0.00000001624
-0.00000002021
-0.00000000829
-0.00000001815
-0.00000002159
-0.00000000919
-0.00000001403
-0.00000001757
-0.00000002050
-0.00000001090
-0.00000001288
-0.00000001790
-0.00000000563
-0.00000001496
-0.00000001810
-0.00000000687
-0.00000001028
-0.00000001531
-0.00000001976
-0.00000000859
-0.00000001320
-0.00000002259
-0.00000001214
-0.00000001631
-0.00000002163
-0.00000000991
-0.00000001587
-0.00000001987
-0.00000002496
-0.00000001356
-0.00000001742
-0.00000002257
-0.00000001201
-0.00000001550
-0.00000000652
-0.00000001118
-0.00000001952
-0.00000000815
-0.00000001220
-0.00000001597
-0.00000000397
-0.00000000955
-0.00000001817
-0.00000000617
-0.00000000943
-0.00000001348
-0.00000000223
-0.00000001026
-0.00000001414
-0.00000000235
-0.00000000654
0.00000000083
-0.00000000295
-0.00000000778
-0.00000000125
-0.00000000411
-0.00000000877
-0.00000000219
-0.00000000586
-0.00000001020
0.00000000099
-0.00000000762
-0.00000001148
-0.00000000441
-0.00000000800
-0.00000001264
-0.00000000080
-0.00000001001
-0.00000001309
-0.00000000146
-0.00000000857
-0.00000001192
-0.00000000171
-0.00000000542
-0.00000001356
-0.00000000149
-0.00000001053
-0.00000001449
-0.00000001818
-0.00000000720
-0.00000001105
-0.00000001956
-0.00000000833
-0.00000001184
-0.00000001694
-0.00000002664
-0.00000001378
-0.00000001963
-0.00000002429
-0.00000001353
-0.00000001834
-0.00000002196
-0.00000002781
-0.00000002197
-0.00000002005
-0.00000002475
-0.00000001835
-0.00000002302
-0.00000002619
-0.00000003112
-0.00000001868
-0.00000002312
-0.00000002750
-0.00000001442
-0.00000002066
-0.00000002375
-0.00000001293
-0.00000001559
-0.00000002000
-0.00000002351
-0.00000001158
-0.00000001407
-0.00000001621
-0.00000000571
-0.00000001232
-0.00000001591
-0.00000000275
-0.00000000773
-0.00000001586
-0.00000001774
-0.00000000471
-0.00000000868
-0.00000001169
-0.00000000641
-0.00000000898
-0.00000001301
-0.00000002095
-0.00000000447
-0.00000001279
-0.00000001746
-0.00000000421
-0.00000001361
-0.00000001675
-0.00000002044
-0.00000000796
-0.00000001014
-0.00000001936
-0.00000002383
-0.00000001098
-0.00000001640
-0.00000001931
-0.00000000785
-0.00000001165
-0.00000002122
-0.00000000947
-0.00000001227
-0.00000001693
-0.00000000555
-0.00000001322
-0.00000001544
-0.00000000279
-0.00000000638
-0.00000001374
-0.00000000138
-0.00000000532
-0.00000001448
-0.00000000256
-0.00000001091
-0.00000001527
-0.00000000491
-0.00000000900
-0.00000001178
-0.00000002151
-0.00000001001
-0.00000001364
-0.00000001778
-0.00000000635
-0.00000001466
-0.00000001904
-0.00000000683
-0.00000001114
-0.00000001879
-0.00000002311
-0.00000001060
-0.00000001462
-0.00000001777
-0.00000000915
-0.00000001393
-0.00000001709
-0.00000001934
-0.00000000757
-0.00000001537
-0.00000002013
-0.00000000865
-0.00000001171
-0.00000001954
-0.00000002245
-0.00000001123
-0.00000001426
-0.00000001875
-0.00000002149
-0.00000001408
-0.00000001835
-0.00000002164
-0.00000000909
-0.00000001299
-0.00000001635
-0.00000000855
-0.00000001349
-0.00000001717
-0.00000000362
-0.00000001330
-0.00000001587
-0.00000000425
-0.00000001155
-0.00000001606
-0.00000000384
-0.00000001227
-0.00000001523
-0.00000000267
-0.00000000959
-0.00000001234
-0.00000000055
-0.00000000794
-0.00000001003
0.00000000194
-0.00000000643
-0.00000000880
-0.00000000157
-0.00000000464
0.00000000768
-0.00000000004
-0.00000000312
0.00000000420
-0.00000000025
-0.00000000773
0.00000000325
-0.00000000352
-0.00000000726
-0.00000000096
-0.00000000375
-0.00000001257
0.00000000127
-0.00000000820
-0.00000001107
-0.00000000499
-0.00000000795
0.00000000328
-0.00000000398
-0.00000001091
0.00000000108
-0.00000000802
-0.00000001098
-0.00000000326
-0.00000000766
-0.00000000092
-0.00000000467
-0.00000001292
-0.00000000237
-0.00000001156
-0.00000001405
-0.00000000255
-0.00000001158
-0.00000002110
-0.00000000818
-0.00000001253
-0.00000002146
-0.00000000915
-0.00000001232
-0.00000002150
-0.00000000813
-0.00000001276
-0.00000002072
-0.00000002302
-0.00000001299
-0.00000002016
-0.00000002400
-0.00000001205
-0.00000002025
-0.00000002433
-0.00000001249
-0.00000001698
-0.00000002668
-0.00000001452
-0.00000001948
-0.00000002211
-0.00000001623
-0.00000001889
-0.00000002335
-0.00000001066
-0.00000002040
-0.00000002408
-0.00000002825
-0.00000001612
-0.00000002393
-0.00000002904
-0.00000003208
-0.00000001963
-0.00000002401
-0.00000002769
-0.00000002929
-0.00000001736
-0.00000002074
-0.00000002535
-0.00000003312
-0.00000003690
-0.00000002307
-0.00000002721
-0.00000003051
-0.00000003412
-0.00000002273
-0.00000002613
-0.00000003025
-0.00000003446
-0.00000002143
-0.00000002614
-0.00000002935
-0.00000003384
-0.00000002125
-0.00000002351
-0.00000002776
-0.00000003150
-0.00000001883
-0.00000002262
-0.00000002733
-0.00000002963
-0.00000001799
-0.00000002023
-0.00000002534
-0.00000002751
-0.00000001607
-0.00000001838
-0.00000002242
-0.00000001005
-0.00000001312
-0.00000001736
-0.00000002709
-0.00000001527
-0.00000001872
-0.00000002279
-0.00000001092
-0.00000001597
-0.00000001936
-0.00000000854
-0.00000001363
-0.00000002332
-0.00000001307
-0.00000001677
-0.00000002105
-0.00000002407
-0.00000001512
-0.00000001976
-0.00000002325
-0.00000001251
-0.00000001657
-0.00000002094
-0.00000001329
-0.00000001808
-0.00000002180
-0.00000001045
-0.00000001433
-0.00000001860
-0.00000000709
-0.00000001174
-0.00000002059
-0.00000000915
-0.00000001495
-0.00000001919
-0.00000000776
-0.00000001211
-0.00000002087
-0.00000001048
-0.00000001394
-0.00000001929
-0.00000000789
-0.00000001181
-0.00000002066
-0.00000001069
-0.00000001547
-0.00000001925
-0.00000000900
-0.00000001213
-0.00000001532
-0.00000001058
-0.00000001330
-0.00000001731
-0.00000000523
-0.00000000888
-0.00000001207
-0.00000002084
-0.00000000939
-0.00000001384
-0.00000001824
-0.00000000540
-0.00000001502
-0.00000001824
-0.00000000666
-0.00000001048
-0.00000001402
-0.00000002267
-0.00000001327
-0.00000001823
-0.00000002265
-0.00000001171
-0.00000001702
-0.00000000508
-0.00000000871
-0.00000001692
-0.00000002140
-0.00000000932
-0.00000001326
-0.00000001716
-0.00000000591
-0.00000001493
-0.00000001930
-0.00000000709
-0.00000001195
-0.00000001588
-0.00000000224
-0.00000001153
-0.00000001602
-0.00000000485
-0.00000000860
-0.00000001265
-0.00000000605
-0.00000001077
-0.00000001561
-0.00000000342
-0.00000001246
-0.00000001703
-0.00000000509
-0.00000000836
-0.00000001796
-0.00000000680
-0.00000001016
-0.00000001427
-0.00000000921
-0.00000001360
-0.00000001781
-0.00000000573
-0.00000001015
-0.00000001887
-0.00000000860
-0.00000001238
-0.00000001626
-0.00000001068
-0.00000001540
-0.00000001935
-0.00000000851
-0.00000001209
-0.00000002155
-0.00000001176
-0.00000001581
-0.00000001974
-0.00000000839
-0.00000001224
-0.00000002174
-0.00000001189
-0.00000001570
-0.00000002102
-0.00000000949
-0.00000001429
-0.00000000359
-0.00000001373
-0.00000001727
-0.00000000748
-0.00000001071
-0.00000001909
-0.00000000795
-0.00000001131
-0.00000001526
-0.00000000845
-0.00000001308
-0.00000001612
-0.00000001956
-0.00000000756
-0.00000001587
-0.00000002043
-0.00000000863
-0.00000001279
-0.00000001633
-0.00000000833
-0.00000001179
-0.00000001479
-0.00000000211
-0.00000000995
-0.00000001279
-0.00000000006
-0.00000000806
-0.00000001213
0.00000000076
-0.00000000820
-0.00000001152
-0.00000001442
-0.00000000870
-0.00000001230
-0.00000001646
-0.00000002074
-0.00000001019
-0.00000001846
-0.00000002272
-0.00000002742
-0.00000001624
-0.00000002008
-0.00000002435
-0.00000002924
-0.00000001809
-0.00000002258
-0.00000002724
-0.00000003043
-0.00000001961
-0.00000002303
-0.00000002616
-0.00000003183
-0.00000002062
-0.00000002486
-0.00000002837
-0.00000003273
-0.00000002172
-0.00000002593
-0.00000002815
-0.00000003312
-0.00000001641
-0.00000002097
-0.00000002912
-0.00000002771
-0.00000001712
-0.00000002103
-0.00000002664
-0.00000001436
-0.00000001795
-0.00000002245
-0.00000002617
-0.00000001417
-0.00000001823
-0.00000002157
-0.00000000987
-0.00000001439
-0.00000001817
-0.00000000660
-0.00000001051
-0.00000002024
-0.00000002281
-0.00000001151
-0.00000001603
-0.00000002089
-0.00000000774
-0.00000001271
-0.00000001669
-0.00000001851
-0.00000000681
-0.00000001104
-0.00000001819
-0.00000000673
-0.00000000979
-0.00000001418
-0.00000000101
-0.00000000382
-0.00000001328
-0.00000000156
-0.00000000506
-0.00000000876
-0.00000000139
-0.00000000583
-0.00000000914
0.00000000353
-0.00000000587
-0.00000000952
0.00000000143
-0.00000000670
0.00000000501
-0.00000000119
-0.00000000926
-0.00000000033
-0.00000000313
-0.00000001258
0.00000000021
-0.00000000510
-0.00000001375
-0.00000000224
-0.00000000557
-0.00000000815
-0.00000000329
-0.00000000768
-0.00000001693
-0.00000000363
-0.00000000916
-0.00000001389
-0.00000002278
-0.00000001022
-0.00000001496
-0.00000001955
-0.00000000846
-0.00000001636
-0.00000002065
-0.00000002561
-0.00000001324
-0.00000001701
-0.00000002034
-0.00000000842
-0.00000001372
-0.00000002223
-0.00000002660
-0.00000001523
-0.00000001863
-0.00000002307
-0.00000001092
-0.00000001395
-0.00000001879
-0.00000000762
-0.00000001552
-0.00000001990
-0.00000000754
-0.00000001167
-0.00000001614
-0.00000000491
-0.00000001460
-0.00000001791
-0.00000000789
-0.00000001215
0.00000000012
-0.00000000892
-0.00000001396
-0.00000000783
-0.00000001167
-0.00000001669
-0.00000000515
-0.00000000923
-0.00000001819
-0.00000000657
-0.00000001087
-0.00000001328
-0.00000000770
-0.00000001088
-0.00000001426
-0.00000000331
-0.00000001268
-0.00000001656
-0.00000000277
-0.00000000713
-0.00000001707
-0.00000000391
-0.00000001349
-0.00000001691
-0.00000000362
-0.00000000805
-0.00000001636
-0.00000000566
-0.00000000752
-0.00000001171
-0.00000000446
-0.00000000842
-0.00000001148
-0.00000000380
-0.00000000852
-0.00000001258
-0.00000000459
-0.00000000755
-0.00000001521
-0.00000000410
-0.00000000819
-0.00000001525
-0.00000001984
-0.00000000705
-0.00000001004
-0.00000001863
-0.00000000622
-0.00000000865
-0.00000001650
-0.00000000321
-0.00000000738
-0.00000001451
-0.00000001858
-0.00000000363
-0.00000001234
-0.00000001570
-0.00000000232
-0.00000001162
-0.00000001536
-0.00000000167
-0.00000000930
-0.00000001345
-0.00000000706
-0.00000000908
-0.00000001387
-0.00000002182
-0.00000000891
-0.00000001263
-0.00000002225
-0.00000000942
-0.00000001383
-0.00000001816
-0.00000002502
-0.00000001320
-0.00000001622
-0.00000001924
-0.00000002416
-0.00000001250
-0.00000001933
-0.00000002278
-0.00000002615
-0.00000001364
-0.00000002292
-0.00000002546
-0.00000002982
-0.00000001558
-0.00000001982
-0.00000002357
-0.00000002664
-0.00000001464
-0.00000001708
-0.00000002559
-0.00000001369
-0.00000001584
-0.00000001984
-0.00000002301
-0.00000000947
-0.00000001213
-0.00000002149
-0.00000000894
-0.00000001083
-0.00000001348
-0.00000002181
-0.00000000901
-0.00000001244
-0.00000001946
-0.00000000709
-0.00000001001
-0.00000001200
-0.00000002010
-0.00000000826
-0.00000001105
-0.00000001411
-0.00000000720
-0.00000001116
-0.00000001287
-0.00000000619
-0.00000001061
-0.00000001330
-0.00000000104
-0.00000001055
-0.00000001966
-0.00000000756
-0.00000001063
-0.00000001390
-0.00000002325
-0.00000000939
-0.00000001397
-0.00000001788
-0.00000000314
-0.00000001328
-0.00000001659
-0.00000000543
-0.00000001400
-0.00000001753
-0.00000002303
-0.00000000938
-0.00000001930
-0.00000002308
-0.00000002571
-0.00000001417
-0.00000001753
-0.00000002116
-0.00000001368
-0.00000001586
-0.00000002129
-0.00000002378
-0.00000001336
-0.00000001653
-0.00000002478
-0.00000001321
-0.00000001809
-0.00000002027
-0.00000002438
-0.00000001193
-0.00000001551
-0.00000002577
-0.00000002891
-0.00000001665
-0.00000002056
-0.00000002447
-0.00000002886
-0.00000001617
-0.00000002060
-0.00000002344
-0.00000002761
-0.00000002879
-0.00000001857
-0.00000002254
-0.00000002546
-0.00000001416
-0.00000001752
-0.00000002537
-0.00000002399
-0.00000001600
-0.00000001965
-0.00000002287
-0.00000002745
-0.00000001485
-0.00000001899
-0.00000002271
-0.00000001158
-0.00000001488
-0.00000001691
-0.00000002665
-0.00000000836
-0.00000001645
-0.00000001959
-0.00000000737
-0.00000001034
-0.00000001214
-0.00000002097
-0.00000000834
-0.00000001146
-0.00000001507
-0.00000000169
-0.00000000921
-0.00000001479
-0.00000000279
-0.00000000686
0.00000000075
-0.00000000352
-0.00000000675
0.00000000083
-0.00000000279
-0.00000001128
0.00000000108
-0.00000000723
0.00000000432
0.00000000156
-0.00000000734
0.00000000591
-0.00000000240
-0.00000000489
0.00000000167
-0.00000000194
0.00000000536
0.00000000221
-0.00000000584
0.00000000671
-0.00000000258
-0.00000000639
0.00000000150
-0.00000000157
-0.00000001073
0.00000000235
-0.00000000723
-0.00000000995
-0.00000001714
-0.00000000495
-0.00000000912
-0.00000001752
-0.00000000435
-0.00000001275
-0.00000001634
-0.00000001898
-0.00000000585
-0.00000001499
-0.00000001967
-0.00000000744
-0.00000001513
-0.00000001957
-0.00000002294
-0.00000001050
-0.00000001857
-0.00000002158
-0.00000002491
-0.00000001262
-0.00000002124
-0.00000002405
-0.00000001090
-0.00000001329
-0.00000001992
-0.00000002456
-0.00000001196
-0.00000001476
-0.00000001869
-0.00000002621
-0.00000001387
-0.00000001809
-0.00000002093
-0.00000002170
-0.00000001524
-0.00000001813
-0.00000002125
-0.00000002564
-0.00000001314
-0.00000002318
-0.00000002630
-0.00000002976
-0.00000001791
-0.00000002079
-0.00000002584
-0.00000003122
-0.00000001851
-0.00000002258
-0.00000002784
-0.00000003132
-0.00000003674
-0.00000002494
-0.00000002904
-0.00000003443
-0.00000003783
-0.00000002539
-0.00000002481
-0.00000003376
-0.00000003192
-0.00000001887
-0.00000002349
-0.00000002716
-0.00000003147
-0.00000001779
-0.00000002244
-0.00000002627
-0.00000001391
-0.00000001596
-0.00000002024
-0.00000000848
-0.00000001702
-0.00000000491
-0.00000000812
-0.00000001308
-0.00000000030
-0.00000000830
-0.00000001173
0.00000000158
-0.00000000793
-0.00000001099
0.00000000116
-0.00000000697
-0.00000001022
-0.00000001455
-0.00000000182
-0.00000000960
-0.00000001387
-0.00000000195
-0.00000000992
-0.00000001320
0.00000000015
-0.00000000788
-0.00000000929
-0.00000001418
-0.00000000191
-0.00000001061
-0.00000001305
0.00000000038
-0.00000000781
-0.00000001078
-0.00000001399
-0.00000000658
-0.00000000902
-0.00000001230
-0.00000000567
-0.00000000936
-0.00000001175
-0.00000002135
-0.00000000912
-0.00000001307
-0.00000001648
-0.00000001965
-0.00000001245
-0.00000001537
-0.00000001842
-0.00000000722
-0.00000001478
-0.00000001906
-0.00000002027
-0.00000002430
-0.00000001302
-0.00000001599
-0.00000002358
-0.00000001252
-0.00000001539
-0.00000001876
-0.00000002285
-0.00000000890
-0.00000001910
-0.00000002200
-0.00000002389
-0.00000002774
-0.00000001542
-0.00000001884
-0.00000002121
-0.00000002468
-0.00000001062
-0.00000001973
-0.00000002258
-0.00000002552
-0.00000001293
-0.00000001429
-0.00000001841
-0.00000000627
-0.00000001334
-0.00000001636
-0.00000002026
-0.00000000819
-0.00000001015
-0.00000000344
-0.00000000735
-0.00000000972
-0.00000000296
-0.00000000791
-0.00000001096
-0.00000000301
-0.00000000602
-0.00000000982
-0.00000000144
-0.00000000676
-0.00000000882
-0.00000000232
-0.00000000518
-0.00000001316
-0.00000000177
-0.00000000493
-0.00000001349
-0.00000000097
-0.00000001049
0.00000000158
-0.00000000252
-0.00000001167
0.00000000179
-0.00000000655
-0.00000000956
0.00000000133
-0.00000000571
0.00000000622
-0.00000000278
-0.00000000810
-0.00000001551
-0.00000000293
-0.00000001221
-0.00000001639
-0.00000000307
-0.00000001190
-0.00000001526
-0.00000000518
-0.00000001271
-0.00000001656
-0.00000000275
-0.00000001130
-0.00000001536
-0.00000002367
-0.00000001099
-0.00000001378
-0.00000001741
-0.00000000843
-0.00000001293
-0.00000002101
-0.00000002404
-0.00000001322
-0.00000001718
-0.00000002077
-0.00000002407
-0.00000001606
-0.00000002056
-0.00000002248
-0.00000002580
-0.00000001355
-0.00000002216
-0.00000002611
-0.00000002865
-0.00000001688
-0.00000002083
-0.00000002505
-0.00000002896
-0.00000001601
-0.00000002002
-0.00000002348
-0.00000003064
-0.00000001969
-0.00000002333
-0.00000002698
-0.00000003079
-0.00000003364
-0.00000002105
-0.00000002345
-0.00000002680
-0.00000002899
-0.00000001733
-0.00000001998
-0.00000002242
-0.00000002650
-0.00000001312
-0.00000001696
-0.00000001988
-0.00000002644
-0.00000001398
-0.00000001758
-0.00000001903
-0.00000002368
-0.00000001201
-0.00000001597
-0.00000002517
-0.00000000663
-0.00000001459
-0.00000001817
-0.00000002103
-0.00000000877
-0.00000001141
-0.00000001966
-0.00000000726
-0.00000000890
0.00000000291
-0.00000000458
-0.00000000816
-0.00000000003
-0.00000000322
-0.00000001167
0.00000000161
-0.00000000083
-0.00000000953
0.00000000300
-0.00000000580
-0.00000000831
0.00000000420
-0.00000000260
-0.00000000727
0.00000000165
-0.00000000110
-0.00000000886
0.00000000431
-0.00000000317
0.00000000876
0.00000000126
-0.00000000162
0.00000000602
-0.00000000250
-0.00000000574
0.00000000168
-0.00000000142
-0.00000000836
0.00000000418
-0.00000000294
-0.00000000724
0.00000000086
-0.00000000781
-0.00000001088
-0.00000001872
-0.00000000375
-0.00000000735
-0.00000001547
-0.00000000251
-0.00000001019
-0.00000001261
-0.00000000724
-0.00000000997
-0.00000001772
-0.00000000652
-0.00000000936
-0.00000001790
-0.00000002275
-0.00000000928
-0.00000001846
-0.00000002054
-0.00000000799
-0.00000001503
-0.00000001941
-0.00000002356
-0.00000001580
-0.00000001955
-0.00000002371
-0.00000002696
-0.00000001354
-0.00000002309
-0.00000002416
-0.00000002916
-0.00000001511
-0.00000002412
-0.00000002813
-0.00000003192
-0.00000002012
-0.00000002268
-0.00000002777
-0.00000003187
-0.00000001838
-0.00000002692
-0.00000003027
-0.00000003288
-0.00000003244
-0.00000001994
-0.00000002853
-0.00000002952
-0.00000003336
-0.00000002254
-0.00000002512
-0.00000002695
-0.00000002999
-0.00000001628
-0.00000002054
-0.00000002224
-0.00000002632
-0.00000002896
-0.00000001546
-0.00000001815
-0.00000002608
-0.00000002383
-0.00000001589
-0.00000001759
-0.00000001950
-0.00000000781
-0.00000001104
-0.00000001920
-0.00000002267
-0.00000001084
-0.00000001324
-0.00000001780
-0.00000000967
-0.00000001336
-0.00000001576
-0.00000001851
-0.00000001142
-0.00000001436
-0.00000001744
-0.00000000562
-0.00000000771
-0.00000001696
-0.00000000523
-0.00000001298
-0.00000001676
-0.00000001924
-0.00000000794
-0.00000001546
-0.00000000327
-0.00000000746
-0.00000001674
-0.00000001941
-0.00000000868
-0.00000001173
-0.00000001449
-0.00000000793
-0.00000001085
-0.00000001313
-0.00000000523
-0.00000000783
-0.00000001217
-0.00000001788
-0.00000000700
-0.00000001053
-0.00000001940
-0.00000000679
-0.00000000938
-0.00000001788
-0.00000001936
-0.00000000752
-0.00000001531
-0.00000001833
-0.00000002023
-0.00000000858
-0.00000001712
-0.00000001968
-0.00000000805
-0.00000001122
-0.00000001834
-0.00000002173
-0.00000000924
-0.00000001181
-0.00000001956
-0.00000000736
-0.00000000965
-0.00000001631
-0.00000002047
-0.00000000714
-0.00000001018
-0.00000002023
-0.00000002295
-0.00000001171
-0.00000001309
-0.00000002233
-0.00000002535
-0.00000001405
-0.00000001662
-0.00000002132
-0.00000000830
-0.00000001666
-0.00000001992
-0.00000002259
-0.00000000939
-0.00000001368
-0.00000002134
-0.00000002447
-0.00000001202
-0.00000001606
-0.00000001954
-0.00000000677
-0.00000001505
-0.00000001871
-0.00000000698
-0.00000001531
-0.00000001741
-0.00000000528
-0.00000001315
-0.00000001601
-0.00000001933
-0.00000000617
-0.00000001356
-0.00000001694
-0.00000000322
-0.00000001105
-0.00000001399
-0.00000000125
-0.00000000822
-0.00000001262
-0.00000000419
-0.00000000807
-0.00000001095
-0.00000000394
-0.00000000754
-0.00000001551
-0.00000000205
-0.00000000721
-0.00000001441
-0.00000000047
-0.00000000992
-0.00000001224
0.00000000067
-0.00000000804
-0.00000001003
-0.00000000168
-0.00000000554
-0.00000001351
-0.00000000197
-0.00000000372
-0.00000001086
-0.00000000298
-0.00000000570
-0.00000001554
-0.00000000229
-0.00000000584
-0.00000001197
-0.00000000036
-0.00000000960
-0.00000001359
-0.00000000668
-0.00000000865
-0.00000001784
-0.00000002102
-0.00000000839
-0.00000001628
-0.00000002093
-0.00000002542
-0.00000001303
-0.00000002069
-0.00000002264
-0.00000000983
-0.00000001348
-0.00000002288
-0.00000002475
-0.00000001429
-0.00000002216
-0.00000002544
-0.00000002933
-0.00000001790
-0.00000002037
-0.00000002403
-0.00000002783
-0.00000001630
-0.00000002508
-0.00000002738
-0.00000003099
-0.00000001874
-0.00000002154
-0.00000002447
-0.00000002902
-0.00000001702
-0.00000002089
-0.00000003026
-0.00000003417
-0.00000001677
-0.00000002596
-0.00000002889
-0.00000003106
-0.00000001974
-0.00000002328
-0.00000002692
-0.00000003090
-0.00000001886
-0.00000002153
-0.00000002555
-0.00000002853
-0.00000001797
-0.00000002113
-0.00000002622
-0.00000001364
-0.00000002261
-0.00000002707
-0.00000002954
-0.00000001614
-0.00000001950
-0.00000002364
-0.00000001242
-0.00000001524
-0.00000001827
-0.00000001131
-0.00000001572
-0.00000001871
-0.00000000750
-0.00000001161
-0.00000001980
-0.00000002401
-0.00000001265
-0.00000001642
-0.00000002037
-0.00000000918
-0.00000001318
-0.00000002252
-0.00000001144
-0.00000001395
-0.00000001765
-0.00000002146
-0.00000000889
-0.00000001847
-0.00000002179
-0.00000000844
-0.00000001195
-0.00000001496
-0.00000000786
-0.00000001047
-0.00000001509
-0.00000001622
-0.00000000364
-0.00000001233
-0.00000001457
-0.00000000098
-0.00000001090
-0.00000001332
-0.00000000072
-0.00000000882
-0.00000001445
-0.00000001821
-0.00000000639
-0.00000001425
-0.00000001689
-0.00000000503
-0.00000000886
-0.00000001744
-0.00000000368
-0.00000000858
-0.00000001644
-0.00000001995
-0.00000000792
-0.00000001240
-0.00000001490
-0.00000000840
-0.00000001125
-0.00000001511
-0.00000000718
-0.00000001055
-0.00000001457
-0.00000001817
-0.00000000501
-0.00000001484
-0.00000000242
-0.00000001149
-0.00000001484
-0.00000001913
-0.00000000744
-0.00000001736
-0.00000002112
-0.00000002471
-0.00000001315
-0.00000001644
-0.00000002081
-0.00000002377
-0.00000001698
-0.00000001967
-0.00000002281
-0.00000002643
-0.00000002859
-0.00000001681
-0.00000002036
-0.00000002265
-0.00000002550
-0.00000001400
-0.00000001653
-0.00000002516
-0.00000001302
-0.00000001725
-0.00000002294
-0.00000002707
-0.00000001509
-0.00000001768
-0.00000002264
-0.00000002773
-0.00000001564
-0.00000002001
-0.00000002212
-0.00000002647
-0.00000001492
-0.00000001748
-0.00000002204
-0.00000002558
-0.00000001226
-0.00000001526
-0.00000001841
-0.00000002797
-0.00000001542
-0.00000001896
-0.00000002340
-0.00000000991
-0.00000001354
-0.00000001571
-0.00000000383
-0.00000000740
-0.00000001648
-0.00000002042
-0.00000000757
-0.00000001145
-0.00000001500
-0.00000000863
-0.00000001246
-0.00000001552
-0.00000001824
-0.00000000773
-0.00000001082
-0.00000001973
-0.00000000784
-0.00000001149
-0.00000001488
-0.00000001848
-0.00000000655
-0.00000001642
-0.00000001817
-0.00000002333
-0.00000001034
-0.00000001495
-0.00000001835
-0.00000000662
-0.00000001525
-0.00000001929
-0.00000002346
-0.00000001145
-0.00000001481
-0.00000001870
-0.00000002204
-0.00000001128
-0.00000001453
-0.00000002415
-0.00000001294
-0.00000001580
-0.00000002091
-0.00000002297
-0.00000001123
-0.00000001449
-0.00000001811
-0.00000002176
-0.00000000862
-0.00000001906
-0.00000002296
-0.00000001014
-0.00000001368
-0.00000001882
-0.00000002212
-0.00000001192
-0.00000001486
-0.00000001830
-0.00000001280
-0.00000001565
-0.00000001931
-0.00000002302
-0.00000000963
-0.00000001264
-0.00000001761
-0.00000000661
-0.00000000968
-0.00000001983
-0.00000002406
-0.00000001254
-0.00000001675
-0.00000002114
-0.00000000928
-0.00000001402
-0.00000001752
-0.00000002526
-0.00000001383
-0.00000001671
-0.00000002238
-0.00000002679
-0.00000001426
-0.00000001826
-0.00000002127
-0.00000000967
-0.00000001264
-0.00000001582
-0.00000000531
-0.00000000800
-0.00000001740
-0.00000002025
-0.00000000842
-0.00000001240
-0.00000001388
-0.00000001944
-0.00000000741
-0.00000001586
-0.00000001870
-0.00000002090
-0.00000000903
-0.00000001365
-0.00000001689
-0.00000000491
-0.00000001404
-0.00000001655
-0.00000001950
-0.00000000760
-0.00000001114
-0.00000001351
-0.00000000153
-0.00000000973
-0.00000001232
-0.00000001368
-0.00000000261
-0.00000001021
-0.00000001315
0.00000000178
-0.00000000173
-0.00000000962
-0.00000001285
-0.00000000157
-0.00000000881
-0.00000001359
-0.00000000175
-0.00000000852
-0.00000001110
-0.00000001488
-0.00000000077
-0.00000000958
-0.00000001370
-0.00000001785
-0.00000000610
-0.00000000877
-0.00000001738
-0.00000000487
-0.00000000817
-0.00000001720
-0.00000000327
-0.00000000733
-0.00000001538
-0.00000001849
-0.00000000765
-0.00000001145
-0.00000000101
-0.00000000917
-0.00000001338
-0.00000001797
-0.00000001015
-0.00000001416
-0.00000001758
-0.00000000456
-0.00000000970
-0.00000001931
-0.00000000723
-0.00000001036
-0.00000001820
-0.00000000636
-0.00000000860
-0.00000001259
-0.00000000439
-0.00000000769
-0.00000001315
-0.00000000637
-0.00000000887
-0.00000001797
-0.00000000771
-0.00000000953
-0.00000001366
-0.00000002217
-0.00000001013
-0.00000001384
-0.00000001692
-0.00000001054
-0.00000001513
-0.00000001858
-0.00000002213
-0.00000001056
-0.00000002048
-0.00000002348
-0.00000001040
-0.00000001431
-0.00000001793
-0.00000002187
-0.00000001351
-0.00000001784
-0.00000002209
-0.00000000980
-0.00000001330
-0.00000001730
-0.00000002627
-0.00000001506
-0.00000001891
-0.00000002398
-0.00000001057
-0.00000001444
-0.00000002343
-0.00000001224
-0.00000001550
-0.00000001909
-0.00000002290
-0.00000001169
-0.00000002072
-0.00000002436
-0.00000002797
-0.00000001684
-0.00000002084
-0.00000002458
-0.00000001221
-0.00000001440
-0.00000001858
-0.00000001172
-0.00000001363
-0.00000001710
-0.00000002114
-0.00000000812
-0.00000001012
-0.00000002070
-0.00000000676
-0.00000000979
-0.00000001324
-0.00000002063
-0.00000000780
-0.00000000975
-0.00000001364
-0.00000000078
-0.00000000955
-0.00000001322
-0.00000001500
-0.00000000815
-0.00000001102
-0.00000001399
-0.00000001907
-0.00000001238
-0.00000001401
-0.00000001806
-0.00000000537
-0.00000000744
-0.00000001623
-0.00000002033
-0.00000000871
-0.00000001142
-0.00000001965
-0.00000000758
-0.00000001064
-0.00000001323
-0.00000002092
-0.00000000900
-0.00000001235
-0.00000001553
-0.00000002574
-0.00000000645
-0.00000001771
-0.00000002059
-0.00000000838
-0.00000001172
-0.00000002010
-0.00000002537
-0.00000001296
-0.00000001575
-0.00000002008
-0.00000000843
-0.00000001813
-0.00000002238
-0.00000002720
-0.00000001433
-0.00000001819
-0.00000002309
-0.00000001160
-0.00000001557
-0.00000002408
-0.00000002902
-0.00000001795
-0.00000002142
-0.00000002484
-0.00000002712
-0.00000001592
-0.00000001964
-0.00000002271
-0.00000002618
-0.00000001466
-0.00000001761
-0.00000002119
-0.00000002680
-0.00000001475
-0.00000001894
-0.00000002220
-0.00000001081
-0.00000001917
-0.00000002190
-0.00000002546
-0.00000002953
-0.00000001749
-0.00000002106
-0.00000002432
-0.00000002844
-0.00000001708
-0.00000001981
-0.00000002510
-0.00000002121
-0.00000001068
-0.00000002031
-0.00000002257
-0.00000002753
-0.00000001510
-0.00000001871
-0.00000002373
-0.00000002692
-0.00000001494
-0.00000001822
-0.00000002183
-0.00000001011
-0.00000001345
-0.00000001820
-0.00000000552
-0.00000001051
-0.00000001411
-0.00000001583
-0.00000001020
-0.00000001260
-0.00000001670
-0.00000000374
-0.00000000676
-0.00000001177
-0.00000000369
-0.00000000766
-0.00000001197
0.00000000097
-0.00000000863
-0.00000001131
-0.00000001481
-0.00000000325
-0.00000000709
-0.00000001603
-0.00000000278
-0.00000000693
-0.00000001031
-0.00000000297
-0.00000000863
-0.00000001286
-0.00000000635
-0.00000001173
-0.00000001525
-0.00000001816
-0.00000000826
-0.00000001061
-0.00000001964
-0.00000000819
-0.00000001179
-0.00000001365
-0.00000000259
-0.00000001015
-0.00000001321
-0.00000001772
-0.00000000414
-0.00000001312
-0.00000001747
-0.00000000695
-0.00000000964
-0.00000001923
-0.00000000770
-0.00000001027
-0.00000001496
-0.00000001898
-0.00000000722
-0.00000001599
-0.00000001849
-0.00000000702
-0.00000001032
-0.00000001769
-0.00000002112
-0.00000000890
-0.00000001363
-0.00000001584
-0.00000001853
-0.00000000681
-0.00000001581
-0.00000001937
-0.00000002252
-0.00000001101
-0.00000001366
-0.00000001655
-0.00000002405
-0.00000001189
-0.00000001435
-0.00000001884
-0.00000000559
-0.00000000825
-0.00000001727
-0.00000001916
-0.00000000687
-0.00000001089
-0.00000001881
-0.00000002347
-0.00000001208
-0.00000001500
-0.00000001861
-0.00000002195
-0.00000001050
-0.00000001521
-0.00000002455
-0.00000001255
-0.00000001566
-0.00000001907
-0.00000002292
-0.00000001078
-0.00000001548
-0.00000001857
-0.00000001052
-0.00000001523
-0.00000001786
-0.00000000469
-0.00000000807
-0.00000001755
-0.00000002064
-0.00000000924
-0.00000001263
-0.00000001678
-0.00000000860
-0.00000001076
-0.00000001383
-0.00000000125
-0.00000000314
-0.00000000983
0.00000000194
-0.00000000506
-0.00000000949
-0.00000001206
-0.00000000290
-0.00000000584
-0.00000000966
-0.00000000245
-0.00000000552
-0.00000000912
-0.00000001614
-0.00000000462
-0.00000000787
-0.00000001535
-0.00000000241
-0.00000000516
-0.00000001291
-0.00000001617
-0.00000000289
-0.00000001072
-0.00000001571
-0.00000000287
-0.00000001207
-0.00000001470
-0.00000001859
-0.00000000686
-0.00000001478
-0.00000001809
-0.00000000685
-0.00000001447
-0.00000001826
-0.00000002176
-0.00000000914
-0.00000001822
-0.00000002162
-0.00000002538
-0.00000001325
-0.00000001756
-0.00000002071
-0.00000000840
-0.00000001759
-0.00000002082
-0.00000002430
-0.00000001167
-0.00000001341
-0.00000002292
-0.00000001138
-0.00000001464
-0.00000002004
-0.00000002235
-0.00000001588
-0.00000002032
-0.00000002445
-0.00000001296
-0.00000001569
-0.00000001941
-0.00000002301
-0.00000001584
-0.00000001946
-0.00000002488
-0.00000001237
-0.00000001488
-0.00000001700
-0.00000002633
-0.00000000844
-0.00000001685
-0.00000002032
-0.00000002395
-0.00000001227
-0.00000001476
-0.00000001786
-0.00000001144
-0.00000001391
-0.00000001824
-0.00000000565
-0.00000000824
-0.00000001820
-0.00000000676
-0.00000000942
-0.00000001784
-0.00000002334
-0.00000001178
-0.00000001533
-0.00000001893
-0.00000000763
-0.00000001755
-0.00000002046
-0.00000000738
-0.00000001081
-0.00000002019
-0.00000000856
-0.00000001116
-0.00000001474
-0.00000000271
-0.00000001079
-0.00000001379
-0.00000001721
-0.00000000466
-0.00000001296
-0.00000001643
-0.00000000381
-0.00000001235
-0.00000001534
-0.00000000349
-0.00000001117
-0.00000001634
-0.00000000277
-0.00000001068
-0.00000001409
-0.00000000165
-0.00000000988
-0.00000001347
-0.00000001657
-0.00000000473
-0.00000001234
-0.00000001419
-0.00000000257
-0.00000001154
-0.00000001572
-0.00000001742
-0.00000000706
-0.00000001443
-0.00000001972
-0.00000000799
-0.00000001728
-0.00000002066
-0.00000000841
-0.00000001219
-0.00000002026
-0.00000002425
-0.00000001152
-0.00000001401
-0.00000001841
-0.00000002757
-0.00000001514
-0.00000002009
-0.00000002313
-0.00000002769
-0.00000001574
-0.00000001876
-0.00000002298
-0.00000002799
-0.00000002097
-0.00000002375
-0.00000002730
-0.00000003205
-0.00000002000
-0.00000002399
-0.00000002665
-0.00000003117
-0.00000001877
-0.00000002200
-0.00000002512
-0.00000002884
-0.00000001585
-0.00000001953
-0.00000002372
-0.00000002648
-0.00000001345
-0.00000001495
-0.00000002010
-0.00000002184
-0.00000001118
-0.00000001432
-0.00000002183
-0.00000002713
-0.00000001467
-0.00000001775
-0.00000002043
-0.00000000848
-0.00000001167
-0.00000002041
-0.00000002247
-0.00000000914
-0.00000001377
-0.00000001668
-0.00000000313
-0.00000001270
-0.00000001653
-0.00000001880
-0.00000000727
-0.00000001103
-0.00000001909
-0.00000000775
-0.00000000982
-0.00000001378
-0.00000002104
-0.00000000784
-0.00000001190
-0.00000001346
-0.00000000082
-0.00000000841
-0.00000001180
-0.00000001322
-0.00000000263
-0.00000001029
-0.00000001204
-0.00000000040
-0.00000000928
-0.00000001248
-0.00000001494
-0.00000000182
-0.00000000951
-0.00000001348
-0.00000001599
-0.00000000421
-0.00000001305
-0.00000001529
-0.00000001796
-0.00000000564
-0.00000001208
-0.00000001551
-0.00000001831
-0.00000000601
-0.00000001446
-0.00000001702
-0.00000002065
-0.00000000773
-0.00000001141
-0.00000001720
-0.00000002110
-0.00000000782
-0.00000001046
-0.00000001171
-0.00000002009
-0.00000000784
-0.00000000978
-0.00000001399
-0.00000002194
-0.00000000928
-0.00000001396
-0.00000001728
-0.00000001989
-0.00000001338
-0.00000001626
-0.00000002130
-0.00000002413
-0.00000001215
-0.00000001394
-0.00000002241
-0.00000002532
-0.00000001288
-0.00000001547
-0.00000001949
-0.00000002255
-0.00000002722
-0.00000001408
-0.00000002244
-0.00000002540
-0.00000002956
-0.00000001650
-0.00000001910
-0.00000002331
-0.00000002596
-0.00000001266
-0.00000001594
-0.00000001925
-0.00000002262
-0.00000000960
-0.00000001796
-0.00000002093
-0.00000002364
-0.00000001223
-0.00000001598
-0.00000001808
-0.00000000765
-0.00000001595
-0.00000001805
-0.00000002186
-0.00000000917
-0.00000001284
-0.00000001640
-0.00000000794
-0.00000001319
-0.00000001541
-0.00000000544
-0.00000000878
-0.00000001744
-0.00000000586
-0.00000000802
-0.00000001119
-0.00000000587
-0.00000000952
-0.00000001474
-0.00000000225
-0.00000001221
-0.00000001616
-0.00000000299
-0.00000001258
-0.00000001819
-0.00000000673
-0.00000001227
-0.00000001666
-0.00000000900
-0.00000001504
-0.00000001854
-0.00000002293
-0.00000001139
-0.00000001616
-0.00000002346
-0.00000002713
-0.00000001537
-0.00000001981
-0.00000002232
-0.00000002664
-0.00000001535
-0.00000001888
-0.00000002202
-0.00000001071
-0.00000001274
-0.00000002020
-0.00000002453
-0.00000001158
-0.00000001337
-0.00000001625
-0.00000001998
-0.00000000787
-0.00000001587
-0.00000001935
-0.00000000757
-0.00000001187
-0.00000001386
-0.00000002279
-0.00000001058
-0.00000001482
-0.00000001875
-0.00000002244
-0.00000000984
-0.00000001456
-0.00000001857
-0.00000002642
-0.00000000912
-0.00000001713
-0.00000002165
-0.00000001006
-0.00000001352
-0.00000001693
-0.00000002028
-0.00000001212
-0.00000001525
-0.00000001872
-0.00000002306
-0.00000001079
-0.00000001709
-0.00000002125
-0.00000001010
-0.00000001503
-0.00000001839
-0.00000001199
-0.00000001393
-0.00000001767
-0.00000002167
-0.00000000952
-0.00000001222
-0.00000001541
-0.00000000753
-0.00000000937
-0.00000001293
-0.00000001695
-0.00000000347
-0.00000001338
-0.00000001686
-0.00000000335
-0.00000000798
-0.00000001568
-0.00000000324
-0.00000000836
-0.00000001099
-0.00000002020
-0.00000000840
-0.00000001194
-0.00000001568
-0.00000000434
-0.00000001401
-0.00000001756
-0.00000002151
-0.00000000890
-0.00000001321
-0.00000002136
-0.00000000982
-0.00000001301
-0.00000001513
-0.00000001897
-0.00000001234
-0.00000001579
-0.00000001997
-0.00000000758
-0.00000001008
-0.00000001915
-0.00000002272
-0.00000000978
-0.00000001437
-0.00000001750
-0.00000000535
-0.00000000856
-0.00000001690
-0.00000001982
-0.00000000828
-0.00000001147
-0.00000002042
-0.00000002398
-0.00000001293
-0.00000001500
-0.00000001856
-0.00000002199
-0.00000000934
-0.00000001308
-0.00000002221
-0.00000000903
-0.00000001296
-0.00000001631
-0.00000001944
-0.00000001204
-0.00000001631
-0.00000002033
-0.00000000742
-0.00000001068
-0.00000001281
-0.00000002153
-0.00000000914
-0.00000001329
-0.00000001741
-0.00000000471
-0.00000001222
-0.00000001595
-0.00000001859
-0.00000000619
-0.00000000765
-0.00000001585
-0.00000001755
-0.00000000767
-0.00000000943
-0.00000001912
-0.00000002316
-0.00000000980
-0.00000001267
-0.00000001641
-0.00000000309
-0.00000001000
-0.00000001136
-0.00000000067
-0.00000000807
-0.00000001100
-0.00000001305
-0.00000000574
-0.00000000845
-0.00000001072
0.00000000146
-0.00000000702
-0.00000000926
-0.00000001408
-0.00000000602
-0.00000000859
-0.00000001248
-0.00000002042
-0.00000000736
-0.00000001005
-0.00000001868
-0.00000000483
-0.00000000858
-0.00000001552
-0.00000001834
-0.00000000711
-0.00000001012
-0.00000001226
-0.00000000592
-0.00000000830
-0.00000001476
-0.00000001917
-0.00000000606
-0.00000000963
-0.00000001792
-0.00000002034
-0.00000000752
-0.00000001119
-0.00000001830
-0.00000002124
-0.00000000777
-0.00000001649
-0.00000001695
-0.00000002250
-0.00000000979
-0.00000001731
-0.00000002139
-0.00000000796
-0.00000001297
-0.00000001484
-0.00000002382
-0.00000001207
-0.00000001556
-0.00000001960
-0.00000002299
-0.00000001039
-0.00000001881
-0.00000002323
-0.00000002725
-0.00000001401
-0.00000001861
-0.00000002741
-0.00000002603
-0.00000001858
-0.00000002253
-0.00000002507
-0.00000002844
-0.00000001572
-0.00000001952
-0.00000002260
-0.00000002444
-0.00000001213
-0.00000001581
-0.00000002395
-0.00000002584
-0.00000001421
-0.00000001724
-0.00000002026
-0.00000000832
-0.00000001146
-0.00000002007
-0.00000002290
-0.00000001039
-0.00000001459
-0.00000001746
-0.00000002705
-0.00000000996
-0.00000001788
-0.00000002224
-0.00000001023
-0.00000001551
-0.00000001907
-0.00000002864
-0.00000001071
-0.00000001432
-0.00000002422
-0.00000001167
-0.00000001569
-0.00000001863
-0.00000002362
-0.00000001186
-0.00000001433
-0.00000002375
-0.00000002762
-0.00000001523
-0.00000001865
-0.00000002314
-0.00000002740
-0.00000001486
-0.00000001909
-0.00000002282
-0.00000002593
-0.00000001411
-0.00000001737
-0.00000002094
-0.00000002471
-0.00000001271
-0.00000001502
-0.00000001904
-0.00000001204
-0.00000001502
-0.00000001875
-0.00000002167
-0.00000000971
-0.00000001309
-0.00000001725
-0.00000002071
-0.00000000981
-0.00000001856
-0.00000002328
-0.00000000977
-0.00000001403
-0.00000001828
-0.00000002238
-0.00000000978
-0.00000001449
-0.00000002284
-0.00000001149
-0.00000001501
-0.00000001894
-0.00000002292
-0.00000001037
-0.00000001459
-0.00000001712
-0.00000002005
-0.00000000761
-0.00000001618
-0.00000001875
-0.00000002164
-0.00000000931
-0.00000001319
-0.00000001720
-0.00000000455
-0.00000000851
-0.00000001813
-0.00000002098
-0.00000001069
-0.00000001400
-0.00000001813
-0.00000000790
-0.00000001100
-0.00000002037
-0.00000002155
-0.00000001231
-0.00000001486
-0.00000001830
-0.00000000708
-0.00000001058
-0.00000001444
-0.00000002163
-0.00000001016
-0.00000001397
-0.00000001682
-0.00000002069
-0.00000000920
-0.00000001195
-0.00000002073
-0.00000000840
-0.00000001070
-0.00000001413
-0.00000001713
-0.00000000343
-0.00000000740
-0.00000001538
-0.00000001914
-0.00000000639
-0.00000000960
-0.00000001875
-0.00000000653
-0.00000000979
-0.00000001353
-0.00000001610
-0.00000000864
-0.00000001230
-0.00000001688
-0.00000000383
-0.00000000867
-0.00000001824
-0.00000002128
-0.00000000977
-0.00000001374
-0.00000001643
-0.00000000587
-0.00000001406
-0.00000001773
-0.00000002101
-0.00000000798
-0.00000001151
-0.00000002115
-0.00000000786
-0.00000001090
-0.00000001473
-0.00000001834
-0.00000000384
-0.00000001384
-0.00000001638
-0.00000002003
-0.00000000760
-0.00000001145
-0.00000001827
-0.00000000664
-0.00000000922
-0.00000001309
-0.00000001658
-0.00000000888
-0.00000001254
-0.00000001457
-0.00000001805
-0.00000000675
-0.00000001571
-0.00000001898
-0.00000002177
-0.00000001088
-0.00000001286
-0.00000001692
-0.00000000345
-0.00000001186
-0.00000001624
-0.00000001937
-0.00000000746
-0.00000001093
-0.00000001934
-0.00000002204
-0.00000000899
-0.00000001159
-0.00000001535
-0.00000000859
-0.00000001283
-0.00000001592
-0.00000001988
-0.00000000666
-0.00000001642
-0.00000002033
-0.00000000857
-0.00000001209
-0.00000001558
-0.00000002088
-0.00000001356
-0.00000001726
-0.00000002113
-0.00000002352
-0.00000001153
-0.00000001403
-0.00000001794
-0.00000001993
-0.00000001314
-0.00000001536
-0.00000001730
-0.00000002273
-0.00000000975
-0.00000001303
-0.00000001699
-0.00000002041
-0.00000001264
-0.00000001465
-0.00000001981
-0.00000002396
-0.00000001066
-0.00000001531
-0.00000001789
-0.00000000764
-0.00000001502
-0.00000001780
-0.00000002210
-0.00000000901
-0.00000001385
-0.00000001615
-0.00000002447
-0.00000001336
-0.00000001740
-0.00000001990
-0.00000002341
-0.00000001157
-0.00000001437
-0.00000001934
-0.00000002241
-0.00000001087
-0.00000002010
-0.00000002284
-0.00000001188
-0.00000001591
-0.00000001917
-0.00000002221
-0.00000001059
-0.00000001309
-0.00000002156
-0.00000002051
-0.00000000792
-0.00000001498
-0.00000001802
-0.00000000621
-0.00000000911
-0.00000001132
-0.00000000354
-0.00000000782
-0.00000001001
-0.00000001491
-0.00000000818
-0.00000001126
-0.00000001487
-0.00000001860
-0.00000000577
-0.00000001014
-0.00000001899
-0.00000000677
-0.00000001000
-0.00000001452
-0.00000002413
-0.00000001152
-0.00000001538
-0.00000001858
-0.00000000677
-0.00000001101
-0.00000001343
-0.00000002142
-0.00000000821
-0.00000001269
-0.00000001565
-0.00000000211
-0.00000001032
-0.00000001300
-0.00000001627
-0.00000000334
-0.00000001277
-0.00000001470
-0.00000001940
-0.00000000778
-0.00000001112
-0.00000001771
-0.00000000700
-0.00000000919
-0.00000001117
-0.00000002026
-0.00000000870
-0.00000001203
-0.00000001490
-0.00000001883
-0.00000000966
-0.00000001436
-0.00000001714
-0.00000000589
-0.00000000850
-0.00000001570
-0.00000001877
-0.00000000830
-0.00000001197
-0.00000001956
-0.00000000781
-0.00000001139
-0.00000001383
-0.00000002251
-0.00000001025
-0.00000001357
-0.00000001634
-0.00000000396
-0.00000001284
-0.00000001798
-0.00000002122
-0.00000000963
-0.00000001225
-0.00000002184
-0.00000002600
-0.00000001460
-0.00000001826
-0.00000002148
-0.00000001087
-0.00000001488
-0.00000001984
-0.00000001276
-0.00000001581
-0.00000002073
-0.00000000767
-0.00000001187
-0.00000001858
-0.00000002169
-0.00000000959
-0.00000001237
-0.00000001452
-0.00000002532
-0.00000001391
-0.00000001789
-0.00000002064
-0.00000000966
-0.00000001315
-0.00000001804
-0.00000000974
-0.00000001353
-0.00000001761
-0.00000002103
-0.00000000881
-0.00000001257
-0.00000002129
-0.00000002364
-0.00000001168
-0.00000001477
-0.00000001868
-0.00000002239
-0.00000000912
-0.00000001253
-0.00000002163
-0.00000000886
-0.00000001154
-0.00000001559
-0.00000002326
-0.00000002594
-0.00000000834
-0.00000001644
-0.00000001918
-0.00000002332
-0.00000000933
-0.00000001341
-0.00000001601
-0.00000002484
-0.00000001314
-0.00000001700
-0.00000001853
-0.00000002122
-0.00000000892
-0.00000001126
-0.00000001537
-0.00000002174
-0.00000001092
-0.00000001316
-0.00000001630
-0.00000002125
-0.00000000866
-0.00000001739
-0.00000002022
-0.00000002334
-0.00000001219
-0.00000001539
-0.00000002008
-0.00000000691
-0.00000001025
-0.00000002016
-0.00000002442
-0.00000001177
-0.00000001686
-0.00000002027
-0.00000002422
-0.00000001112
-0.00000001570
-0.00000001955
-0.00000001328
-0.00000001509
-0.00000001915
-0.00000002290
-0.00000001100
-0.00000001592
-0.00000001993
-0.00000000807
-0.00000001654
-0.00000001935
-0.00000002065
-0.00000000879
-0.00000001093
-0.00000001435
-0.00000000705
-0.00000000939
-0.00000001213
-0.00000001422
-0.00000000170
-0.00000000847
-0.00000001231
0.00000000120
-0.00000000739
-0.00000000871
-0.00000001247
-0.00000000530
-0.00000000847
-0.00000001024
0.00000000196
-0.00000000596
-0.00000000763
-0.00000001687
-0.00000000334
-0.00000000651
-0.00000000946
-0.00000001763
-0.00000000394
-0.00000001220
-0.00000001519
-0.00000000299
-0.00000001245
-0.00000001620
-0.00000001917
-0.00000000662
-0.00000001455
-0.00000001842
-0.00000002177
-0.00000000929
-0.00000001899
-0.00000002246
-0.00000002586
-0.00000001271
-0.00000001794
-0.00000002033
-0.00000000906
-0.00000001731
-0.00000002012
-0.00000002465
-0.00000001148
-0.00000001396
-0.00000001883
-0.00000001110
-0.00000001435
-0.00000001852
-0.00000002139
-0.00000000833
-0.00000001746
-0.00000002130
-0.00000002359
-0.00000001187
-0.00000001442
-0.00000002296
-0.00000000930
-0.00000001370
-0.00000001759
-0.00000000530
-0.00000000733
-0.00000001683
-0.00000001945
-0.00000002280
-0.00000000979
-0.00000001925
-0.00000002168
-0.00000002577
-0.00000001331
-0.00000001716
-0.00000002013
-0.00000002376
-0.00000001196
-0.00000002215
-0.00000002472
-0.00000002774
-0.00000001694
-0.00000001905
-0.00000002400
-0.00000001116
-0.00000001461
-0.00000001822
-0.00000002573
-0.00000000879
-0.00000001690
-0.00000002097
-0.00000002409
-0.00000001096
-0.00000001445
-0.00000001784
-0.00000000601
-0.00000001346
-0.00000001735
-0.00000001859
-0.00000000667
-0.00000000878
-0.00000001753
-0.00000001947
-0.00000000681
-0.00000000952
-0.00000001227
-0.00000002065
-0.00000000775
-0.00000001154
-0.00000001458
-0.00000000197
-0.00000001066
-0.00000001271
-0.00000001626
-0.00000000345
-0.00000001199
-0.00000001517
-0.00000000265
-0.00000000718
-0.00000001533
-0.00000001919
-0.00000000757
-0.00000001134
-0.00000002077
-0.00000002557
-0.00000001357
-0.00000001788
-0.00000002058
-0.00000000877
-0.00000001738
-0.00000001975
-0.00000002426
-0.00000001099
-0.00000001383
-0.00000001793
-0.00000002625
-0.00000002462
-0.00000001111
-0.00000002058
-0.00000002313
-0.00000001182
-0.00000001538
-0.00000001841
-0.00000002249
-0.00000000915
-0.00000001306
-0.00000002009
-0.00000002388
-0.00000001168
-0.00000001488
-0.00000001794
-0.00000002084
-0.00000000906
-0.00000001617
-0.00000002059
-0.00000002340
-0.00000000930
-0.00000001220
-0.00000001548
-0.00000002600
-0.00000000854
-0.00000001724
-0.00000002026
-0.00000002483
-0.00000001161
-0.00000001564
-0.00000001863
-0.00000002309
-0.00000001005
-0.00000001824
-0.00000002226
-0.00000001083
-0.00000001305
-0.00000001623
-0.00000001891
-0.00000000714
-0.00000000956
-0.00000001771
-0.00000002096
-0.00000000872
-0.00000001328
-0.00000001584
-0.00000000890
-0.00000001154
-0.00000001524
-0.00000001870
-0.00000000613
-0.00000000945
-0.00000001798
-0.00000002134
-0.00000000844
-0.00000001345
-0.00000001775
-0.00000002669
-0.00000001585
-0.00000001970
-0.00000002273
-0.00000001057
-0.00000001478
-0.00000001862
-0.00000002250
-0.00000001097
-0.00000001520
-0.00000002315
-0.00000002639
-0.00000001371
-0.00000001663
-0.00000002048
-0.00000002300
-0.00000001031
-0.00000001383
-0.00000001688
-0.00000002118
-0.00000000912
-0.00000001727
-0.00000002015
-0.00000002319
-0.00000001136
-0.00000001485
-0.00000001906
-0.00000002144
-0.00000001094
-0.00000001333
-0.00000001791
-0.00000002119
-0.00000001468
-0.00000001676
-0.00000002058
-0.00000002440
-0.00000001300
-0.00000001630
-0.00000001719
-0.00000002042
-0.00000002381
-0.00000001028
-0.00000001289
-0.00000001525
-0.00000000829
-0.00000001326
-0.00000001540
-0.00000001982
-0.00000000785
-0.00000001117
-0.00000001426
-0.00000002260
-0.00000002571
-0.00000001305
-0.00000001653
-0.00000002132
-0.00000000875
-0.00000001189
-0.00000001516
-0.00000001872
-0.00000000761
-0.00000001480
-0.00000001865
-0.00000002191
-0.00000001017
-0.00000001331
-0.00000001719
-0.00000002213
-0.00000000951
-0.00000001380
-0.00000001865
-0.00000002702
-0.00000001026
-0.00000001935
-0.00000002309
-0.00000001242
-0.00000001549
-0.00000001960
-0.00000002405
-0.00000001195
-0.00000001554
-0.00000001974
-0.00000002395
-0.00000000983
-0.00000001553
-0.00000001882
-0.00000002783
-0.00000000951
-0.00000001882
-0.00000002128
-0.00000002543
-0.00000000828
-0.00000001619
-0.00000001967
-0.00000002249
-0.00000001116
-0.00000001318
-0.00000001723
-0.00000000612
-0.00000000906
-0.00000001755
-0.00000002065
-0.00000000800
-0.00000001219
-0.00000001480
-0.00000001779
-0.00000000611
-0.00000000885
-0.00000001737
-0.00000002248
-0.00000001073
-0.00000001473
-0.00000001709
-0.00000002212
-0.00000001139
-0.00000001535
-0.00000001825
-0.00000002247
-0.00000000974
-0.00000001319
-0.00000001679
-0.00000002629
-0.00000000919
-0.00000001802
-0.00000002040
-0.00000002447
-0.00000001261
-0.00000001582
-0.00000001940
-0.00000000723
-0.00000001124
-0.00000001459
-0.00000001749
-0.00000001158
-0.00000001483
-0.00000001683
-0.00000002031
-0.00000000779
-0.00000001092
-0.00000001513
-0.00000000361
-0.00000001270
-0.00000001747
-0.00000002054
-0.00000000721
-0.00000001128
-0.00000001396
-0.00000001730
-0.00000000491
-0.00000001179
-0.00000001595
-0.00000001889
-0.00000000420
-0.00000000849
-0.00000001220
-0.00000000355
-0.00000000758
-0.00000001038
-0.00000001188
0.00000000035
-0.00000000693
-0.00000001082
-0.00000001252
-0.00000000534
-0.00000000748
-0.00000001095
-0.00000001289
-0.00000001564
-0.00000000175
-0.00000000947
-0.00000001158
-0.00000001442
-0.00000000606
-0.00000000775
-0.00000001037
-0.00000001229
0.00000000069
-0.00000000725
-0.00000000952
-0.00000001771
-0.00000000558
-0.00000000869
-0.00000001172
-0.00000001909
-0.00000000606
-0.00000000874
-0.00000001261
-0.00000000472
-0.00000000765
-0.00000000888
-0.00000001689
-0.00000001938
-0.00000000729
-0.00000000861
-0.00000001751
-0.00000001967
-0.00000000721
-0.00000000849
-0.00000001553
-0.00000001906
-0.00000000594
-0.00000000802
-0.00000001437
-0.00000001844
-0.00000000560
-0.00000000760
-0.00000001505
-0.00000001787
-0.00000000630
-0.00000000881
-0.00000001674
-0.00000000268
-0.00000001023
-0.00000001327
-0.00000001504
-0.00000000157
-0.00000001047
-0.00000001288
-0.00000001573
-0.00000000246
-0.00000001019
-0.00000001345
0.00000000022
-0.00000000781
-0.00000001409
-0.00000001756
-0.00000000544
-0.00000000928
-0.00000001719
-0.00000000483
-0.00000000809
-0.00000001572
-0.00000002043
-0.00000000817
-0.00000001509
-0.00000001926
-0.00000002084
-0.00000000901
-0.00000001629
-0.00000001872
-0.00000002221
-0.00000000918
-0.00000001824
-0.00000002101
-0.00000002396
-0.00000001219
-0.00000002093
-0.00000002276
-0.00000001033
-0.00000001450
-0.00000001648
-0.00000002402
-0.00000000957
-0.00000001371
-0.00000001551
-0.00000001883
-0.00000001039
-0.00000001384
-0.00000001767
-0.00000002067
-0.00000000833
-0.00000001582
-0.00000001890
-0.00000002235
-0.00000002676
-0.00000001379
-0.00000002319
-0.00000002441
-0.00000002990
-0.00000001591
-0.00000002036
-0.00000002221
-0.00000002678
-0.00000001447
-0.00000001647
-0.00000001953
-0.00000002768
-0.00000003031
-0.00000001761
-0.00000002041
-0.00000002412
-0.00000002675
-0.00000001456
-0.00000001700
-0.00000001965
-0.00000002416
-0.00000001034
-0.00000001771
-0.00000002096
-0.00000002483
-0.00000001118
-0.00000001522
-0.00000001794
-0.00000002083
-0.00000000787
-0.00000001606
-0.00000001750
-0.00000002203
-0.00000000838
-0.00000001189
-0.00000001993
-0.00000002384
-0.00000001002
-0.00000001352
-0.00000001541
-0.00000001907
-0.00000001225
-0.00000001544
-0.00000001863
-0.00000002162
-0.00000000960
-0.00000001426
-0.00000001751
-0.00000000997
-0.00000001301
-0.00000001725
-0.00000001961
-0.00000002437
-0.00000001187
-0.00000001486
-0.00000002312
-0.00000002750
-0.00000001609
-0.00000001962
-0.00000002356
-0.00000002692
-0.00000001465
-0.00000001749
-0.00000001955
-0.00000002409
-0.00000001043
-0.00000001456
-0.00000002214
-0.00000002409
-0.00000002659
-0.00000001349
-0.00000001772
-0.00000002065
-0.00000002349
-0.00000000939
-0.00000001319
-0.00000001667
-0.00000002405
-0.00000000768
-0.00000001520
-0.00000001728
-0.00000002073
-0.00000000866
-0.00000001225
-0.00000001328
-0.00000002137
-0.00000000858
-0.00000001078
-0.00000001310
-0.00000001680
-0.00000000400
-0.00000001110
-0.00000001479
-0.00000001650
-0.00000000307
-0.00000001174
-0.00000001538
-0.00000001751
-0.00000000506
-0.00000000861
-0.00000001794
-0.00000002148
-0.00000000804
-0.00000001220
-0.00000001502
-0.00000000680
-0.00000000923
-0.00000001268
-0.00000001676
-0.00000000914
-0.00000001167
-0.00000001472
-0.00000000171
-0.00000000470
-0.00000001382
-0.00000001656
-0.00000001861
-0.00000000791
-0.00000001536
-0.00000001829
-0.00000002183
-0.00000000920
-0.00000001366
-0.00000002186
-0.00000002487
-0.00000001210
-0.00000001450
-0.00000001856
-0.00000002105
-0.00000000820
-0.00000001764
-0.00000001968
-0.00000002327
-0.00000001153
-0.00000001524
-0.00000002071
-0.00000000815
-0.00000001532
-0.00000001896
-0.00000002070
-0.00000002386
-0.00000001109
-0.00000001271
-0.00000001532
-0.00000002253
-0.00000000905
-0.00000001027
-0.00000001374
-0.00000001541
-0.00000000314
-0.00000001094
-0.00000001335
-0.00000001506
-0.00000000279
-0.00000000923
-0.00000001187
-0.00000001568
-0.00000000339
-0.00000001207
-0.00000001424
-0.00000001744
-0.00000000316
-0.00000001268
-0.00000001503
-0.00000000158
-0.00000000889
-0.00000001254
-0.00000001455
-0.00000001769
-0.00000001111
-0.00000001350
-0.00000001681
-0.00000001968
-0.00000000805
-0.00000001542
-0.00000001900
-0.00000002299
-0.00000000980
-0.00000001341
-0.00000002141
-0.00000002328
-0.00000002514
-0.00000001244
-0.00000001594
-0.00000001852
-0.00000000557
-0.00000000774
-0.00000001537
-0.00000001990
-0.00000002295
-0.00000000971
-0.00000001269
-0.00000001645
-0.00000002485
-0.00000001283
-0.00000001530
-0.00000001902
-0.00000002323
-0.00000000997
-0.00000001795
-0.00000001932
-0.00000002290
-0.00000002466
-0.00000001141
-0.00000001554
-0.00000001738
-0.00000001977
-0.00000000664
-0.00000001341
-0.00000001560
-0.00000001753
-0.00000000319
-0.00000000603
-0.00000001179
-0.00000001579
-0.00000000310
-0.00000001002
-0.00000001280
-0.00000001426
-0.00000000126
-0.00000000908
-0.00000001198
-0.00000001265
-0.00000001985
-0.00000000821
-0.00000001224
-0.00000001405
-0.00000002278
-0.00000000916
-0.00000001268
-0.00000001718
-0.00000001992
-0.00000001371
-0.00000001592
-0.00000002007
-0.00000002266
-0.00000001035
-0.00000001358
-0.00000002159
-0.00000002467
-0.00000002628
-0.00000001367
-0.00000001541
-0.00000001743
-0.00000001833
-0.00000000513
-0.00000001304
-0.00000001717
-0.00000001920
-0.00000000568
-0.00000001302
-0.00000001428
-0.00000001669
-0.00000000368
-0.00000001068
-0.00000001369
-0.00000000077
-0.00000000772
-0.00000001129
-0.00000001230
-0.00000001610
-0.00000000875
-0.00000001134
-0.00000001326
-0.00000001661
-0.00000002440
-0.00000001137
-0.00000001450
-0.00000001787
-0.00000002057
-0.00000000751
-0.00000001511
-0.00000001724
-0.00000001930
-0.00000002211
-0.00000000865
-0.00000001765
-0.00000001915
-0.00000002158
-0.00000000950
-0.00000001711
-0.00000001899
-0.00000002210
-0.00000000959
-0.00000001695
-0.00000001980
-0.00000002347
-0.00000000916
-0.00000001160
-0.00000001429
-0.00000002267
-0.00000002617
-0.00000001352
-0.00000001708
-0.00000001891
-0.00000002176
-0.00000000932
-0.00000001584
-0.00000001897
-0.00000002299
-0.00000000923
-0.00000001750
-0.00000002104
-0.00000002518
-0.00000001315
-0.00000001557
-0.00000002022
-0.00000002356
-0.00000000933
-0.00000001898
-0.00000002281
-0.00000002573
-0.00000001321
-0.00000001647
-0.00000001999
-0.00000002323
-0.00000001022
-0.00000001816
-0.00000002094
-0.00000002298
-0.00000000951
-0.00000001223
-0.00000001548
-0.00000002383
-0.00000000979
-0.00000001390
-0.00000001509
-0.00000001869
-0.00000002181
-0.00000000892
-0.00000001688
-0.00000001930
-0.00000002131
-0.00000000962
-0.00000001352
-0.00000002116
-0.00000002448
-0.00000002718
-0.00000001400
-0.00000001725
-0.00000001950
-0.00000002293
-0.00000000899
-0.00000001186
-0.00000001977
-0.00000002277
-0.00000000954
-0.00000001256
-0.00000001495
-0.00000002080
-0.00000000886
-0.00000001094
-0.00000001290
-0.00000002042
-0.00000000683
-0.00000000925
-0.00000001302
-0.00000002004
-0.00000002454
-0.00000001214
-0.00000001427
-0.00000001729
-0.00000002108
-0.00000000824
-0.00000001742
-0.00000001998
-0.00000002494
-0.00000001089
-0.00000001461
-0.00000001808
-0.00000000748
-0.00000001484
-0.00000001805
-0.00000002097
-0.00000000957
-0.00000001376
-0.00000001663
-0.00000002502
-0.00000001282
-0.00000001458
-0.00000001894
-0.00000002104
-0.00000000758
-0.00000000998
-0.00000001837
-0.00000002152
-0.00000000850
-0.00000000983
-0.00000001392
-0.00000000530
-0.00000000761
-0.00000000932
-0.00000001160
-0.00000000262
-0.00000000333
-0.00000001094
-0.00000001263
-0.00000000000
-0.00000000767
-0.00000001045
-0.00000001254
-0.00000000045
-0.00000000852
-0.00000001060
-0.00000001337
-0.00000000587
-0.00000000960
-0.00000001774
-0.00000001987
-0.00000000682
-0.00000000945
-0.00000001668
-0.00000002072
-0.00000000785
-0.00000000924
-0.00000001335
-0.00000002054
-0.00000000756
-0.00000001092
-0.00000001831
-0.00000002252
-0.00000000887
-0.00000001276
-0.00000001559
-0.00000002337
-0.00000002549
-0.00000001249
-0.00000001605
-0.00000001804
-0.00000002095
-0.00000001334
-0.00000001651
-0.00000002074
-0.00000002335
-0.00000001166
-0.00000001416
-0.00000002286
-0.00000002456
-0.00000001313
-0.00000001466
-0.00000001928
-0.00000002170
-0.00000003070
-0.00000001231
-0.00000002121
-0.00000002448
-0.00000002875
-0.00000001709
-0.00000001979
-0.00000002335
-0.00000002682
-0.00000002965
-0.00000001793
-0.00000002076
-0.00000002324
-0.00000002668
-0.00000002995
-0.00000001704
-0.00000002064
-0.00000002451
-0.00000002784
-0.00000001484
-0.00000001788
-0.00000002054
-0.00000002491
-0.00000002777
-0.00000001616
-0.00000001947
-0.00000002419
-0.00000002709
-0.00000002969
-0.00000001817
-0.00000002117
-0.00000002466
-0.00000002887
-0.00000001726
-0.00000002054
-0.00000002343
-0.00000002620
-0.00000001198
-0.00000001541
-0.00000001719
-0.00000001994
-0.00000002382
-0.00000001124
-0.00000001264
-0.00000001615
-0.00000001782
-0.00000002064
-0.00000000765
-0.00000000948
-0.00000001724
-0.00000001969
-0.00000002394
-0.00000001094
-0.00000001345
-0.00000001721
-0.00000002017
-0.00000000702
-0.00000000937
-0.00000001326
-0.00000001695
-0.00000002027
-0.00000000767
-0.00000001728
-0.00000002039
-0.00000002300
-0.00000000946
-0.00000001276
-0.00000001588
-0.00000001944
-0.00000002232
-0.00000000906
-0.00000001324
-0.00000001635
-0.00000001912
-0.00000000677
-0.00000001499
-0.00000001800
-0.00000002027
-0.00000000643
-0.00000000904
-0.00000001268
-0.00000001505
-0.00000000221
-0.00000000978
-0.00000001292
-0.00000001613
-0.00000000210
-0.00000000611
-0.00000001468
-0.00000001889
-0.00000000632
-0.00000000908
-0.00000001316
-0.00000001622
-0.00000001876
-0.00000000597
-0.00000001377
-0.00000001689
-0.00000001968
-0.00000000711
-0.00000001128
-0.00000001392
-0.00000002145
-0.00000000755
-0.00000001023
-0.00000001167
-0.00000001357
-0.00000000035
-0.00000000806
-0.00000001061
-0.00000001235
-0.00000000077
-0.00000000736
-0.00000001053
-0.00000001386
0.00000000003
-0.00000000681
-0.00000000821
-0.00000001146
-0.00000000274
-0.00000000632
-0.00000000865
-0.00000001125
-0.00000000288
-0.00000000602
-0.00000000779
-0.00000001566
-0.00000000333
-0.00000000561
-0.00000001436
-0.00000001804
-0.00000000578
-0.00000000811
-0.00000001583
-0.00000001886
-0.00000000657
-0.00000001021
-0.00000001868
-0.00000002206
-0.00000001008
-0.00000001265
-0.00000001551
-0.00000002385
-0.00000002753
-0.00000001388
-0.00000001798
-0.00000001932
-0.00000002280
-0.00000000846
-0.00000001220
-0.00000002047
-0.00000002213
-0.00000000918
-0.00000001272
-0.00000001439
-0.00000002289
-0.00000000931
-0.00000001049
-0.00000001453
-0.00000001676
-0.00000000834
-0.00000001102
-0.00000001452
-0.00000001688
-0.00000000884
-0.00000001105
-0.00000001350
-0.00000001583
-0.00000000783
-0.00000000977
-0.00000001246
-0.00000001476
-0.00000000399
-0.00000000811
-0.00000001091
-0.00000001867
-0.00000002176
-0.00000000802
-0.00000000931
-0.00000001227
-0.00000001906
-0.00000000730
-0.00000000894
-0.00000001462
-0.00000001771
-0.00000000342
-0.00000001226
-0.00000001443
-0.00000001569
-0.00000000301
-0.00000001116
-0.00000001267
-0.00000001497
-0.00000000729
-0.00000000859
-0.00000001147
-0.00000001323
-0.00000002094
-0.00000000786
-0.00000001002
-0.00000001760
-0.00000002065
-0.00000000508
-0.00000001345
-0.00000001640
-0.00000001809
-0.00000002058
-0.00000000790
-0.00000001563
-0.00000001813
-0.00000002059
-0.00000000765
-0.00000001598
-0.00000001707
-0.00000002012
-0.00000000758
-0.00000001491
-0.00000001786
-0.00000002147
-0.00000000628
-0.00000001438
-0.00000001742
-0.00000001970
-0.00000000635
-0.00000001302
-0.00000001465
-0.00000001660
-0.00000000284
-0.00000001041
-0.00000001319
-0.00000002038
-0.00000002329
-0.00000001130
-0.00000001319
-0.00000002135
-0.00000002321
-0.00000000922
-0.00000001250
-0.00000001857
-0.00000002180
-0.00000002391
-0.00000001199
-0.00000001353
-0.00000002208
-0.00000002467
-0.00000001274
-0.00000001707
-0.00000001987
-0.00000002385
-0.00000002668
-0.00000001442
-0.00000001782
-0.00000002690
-0.00000002964
-0.00000001814
-0.00000002037
-0.00000002380
-0.00000002483
-0.00000002818
-0.00000001441
-0.00000001695
-0.00000002430
-0.00000002707
-0.00000001299
-0.00000001592
-0.00000001896
-0.00000002178
-0.00000002378
-0.00000001287
-0.00000001934
-0.00000002379
-0.00000002774
-0.00000001539
-0.00000001922
-0.00000002359
-0.00000000967
-0.00000001344
-0.00000002088
-0.00000002330
-0.00000001121
-0.00000001392
-0.00000001654
-0.00000001762
-0.00000002481
-0.00000001137
-0.00000001353
-0.00000001474
-0.00000001889
-0.00000000571
-0.00000001309
-0.00000001558
-0.00000001843
-0.00000001979
-0.00000000523
-0.00000001472
-0.00000001633
-0.00000001894
-0.00000002036
-0.00000000685
-0.00000001343
-0.00000001643
-0.00000001761
-0.00000000489
-0.00000001086
-0.00000001307
-0.00000001520
-0.00000001667
-0.00000000550
-0.00000001257
-0.00000001524
-0.00000001705
-0.00000000339
-0.00000001252
-0.00000001394
-0.00000001554
-0.00000001950
-0.00000000586
-0.00000001378
-0.00000001646
-0.00000001887
-0.00000000965
-0.00000001304
-0.00000001441
-0.00000001729
-0.00000000207
-0.00000001114
-0.00000001431
-0.00000001662
-0.00000002304
-0.00000001070
-0.00000001351
-0.00000001708
-0.00000002065
-0.00000001252
-0.00000001479
-0.00000001752
-0.00000001988
-0.00000000710
-0.00000000863
-0.00000001552
-0.00000001766
-0.00000001955
-0.00000000732
-0.00000001489
-0.00000001680
-0.00000001896
-0.00000000618
-0.00000001307
-0.00000001644
-0.00000001781
-0.00000002120
-0.00000000901
-0.00000001687
-0.00000001967
-0.00000000758
-0.00000001470
-0.00000001744
-0.00000001935
-0.00000002179
-0.00000000808
-0.00000001511
-0.00000001761
-0.00000001963
-0.00000000626
-0.00000000818
-0.00000001560
-0.00000001723
-0.00000000291
-0.00000001114
-0.00000001311
-0.00000001507
-0.00000000253
-0.00000000978
-0.00000001298
-0.00000001506
-0.00000000652
-0.00000000954
-0.00000001801
-0.00000001942
-0.00000000687
-0.00000000880
-0.00000001662
-0.00000001951
-0.00000000648
-0.00000001367
-0.00000001777
-0.00000001903
-0.00000002302
-0.00000000838
-0.00000001653
-0.00000001876
-0.00000002105
-0.00000000820
-0.00000001495
-0.00000001842
-0.00000002105
-0.00000002333
-0.00000001084
-0.00000001762
-0.00000002084
-0.00000002335
-0.00000000919
-0.00000001866
-0.00000002177
-0.00000002560
-0.00000002807
-0.00000001547
-0.00000001678
-0.00000001873
-0.00000002094
-0.00000001361
-0.00000001667
-0.00000001802
-0.00000002202
-0.00000002443
-0.00000001187
-0.00000001777
-0.00000002171
-0.00000002327
-0.00000001070
-0.00000001343
-0.00000001759
-0.00000002423
-0.00000002706
-0.00000001461
-0.00000001841
-0.00000001993
-0.00000002319
-0.00000001010
-0.00000001732
-0.00000002011
-0.00000002252
-0.00000002577
-0.00000001311
-0.00000001508
-0.00000001855
-0.00000002278
-0.00000001562
-0.00000001853
-0.00000002249
-0.00000002494
-0.00000001322
-0.00000001688
-0.00000001951
-0.00000002232
-0.00000003110
-0.00000001322
-0.00000001787
-0.00000002613
-0.00000002806
-0.00000001501
-0.00000001904
-0.00000002074
-0.00000002401
-0.00000002571
-0.00000001346
-0.00000001559
-0.00000001981
-0.00000002294
-0.00000001032
-0.00000001386
-0.00000002227
-0.00000002489
-0.00000001125
-0.00000001450
-0.00000001714
-0.00000002095
-0.00000000810
-0.00000001025
-0.00000001772
-0.00000001933
-0.00000000745
-0.00000000942
-0.00000001238
-0.00000002131
-0.00000000835
-0.00000001092
-0.00000001558
-0.00000000205
-0.00000001025
-0.00000001255
-0.00000001645
-0.00000000202
-0.00000000504
-0.00000001310
-0.00000001519
-0.00000000258
-0.00000000556
-0.00000001188
-0.00000001373
-0.00000001737
-0.00000000279
-0.00000001089
-0.00000001279
-0.00000001551
-0.00000000271
-0.00000001034
-0.00000001244
-0.00000001440
-0.00000002224
-0.00000000850
-0.00000001130
-0.00000001441
-0.00000002106
-0.00000000781
-0.00000001146
-0.00000001522
-0.00000001778
-0.00000002551
-0.00000001330
-0.00000001551
-0.00000001735
-0.00000002163
-0.00000002440
-0.00000001145
-0.00000001437
-0.00000002184
-0.00000002504
-0.00000002682
-0.00000001407
-0.00000001597
-0.00000001930
-0.00000002179
-0.00000000958
-0.00000001656
-0.00000002083
-0.00000002252
-0.00000000990
-0.00000001284
-0.00000001483
-0.00000001657
-0.00000000405
-0.00000001178
-0.00000001449
-0.00000001700
-0.00000002007
-0.00000001264
-0.00000001599
-0.00000001807
-0.00000001988
-0.00000000728
-0.00000000957
-0.00000001863
-0.00000002160
-0.00000000874
-0.00000001221
-0.00000001539
-0.00000002284
-0.00000002696
-0.00000001421
-0.00000001700
-0.00000002192
-0.00000002511
-0.00000001231
-0.00000001445
-0.00000001743
-0.00000002195
-0.00000002947
-0.00000001143
-0.00000002037
-0.00000002319
-0.00000002682
-0.00000002964
-0.00000001738
-0.00000001991
-0.00000002340
-0.00000002661
-0.00000001396
-0.00000001665
-0.00000001963
-0.00000002231
-0.00000000836
-0.00000001153
-0.00000001284
-0.00000001922
-0.00000000763
-0.00000000915
-0.00000001100
-0.00000001881
-0.00000002185
-0.00000000804
-0.00000001176
-0.00000001260
-0.00000001644
-0.00000000173
-0.00000001033
-0.00000001357
-0.00000001491
-0.00000000212
-0.00000000885
-0.00000001182
-0.00000001506
-0.00000002244
-0.00000000897
-0.00000001123
-0.00000001394
-0.00000001731
-0.00000002060
-0.00000000701
-0.00000001547
-0.00000001855
-0.00000002096
-0.00000002357
-0.00000001132
-0.00000001456
-0.00000001590
-0.00000001830
-0.00000002724
-0.00000001443
-0.00000001712
-0.00000001980
-0.00000002534
-0.00000002871
-0.00000001628
-0.00000002003
-0.00000002332
-0.00000002747
-0.00000001677
-0.00000001887
-0.00000002308
-0.00000002627
-0.00000001448
-0.00000001913
-0.00000002268
-0.00000002532
-0.00000001276
-0.00000001665
-0.00000001978
-0.00000002308
-0.00000001001
-0.00000001359
-0.00000002259
-0.00000002534
-0.00000000854
-0.00000001633
-0.00000001956
-0.00000002273
-0.00000001024
-0.00000001286
-0.00000001482
-0.00000001702
-0.00000000463
-0.00000000865
-0.00000001659
-0.00000001950
-0.00000000746
-0.00000000931
-0.00000001176
-0.00000001936
-0.00000002171
-0.00000000766
-0.00000001087
-0.00000001310
-0.00000001589
-0.00000001828
-0.00000000629
-0.00000001367
-0.00000001719
-0.00000002062
-0.00000000723
-0.00000000899
-0.00000001223
-0.00000001988
-0.00000002039
-0.00000000840
-0.00000000991
-0.00000001252
-0.00000002067
-0.00000001778
-0.00000000297
-0.00000001138
-0.00000001475
-0.00000001630
-0.00000001748
-0.00000000481
-0.00000001215
-0.00000001295
-0.00000001677
-0.00000000297
-0.00000000578
-0.00000001383
-0.00000001572
-0.00000000325
-0.00000000645
-0.00000001332
-0.00000001593
-0.00000001853
-0.00000000570
-0.00000000891
-0.00000001695
-0.00000000509
-0.00000000733
-0.00000001559
-0.00000001724
-0.00000001999
-0.00000000703
-0.00000001057
-0.00000001323
-0.00000002105
-0.00000002414
-0.00000001113
-0.00000001534
-0.00000001685
-0.00000002042
-0.00000000678
-0.00000001025
-0.00000001710
-0.00000001973
-0.00000002276
-0.00000000953
-0.00000001186
-0.00000002005
-0.00000002300
-0.00000000981
-0.00000001230
-0.00000001572
-0.00000001760
-0.00000002071
-0.00000000746
-0.00000001528
-0.00000001893
-0.00000002322
-0.00000000932
-0.00000001321
-0.00000001483
-0.00000001836
-0.00000002579
-0.00000001232
-0.00000001466
-0.00000001860
-0.00000002274
-0.00000001187
-0.00000001409
-0.00000001787
-0.00000002681
-0.00000002954
-0.00000001806
-0.00000002142
-0.00000002265
-0.00000002739
-0.00000003102
-0.00000001288
-0.00000002125
-0.00000002344
-0.00000002691
-0.00000001356
-0.00000001589
-0.00000001974
-0.00000002253
-0.00000002559
-0.00000001130
-0.00000001539
-0.00000001842
-0.00000002022
-0.00000000766
-0.00000000865
-0.00000001628
-0.00000001834
-0.00000000527
-0.00000000829
-0.00000000950
-0.00000001737
-0.00000001840
-0.00000000498
-0.00000000678
-0.00000000868
-0.00000001569
-0.00000001758
-0.00000000312
-0.00000000691
-0.00000001287
-0.00000001532
-0.00000001871
-0.00000000444
-0.00000000767
-0.00000001501
-0.00000000175
-0.00000000545
-0.00000000633
-0.00000001441
-0.00000001702
-0.00000000337
-0.00000000791
-0.00000001456
-0.00000000170
-0.00000000511
-0.00000001256
0.00000000147
-0.00000000642
-0.00000000932
-0.00000001033
-0.00000001337
-0.00000000589
-0.00000000892
-0.00000001190
-0.00000000454
-0.00000000798
-0.00000000892
-0.00000001891
-0.00000000582
-0.00000001296
-0.00000001573
-0.00000001836
-0.00000000718
-0.00000001077
-0.00000001846
-0.00000002054
-0.00000000741
-0.00000000969
-0.00000001814
-0.00000002186
-0.00000000853
-0.00000001241
-0.00000001970
-0.00000002313
-0.00000002722
-0.00000001527
-0.00000001748
-0.00000001991
-0.00000002095
-0.00000000813
-0.00000001641
-0.00000001843
-0.00000002105
-0.00000000797
-0.00000001045
-0.00000001996
-0.00000002304
-0.00000001060
-0.00000001310
-0.00000001519
-0.00000002315
-0.00000000994
-0.00000001228
-0.00000001454
-0.00000001753
-0.00000001008
-0.00000001276
-0.00000001449
-0.00000000202
-0.00000000944
-0.00000001182
-0.00000001310
-0.00000000533
-0.00000000760
-0.00000001404
-0.00000001648
-0.00000000469
-0.00000000709
-0.00000001525
-0.00000001818
-0.00000000489
-0.00000001147
-0.00000001533
-0.00000001818
-0.00000000531
-0.00000001351
-0.00000001665
-0.00000001936
-0.00000000612
-0.00000001447
-0.00000001749
-0.00000002064
-0.00000002379
-0.00000000969
-0.00000001800
-0.00000002219
-0.00000002551
-0.00000001207
-0.00000001618
-0.00000001848
-0.00000002849
-0.00000001589
-0.00000001880
-0.00000002234
-0.00000002361
-0.00000001048
-0.00000001325
-0.00000002064
-0.00000002424
-0.00000001099
-0.00000001319
-0.00000001697
-0.00000002456
-0.00000002574
-0.00000001284
-0.00000001455
-0.00000001832
-0.00000002001
-0.00000000808
-0.00000001629
-0.00000001946
-0.00000002285
-0.00000000891
-0.00000001113
-0.00000001935
-0.00000002186
-0.00000002564
-0.00000001281
-0.00000001384
-0.00000001788
-0.00000001045
-0.00000001311
-0.00000001722
-0.00000001930
-0.00000002285
-0.00000001474
-0.00000001909
-0.00000002152
-0.00000002494
-0.00000002855
-0.00000001670
-0.00000001910
-0.00000002346
-0.00000002581
-0.00000002791
-0.00000001488
-0.00000001737
-0.00000002102
-0.00000002864
-0.00000002682
-0.00000001444
-0.00000001754
-0.00000002585
-0.00000002420
-0.00000002711
-0.00000001292
-0.00000002047
-0.00000001845
-0.00000002552
-0.00000003045
-0.00000001297
-0.00000002174
-0.00000002429
-0.00000002637
-0.00000002923
-0.00000001682
-0.00000001846
-0.00000002181
-0.00000002419
-0.00000002683
-0.00000001516
-0.00000001667
-0.00000002059
-0.00000002274
-0.00000000925
-0.00000001253
-0.00000001470
-0.00000001624
-0.00000002487
-0.00000001163
-0.00000001393
-0.00000001694
-0.00000001912
-0.00000000494
-0.00000000793
-0.00000001504
-0.00000001843
-0.00000002063
-0.00000002307
-0.00000000902
-0.00000001241
-0.00000001676
-0.00000002000
-0.00000000675
-0.00000000912
-0.00000001644
-0.00000001921
-0.00000002074
-0.00000000835
-0.00000000889
-0.00000001636
-0.00000001795
-0.00000002136
-0.00000002282
-0.00000000888
-0.00000001024
-0.00000001254
-0.00000001405
-0.00000002132
-0.00000000870
-0.00000001010
-0.00000001124
-0.00000001536
-0.00000001832
-0.00000000546
-0.00000001218
-0.00000001417
-0.00000001731
-0.00000001837
-0.00000002062
-0.00000000736
-0.00000001424
-0.00000001817
-0.00000002124
-0.00000000850
-0.00000001140
-0.00000001343
-0.00000001880
-0.00000002155
-0.00000000813
-0.00000000989
-0.00000001098
-0.00000001373
-0.00000002178
-0.00000000837
-0.00000001093
-0.00000001253
-0.00000001510
-0.00000000161
-0.00000000885
-0.00000001143
-0.00000001495
-0.00000002092
-0.00000000794
-0.00000001104
-0.00000001442
-0.00000001744
-0.00000001888
-0.00000001099
-0.00000001485
-0.00000001684
-0.00000001985
-0.00000000648
-0.00000000890
-0.00000001774
-0.00000002069
-0.00000002417
-0.00000001044
-0.00000001330
-0.00000001612
-0.00000002442
-0.00000002733
-0.00000001417
-0.00000001783
-0.00000002039
-0.00000002299
-0.00000001048
-0.00000001350
-0.00000001613
-0.00000002485
-0.00000000765
-0.00000001573
-0.00000001741
-0.00000002001
-0.00000000796
-0.00000001156
-0.00000001274
-0.00000002217
-0.00000000917
-0.00000001228
-0.00000001600
-0.00000001757
-0.00000002621
-0.00000000733
-0.00000001506
-0.00000001829
-0.00000002011
-0.00000002271
-0.00000000875
-0.00000001173
-0.00000001996
-0.00000002161
-0.00000002556
-0.00000001283
-0.00000001504
-0.00000001736
-0.00000001946
-0.00000002290
-0.00000000973
-0.00000001223
-0.00000002022
-0.00000002417
-0.00000001168
-0.00000001405
-0.00000001561
-0.00000000261
-0.00000000986
-0.00000001205
-0.00000001472
-0.00000001672
-0.00000000321
-0.00000001061
-0.00000001411
0.00000000014
-0.00000000325
-0.00000001295
-0.00000000176
-0.00000000467
-0.00000001285
-0.00000001494
-0.00000000192
-0.00000001025
-0.00000001361
-0.00000001567
-0.00000000317
-0.00000001025
-0.00000001368
-0.00000001531
-0.00000000251
-0.00000000961
-0.00000001235
-0.00000001552
-0.00000000256
-0.00000001110
-0.00000001410
-0.00000001834
-0.00000000496
-0.00000001257
-0.00000001540
-0.00000001825
-0.00000000569
-0.00000001387
-0.00000001666
-0.00000001924
-0.00000002192
-0.00000000822
-0.00000001757
-0.00000001918
-0.00000002158
-0.00000000807
-0.00000000994
-0.00000001880
-0.00000002032
-0.00000002369
-0.00000000956
-0.00000001183
-0.00000002043
-0.00000002192
-0.00000000873
-0.00000001201
-0.00000001470
-0.00000002222
-0.00000000901
-0.00000001051
-0.00000001316
-0.00000002132
-0.00000000808
-0.00000001016
-0.00000001415
-0.00000001685
-0.00000000775
-0.00000001055
-0.00000001400
-0.00000002093
-0.00000000823
-0.00000001103
-0.00000001389
-0.00000001593
-0.00000000824
-0.00000001143
-0.00000001354
-0.00000002125
-0.00000000705
-0.00000000875
-0.00000001718
-0.00000001930
-0.00000000727
-0.00000000890
-0.00000001709
-0.00000002011
-0.00000000827
-0.00000000957
-0.00000001785
-0.00000002146
-0.00000002413
-0.00000001203
-0.00000001544
-0.00000002314
-0.00000002538
-0.00000001288
-0.00000001592
-0.00000001982
-0.00000002266
-0.00000001619
-0.00000001875
-0.00000002185
-0.00000002443
-0.00000001037
-0.00000001450
-0.00000002111
-0.00000002546
-0.00000001207
-0.00000001411
-0.00000001671
-0.00000001811
-0.00000002897
-0.00000001454
-0.00000001809
-0.00000002112
-0.00000002560
-0.00000001280
-0.00000001622
-0.00000001936
-0.00000002634
-0.00000001422
-0.00000001745
-0.00000002022
-0.00000002281
-0.00000001027
-0.00000001497
-0.00000001851
-0.00000002630
-0.00000003028
-0.00000001723
-0.00000002068
-0.00000002432
-0.00000002613
-0.00000001315
-0.00000001653
-0.00000001883
-0.00000002223
-0.00000002589
-0.00000001196
-0.00000001565
-0.00000002359
-0.00000002652
-0.00000002941
-0.00000001702
-0.00000002130
-0.00000002315
-0.00000002673
-0.00000002939
-0.00000001528
-0.00000001811
-0.00000002112
-0.00000002395
-0.00000002669
-0.00000001281
-0.00000001805
-0.00000002107
-0.00000002442
-0.00000001085
-0.00000001464
-0.00000002249
-0.00000002642
-0.00000000891
-0.00000001784
-0.00000001942
-0.00000002287
-0.00000000940
-0.00000001376
-0.00000001683
-0.00000001689
-0.00000000552
-0.00000001413
-0.00000001646
-0.00000001941
-0.00000000782
-0.00000001067
-0.00000001349
-0.00000001990
-0.00000000749
-0.00000001000
-0.00000001270
-0.00000001384
-0.00000000167
-0.00000000920
-0.00000001070
-0.00000001261
-0.00000002096
-0.00000000236
-0.00000000867
-0.00000001253
-0.00000001501
-0.00000000621
-0.00000000857
-0.00000001095
-0.00000001422
-0.00000000721
-0.00000000892
-0.00000001167
-0.00000001416
-0.00000000527
-0.00000000778
-0.00000001025
-0.00000001759
-0.00000000470
-0.00000000821
-0.00000001123
-0.00000001896
-0.00000002169
-0.00000000942
-0.00000001146
-0.00000001549
-0.00000002323
-0.00000001046
-0.00000001339
-0.00000001638
-0.00000002015
-0.00000000679
-0.00000001475
-0.00000001747
-0.00000002077
-0.00000000843
-0.00000001162
-0.00000001993
-0.00000002277
-0.00000002483
-0.00000001326
-0.00000001552
-0.00000001924
-0.00000002144
-0.00000000855
-0.00000001062
-0.00000001762
-0.00000002031
-0.00000002311
-0.00000001068
-0.00000001325
-0.00000001692
-0.00000002382
-0.00000001109
-0.00000001417
-0.00000001637
-0.00000001929
-0.00000000603
-0.00000001525
-0.00000001769
-0.00000002189
-0.00000000801
-0.00000001179
-0.00000001448
-0.00000002144
-0.00000001012
-0.00000001198
-0.00000001428
-0.00000002249
-0.00000000856
-0.00000001162
-0.00000001261
-0.00000001504
-0.00000000284
-0.00000001004
-0.00000001355
-0.00000001509
-0.00000000220
-0.00000001045
-0.00000001327
-0.00000001579
-0.00000000418
-0.00000001128
-0.00000001486
-0.00000001816
-0.00000001055
-0.00000001327
-0.00000001606
-0.00000001920
-0.00000002309
-0.00000001118
-0.00000001957
-0.00000002071
-0.00000002500
-0.00000001184
-0.00000001733
-0.00000002024
-0.00000002313
-0.00000001192
-0.00000001503
-0.00000002400
-0.00000002864
-0.00000001522
-0.00000001860
-0.00000002246
-0.00000002690
-0.00000002958
-0.00000001765
-0.00000001934
-0.00000002257
-0.00000002634
-0.00000001334
-0.00000001604
-0.00000001965
-0.00000002747
-0.00000001082
-0.00000001299
-0.00000002046
-0.00000002403
-0.00000000963
-0.00000001358
-0.00000001637
-0.00000001896
-0.00000001175
-0.00000001553
-0.00000001877
-0.00000002170
-0.00000000881
-0.00000001111
-0.00000001439
-0.00000002267
-0.00000001108
-0.00000001311
-0.00000001826
-0.00000002093
-0.00000000877
-0.00000001127
-0.00000001969
-0.00000002379
-0.00000001143
-0.00000001395
-0.00000001772
-0.00000002200
-0.00000000945
-0.00000001221
-0.00000002052
-0.00000002426
-0.00000002711
-0.00000001440
-0.00000001712
-0.00000002052
-0.00000002398
-0.00000001101
-0.00000001451
-0.00000001868
-0.00000002132
-0.00000002398
-0.00000001143
-0.00000001489
-0.00000002234
-0.00000002576
-0.00000001274
-0.00000001580
-0.00000001958
-0.00000002182
-0.00000001024
-0.00000001242
-0.00000001649
-0.00000001926
-0.00000002623
-0.00000000800
-0.00000001670
-0.00000001831
-0.00000002146
-0.00000000774
-0.00000001185
-0.00000001464
-0.00000001808
-0.00000000997
-0.00000001249
-0.00000001433
-0.00000001703
-0.00000000305
-0.00000001255
-0.00000001449
-0.00000001870
-0.00000000521
-0.00000000914
-0.00000001037
-0.00000001812
-0.00000000576
-0.00000000700
-0.00000000884
-0.00000001727
-0.00000000325
-0.00000000660
-0.00000000796
-0.00000001443
-0.00000000318
-0.00000000685
-0.00000000940
-0.00000001729
-0.00000001952
-0.00000000786
-0.00000000920
-0.00000001773
-0.00000002085
-0.00000000752
-0.00000001069
-0.00000001224
-0.00000001995
-0.00000002379
-0.00000001093
-0.00000001398
-0.00000001564
-0.00000002007
-0.00000001189
-0.00000001583
-0.00000001801
-0.00000002012
-0.00000000654
-0.00000000948
-0.00000001583
-0.00000001721
-0.00000002001
-0.00000000710
-0.00000000912
-0.00000001817
-0.00000002000
-0.00000000591
-0.00000000817
-0.00000001016
-0.00000001881
-0.00000000593
-0.00000000953
-0.00000001268
-0.00000001952
-0.00000000594
-0.00000000971
-0.00000001660
-0.00000001948
-0.00000002201
-0.00000000829
-0.00000001109
-0.00000001683
-0.00000002068
-0.00000002265
-0.00000001135
-0.00000001379
-0.00000001754
-0.00000002539
-0.00000001313
-0.00000001692
-0.00000001891
-0.00000002291
-0.00000000802
-0.00000001068
-0.00000001894
-0.00000002061
-0.00000002334
-0.00000001032
-0.00000001316
-0.00000001574
-0.00000002206
-0.00000000909
-0.00000001244
-0.00000001328
-0.00000002000
-0.00000002388
-0.00000001000
-0.00000001272
-0.00000001583
-0.00000001736
-0.00000000946
-0.00000001184
-0.00000001346
-0.00000001620
-0.00000002375
-0.00000000945
-0.00000001158
-0.00000001327
-0.00000001613
-0.00000002353
-0.00000001088
-0.00000001340
-0.00000001679
-0.00000001841
-0.00000002275
-0.00000001550
-0.00000001955
-0.00000002208
-0.00000002498
-0.00000002707
-0.00000001457
-0.00000001760
-0.00000001977
-0.00000002379
-0.00000002622
-0.00000002870
-0.00000001758
-0.00000001943
-0.00000002186
-0.00000003001
-0.00000002794
-0.00000003022
-0.00000001798
-0.00000002124
-0.00000002513
-0.00000002669
-0.00000001395
-0.00000001799
-0.00000002121
-0.00000002418
-0.00000002732
-0.00000001342
-0.00000001590
-0.00000001806
-0.00000002062
-0.00000002351
-0.00000000982
-0.00000001435
-0.00000002123
-0.00000002415
-0.00000001053
-0.00000001307
-0.00000001578
-0.00000001767
-0.00000002209
-0.00000000804
-0.00000001073
-0.00000001805
-0.00000002082
-0.00000000858
-0.00000001092
-0.00000001318
-0.00000001547
-0.00000000311
-0.00000001155
-0.00000001304
-0.00000001688
-0.00000001844
-0.00000000564
-0.00000001339
-0.00000001475
-0.00000001956
-0.00000000515
-0.00000000833
-0.00000001091
-0.00000001787
-0.00000001916
-0.00000000807
-0.00000001040
-0.00000001274
-0.00000001625
-0.00000002353
-0.00000001168
-0.00000001448
-0.00000001766
-0.00000002090
-0.00000002296
-0.00000001083
-0.00000001446
-0.00000001702
-0.00000002052
-0.00000002847
-0.00000001436
-0.00000001685
-0.00000002011
-0.00000002349
-0.00000002536
-0.00000001321
-0.00000001506
-0.00000001780
-0.00000001915
-0.00000000638
-0.00000000709
-0.00000001465
-0.00000001594
-0.00000000304
-0.00000000418
-0.00000001176
-0.00000001469
-0.00000001563
-0.00000000240
-0.00000001109
-0.00000001256
-0.00000001585
-0.00000000282
-0.00000001063
-0.00000001386
-0.00000001554
-0.00000001836
-0.00000000506
-0.00000001235
-0.00000001429
-0.00000001707
-0.00000001885
-0.00000000672
-0.00000001273
-0.00000001613
-0.00000001834
-0.00000000473
-0.00000000758
-0.00000001401
-0.00000001603
-0.00000001931
-0.00000000636
-0.00000000827
-0.00000001662
-0.00000001945
-0.00000002328
-0.00000000907
-0.00000001829
-0.00000002115
-0.00000002327
-0.00000002575
-0.00000001330
-0.00000001592
-0.00000001739
-0.00000002142
-0.00000002501
-0.00000001208
-0.00000001494
-0.00000001773
-0.00000002596
-0.00000001208
-0.00000001516
-0.00000001713
-0.00000001996
-0.00000002083
-0.00000000804
-0.00000001019
-0.00000001851
-0.00000002071
-0.00000000780
-0.00000001029
-0.00000001393
-0.00000001699
-0.00000002467
-0.00000001144
-0.00000001525
-0.00000001866
-0.00000001999
-0.00000002414
-0.00000001166
-0.00000001478
-0.00000002288
-0.00000002553
-0.00000000818
-0.00000001700
-0.00000001958
-0.00000002154
-0.00000002454
-0.00000001192
-0.00000001589
-0.00000001966
-0.00000002291
-0.00000002557
-0.00000001191
-0.00000001480
-0.00000002265
-0.00000002551
-0.00000000864
-0.00000001691
-0.00000001880
-0.00000002193
-0.00000002263
-0.00000000904
-0.00000001294
-0.00000001499
-0.00000001734
-0.00000000957
-0.00000001366
-0.00000001680
-0.00000001935
-0.00000002148
-0.00000000963
-0.00000001309
-0.00000001490
-0.00000002321
-0.00000002743
-0.00000001516
-0.00000001942
-0.00000002359
-0.00000001167
-0.00000001428
-0.00000001775
-0.00000002147
-0.00000002428
-0.00000001170
-0.00000001476
-0.00000001683
-0.00000002573
-0.00000001281
-0.00000001525
-0.00000001956
-0.00000002294
-0.00000002744
-0.00000001407
-0.00000001743
-0.00000002022
-0.00000002247
-0.00000001093
-0.00000001286
-0.00000001529
-0.00000001737
-0.00000000436
-0.00000001037
-0.00000001362
-0.00000001523
-0.00000000275
-0.00000000377
-0.00000001163
-0.00000001510
-0.00000001683
-0.00000000342
-0.00000000665
-0.00000001435
-0.00000001774
-0.00000000293
-0.00000000624
-0.00000001269
-0.00000000093
-0.00000000203
-0.00000001098
-0.00000001296
-0.00000001687
-0.00000000317
-0.00000001235
-0.00000001484
-0.00000001855
-0.00000000731
-0.00000001066
-0.00000001817
-0.00000002152
-0.00000000846
-0.00000001186
-0.00000001476
-0.00000001943
-0.00000002082
-0.00000001357
-0.00000001693
-0.00000001919
-0.00000002161
-0.00000000904
-0.00000001093
-0.00000001918
-0.00000002176
-0.00000002431
-0.00000001190
-0.00000001459
-0.00000001706
-0.00000001912
-0.00000002649
-0.00000000852
-0.00000001649
-0.00000001805
-0.00000002066
-0.00000000863
-0.00000001097
-0.00000001251
-0.00000002072
-0.00000002268
-0.00000000931
-0.00000001306
-0.00000001446
-0.00000001658
-0.00000000836
-0.00000001242
-0.00000001439
-0.00000001768
-0.00000002569
-0.00000000813
-0.00000001500
-0.00000001841
-0.00000002216
-0.00000000847
-0.00000001251
-0.00000001541
-0.00000002349
-0.00000001010
-0.00000001249
-0.00000001487
-0.00000001799
-0.00000002048
-0.00000000884
-0.00000001652
-0.00000002028
-0.00000002294
-0.00000001164
-0.00000001449
-0.00000001744
-0.00000002488
-0.00000000708
-0.00000001447
-0.00000001685
-0.00000002044
-0.00000002268
-0.00000000937
-0.00000001228
-0.00000002018
-0.00000002319
-0.00000000967
-0.00000001242
-0.00000001498
-0.00000001756
-0.00000002526
-0.00000000770
-0.00000001311
-0.00000001715
-0.00000002057
-0.00000002221
-0.00000000909
-0.00000001264
-0.00000002004
-0.00000002352
-0.00000000910
-0.00000001357
-0.00000001697
-0.00000001804
-0.00000002204
-0.00000001042
-0.00000001366
-0.00000001950
-0.00000002297
-0.00000000824
-0.00000001000
-0.00000001382
-0.00000002063
-0.00000000842
-0.00000001131
-0.00000001346
-0.00000001491
-0.00000002278
-0.00000000877
-0.00000001184
-0.00000001409
-0.00000001714
-0.00000000985
-0.00000001186
-0.00000001373
-0.00000001685
-0.00000001882
-0.00000001060
-0.00000001152
-0.00000001475
-0.00000001706
-0.00000001911
-0.00000000562
-0.00000001173
-0.00000001360
-0.00000001633
-0.00000001863
-0.00000000529
-0.00000001300
-0.00000001566
-0.00000001813
-0.00000002041
-0.00000000811
-0.00000001478
-0.00000001810
-0.00000001963
-0.00000002278
-0.00000000958
-0.00000001194
-0.00000001501
-0.00000001803
-0.00000000897
-0.00000001269
-0.00000001400
-0.00000001768
-0.00000002587
-0.00000001235
-0.00000001562
-0.00000001805
-0.00000002231
-0.00000000892
-0.00000001208
-0.00000002054
-0.00000002375
-0.00000002584
-0.00000001294
-0.00000001570
-0.00000001833
-0.00000002070
-0.00000000848
-0.00000001567
-0.00000001885
-0.00000002313
-0.00000002527
-0.00000001220
-0.00000001696
-0.00000001938
-0.00000002303
-0.00000002668
-0.00000001487
-0.00000001813
-0.00000002076
-0.00000002489
-0.00000002802
-0.00000001533
-0.00000001941
-0.00000002343
-0.00000002552
-0.00000001311
-0.00000001684
-0.00000001962
-0.00000002181
-0.00000002476
-0.00000001297
-0.00000001555
-0.00000002374
-0.00000002617
-0.00000002448
-0.00000001252
-0.00000001521
-0.00000001809
-0.00000002562
-0.00000002281
-0.00000001041
-0.00000001826
-0.00000002359
-0.00000002624
-0.00000002453
-0.00000001242
-0.00000002108
-0.00000001892
-0.00000002174
-0.00000002535
-0.00000001294
-0.00000001561
-0.00000001978
-0.00000002261
-0.00000002540
-0.00000001263
-0.00000001711
-0.00000001915
-0.00000002268
-0.00000002534
-0.00000001369
-0.00000001637
-0.00000002084
-0.00000002354
-0.00000001085
-0.00000001346
-0.00000001608
-0.00000001825
-0.00000001992
-0.00000000742
-0.00000001074
-0.00000001256
-0.00000001499
-0.00000001770
-0.00000000337
-0.00000001061
-0.00000001393
-0.00000001760
-0.00000002100
-0.00000000711
-0.00000001070
-0.00000001255
-0.00000001593
-0.00000001938
-0.00000000556
-0.00000000794
-0.00000001530
-0.00000001227
-0.00000001896
-0.00000000537
-0.00000000834
-0.00000001092
-0.00000001277
0.00000000098
-0.00000000007
-0.00000000823
-0.00000000855
-0.00000001228
0.00000000109
-0.00000000719
-0.00000000864
-0.00000001170
-0.00000001357
0.00000000021
-0.00000000822
-0.00000001009
-0.00000001187
0.00000000131
-0.00000000578
-0.00000000770
-0.00000000939
0.00000000207
-0.00000000472
-0.00000000772
-0.00000000860
-0.00000001777
-0.00000000622
-0.00000000795
-0.00000001105
-0.00000001816
-0.00000001939
-0.00000000787
-0.00000000909
-0.00000001164
-0.00000001453
-0.00000000623
-0.00000000847
-0.00000001162
-0.00000001358
-0.00000002098
-0.00000000882
-0.00000001280
-0.00000001674
-0.00000002031
-0.00000000789
-0.00000001510
-0.00000001837
-0.00000002089
-0.00000002409
-0.00000001357
-0.00000001729
-0.00000002037
-0.00000002281
-0.00000001099
-0.00000001456
-0.00000002184
-0.00000002526
-0.00000001084
-0.00000001408
-0.00000001557
-0.00000001930
-0.00000000590
-0.00000000856
-0.00000001628
-0.00000001947
-0.00000002200
-0.00000000857
-0.00000001169
-0.00000001321
-0.00000002069
-0.00000000694
-0.00000000874
-0.00000001350
-0.00000002072
-0.00000002305
-0.00000000958
-0.00000001319
-0.00000001637
-0.00000001873
-0.00000002193
-0.00000000979
-0.00000001415
-0.00000002244
-0.00000002500
-0.00000001256
-0.00000001615
-0.00000001795
-0.00000002106
-0.00000002368
-0.00000001237
-0.00000001492
-0.00000001807
-0.00000002558
-0.00000002219
-0.00000001014
-0.00000001331
-0.00000002019
-0.00000002333
-0.00000000983
-0.00000001357
-0.00000001483
-0.00000001788
-0.00000001995
-0.00000000798
-0.00000001524
-0.00000001681
-0.00000001898
-0.00000000750
-0.00000000802
-0.00000001169
-0.00000001877
-0.00000001960
-0.00000000709
-0.00000000831
-0.00000001103
-0.00000001412
-0.00000002144
-0.00000000859
-0.00000001201
-0.00000001374
-0.00000001772
-0.00000001855
-0.00000001041
-0.00000001349
-0.00000001690
-0.00000001817
-0.00000000591
-0.00000000813
-0.00000001457
-0.00000001684
-0.00000001965
-0.00000000683
-0.00000001053
-0.00000001813
-0.00000002052
-0.00000000748
-0.00000000999
-0.00000001259
-0.00000001913
-0.00000002270
-0.00000000927
-0.00000001362
-0.00000001495
-0.00000001857
-0.00000000446
-0.00000001208
-0.00000001458
-0.00000001789
-0.00000002007
-0.00000000712
-0.00000001486
-0.00000001884
-0.00000002151
-0.00000000841
-0.00000001139
-0.00000001916
-0.00000002141
-0.00000002443
-0.00000001218
-0.00000001361
-0.00000001625
-0.00000001916
-0.00000000696
-0.00000001369
-0.00000001712
-0.00000001912
-0.00000000669
-0.00000000828
-0.00000001647
-0.00000001814
-0.00000001840
-0.00000000739
-0.00000001455
-0.00000001548
-0.00000001880
-0.00000000490
-0.00000000685
-0.00000001370
-0.00000001622
-0.00000001936
-0.00000000495
-0.00000000852
-0.00000001625
-0.00000001852
-0.00000000324
-0.00000001145
-0.00000001364
-0.00000001538
-0.00000000283
-0.00000001157
-0.00000001466
-0.00000001608
-0.00000001909
-0.00000001181
-0.00000001449
-0.00000001779
-0.00000002073
-0.00000000852
-0.00000001688
-0.00000001995
-0.00000002249
-0.00000002586
-0.00000001210
-0.00000001740
-0.00000002026
-0.00000002377
-0.00000003040
-0.00000001366
-0.00000002281
-0.00000002525
-0.00000002824
-0.00000001638
-0.00000001953
-0.00000002143
-0.00000002599
-0.00000001165
-0.00000001529
-0.00000001925
-0.00000002160
-0.00000002584
-0.00000001216
-0.00000001609
-0.00000002393
-0.00000002638
-0.00000001374
-0.00000001671
-0.00000001839
-0.00000002157
-0.00000000815
-0.00000001109
-0.00000001462
-0.00000002133
-0.00000002348
-0.00000001130
-0.00000001353
-0.00000001514
-0.00000001764
-0.00000000542
-0.00000001204
-0.00000001554
-0.00000001819
-0.00000000286
-0.00000000721
-0.00000001518
-0.00000001938
-0.00000000532
-0.00000000897
-0.00000001644
-0.00000001779
-0.00000002037
-0.00000000724
-0.00000000855
-0.00000001664
-0.00000001774
-0.00000001966
-0.00000000738
-0.00000000900
-0.00000001582
-0.00000001769
-0.00000002125
-0.00000000772
-0.00000001016
-0.00000001311
-0.00000002135
-0.00000000851
-0.00000001152
-0.00000001371
-0.00000002192
-0.00000002607
-0.00000001231
-0.00000001549
-0.00000001854
-0.00000002237
-0.00000000997
-0.00000001258
-0.00000002165
-0.00000002414
-0.00000001020
-0.00000001377
-0.00000001553
-0.00000001903
-0.00000002540
-0.00000000788
-0.00000001473
-0.00000001713
-0.00000002022
-0.00000000691
-0.00000000800
-0.00000001544
-0.00000001724
-0.00000002026
-0.00000000604
-0.00000000926
-0.00000001613
-0.00000001833
-0.00000002157
-0.00000000935
-0.00000001133
-0.00000001941
-0.00000002336
-0.00000000956
-0.00000001368
-0.00000001680
-0.00000001821
-0.00000001180
-0.00000001422
-0.00000001770
-0.00000002012
-0.00000002235
-0.00000000908
-0.00000001278
-0.00000002045
-0.00000002355
-0.00000000924
-0.00000001262
-0.00000001664
-0.00000000286
-0.00000001138
-0.00000001258
-0.00000001765
-0.00000001951
-0.00000001191
-0.00000001542
-0.00000001746
-0.00000002186
-0.00000000891
-0.00000001218
-0.00000001927
-0.00000002294
-0.00000000911
-0.00000001228
-0.00000001502
-0.00000002355
-0.00000000925
-0.00000001307
-0.00000001448
-0.00000001818
-0.00000000528
-0.00000001236
-0.00000001537
-0.00000001901
-0.00000002042
-0.00000000797
-0.00000001485
-0.00000001849
-0.00000002130
-0.00000000760
-0.00000001111
-0.00000001292
-0.00000002188
-0.00000002506
-0.00000001376
-0.00000001603
-0.00000001926
-0.00000002177
-0.00000002575
-0.00000001250
-0.00000001565
-0.00000002304
-0.00000002614
-0.00000002821
-0.00000001612
-0.00000001826
-0.00000002052
-0.00000002366
-0.00000002391
-0.00000001110
-0.00000001326
-0.00000001690
-0.00000001904
-0.00000002602
-0.00000002933
-0.00000001111
-0.00000001797
-0.00000002111
-0.00000002388
-0.00000002775
-0.00000002972
-0.00000001575
-0.00000001753
-0.00000001932
-0.00000002269
-0.00000002456
-0.00000001068
-0.00000001402
-0.00000001508
-0.00000001743
-0.00000002058
-0.00000002844
-0.00000001630
-0.00000001876
-0.00000002159
-0.00000002367
-0.00000002536
-0.00000001321
-0.00000001508
-0.00000001807
-0.00000001970
-0.00000002263
-0.00000000789
-0.00000001010
-0.00000001172
-0.00000001835
-0.00000002091
-0.00000000749
-0.00000000922
-0.00000001097
-0.00000001288
-0.00000002052
-0.00000002259
-0.00000001008
-0.00000001230
-0.00000001552
-0.00000001798
-0.00000001872
-0.00000000575
-0.00000001396
-0.00000001661
-0.00000001878
-0.00000000687
-0.00000000981
-0.00000001301
-0.00000002023
-0.00000002162
-0.00000001003
-0.00000001353
-0.00000001669
-0.00000001976
-0.00000000716
-0.00000001435
-0.00000001708
-0.00000001912
-0.00000002270
-0.00000000962
-0.00000001233
-0.00000002025
-0.00000002268
-0.00000002511
-0.00000001198
-0.00000001429
-0.00000001639
-0.00000001923
-0.00000002130
-0.00000000853
-0.00000001239
-0.00000001978
-0.00000002240
-0.00000002550
-0.00000001254
-0.00000001468
-0.00000001782
-0.00000002049
-0.00000002257
-0.00000000992
-0.00000001291
-0.00000001619
-0.00000001894
-0.00000002597
-0.00000001330
-0.00000001635
-0.00000001787
-0.00000002021
-0.00000002280
-0.00000001012
-0.00000001249
-0.00000001447
-0.00000001761
-0.00000000520
-0.00000001323
-0.00000001503
-0.00000001867
-0.00000002125
-0.00000000906
-0.00000001218
-0.00000001961
-0.00000002333
-0.00000002584
-0.00000001188
-0.00000001350
-0.00000001620
-0.00000001807
-0.00000002031
-0.00000000698
-0.00000000969
-0.00000001640
-0.00000001952
-0.00000002091
-0.00000000887
-0.00000001106
-0.00000001274
-0.00000002037
-0.00000002230
-0.00000000887
-0.00000000962
-0.00000001339
-0.00000001563
-0.00000001894
-0.00000000584
-0.00000001221
-0.00000001608
-0.00000001709
-0.00000000458
-0.00000000735
-0.00000001421
-0.00000001763
-0.00000001849
-0.00000000779
-0.00000000945
-0.00000001755
-0.00000002044
-0.00000002408
-0.00000001072
-0.00000001275
-0.00000001693
-0.00000001878
-0.00000000791
-0.00000001476
-0.00000001813
-0.00000002052
-0.00000002194
-0.00000001070
-0.00000001302
-0.00000001631
-0.00000002382
-0.00000001127
-0.00000001422
-0.00000001797
-0.00000002110
-0.00000002274
-0.00000001080
-0.00000001233
-0.00000001521
-0.00000002377
-0.00000002710
-0.00000001454
-0.00000001769
-0.00000002084
-0.00000002375
-0.00000002710
-0.00000001374
-0.00000001779
-0.00000001976
-0.00000002544
-0.00000001285
-0.00000001464
-0.00000001735
-0.00000001970
-0.00000002341
-0.00000001003
-0.00000001195
-0.00000001933
-0.00000002211
-0.00000002461
-0.00000001118
-0.00000001419
-0.00000001678
-0.00000001791
-0.00000002018
-0.00000000835
-0.00000001159
-0.00000001898
-0.00000002176
-0.00000002540
-0.00000001216
-0.00000001470
-0.00000001842
-0.00000002089
-0.00000002449
-0.00000001174
-0.00000001493
-0.00000001816
-0.00000002135
-0.00000000839
-0.00000001073
-0.00000001389
-0.00000002128
-0.00000002422
-0.00000001160
-0.00000001384
-0.00000001745
-0.00000002049
-0.00000002315
-0.00000000872
-0.00000001224
-0.00000001405
-0.00000002279
-0.00000000918
-0.00000001177
-0.00000001497
-0.00000001780
-0.00000002192
-0.00000000889
-0.00000001229
-0.00000002025
-0.00000002292
-0.00000002510
-0.00000000740
-0.00000001592
-0.00000001992
-0.00000002045
-0.00000002437
-0.00000002676
-0.00000001326
-0.00000001572
-0.00000001703
-0.00000001857
-0.00000002057
-0.00000000766
-0.00000000928
-0.00000001523
-0.00000001796
-0.00000001971
-0.00000002288
-0.00000000753
-0.00000001074
-0.00000001070
-0.00000001415
-0.00000001561
-0.00000000734
-0.00000000873
-0.00000001138
-0.00000001234
-0.00000001531
-0.00000000610
-0.00000000806
-0.00000000905
-0.00000001265
-0.00000001409
-0.00000000585
-0.00000000758
-0.00000000906
-0.00000001255
-0.00000000273
-0.00000000365
-0.00000000707
-0.00000001382
-0.00000001654
-0.00000000174
-0.00000000307
-0.00000001233
-0.00000001381
-0.00000001549
-0.00000000281
-0.00000000911
-0.00000001177
-0.00000001414
0.00000000037
-0.00000000740
-0.00000000847
-0.00000001765
-0.00000000306
-0.00000000745
-0.00000001423
-0.00000001796
-0.00000000517
-0.00000000790
-0.00000001481
-0.00000001749
-0.00000001852
-0.00000000471
-0.00000001306
-0.00000001487
-0.00000001699
-0.00000000341
-0.00000001201
-0.00000001463
-0.00000001721
-0.00000000497
-0.00000001165
-0.00000001499
-0.00000001783
-0.00000002452
-0.00000000646
-0.00000001487
-0.00000001713
-0.00000001935
-0.00000000589
-0.00000001346
-0.00000001518
-0.00000001654
-0.00000000348
-0.00000001199
-0.00000001436
-0.00000001689
-0.00000002328
-0.00000000922
-0.00000001268
-0.00000001459
-0.00000002167
-0.00000000872
-0.00000001111
-0.00000001346
-0.00000002093
-0.00000002335
-0.00000001055
-0.00000001415
-0.00000001617
-0.00000002409
-0.00000001198
-0.00000001452
-0.00000001686
-0.00000001950
-0.00000002689
-0.00000003066
-0.00000001690
-0.00000002145
-0.00000002299
-0.00000002632
-0.00000002790
-0.00000001593
-0.00000001781
-0.00000002068
-0.00000002368
-0.00000002547
-0.00000002889
-0.00000001431
-0.00000001789
-0.00000002515
-0.00000002733
-0.00000003051
-0.00000003247
-0.00000001482
-0.00000001680
-0.00000002609
-0.00000002782
-0.00000003084
-0.00000001662
-0.00000001958
-0.00000002088
-0.00000002384
-0.00000002509
-0.00000001300
-0.00000001552
-0.00000001791
-0.00000001859
-0.00000002070
-0.00000000787
-0.00000001345
-0.00000001438
-0.00000001573
-0.00000001797
-0.00000001891
-0.00000000525
-0.00000001140
-0.00000001271
-0.00000001468
-0.00000001599
-0.00000001734
-0.00000000313
-0.00000000996
-0.00000001249
-0.00000001460
-0.00000001659
-0.00000002479
-0.00000000922
-0.00000001368
-0.00000001574
-0.00000001975
-0.00000002162
-0.00000000779
-0.00000001413
-0.00000001703
-0.00000001959
-0.00000002092
-0.00000000776
-0.00000000888
-0.00000001720
-0.00000001853
-0.00000000557
-0.00000000819
-0.00000001536
-0.00000001712
-0.00000001990
-0.00000000619
-0.00000000810
-0.00000001554
-0.00000001695
-0.00000000363
-0.00000000621
-0.00000001271
-0.00000001468
-0.00000000062
-0.00000000846
-0.00000000918
-0.00000001161
-0.00000001867
-0.00000000574
-0.00000000806
-0.00000000955
-0.00000001863
-0.00000000396
-0.00000000758
-0.00000001382
-0.00000001619
-0.00000000293
-0.00000001115
-0.00000001276
-0.00000001561
-0.00000000327
-0.00000001035
-0.00000001483
-0.00000001642
-0.00000000876
-0.00000001207
-0.00000001466
-0.00000001801
-0.00000001095
-0.00000001239
-0.00000001632
-0.00000001870
-0.00000002743
-0.00000001491
-0.00000001716
-0.00000002088
-0.00000002424
-0.00000001276
-0.00000002088
-0.00000002299
-0.00000002736
-0.00000001483
-0.00000001685
-0.00000001929
-0.00000002333
-0.00000003118
-0.00000001372
-0.00000002168
-0.00000002418
-0.00000002677
-0.00000003099
-0.00000001817
-0.00000002099
-0.00000002370
-0.00000002591
-0.00000002940
-0.00000001673
-0.00000001828
-0.00000002137
-0.00000002510
-0.00000002795
-0.00000001406
-0.00000001775
-0.00000002036
-0.00000002065
-0.00000002422
-0.00000001200
-0.00000001747
-0.00000001975
-0.00000002325
-0.00000002501
-0.00000001185
-0.00000001394
-0.00000001494
-0.00000001737
-0.00000000291
-0.00000000971
-0.00000001169
-0.00000001422
-0.00000001660
-0.00000000970
-0.00000001209
-0.00000001346
-0.00000001578
-0.00000001845
-0.00000001119
-0.00000001436
-0.00000001645
-0.00000001901
-0.00000002259
-0.00000000928
-0.00000001326
-0.00000002079
-0.00000002372
-0.00000001088
-0.00000001325
-0.00000001599
-0.00000002021
-0.00000002213
-0.00000000954
-0.00000001706
-0.00000001975
-0.00000002180
-0.00000000814
-0.00000001089
-0.00000001457
-0.00000002228
-0.00000002323
-0.00000001090
-0.00000001391
-0.00000001594
-0.00000001839
-0.00000001926
-0.00000002226
-0.00000001410
-0.00000001634
-0.00000001871
-0.00000002100
-0.00000002427
-0.00000001114
-0.00000001386
-0.00000001549
-0.00000002323
-0.00000002432
-0.00000001208
-0.00000001386
-0.00000001535
-0.00000001831
-0.00000002029
-0.00000000711
-0.00000000814
-0.00000001495
-0.00000001866
-0.00000002011
-0.00000000753
-0.00000001059
-0.00000001652
-0.00000001975
-0.00000002251
-0.00000000826
-0.00000000991
-0.00000001280
-0.00000002033
-0.00000002314
-0.00000001038
-0.00000001251
-0.00000001442
-0.00000001737
-0.00000000470
-0.00000001340
-0.00000001599
-0.00000001839
-0.00000002062
-0.00000000802
-0.00000001150
-0.00000001840
-0.00000002150
-0.00000000897
-0.00000001194
-0.00000001581
-0.00000001837
-0.00000002080
-0.00000001371
-0.00000001567
-0.00000001898
-0.00000002211
-0.00000000925
-0.00000001180
-0.00000001933
-0.00000002230
-0.00000002545
-0.00000001184
-0.00000001477
-0.00000001645
-0.00000001901
-0.00000000564
-0.00000001378
-0.00000001594
-0.00000001887
-0.00000002133
-0.00000000821
-0.00000001206
-0.00000002090
-0.00000002447
-0.00000001220
-0.00000001436
-0.00000001874
-0.00000002148
-0.00000002409
-0.00000001209
-0.00000001414
-0.00000002247
-0.00000002572
-0.00000001335
-0.00000001630
-0.00000001939
-0.00000002152
-0.00000002418
-0.00000001143
-0.00000001381
-0.00000001688
-0.00000002442
-0.00000001091
-0.00000001376
-0.00000001584
-0.00000001827
-0.00000000518
-0.00000000801
-0.00000001608
-0.00000001950
-0.00000000567
-0.00000000869
-0.00000001077
-0.00000001885
-0.00000002146
-0.00000000774
-0.00000001138
-0.00000001422
-0.00000002278
-0.00000000903
-0.00000001257
-0.00000001450
-0.00000001882
-0.00000002114
-0.00000000781
-0.00000001707
-0.00000002026
-0.00000002285
-0.00000001121
-0.00000001400
-0.00000001608
-0.00000001846
-0.00000001154
-0.00000001455
-0.00000001685
-0.00000001930
-0.00000002274
-0.00000000837
-0.00000001611
-0.00000001819
-0.00000002074
-0.00000002462
-0.00000001066
-0.00000001402
-0.00000001740
-0.00000001977
-0.00000002390
-0.00000001158
-0.00000001396
-0.00000002207
-0.00000002413
-0.00000001261
-0.00000001448
-0.00000001789
-0.00000002184
-0.00000002361
-0.00000000995
-0.00000001348
-0.00000001546
-0.00000002361
-0.00000001132
-0.00000001321
-0.00000001763
-0.00000001959
-0.00000000646
-0.00000000948
-0.00000001790
-0.00000002127
-0.00000002409
-0.00000000930
-0.00000001374
-0.00000001577
-0.00000001919
-0.00000002673
-0.00000000832
-0.00000001627
-0.00000001889
-0.00000002069
-0.00000002316
-0.00000000973
-0.00000001374
-0.00000001692
-0.00000002005
-0.00000002156
-0.00000001198
-0.00000001607
-0.00000001731
-0.00000002251
-0.00000002535
-0.00000002683
-0.00000001436
-0.00000001604
-0.00000002096
-0.00000002344
-0.00000002586
-0.00000001233
-0.00000001552
-0.00000001990
-0.00000002275
-0.00000002486
-0.00000001309
-0.00000001569
-0.00000001929
-0.00000002212
-0.00000000828
-0.00000001301
-0.00000002162
-0.00000000823
-0.00000001200
-0.00000001456
-0.00000001684
-0.00000000530
-0.00000001252
-0.00000001581
-0.00000001802
-0.00000000702
-0.00000000875
-0.00000001183
-0.00000002013
-0.00000000803
-0.00000001096
-0.00000001191
-0.00000001428
-0.00000001784
-0.00000000504
-0.00000001241
-0.00000001554
-0.00000001809
-0.00000000551
-0.00000000773
-0.00000001670
-0.00000002043
-0.00000002288
-0.00000001050
-0.00000001453
-0.00000001734
-0.00000002043
-0.00000000644
-0.00000001423
-0.00000001608
-0.00000001966
-0.00000002180
-0.00000000821
-0.00000001044
-0.00000001331
-0.00000002195
-0.00000002432
-0.00000001133
-0.00000001558
-0.00000001718
-0.00000002056
-0.00000002162
-0.00000000867
-0.00000001176
-0.00000001566
-0.00000002197
-0.00000002416
-0.00000000975
-0.00000001314
-0.00000001518
-0.00000001624
-0.00000001966
-0.00000000600
-0.00000000915
-0.00000001490
-0.00000001733
-0.00000002018
-0.00000000593
-0.00000000811
-0.00000000911
-0.00000001652
-0.00000000314
-0.00000000662
-0.00000001465
-0.00000001660
-0.00000001818
-0.00000001983
-0.00000000799
-0.00000000842
-0.00000001578
-0.00000001788
-0.00000002048
-0.00000000716
-0.00000000858
-0.00000001653
-0.00000001805
-0.00000002138
-0.00000000816
-0.00000001047
-0.00000001313
-0.00000001522
-0.00000002224
-0.00000002545
-0.00000001213
-0.00000001312
-0.00000001613
-0.00000001914
-0.00000001990
-0.00000000752
-0.00000001354
-0.00000001583
-0.00000001833
-0.00000002040
-0.00000002304
-0.00000000908
-0.00000001105
-0.00000001802
-0.00000001978
-0.00000002124
-0.00000000825
-0.00000000977
-0.00000001031
-0.00000001879
-0.00000001919
-0.00000002108
-0.00000000826
-0.00000000945
-0.00000001770
-0.00000001804
-0.00000000537
-0.00000000747
-0.00000000942
-0.00000001639
-0.00000001792
-0.00000000376
-0.00000000714
-0.00000001408
-0.00000001530
-0.00000001738
-0.00000000310
-0.00000001084
-0.00000001360
-0.00000001432
-0.00000002123
-0.00000000758
-0.00000000904
-0.00000001071
-0.00000001809
-0.00000001811
-0.00000000590
-0.00000000701
-0.00000001375
-0.00000001580
-0.00000000073
-0.00000000824
-0.00000001062
-0.00000001305
-0.00000001569
-0.00000000808
-0.00000000956
-0.00000001357
-0.00000001640
-0.00000002500
-0.00000001175
-0.00000001491
-0.00000001766
-0.00000002030
-0.00000001207
-0.00000001650
-0.00000001945
-0.00000002288
-0.00000002502
-0.00000001240
-0.00000001554
-0.00000002284
-0.00000002616
-0.00000002906
-0.00000001556
-0.00000001791
-0.00000002013
-0.00000002132
-0.00000002538
-0.00000001107
-0.00000001417
-0.00000002204
-0.00000002310
-0.00000001042
-0.00000001272
-0.00000001504
-0.00000001611
-0.00000002503
-0.00000001168
-0.00000001485
-0.00000001754
-0.00000001836
-0.00000000637
-0.00000001246
-0.00000001559
-0.00000001716
-0.00000001966
-0.00000000589
-0.00000001246
-0.00000001623
-0.00000001703
-0.00000001945
-0.00000001036
-0.00000001363
-0.00000001536
-0.00000001836
-0.00000000438
-0.00000000846
-0.00000001647
-0.00000001914
-0.00000002169
-0.00000000802
-0.00000001537
-0.00000001852
-0.00000002215
-0.00000002379
-0.00000002669
-0.00000001317
-0.00000001465
-0.00000002198
-0.00000002544
-0.00000002724
-0.00000001356
-0.00000001526
-0.00000001670
-0.00000001857
-0.00000002111
-0.00000002245
-0.00000000776
-0.00000001560
-0.00000001787
-0.00000002134
-0.00000000820
-0.00000001173
-0.00000001296
-0.00000002040
-0.00000002351
-0.00000000928
-0.00000001277
-0.00000001527
-0.00000001792
-0.00000001011
-0.00000001157
-0.00000001374
-0.00000001644
-0.00000002366
-0.00000001048
-0.00000001174
-0.00000001355
-0.00000001610
-0.00000001836
-0.00000001007
-0.00000001340
-0.00000001624
-0.00000001741
-0.00000000904
-0.00000001230
-0.00000001549
-0.00000001751
-0.00000002077
-0.00000000789
-0.00000001442
-0.00000001651
-0.00000001992
-0.00000002121
-0.00000002572
-0.00000001160
-0.00000001542
-0.00000001767
-0.00000002552
-0.00000002804
-0.00000001459
-0.00000001809
-0.00000001899
-0.00000002209
-0.00000002415
-0.00000002635
-0.00000001219
-0.00000001415
-0.00000001663
-0.00000002385
-0.00000002524
-0.00000001132
-0.00000001391
-0.00000001461
-0.00000001692
-0.00000001775
-0.00000001984
-0.00000000646
-0.00000001289
-0.00000001459
-0.00000001832
-0.00000000444
-0.00000001118
-0.00000001333
-0.00000001514
-0.00000001715
-0.00000000331
-0.00000001078
-0.00000001321
-0.00000001515
-0.00000001523
-0.00000000320
-0.00000000968
-0.00000001181
-0.00000001339
-0.00000001483
-0.00000002328
-0.00000000829
-0.00000000973
-0.00000001285
-0.00000001878
-0.00000002093
-0.00000002394
-0.00000001000
-0.00000001320
-0.00000001436
-0.00000002174
-0.00000002482
-0.00000001007
-0.00000001252
-0.00000001545
-0.00000001776
-0.00000000785
-0.00000001009
-0.00000001225
-0.00000001354
-0.00000001959
-0.00000000690
-0.00000000910
-0.00000001074
-0.00000001845
-0.00000002112
-0.00000000754
-0.00000001040
-0.00000001741
-0.00000001985
-0.00000002325
-0.00000001029
-0.00000001278
-0.00000001552
-0.00000002314
-0.00000002579
-0.00000002942
-0.00000001611
-0.00000001855
-0.00000002188
-0.00000002418
-0.00000002539
-0.00000001257
-0.00000001348
-0.00000002179
-0.00000002312
-0.00000002556
-0.00000001110
-0.00000001359
-0.00000001498
-0.00000001632
-0.00000002394
-0.00000002064
-0.00000001173
-0.00000001409
-0.00000001425
-0.00000001706
-0.00000000234
-0.00000000942
-0.00000001319
-0.00000001580
-0.00000001655
-0.00000000272
-0.00000000994
-0.00000001229
-0.00000001475
-0.00000002137
-0.00000000664
-0.00000000814
-0.00000001172
-0.00000001865
-0.00000002084
-0.00000002356
-0.00000001043
-0.00000001390
-0.00000001606
-0.00000002302
-0.00000000955
-0.00000001024
-0.00000001327
-0.00000002236
-0.00000002313
-0.00000002621
-0.00000001147
-0.00000001528
-0.00000001751
-0.00000001895
-0.00000001178
-0.00000001487
-0.00000001676
-0.00000001827
-0.00000001971
-0.00000000803
-0.00000001401
-0.00000001674
-0.00000001963
-0.00000002179
-0.00000000791
-0.00000001136
-0.00000001905
-0.00000002187
-0.00000000910
-0.00000001171
-0.00000001880
-0.00000002008
-0.00000002241
-0.00000001013
-0.00000001152
-0.00000001938
-0.00000002122
-0.00000002280
-0.00000001097
-0.00000001318
-0.00000001609
-0.00000001978
-0.00000001009
-0.00000001360
-0.00000001566
-0.00000001815
-0.00000002499
-0.00000000802
-0.00000001543
-0.00000001883
-0.00000002184
-0.00000000814
-0.00000000991
-0.00000001697
-0.00000001897
-0.00000002086
-0.00000000940
-0.00000001164
-0.00000001841
-0.00000002070
-0.00000002235
-0.00000002466
-0.00000001117
-0.00000001418
-0.00000002028
-0.00000001783
-0.00000002532
-0.00000001035
-0.00000001371
-0.00000001705
-0.00000001892
-0.00000002215
-0.00000001340
-0.00000001612
-0.00000001833
-0.00000002025
-0.00000002332
-0.00000000860
-0.00000001095
-0.00000001826
-0.00000002139
-0.00000002431
-0.00000001097
-0.00000001162
-0.00000001471
-0.00000002130
-0.00000002401
-0.00000000968
-0.00000001241
-0.00000001328
-0.00000002108
-0.00000002340
-0.00000001019
-0.00000001141
-0.00000001405
-0.00000001495
-0.00000002251
-0.00000000875
-0.00000000981
-0.00000001233
-0.00000002013
-0.00000000107
-0.00000000709
-0.00000000881
-0.00000001682
-0.00000001782
-0.00000000273
-0.00000000586
-0.00000001248
-0.00000001298
-0.00000001589
-0.00000000220
-0.00000000952
-0.00000001004
-0.00000001232
-0.00000001964
-0.00000000529
-0.00000000705
-0.00000001539
-0.00000001687
-0.00000001926
-0.00000000648
-0.00000001287
-0.00000001618
-0.00000001822
-0.00000001973
-0.00000000723
-0.00000001434
-0.00000001627
-0.00000001736
-0.00000002046
-0.00000001235
-0.00000001405
-0.00000001618
-0.00000001769
-0.00000000312
-0.00000001043
-0.00000001190
-0.00000001315
-0.00000002066
-0.00000002160
-0.00000000758
-0.00000001441
-0.00000001691
-0.00000001842
-0.00000002057
-0.00000000805
-0.00000001487
-0.00000001724
-0.00000001956
-0.00000002354
-0.00000000915
-0.00000001785
-0.00000002098
-0.00000002347
-0.00000002467
-0.00000002778
-0.00000001463
-0.00000001647
-0.00000001891
-0.00000002574
-0.00000002871
-0.00000001641
-0.00000001868
-0.00000002099
-0.00000002285
-0.00000002475
-0.00000002868
-0.00000001486
-0.00000001760
-0.00000001835
-0.00000002696
-0.00000002828
-0.00000001560
-0.00000001779
-0.00000001955
-0.00000002257
-0.00000000877
-0.00000001042
-0.00000001589
-0.00000001832
-0.00000001971
-0.00000002237
-0.00000000788
-0.00000000909
-0.00000001469
-0.00000001729
-0.00000001904
-0.00000000602
-0.00000000655
-0.00000001480
-0.00000001541
-0.00000001804
-0.00000000341
-0.00000001287
-0.00000001500
-0.00000001746
-0.00000002057
-0.00000001290
-0.00000001555
-0.00000001842
-0.00000001992
-0.00000002347
-0.00000002622
-0.00000001286
-0.00000001465
-0.00000002216
-0.00000002475
-0.00000002743
-0.00000001430
-0.00000001653
-0.00000001952
-0.00000002201
-0.00000002506
-0.00000002779
-0.00000001325
-0.00000001697
-0.00000001908
-0.00000002650
-0.00000002996
-0.00000003165
-0.00000001372
-0.00000001843
-0.00000002587
-0.00000002835
-0.00000003037
-0.00000001276
-0.00000002139
-0.00000002453
-0.00000002625
-0.00000002801
-0.00000001581
-0.00000001899
-0.00000002125
-0.00000002369
-0.00000002588
-0.00000001130
-0.00000001459
-0.00000001720
-0.00000002005
-0.00000002176
-0.00000000798
-0.00000001025
-0.00000001428
-0.00000002287
-0.00000000842
-0.00000001280
-0.00000001477
-0.00000001813
-0.00000002003
-0.00000000653
-0.00000000847
-0.00000001561
-0.00000001770
-0.00000000389
-0.00000000640
-0.00000001295
-0.00000001632
-0.00000001833
-0.00000000556
-0.00000000751
-0.00000001583
-0.00000001667
-0.00000001926
-0.00000000618
-0.00000000857
-0.00000000995
-0.00000001792
-0.00000001932
-0.00000000743
-0.00000000883
-0.00000001120
-0.00000001757
-0.00000002055
-0.00000002264
-0.00000000967
-0.00000001211
-0.00000001548
-0.00000001750
-0.00000002472
-0.00000001099
-0.00000001402
-0.00000001473
-0.00000001639
-0.00000001987
-0.00000000692
-0.00000001353
-0.00000001678
-0.00000001925
-0.00000002074
-0.00000000817
-0.00000001087
-0.00000001874
-0.00000002101
-0.00000002290
-0.00000000943
-0.00000001122
-0.00000001430
-0.00000001681
-0.00000002354
-0.00000001018
-0.00000001272
-0.00000001457
-0.00000001653
-0.00000001950
-0.00000000613
-0.00000001401
-0.00000001641
-0.00000001902
-0.00000002083
-0.00000000786
-0.00000001593
-0.00000001883
-0.00000002082
-0.00000000835
-0.00000000924
-0.00000001772
-0.00000002043
-0.00000002198
-0.00000002484
-0.00000001072
-0.00000001431
-0.00000001611
-0.00000001851
-0.00000002652
-0.00000000841
-0.00000001637
-0.00000001875
-0.00000002246
-0.00000002471
-0.00000001342
-0.00000001569
-0.00000001863
-0.00000002107
-0.00000002430
-0.00000001175
-0.00000002087
-0.00000002324
-0.00000002683
-0.00000002942
-0.00000001717
-0.00000002022
-0.00000002295
-0.00000002621
-0.00000002916
-0.00000001741
-0.00000002099
-0.00000002331
-0.00000002728
-0.00000002924
-0.00000001728
-0.00000002069
-0.00000002313
-0.00000002614
-0.00000001376
-0.00000001727
-0.00000002011
-0.00000002255
-0.00000002412
-0.00000001036
-0.00000001296
-0.00000001674
-0.00000001722
-0.00000002096
-0.00000000707
-0.00000000995
-0.00000001662
-0.00000001950
-0.00000002134
-0.00000000894
-0.00000001233
-0.00000001464
-0.00000001740
-0.00000000939
-0.00000001226
-0.00000001450
-0.00000001657
-0.00000002018
-0.00000000720
-0.00000000833
-0.00000001697
-0.00000002027
-0.00000002236
-0.00000000910
-0.00000001180
-0.00000001402
-0.00000001609
-0.00000001977
-0.00000000598
-0.00000001305
-0.00000001574
-0.00000001852
-0.00000000560
-0.00000000828
-0.00000001222
-0.00000000323
-0.00000000612
-0.00000000742
-0.00000001402
0.00000000044
-0.00000000146
-0.00000000795
-0.00000000925
0.00000000443
-0.00000000312
-0.00000000353
-0.00000000511
-0.00000001229
-0.00000000043
-0.00000000784
-0.00000000967
-0.00000001340
-0.00000001462
-0.00000000751
-0.00000001002
-0.00000001087
-0.00000001299
-0.00000002097
-0.00000000684
-0.00000000937
-0.00000001147
-0.00000001915
-0.00000000525
-0.00000000647
-0.00000001483
-0.00000001793
-0.00000002117
-0.00000000858
-0.00000001196
-0.00000001886
-0.00000002263
-0.00000002614
-0.00000001435
-0.00000001832
-0.00000002106
-0.00000002454
-0.00000003210
-0.00000001428
-0.00000002237
-0.00000002504
-0.00000002726
-0.00000002904
-0.00000001711
-0.00000001877
-0.00000002149
-0.00000002406
-0.00000002661
-0.00000001238
-0.00000001435
-0.00000001752
-0.00000002445
-0.00000002861
-0.00000001473
-0.00000001820
-0.00000002086
-0.00000002464
-0.00000001159
-0.00000001323
-0.00000001652
-0.00000001786
-0.00000002498
-0.00000001298
-0.00000001367
-0.00000001705
-0.00000001751
-0.00000002018
-0.00000002279
-0.00000000914
-0.00000001115
-0.00000001932
-0.00000002052
-0.00000002446
-0.00000002619
-0.00000001219
-0.00000001664
-0.00000001815
-0.00000002152
-0.00000002301
-0.00000000942
-0.00000001598
-0.00000001757
-0.00000001940
-0.00000002118
-0.00000002356
-0.00000000990
-0.00000001249
-0.00000001599
-0.00000002378
-0.00000002647
-0.00000002447
-0.00000003156
-0.00000001412
-0.00000002292
-0.00000002561
-0.00000002431
-0.00000003254
-0.00000003115
-0.00000001822
-0.00000001960
-0.00000002247
-0.00000002546
-0.00000002860
-0.00000001489
-0.00000001938
-0.00000002080
-0.00000002373
-0.00000002653
-0.00000002814
-0.00000001473
-0.00000001550
-0.00000001907
-0.00000002041
-0.00000002300
-0.00000000977
-0.00000001347
-0.00000001652
-0.00000001904
-0.00000002094
-0.00000000768
-0.00000001029
-0.00000001628
-0.00000001946
-0.00000000635
-0.00000000814
-0.00000001091
-0.00000001270
-0.00000000005
-0.00000000269
-0.00000001014
-0.00000001257
-0.00000001472
-0.00000000176
-0.00000000849
-0.00000001030
-0.00000001373
-0.00000000058
-0.00000000320
-0.00000001113
-0.00000001226
-0.00000001421
-0.00000000157
-0.00000000819
-0.00000001097
-0.00000001368
-0.00000001638
-0.00000000346
-0.00000001067
-0.00000001307
-0.00000001305
-0.00000001574
-0.00000000760
-0.00000000835
-0.00000001117
-0.00000001172
-0.00000001472
-0.00000000620
-0.00000000678
-0.00000000902
-0.00000001678
-0.00000001979
-0.00000000552
-0.00000000746
-0.00000001119
-0.00000001887
-0.00000002052
-0.00000000822
-0.00000000966
-0.00000001238
-0.00000001912
-0.00000002145
-0.00000002125
-0.00000000843
-0.00000000987
-0.00000001061
-0.00000001878
-0.00000002071
-0.00000000767
-0.00000001044
-0.00000001180
-0.00000001917
-0.00000002170
-0.00000000858
-0.00000001194
-0.00000001373
-0.00000002008
-0.00000002309
-0.00000002615
-0.00000001361
-0.00000001728
-0.00000001893
-0.00000002344
-0.00000001067
-0.00000002017
-0.00000002225
-0.00000002405
-0.00000002731
-0.00000001534
-0.00000001786
-0.00000002055
-0.00000002337
-0.00000002516
-0.00000001204
-0.00000001469
-0.00000001709
-0.00000001891
-0.00000002015
-0.00000001227
-0.00000001428
-0.00000001608
-0.00000001867
-0.00000002090
-0.00000002255
-0.00000000972
-0.00000001267
-0.00000001454
-0.00000002359
-0.00000002618
-0.00000001254
-0.00000001555
-0.00000001779
-0.00000002035
-0.00000002333
-0.00000002540
-0.00000001304
-0.00000001572
-0.00000001794
-0.00000001934
-0.00000002384
-0.00000002632
-0.00000001354
-0.00000001597
-0.00000001847
-0.00000002205
-0.00000002264
-0.00000002934
-0.00000000935
-0.00000001652
-0.00000001842
-0.00000002209
-0.00000002388
-0.00000000807
-0.00000001206
-0.00000001391
-0.00000001658
-0.00000001855
-0.00000000841
-0.00000001070
-0.00000001397
-0.00000001532
-0.00000001724
-0.00000000345
-0.00000001143
-0.00000001406
-0.00000001732
-0.00000001887
-0.00000000672
-0.00000000902
-0.00000001627
-0.00000001859
-0.00000002083
-0.00000000909
-0.00000001092
-0.00000001406
-0.00000002120
-0.00000002398
-0.00000002672
-0.00000001300
-0.00000001601
-0.00000001741
-0.00000002059
-0.00000002388
-0.00000001050
-0.00000001203
-0.00000001527
-0.00000001586
-0.00000002015
-0.00000001186
-0.00000001435
-0.00000001804
-0.00000002054
-0.00000002313
-0.00000001056
-0.00000001509
-0.00000001757
-0.00000002036
-0.00000000769
-0.00000001513
-0.00000001812
-0.00000002143
-0.00000002504
-0.00000001323
-0.00000001589
-0.00000001910
-0.00000002218
-0.00000002562
-0.00000001303
-0.00000001466
-0.00000001813
-0.00000002079
-0.00000002354
-0.00000000974
-0.00000001184
-0.00000002015
-0.00000002331
-0.00000001060
-0.00000001282
-0.00000001680
-0.00000001940
-0.00000000591
-0.00000000993
-0.00000001267
-0.00000002145
-0.00000002571
-0.00000000758
-0.00000001605
-0.00000001753
-0.00000001986
-0.00000002378
-0.00000000919
-0.00000001224
-0.00000001554
-0.00000001735
-0.00000002029
-0.00000000661
-0.00000001277
-0.00000001430
-0.00000001580
-0.00000001779
-0.00000002036
-0.00000000641
-0.00000000775
-0.00000001273
-0.00000001699
-0.00000001811
-0.00000002094
-0.00000000854
-0.00000001232
-0.00000001547
-0.00000002428
-0.00000002116
-0.00000000799
-0.00000001622
-0.00000001910
-0.00000002138
-0.00000002376
-0.00000001164
-0.00000001432
-0.00000001781
-0.00000001872
-0.00000002153
-0.00000002410
-0.00000001155
-0.00000001208
-0.00000001953
-0.00000002243
-0.00000002455
-0.00000002632
-0.00000000855
-0.00000001587
-0.00000001719
-0.00000001933
-0.00000002221
-0.00000002479
-0.00000001096
-0.00000001360
-0.00000001586
-0.00000001818
-0.00000002110
-0.00000000838
-0.00000001487
-0.00000001640
-0.00000001962
-0.00000002032
-0.00000002559
-0.00000001158
-0.00000001490
-0.00000001609
-0.00000001808
-0.00000002137
-0.00000002421
-0.00000001097
-0.00000001332
-0.00000001720
-0.00000001980
-0.00000002438
-0.00000001129
-0.00000001471
-0.00000001784
-0.00000002034
-0.00000002288
-0.00000002644
-0.00000001276
-0.00000001560
-0.00000001939
-0.00000002178
-0.00000002383
-0.00000001141
-0.00000001503
-0.00000001784
-0.00000002127
-0.00000002435
-0.00000002665
-0.00000001518
-0.00000001820
-0.00000002127
-0.00000002485
-0.00000002728
-0.00000002393
-0.00000001077
-0.00000001378
-0.00000002081
-0.00000002412
-0.00000001986
-0.00000002445
-0.00000001090
-0.00000001414
-0.00000001529
-0.00000001733
-0.00000001945
-0.00000000622
-0.00000000762
-0.00000001029
-0.00000001208
-0.00000001368
-0.00000000132
-0.00000000829
-0.00000001142
-0.00000001462
-0.00000001780
-0.00000000247
-0.00000000578
-0.00000001264
-0.00000001448
-0.00000001587
-0.00000001953
-0.00000000689
-0.00000000883
-0.00000001097
-0.00000001360
-0.00000001590
-0.00000000248
-0.00000000939
-0.00000001171
-0.00000001381
-0.00000001651
-0.00000000357
-0.00000000510
-0.00000001337
-0.00000001592
-0.00000001645
-0.00000000567
-0.00000000786
-0.00000000951
-0.00000001289
-0.00000001454
-0.00000000078
-0.00000001039
-0.00000001250
-0.00000001424
-0.00000001610
-0.00000001872
-0.00000000728
-0.00000000846
-0.00000001644
-0.00000001840
-0.00000002101
-0.00000000852
-0.00000001134
-0.00000001416
-0.00000001654
-0.00000001904
-0.00000000683
-0.00000000839
-0.00000001675
-0.00000002011
-0.00000002336
-0.00000000970
-0.00000001185
-0.00000001487
-0.00000001797
-0.00000001904
-0.00000000638
-0.00000000903
-0.00000001685
-0.00000001971
-0.00000002231
-0.00000002486
-0.00000001028
-0.00000001445
-0.00000001737
-0.00000002057
-0.00000000654
-0.00000000963
-0.00000001111
-0.00000002089
-0.00000002347
-0.00000000950
-0.00000001257
-0.00000001525
-0.00000001678
-0.00000002016
-0.00000000547
-0.00000000963
-0.00000001175
-0.00000001925
-0.00000002246
-0.00000000910
-0.00000001110
-0.00000001454
-0.00000001711
-0.00000001976
-0.00000000674
-0.00000001362
-0.00000001615
-0.00000001779
-0.00000002009
-0.00000000623
-0.00000000794
-0.00000001101
-0.00000001377
-0.00000002118
-0.00000000713
-0.00000000973
-0.00000001390
-0.00000001607
-0.00000001869
-0.00000002085
-0.00000000842
-0.00000001584
-0.00000001656
-0.00000002123
-0.00000002265
-0.00000002612
-0.00000001261
-0.00000001473
-0.00000001736
-0.00000001955
-0.00000002396
-0.00000001104
-0.00000001266
-0.00000001522
-0.00000001681
-0.00000002527
-0.00000002138
-0.00000000813
-0.00000001590
-0.00000001985
-0.00000002255
-0.00000002668
-0.00000001375
-0.00000001620
-0.00000001726
-0.00000001971
-0.00000002062
-0.00000000744
-0.00000000974
-0.00000001098
-0.00000001737
-0.00000002103
-0.00000000800
-0.00000001192
-0.00000001217
-0.00000001541
-0.00000001739
-0.00000000286
-0.00000001057
-0.00000001182
-0.00000001341
-0.00000001558
-0.00000000200
-0.00000000901
-0.00000001175
-0.00000001456
-0.00000001593
-0.00000000268
-0.00000000597
-0.00000001157
-0.00000001371
-0.00000001734
-0.00000001933
-0.00000000582
-0.00000001317
-0.00000001425
-0.00000001793
-0.00000001924
-0.00000000461
-0.00000000722
-0.00000001429
-0.00000001665
-0.00000001839
-0.00000002229
-0.00000000889
-0.00000001025
-0.00000001785
-0.00000001798
-0.00000002016
-0.00000002105
-0.00000000810
-0.00000001142
-0.00000001405
-0.00000002236
-0.00000002498
-0.00000001133
-0.00000001400
-0.00000001549
-0.00000001787
-0.00000000386
-0.00000001131
-0.00000001319
-0.00000001564
-0.00000001919
-0.00000000655
-0.00000001454
-0.00000001669
-0.00000001979
-0.00000002133
-0.00000000820
-0.00000001107
-0.00000001743
-0.00000002041
-0.00000002257
-0.00000000928
-0.00000001261
-0.00000001391
-0.00000002192
-0.00000000953
-0.00000001208
-0.00000001507
-0.00000001736
-0.00000002040
-0.00000000676
-0.00000001495
-0.00000001668
-0.00000002095
-0.00000002495
-0.00000001016
-0.00000001467
-0.00000001634
-0.00000002506
-0.00000002706
-0.00000001314
-0.00000001763
-0.00000002062
-0.00000002335
-0.00000002520
-0.00000002705
-0.00000001497
-0.00000001732
-0.00000001940
-0.00000002115
-0.00000002411
-0.00000002595
-0.00000001424
-0.00000001647
-0.00000001917
-0.00000002180
-0.00000002435
-0.00000001172
-0.00000001281
-0.00000002145
-0.00000002254
-0.00000002508
-0.00000001281
-0.00000001423
-0.00000001641
-0.00000001890
-0.00000002178
-0.00000000813
-0.00000001127
-0.00000001992
-0.00000002275
-0.00000001028
-0.00000001325
-0.00000001674
-0.00000002130
-0.00000000851
-0.00000001086
-0.00000001787
-0.00000002163
-0.00000002435
-0.00000001127
-0.00000001307
-0.00000001643
-0.00000001882
-0.00000000768
-0.00000000976
-0.00000001773
-0.00000002106
-0.00000002174
-0.00000001046
-0.00000001259
-0.00000001483
-0.00000001670
-0.00000002180
-0.00000002351
-0.00000001045
-0.00000001383
-0.00000001539
-0.00000002230
-0.00000002552
-0.00000001322
-0.00000001437
-0.00000001768
-0.00000002006
-0.00000002220
-0.00000001068
-0.00000001299
-0.00000001678
-0.00000001999
-0.00000002239
-0.00000000957
-0.00000001364
-0.00000001946
-0.00000002466
-0.00000002158
-0.00000000986
-0.00000001783
-0.00000002195
-0.00000002338
-0.00000002793
-0.00000000877
-0.00000001715
-0.00000001999
-0.00000002218
-0.00000002525
-0.00000001101
-0.00000001335
-0.00000001734
-0.00000001970
-0.00000002380
-0.00000001217
-0.00000001414
-0.00000001507
-0.00000001947
-0.00000002139
-0.00000002606
-0.00000001161
-0.00000001663
-0.00000001889
-0.00000002179
-0.00000002509
-0.00000001287
-0.00000001510
-0.00000001756
-0.00000001987
-0.00000002228
-0.00000001005
-0.00000001450
-0.00000001762
-0.00000001950
-0.00000002202
-0.00000000832
-0.00000001192
-0.00000002066
-0.00000001839
-0.00000002151
-0.00000000791
-0.00000001178
-0.00000001433
-0.00000002299
-0.00000002455
-0.00000000717
-0.00000001379
-0.00000001543
-0.00000002011
-0.00000002380
-0.00000001021
-0.00000001210
-0.00000001623
-0.00000001940
-0.00000000610
-0.00000000796
-0.00000001096
-0.00000001865
-0.00000001665
-0.00000000488
-0.00000001194
-0.00000001616
-0.00000001910
-0.00000002258
-0.00000000875
-0.00000001181
-0.00000001467
-0.00000001576
-0.00000000447
-0.00000000716
-0.00000001457
-0.00000001691
-0.00000000339
-0.00000000728
-0.00000001052
-0.00000001284
-0.00000001341
-0.00000000705
-0.00000001000
-0.00000001181
-0.00000001612
-0.00000001869
-0.00000000633
-0.00000000856
-0.00000001726
-0.00000001939
-0.00000002201
-0.00000002483
-0.00000001194
-0.00000001519
-0.00000001888
-0.00000002237
-0.00000002536
-0.00000002894
-0.00000001690
-0.00000001906
-0.00000002176
-0.00000002524
-0.00000002723
-0.00000002650
-0.00000001357
-0.00000001615
-0.00000001879
-0.00000002171
-0.00000002581
-0.00000001284
-0.00000001678
-0.00000001827
-0.00000002151
-0.00000002422
-0.00000001116
-0.00000001324
-0.00000001584
-0.00000001893
-0.00000002282
-0.00000000886
-0.00000001077
-0.00000001365
-0.00000001563
-0.00000001870
-0.00000002155
-0.00000000793
-0.00000001072
-0.00000001381
-0.00000001639
-0.00000001890
-0.00000000669
-0.00000000904
-0.00000001707
-0.00000001647
-0.00000001809
-0.00000000592
-0.00000001358
-0.00000001678
-0.00000001954
-0.00000002172
-0.00000000985
-0.00000001144
-0.00000001247
-0.00000001642
-0.00000001939
-0.00000000702
-0.00000000800
-0.00000001056
-0.00000001396
-0.00000001571
-0.00000000242
-0.00000000917
-0.00000000934
-0.00000001257
-0.00000001553
-0.00000000169
-0.00000000346
-0.00000001019
-0.00000001134
-0.00000001455
-0.00000000112
-0.00000000259
-0.00000001047
-0.00000001387
-0.00000001478
-0.00000000232
-0.00000000345
-0.00000000706
-0.00000001358
-0.00000001550
-0.00000000220
-0.00000000485
-0.00000000694
-0.00000001428
-0.00000001639
-0.00000001945
-0.00000000581
-0.00000000912
-0.00000001142
-0.00000002074
-0.00000002339
-0.00000001120
-0.00000001293
-0.00000001687
-0.00000001994
-0.00000002236
-0.00000000884
-0.00000001263
-0.00000001501
-0.00000002411
-0.00000001024
-0.00000001164
-0.00000001616
-0.00000001952
-0.00000002283
-0.00000000909
-0.00000001288
-0.00000001459
-0.00000001704
-0.00000002299
-0.00000002539
-0.00000000609
-0.00000001433
-0.00000001725
-0.00000001964
-0.00000002303
-0.00000002454
-0.00000001239
-0.00000001338
-0.00000001679
-0.00000002049
-0.00000002307
-0.00000002604
-0.00000001241
-0.00000001550
-0.00000001773
-0.00000001960
-0.00000002356
-0.00000002527
-0.00000001335
-0.00000001455
-0.00000001913
-0.00000002213
-0.00000002727
-0.00000001416
-0.00000001783
-0.00000001957
-0.00000002345
-0.00000002498
-0.00000002745
-0.00000003035
-0.00000001272
-0.00000001988
-0.00000001886
-0.00000002133
-0.00000002420
-0.00000001003
-0.00000001227
-0.00000001428
-0.00000001585
-0.00000001804
-0.00000000500
-0.00000001135
-0.00000001650
-0.00000001962
-0.00000002222
-0.00000000753
-0.00000001046
-0.00000001119
-0.00000001298
-0.00000001547
-0.00000001705
-0.00000000411
-0.00000000698
-0.00000001555
-0.00000001243
-0.00000000400
-0.00000000829
-0.00000000969
-0.00000001249
-0.00000001454
-0.00000002246
-0.00000000428
-0.00000001182
-0.00000001448
-0.00000001793
-0.00000000424
-0.00000000719
-0.00000000852
-0.00000001663
-0.00000001897
-0.00000002227
-0.00000000344
-0.00000001191
-0.00000001407
-0.00000001767
-0.00000001979
-0.00000000572
-0.00000000811
-0.00000001543
-0.00000001694
-0.00000001967
-0.00000002249
-0.00000001028
-0.00000001333
-0.00000001513
-0.00000001724
-0.00000002011
-0.00000000603
-0.00000000755
-0.00000000941
-0.00000001730
-0.00000002021
-0.00000000682
-0.00000001013
-0.00000001309
-0.00000001562
-0.00000001829
-0.00000000479
-0.00000000505
-0.00000001340
-0.00000001504
-0.00000001805
-0.00000000416
-0.00000000609
-0.00000001337
-0.00000001458
-0.00000001677
-0.00000002002
-0.00000000549
-0.00000000839
-0.00000000990
-0.00000001751
-0.00000002109
-0.00000000761
-0.00000001033
-0.00000001352
-0.00000001549
-0.00000001700
-0.00000002055
-0.00000000772
-0.00000001455
-0.00000001641
-0.00000001949
-0.00000002324
-0.00000001126
-0.00000001397
-0.00000001597
-0.00000001994
-0.00000002163
-0.00000002444
-0.00000001047
-0.00000001288
-0.00000001574
-0.00000001812
-0.00000002010
-0.00000002396
-0.00000001110
-0.00000001854
-0.00000002098
-0.00000002379
-0.00000002686
-0.00000002304
-0.00000000993
-0.00000001860
-0.00000002101
-0.00000002169
-0.00000002446
-0.00000002417
-0.00000000946
-0.00000001418
-0.00000002192
-0.00000002288
-0.00000002167
-0.00000000778
-0.00000001496
-0.00000001788
-0.00000002079
-0.00000002388
-0.00000000904
-0.00000001286
-0.00000001528
-0.00000001740
-0.00000002008
-0.00000000638
-0.00000001012
-0.00000001285
-0.00000001542
-0.00000001800
-0.00000000708
-0.00000001030
-0.00000001793
-0.00000001893
-0.00000002412
-0.00000000938
-0.00000001327
-0.00000001511
-0.00000001911
-0.00000002161
-0.00000002473
-0.00000001252
-0.00000001591
-0.00000001808
-0.00000002163
-0.00000002375
-0.00000001305
-0.00000001517
-0.00000001869
-0.00000002091
-0.00000002494
-0.00000001220
-0.00000001669
-0.00000001764
-0.00000002123
-0.00000002442
-0.00000002681
-0.00000000941
-0.00000001235
-0.00000001596
-0.00000001786
-0.00000002107
-0.00000000773
-0.00000001034
-0.00000001276
-0.00000001452
-0.00000001636
-0.00000000357
-0.00000001149
-0.00000001463
-0.00000001762
-0.00000002074
-0.00000000772
-0.00000001013
-0.00000001280
-0.00000001561
-0.00000001753
-0.00000000428
-0.00000000723
-0.00000001084
-0.00000001226
-0.00000001556
-0.00000000191
-0.00000000768
-0.00000001033
-0.00000001277
-0.00000001428
-0.00000001759
-0.00000000294
-0.00000000752
-0.00000001477
-0.00000001786
-0.00000002087
-0.00000000755
-0.00000001111
-0.00000001396
-0.00000001589
-0.00000001866
-0.00000002236
-0.00000000812
-0.00000001091
-0.00000001314
-0.00000001597
-0.00000001683
-0.00000001820
-0.00000000526
-0.00000000683
-0.00000001338
-0.00000001596
-0.00000001796
-0.00000000364
-0.00000000673
-0.00000000930
-0.00000001163
-0.00000001263
-0.00000002000
-0.00000000164
-0.00000000862
-0.00000000954
-0.00000001245
-0.00000001376
-0.00000001611
-0.00000000279
-0.00000000966
-0.00000001100
-0.00000001210
-0.00000001334
0.00000000067
-0.00000000659
-0.00000000771
-0.00000000975
-0.00000001361
-0.00000000599
-0.00000000744
-0.00000001066
-0.00000001301
-0.00000001464
-0.00000000169
-0.00000000863
-0.00000001149
-0.00000001409
-0.00000001641
-0.00000001809
-0.00000000586
-0.00000001321
-0.00000001554
-0.00000001954
-0.00000002244
-0.00000000943
-0.00000001033
-0.00000001287
-0.00000002073
-0.00000002459
-0.00000001058
-0.00000001308
-0.00000001532
-0.00000001846
-0.00000002144
-0.00000000728
-0.00000001003
-0.00000001807
-0.00000002048
-0.00000002327
-0.00000001125
-0.00000001382
-0.00000001674
-0.00000001726
-0.00000001980
-0.00000000604
-0.00000001025
-0.00000001713
-0.00000002112
-0.00000002376
-0.00000002554
-0.00000001174
-0.00000001551
-0.00000001695
-0.00000001812
-0.00000002246
-0.00000002351
-0.00000000837
-0.00000001131
-0.00000001787
-0.00000002088
-0.00000002159
-0.00000002564
-0.00000001261
-0.00000001592
-0.00000001677
-0.00000001928
-0.00000002076
-0.00000002335
-0.00000002548
-0.00000001276
-0.00000001346
-0.00000001698
-0.00000001863
-0.00000002123
-0.00000000760
-0.00000000914
-0.00000001751
-0.00000001868
-0.00000002098
-0.00000002274
-0.00000000860
-0.00000001126
-0.00000001431
-0.00000001752
-0.00000002008
-0.00000000649
-0.00000000903
-0.00000001469
-0.00000001723
-0.00000001799
-0.00000001966
-0.00000002211
-0.00000000852
-0.00000001002
-0.00000001273
-0.00000002189
-0.00000000809
-0.00000001070
-0.00000001267
-0.00000001336
-0.00000001632
-0.00000002185
-0.00000000792
-0.00000001023
-0.00000001275
-0.00000001533
-0.00000001782
-0.00000000279
-0.00000000901
-0.00000000977
-0.00000001107
-0.00000001285
-0.00000000306
-0.00000000601
-0.00000000919
-0.00000001237
-0.00000000252
-0.00000000352
-0.00000000627
-0.00000001275
-0.00000001381
-0.00000001732
-0.00000000303
-0.00000001043
-0.00000001257
-0.00000001398
-0.00000001604
-0.00000000765
-0.00000000876
-0.00000000955
-0.00000001114
-0.00000001840
-0.00000001915
-0.00000002119
-0.00000000782
-0.00000001110
-0.00000001884
-0.00000002145
-0.00000002372
-0.00000000983
-0.00000001038
-0.00000001267
-0.00000001908
-0.00000002009
-0.00000002244
-0.00000000824
-0.00000000959
-0.00000001885
-0.00000002116
-0.00000002387
-0.00000001091
-0.00000001214
-0.00000001544
-0.00000002094
-0.00000002583
-0.00000002924
-0.00000001674
-0.00000001849
-0.00000002163
-0.00000002387
-0.00000002653
-0.00000002897
-0.00000001365
-0.00000001600
-0.00000001891
-0.00000002125
-0.00000002416
-0.00000002972
-0.00000001218
-0.00000001362
-0.00000002134
-0.00000002372
-0.00000002591
-0.00000002812
-0.00000001330
-0.00000001403
-0.00000001813
-0.00000001975
-0.00000002155
-0.00000002594
-0.00000001170
-0.00000001304
-0.00000001570
-0.00000001711
-0.00000002549
-0.00000002797
-0.00000000954
-0.00000001698
-0.00000001882
-0.00000002226
-0.00000002560
-0.00000002897
-0.00000001549
-0.00000001815
-0.00000001976
-0.00000002087
-0.00000002251
-0.00000002724
-0.00000003007
-0.00000001706
-0.00000001834
-0.00000002027
-0.00000002296
-0.00000002449
-0.00000001068
-0.00000001229
-0.00000001476
-0.00000001721
-0.00000001888
-0.00000002128
-0.00000000830
-0.00000001651
-0.00000001816
-0.00000002021
-0.00000000699
-0.00000000932
-0.00000001201
-0.00000001493
-0.00000001708
-0.00000000297
-0.00000001065
-0.00000001412
-0.00000001570
-0.00000001883
-0.00000000365
-0.00000001102
-0.00000001462
-0.00000001608
-0.00000001938
-0.00000000610
-0.00000000826
-0.00000001525
-0.00000001742
-0.00000000374
-0.00000000552
-0.00000001397
-0.00000001593
-0.00000001734
-0.00000000327
-0.00000000560
-0.00000001240
-0.00000001507
-0.00000001749
-0.00000000333
-0.00000001003
-0.00000001342
-0.00000001373
-0.00000001613
-0.00000000193
-0.00000001178
-0.00000001382
-0.00000001631
-0.00000001874
-0.00000000728
-0.00000001349
-0.00000001624
-0.00000001958
-0.00000002283
-0.00000000906
-0.00000001207
-0.00000001947
-0.00000002327
-0.00000002550
-0.00000001298
-0.00000001495
-0.00000001803
-0.00000001849
-0.00000002681
-0.00000002376
-0.00000001074
-0.00000001850
-0.00000002130
-0.00000002484
-0.00000002680
-0.00000003032
-0.00000001702
-0.00000001923
-0.00000002267
-0.00000002490
-0.00000002782
-0.00000001529
-0.00000001888
-0.00000002242
-0.00000002509
-0.00000002884
-0.00000001602
-0.00000001841
-0.00000002102
-0.00000002248
-0.00000002671
-0.00000002904
-0.00000001589
-0.00000002030
-0.00000002196
-0.00000002636
-0.00000002790
-0.00000001512
-0.00000001881
-0.00000001948
-0.00000002232
-0.00000002637
-0.00000002281
-0.00000002619
-0.00000001359
-0.00000002105
-0.00000001724
-0.00000001889
-0.00000002189
-0.00000000836
-0.00000001259
-0.00000002002
-0.00000002228
-0.00000002486
-0.00000001169
-0.00000001418
-0.00000001747
-0.00000001774
-0.00000002034
-0.00000000709
-0.00000000894
-0.00000001209
-0.00000001351
-0.00000001540
-0.00000001740
-0.00000000329
-0.00000001078
-0.00000001367
-0.00000001608
-0.00000001750
-0.00000000276
-0.00000000475
-0.00000000711
-0.00000001342
-0.00000001611
-0.00000000264
-0.00000000605
-0.00000000812
-0.00000001461
-0.00000001734
-0.00000000315
-0.00000000621
-0.00000000831
-0.00000000936
-0.00000001553
-0.00000000263
-0.00000000615
-0.00000000890
-0.00000001677
-0.00000001870
-0.00000000536
-0.00000000638
-0.00000000815
-0.00000001590
-0.00000001754
-0.00000001934
-0.00000000648
-0.00000000759
-0.00000001100
-0.00000001334
-0.00000000510
-0.00000000659
-0.00000000834
-0.00000001467
-0.00000001640
-0.00000001709
-0.00000000294
-0.00000000557
-0.00000001299
-0.00000001482
-0.00000001726
-0.00000000236
-0.00000000572
-0.00000001263
-0.00000001356
-0.00000001566
-0.00000001786
-0.00000000455
-0.00000001261
-0.00000001467
-0.00000001802
-0.00000001923
-0.00000002107
-0.00000002870
-0.00000001150
-0.00000001370
-0.00000001998
-0.00000002247
-0.00000002617
-0.00000002859
-0.00000003085
-0.00000001825
-0.00000002075
-0.00000002421
-0.00000002572
-0.00000002828
-0.00000003135
-0.00000002713
-0.00000001521
-0.00000002220
-0.00000002572
-0.00000002288
-0.00000002535
-0.00000002677
-0.00000001478
-0.00000001671
-0.00000001936
-0.00000002314
-0.00000002589
-0.00000002933
-0.00000001751
-0.00000001762
-0.00000002057
-0.00000002323
-0.00000002562
-0.00000002679
-0.00000001440
-0.00000001667
-0.00000001748
-0.00000002096
-0.00000002419
-0.00000001070
-0.00000001317
-0.00000001631
-0.00000001767
-0.00000002124
-0.00000002235
-0.00000000842
-0.00000001154
-0.00000001352
-0.00000001775
-0.00000001873
-0.00000000563
-0.00000001400
-0.00000001580
-0.00000001665
-0.00000001962
-0.00000000649
-0.00000000851
-0.00000001073
-0.00000001319
0.00000000164
-0.00000000723
-0.00000000891
-0.00000001060
-0.00000001348
-0.00000001559
-0.00000000170
-0.00000000982
-0.00000001175
-0.00000001500
-0.00000001689
-0.00000001992
-0.00000000693
-0.00000000905
-0.00000001752
-0.00000001863
-0.00000002158
-0.00000000812
-0.00000001047
-0.00000001404
-0.00000001529
-0.00000002078
-0.00000000813
-0.00000001053
-0.00000001348
-0.00000001930
-0.00000002232
-0.00000000977
-0.00000001075
-0.00000001290
-0.00000001481
-0.00000001758
-0.00000002015
-0.00000000620
-0.00000000850
-0.00000001587
-0.00000001649
-0.00000001978
-0.00000002027
-0.00000000688
-0.00000000828
-0.00000001222
-0.00000002006
-0.00000002266
-0.00000002396
-0.00000001111
-0.00000001377
-0.00000001592
-0.00000001747
-0.00000001989
-0.00000002385
-0.00000002646
-0.00000001302
-0.00000001592
-0.00000001856
-0.00000001998
-0.00000002236
-0.00000002325
-0.00000002682
-0.00000001276
-0.00000001464
-0.00000001769
-0.00000001946
-0.00000002301
-0.00000000874
-0.00000001224
-0.00000001498
-0.00000001762
-0.00000002095
-0.00000002299
-0.00000002683
-0.00000001411
-0.00000001735
-0.00000001951
-0.00000002222
-0.00000002542
-0.00000001174
-0.00000001408
-0.00000001613
-0.00000001923
-0.00000002221
-0.00000000834
-0.00000001163
-0.00000001339
-0.00000001887
-0.00000002084
-0.00000000806
-0.00000001552
-0.00000001291
-0.00000001588
-0.00000001814
-0.00000000326
-0.00000001195
-0.00000001510
-0.00000001783
-0.00000002004
-0.00000000770
-0.00000000862
-0.00000001067
-0.00000001293
-0.00000001516
-0.00000001571
-0.00000000296
-0.00000001106
-0.00000001263
-0.00000001456
-0.00000001588
-0.00000000277
-0.00000000511
-0.00000000664
-0.00000001436
-0.00000001645
-0.00000000250
-0.00000000467
-0.00000000767
-0.00000001596
-0.00000001926
-0.00000000430
-0.00000000771
-0.00000001020
-0.00000001278
-0.00000001448
-0.00000001848
-0.00000000532
-0.00000001335
-0.00000001459
-0.00000001734
-0.00000000377
-0.00000000702
-0.00000000828
-0.00000001769
-0.00000001918
-0.00000002276
-0.00000001081
-0.00000001403
-0.00000001719
-0.00000002070
-0.00000000646
-0.00000000957
-0.00000001779
-0.00000002038
-0.00000002155
-0.00000002410
-0.00000001197
-0.00000001321
-0.00000001617
-0.00000001941
-0.00000002127
-0.00000000795
-0.00000001026
-0.00000001214
-0.00000001829
-0.00000001850
-0.00000002105
-0.00000002439
-0.00000001063
-0.00000001302
-0.00000001434
-0.00000001604
-0.00000001729
-0.00000001714
-0.00000001835
-0.00000000552
-0.00000001334
-0.00000001643
-0.00000001831
-0.00000002182
-0.00000002304
-0.00000001094
-0.00000001521
-0.00000001819
-0.00000002190
-0.00000002316
-0.00000001311
-0.00000001615
-0.00000001807
-0.00000002413
-0.00000001185
-0.00000001526
-0.00000001752
-0.00000001958
-0.00000002398
-0.00000002857
-0.00000001713
-0.00000001943
-0.00000002315
-0.00000002783
-0.00000001555
-0.00000001725
-0.00000002064
-0.00000002380
-0.00000002693
-0.00000001428
-0.00000001718
-0.00000001913
-0.00000002111
-0.00000002513
-0.00000001186
-0.00000001465
-0.00000001776
-0.00000001987
-0.00000002133
-0.00000000885
-0.00000001175
-0.00000001406
-0.00000001656
-0.00000000275
-0.00000001161
-0.00000001434
-0.00000001759
-0.00000001963
-0.00000000778
-0.00000000880
-0.00000001336
-0.00000001577
-0.00000000254
-0.00000000967
-0.00000001360
-0.00000001723
-0.00000001978
-0.00000000628
-0.00000000984
-0.00000001206
-0.00000001934
-0.00000002235
-0.00000000328
-0.00000001252
-0.00000001472
-0.00000001933
-0.00000000693
-0.00000000858
-0.00000001188
-0.00000001478
-0.00000002222
-0.00000002027
-0.00000000812
-0.00000001646
-0.00000002023
-0.00000002350
-0.00000001083
-0.00000001462
-0.00000001803
-0.00000002100
-0.00000002362
-0.00000001050
-0.00000001289
-0.00000001685
-0.00000001816
-0.00000002199
-0.00000000881
-0.00000001197
-0.00000001909
-0.00000002173
-0.00000002014
-0.00000000750
-0.00000000869
-0.00000001793
-0.00000002074
-0.00000002444
-0.00000001146
-0.00000001542
-0.00000001849
-0.00000002178
-0.00000002456
-0.00000001196
-0.00000001455
-0.00000001778
-0.00000002185
-0.00000002475
-0.00000002828
-0.00000001352
-0.00000001798
-0.00000002042
-0.00000002208
-0.00000001907
-0.00000000747
-0.00000001607
-0.00000001870
-0.00000002059
-0.00000002327
-0.00000002034
-0.00000000762
-0.00000001483
-0.00000001626
-0.00000001928
-0.00000001636
-0.00000000303
-0.00000001083
-0.00000001349
-0.00000001531
-0.00000001923
-0.00000002082
-0.00000000784
-0.00000000941
-0.00000001286
-0.00000001582
-0.00000001906
-0.00000002317
-0.00000000969
-0.00000001309
-0.00000001495
-0.00000001661
-0.00000001873
-0.00000002278
-0.00000002639
-0.00000001322
-0.00000001608
-0.00000001880
-0.00000002066
-0.00000002487
-0.00000002604
-0.00000001467
-0.00000001183
-0.00000001817
-0.00000002110
-0.00000002447
-0.00000000584
-0.00000000978
-0.00000001761
-0.00000002180
-0.00000001970
-0.00000000789
-0.00000000818
-0.00000001104
-0.00000001491
-0.00000001803
-0.00000000551
-0.00000001336
-0.00000001085
-0.00000001877
-0.00000001842
-0.00000000740
-0.00000000848
-0.00000001027
-0.00000001285
-0.00000001501
-0.00000001586
-0.00000000264
-0.00000000508
-0.00000000759
-0.00000001421
-0.00000001688
-0.00000000350
-0.00000000570
-0.00000000607
-0.00000000895
-0.00000001566
0.00000000190
-0.00000000391
-0.00000000822
-0.00000001039
-0.00000001266
0.00000000067
-0.00000000603
-0.00000000796
-0.00000001101
-0.00000001312
-0.00000001551
-0.00000000314
-0.00000001181
-0.00000001399
-0.00000001633
-0.00000001895
-0.00000000579
-0.00000000782
-0.00000001072
-0.00000001794
-0.00000002081
-0.00000002186
-0.00000000828
-0.00000001163
-0.00000001274
-0.00000001559
-0.00000001784
-0.00000002154
-0.00000002330
-0.00000000991
-0.00000001282
-0.00000001501
-0.00000001889
-0.00000002126
-0.00000000790
-0.00000001039
-0.00000001758
-0.00000001999
-0.00000001754
-0.00000002117
-0.00000000785
-0.00000001574
-0.00000001911
-0.00000002213
-0.00000002287
-0.00000002558
-0.00000000744
-0.00000001410
-0.00000001661
-0.00000001958
-0.00000002186
-0.00000002528
-0.00000001168
-0.00000001304
-0.00000001682
-0.00000001832
-0.00000002053
-0.00000002252
-0.00000000908
-0.00000001187
-0.00000001425
-0.00000001753
-0.00000002023
-0.00000002167
-0.00000000881
-0.00000001212
-0.00000001291
-0.00000001443
-0.00000001691
-0.00000000229
-0.00000000872
-0.00000001116
-0.00000001369
-0.00000001672
-0.00000001999
-0.00000000708
-0.00000000824
-0.00000001563
-0.00000001972
-0.00000001999
-0.00000000794
-0.00000001008
-0.00000001183
-0.00000001443
-0.00000001674
-0.00000000277
-0.00000001132
-0.00000001320
-0.00000001501
-0.00000001593
-0.00000000197
-0.00000000471
-0.00000001152
-0.00000001401
-0.00000001663
-0.00000000302
-0.00000000715
-0.00000001267
-0.00000001519
-0.00000001714
-0.00000001912
-0.00000000708
-0.00000000753
-0.00000001538
-0.00000001681
-0.00000002106
-0.00000000844
-0.00000000936
-0.00000001226
-0.00000001353
-0.00000001552
-0.00000002215
-0.00000000895
-0.00000000995
-0.00000001188
-0.00000001372
-0.00000001581
-0.00000001875
-0.00000000518
-0.00000001175
-0.00000001359
-0.00000001506
-0.00000001742
-0.00000001807
-0.00000000642
-0.00000001278
-0.00000001545
-0.00000001851
-0.00000002064
-0.00000002236
-0.00000000961
-0.00000001377
-0.00000001585
-0.00000001863
-0.00000002145
-0.00000002961
-0.00000001193
-0.00000001988
-0.00000001812
-0.00000002621
-0.00000002787
-0.00000002995
-0.00000002716
-0.00000001444
-0.00000001802
-0.00000001901
-0.00000002243
-0.00000002544
-0.00000002885
-0.00000001491
-0.00000001670
-0.00000001868
-0.00000002220
-0.00000002448
-0.00000002712
-0.00000002898
-0.00000001665
-0.00000002026
-0.00000002275
-0.00000002666
-0.00000002414
-0.00000001089
-0.00000001211
-0.00000001437
-0.00000002193
-0.00000002397
-0.00000002647
-0.00000000841
-0.00000001628
-0.00000001322
-0.00000001562
-0.00000001847
-0.00000000574
-0.00000001352
-0.00000001675
-0.00000001988
-0.00000002216
-0.00000000916
-0.00000001266
-0.00000001539
-0.00000001803
-0.00000002268
-0.00000002474
-0.00000001299
-0.00000001435
-0.00000001826
-0.00000002152
-0.00000000783
-0.00000001028
-0.00000001265
-0.00000001549
-0.00000001890
-0.00000002191
-0.00000000964
-0.00000001279
-0.00000001555
-0.00000001850
-0.00000002155
-0.00000000860
-0.00000001293
-0.00000001555
-0.00000001880
-0.00000002077
-0.00000000810
-0.00000001717
-0.00000001393
-0.00000001830
-0.00000002024
-0.00000002414
-0.00000001154
-0.00000001601
-0.00000001858
-0.00000002186
-0.00000002402
-0.00000001136
-0.00000001381
-0.00000001654
-0.00000001955
-0.00000002280
-0.00000001013
-0.00000001266
-0.00000001660
-0.00000001835
-0.00000002073
-0.00000000764
-0.00000001065
-0.00000001411
-0.00000001758
-0.00000002111
-0.00000000847
-0.00000001278
-0.00000001628
-0.00000001754
-0.00000002148
-0.00000000852
-0.00000001237
-0.00000001436
-0.00000001757
-0.00000002028
-0.00000002212
-0.00000001076
-0.00000001309
-0.00000001688
-0.00000001854
-0.00000002235
-0.00000001070
-0.00000001416
-0.00000001672
-0.00000001882
-0.00000000732
-0.00000000799
-0.00000001193
-0.00000001441
-0.00000001751
-0.00000000296
-0.00000000291
-0.00000001221
-0.00000001537
-0.00000001851
-0.00000000179
-0.00000001011
-0.00000001387
-0.00000001586
-0.00000001961
-0.00000002389
-0.00000000960
-0.00000001374
-0.00000001606
-0.00000002072
-0.00000002330
-0.00000001029
-0.00000001328
-0.00000001591
-0.00000001823
-0.00000002066
-0.00000002342
-0.00000000612
-0.00000001391
-0.00000001817
-0.00000002083
-0.00000002574
-0.00000000721
-0.00000000864
-0.00000001536
-0.00000001626
-0.00000001975
-0.00000001627
-0.00000000248
-0.00000001136
-0.00000001433
-0.00000001720
-0.00000001955
-0.00000000523
-0.00000000801
-0.00000001118
-0.00000001311
-0.00000001727
-0.00000002028
-0.00000000790
-0.00000001081
-0.00000001213
-0.00000001689
-0.00000001803
-0.00000001971
-0.00000000659
-0.00000000844
-0.00000001129
-0.00000001406
-0.00000001748
-0.00000002027
-0.00000000723
-0.00000001033
-0.00000001279
-0.00000001529
-0.00000001623
-0.00000001836
-0.00000000575
-0.00000000723
-0.00000001032
-0.00000001315
-0.00000001582
-0.00000000234
-0.00000000977
-0.00000001204
-0.00000001470
-0.00000001605
-0.00000001970
-0.00000000701
-0.00000000813
-0.00000001101
-0.00000001368
-0.00000001566
-0.00000000384
-0.00000000714
-0.00000001398
-0.00000001621
-0.00000001750
-0.00000000375
-0.00000000650
-0.00000000827
-0.00000001108
-0.00000001340
-0.00000001787
-0.00000000333
-0.00000001297
-0.00000001452
-0.00000001715
-0.00000001964
-0.00000000678
-0.00000000881
-0.00000001107
-0.00000001333
-0.00000001701
-0.00000000429
-0.00000001273
-0.00000001613
-0.00000001880
-0.00000002298
-0.00000000909
-0.00000001319
-0.00000001609
-0.00000001828
-0.00000002146
-0.00000000820
-0.00000001140
-0.00000001319
-0.00000001824
-0.00000002159
-0.00000000832
-0.00000000979
-0.00000001325
-0.00000001609
-0.00000001912
-0.00000000417
-0.00000001104
-0.00000001517
-0.00000001706
-0.00000001987
-0.00000000620
-0.00000000890
-0.00000001266
-0.00000001396
-0.00000001538
-0.00000000377
-0.00000000582
-0.00000001449
-0.00000001642
-0.00000002020
-0.00000000787
-0.00000001166
-0.00000001297
-0.00000001670
-0.00000001893
-0.00000000568
-0.00000000909
-0.00000001169
-0.00000001445
0.00000000018
-0.00000000904
-0.00000001126
-0.00000001331
-0.00000001504
-0.00000001760
-0.00000000609
-0.00000000925
-0.00000001796
-0.00000001607
-0.00000000086
-0.00000000951
-0.00000001136
-0.00000001481
-0.00000001702
-0.00000001986
-0.00000000772
-0.00000000907
-0.00000001293
-0.00000001640
-0.00000002004
-0.00000002282
-0.00000000802
-0.00000001098
-0.00000001449
-0.00000001643
-0.00000001885
-0.00000002278
-0.00000000930
-0.00000001253
-0.00000001713
-0.00000001879
-0.00000002141
-0.00000000907
-0.00000001570
-0.00000001345
-0.00000002073
-0.00000002283
-0.00000002227
-0.00000000792
-0.00000001620
-0.00000001274
-0.00000002104
-0.00000001828
-0.00000000642
-0.00000001308
-0.00000001303
-0.00000001678
-0.00000001932
-0.00000000791
-0.00000001059
-0.00000001181
-0.00000001459
-0.00000001725
-0.00000001818
-0.00000000511
-0.00000000806
-0.00000001303
-0.00000001549
-0.00000001865
-0.00000002085
-0.00000000815
-0.00000001002
-0.00000001246
-0.00000001332
-0.00000001549
-0.00000000148
-0.00000000281
-0.00000000979
-0.00000001209
-0.00000001449
-0.00000000271
-0.00000000465
-0.00000000734
-0.00000001474
-0.00000001667
-0.00000001742
-0.00000000416
-0.00000000660
-0.00000000857
-0.00000001621
-0.00000002020
-0.00000000854
-0.00000001121
-0.00000001435
-0.00000001609
-0.00000001917
-0.00000002117
-0.00000000834
-0.00000001152
-0.00000001942
-0.00000002186
-0.00000002065
-0.00000000910
-0.00000001667
-0.00000001885
-0.00000002179
-0.00000002399
-0.00000002673
-0.00000000835
-0.00000001660
-0.00000002067
-0.00000002273
-0.00000002552
-0.00000000859
-0.00000001526
-0.00000001723
-0.00000002020
-0.00000002205
-0.00000002420
-0.00000002790
-0.00000000947
-0.00000001701
-0.00000001991
-0.00000002158
-0.00000002415
-0.00000002757
-0.00000001448
-0.00000001734
-0.00000001524
-0.00000001736
-0.00000002069
-0.00000002505
-0.00000001271
-0.00000001433
-0.00000001787
-0.00000002057
-0.00000002292
-0.00000002439
-0.00000001268
-0.00000001493
-0.00000001956
-0.00000002285
-0.00000002733
-0.00000001433
-0.00000001592
-0.00000001796
-0.00000002025
-0.00000002078
-0.00000002381
-0.00000000972
-0.00000001214
-0.00000001323
-0.00000001577
-0.00000001810
-0.00000000288
-0.00000000803
-0.00000000970
-0.00000001266
-0.00000001540
-0.00000001833
-0.00000000481
-0.00000000832
-0.00000001184
-0.00000001493
-0.00000002288
-0.00000000874
-0.00000001176
-0.00000001502
-0.00000001786
-0.00000002082
-0.00000002319
-0.00000001027
-0.00000001477
-0.00000001747
-0.00000002029
-0.00000002237
-0.00000000893
-0.00000001106
-0.00000001381
-0.00000001579
-0.00000001856
-0.00000000687
-0.00000000892
-0.00000001249
-0.00000001389
-0.00000001751
-0.00000000346
-0.00000001235
-0.00000000934
-0.00000001578
-0.00000001839
-0.00000000461
-0.00000000792
-0.00000000910
-0.00000001163
0.00000000189
-0.00000000374
-0.00000000549
-0.00000000948
-0.00000001051
0.00000000277
-0.00000000330
-0.00000000582
-0.00000000775
-0.00000001011
-0.00000000049
-0.00000000195
-0.00000000581
-0.00000000741
-0.00000001268
-0.00000000082
-0.00000000307
-0.00000000465
-0.00000001078
-0.00000001328
-0.00000001441
-0.00000000058
-0.00000000244
-0.00000001156
-0.00000001344
-0.00000001730
-0.00000000374
-0.00000001234
-0.00000001508
-0.00000001720
-0.00000002018
-0.00000002236
-0.00000000951
-0.00000001345
-0.00000001709
-0.00000001984
-0.00000002209
-0.00000000852
-0.00000001575
-0.00000001850
-0.00000002126
-0.00000002477
-0.00000002601
-0.00000001322
-0.00000001462
-0.00000001751
-0.00000001978
-0.00000002168
-0.00000002458
-0.00000001186
-0.00000001491
-0.00000001708
-0.00000002607
-0.00000002275
-0.00000000972
-0.00000001121
-0.00000001973
-0.00000002317
-0.00000002620
-0.00000000810
-0.00000001582
-0.00000001810
-0.00000002086
-0.00000002456
-0.00000001153
-0.00000001399
-0.00000001610
-0.00000001903
-0.00000002130
-0.00000000881
-0.00000001272
-0.00000001993
-0.00000002245
-0.00000001003
-0.00000001234
-0.00000001351
-0.00000001699
-0.00000001913
-0.00000000438
-0.00000000729
-0.00000001528
-0.00000001712
-0.00000000432
-0.00000000605
-0.00000000852
-0.00000001627
-0.00000001768
-0.00000000386
-0.00000000730
-0.00000000924
-0.00000001603
-0.00000001916
-0.00000000718
-0.00000000844
-0.00000001236
-0.00000001830
-0.00000000588
-0.00000000814
-0.00000000862
-0.00000001807
-0.00000002022
-0.00000000696
-0.00000000891
-0.00000001166
-0.00000001940
-0.00000001999
-0.00000000793
-0.00000000971
-0.00000001136
-0.00000001822
-0.00000001951
-0.00000002114
-0.00000000843
-0.00000001088
-0.00000001379
-0.00000002093
-0.00000002245
-0.00000000859
-0.00000001018
-0.00000001257
-0.00000001396
-0.00000002192
-0.00000002281
-0.00000002519
-0.00000001251
-0.00000001325
-0.00000001609
-0.00000001861
-0.00000002190
-0.00000002403
-0.00000000919
-0.00000001695
-0.00000001796
-0.00000002057
-0.00000002344
-0.00000002537
-0.00000001050
-0.00000001341
-0.00000001461
-0.00000002246
-0.00000001869
-0.00000001947
-0.00000002656
-0.00000001382
-0.00000001572
-0.00000001896
-0.00000001977
-0.00000002250
-0.00000000883
-0.00000001150
-0.00000001925
-0.00000002157
-0.00000002250
-0.00000002364
-0.00000001081
-0.00000001324
-0.00000001398
-0.00000001563
-0.00000002420
-0.00000002654
-0.00000000783
-0.00000001464
-0.00000001683
-0.00000001895
-0.00000002239
-0.00000000868
-0.00000001066
-0.00000001907
-0.00000002037
-0.00000002256
-0.00000002540
-0.00000001170
-0.00000001255
-0.00000001444
-0.00000001511
-0.00000001749
-0.00000000470
-0.00000001237
-0.00000001394
-0.00000001597
-0.00000001811
-0.00000002008
-0.00000000619
-0.00000001392
-0.00000001743
-0.00000001996
-0.00000000760
-0.00000000908
-0.00000001635
-0.00000001913
-0.00000002140
-0.00000000867
-0.00000000993
-0.00000001279
-0.00000001884
-0.00000002131
-0.00000002400
-0.00000001227
-0.00000001438
-0.00000001636
-0.00000001878
-0.00000000574
-0.00000001302
-0.00000001546
-0.00000001876
-0.00000002078
-0.00000002411
-0.00000001130
-0.00000001488
-0.00000001825
-0.00000002131
-0.00000001320
-0.00000001581
-0.00000001845
-0.00000002313
-0.00000002459
-0.00000002859
-0.00000001569
-0.00000001862
-0.00000002188
-0.00000002511
-0.00000002717
-0.00000001400
-0.00000001579
-0.00000001813
-0.00000002053
-0.00000002144
-0.00000000920
-0.00000001637
-0.00000001830
-0.00000002014
-0.00000002321
-0.00000000907
-0.00000001158
-0.00000001482
-0.00000001709
-0.00000001977
-0.00000000662
-0.00000001347
-0.00000001616
-0.00000001845
-0.00000001947
-0.00000000697
-0.00000000800
-0.00000001590
-0.00000001661
-0.00000001996
-0.00000002123
-0.00000000746
-0.00000000960
-0.00000001203
-0.00000001811
-0.00000002035
-0.00000000400
-0.00000000824
-0.00000000915
-0.00000001021
-0.00000001904
-0.00000000445
-0.00000000759
-0.00000001082
-0.00000001716
-0.00000000346
-0.00000000479
-0.00000000810
-0.00000001456
-0.00000001629
-0.00000001798
-0.00000000534
-0.00000001305
-0.00000001599
-0.00000001823
-0.00000001970
-0.00000000634
-0.00000001245
-0.00000001576
-0.00000001767
-0.00000001952
-0.00000000744
-0.00000000829
-0.00000001637
-0.00000001846
-0.00000002183
-0.00000000625
-0.00000001445
-0.00000001713
-0.00000001958
-0.00000002239
-0.00000001013
-0.00000001122
-0.00000002029
-0.00000002217
-0.00000002498
-0.00000001207
-0.00000001275
-0.00000001666
-0.00000001702
-0.00000002554
-0.00000002265
-0.00000001454
-0.00000001712
-0.00000001734
-0.00000002017
-0.00000002155
-0.00000000827
-0.00000001134
-0.00000001435
-0.00000002213
-0.00000002444
-0.00000002549
-0.00000001209
-0.00000001541
-0.00000001654
-0.00000001944
-0.00000002104
-0.00000002368
-0.00000001022
-0.00000001376
-0.00000002272
-0.00000002445
-0.00000002676
-0.00000001527
-0.00000001704
-0.00000001889
-0.00000002086
-0.00000002280
-0.00000002477
-0.00000001086
-0.00000001371
-0.00000001788
-0.00000002452
-0.00000002791
-0.00000001426
-0.00000001556
-0.00000001806
-0.00000001979
-0.00000002259
-0.00000002511
-0.00000001287
-0.00000001567
-0.00000001798
-0.00000002043
-0.00000002280
-0.00000002514
-0.00000001308
-0.00000001598
-0.00000001800
-0.00000002635
-0.00000002439
-0.00000002689
-0.00000001366
-0.00000001659
-0.00000001964
-0.00000002196
-0.00000002576
-0.00000002842
-0.00000001614
-0.00000001969
-0.00000002143
-0.00000002322
-0.00000002681
-0.00000001132
-0.00000001392
-0.00000001555
-0.00000001817
-0.00000001874
-0.00000002180
-0.00000000803
-0.00000000863
-0.00000001568
-0.00000001729
-0.00000001808
-0.00000000577
-0.00000000701
-0.00000000929
-0.00000001567
-0.00000001828
-0.00000001972
-0.00000000690
-0.00000000913
-0.00000001175
-0.00000001453
-0.00000000414
-0.00000000752
-0.00000000966
-0.00000001150
-0.00000001348
-0.00000000394
-0.00000000646
-0.00000000896
-0.00000001079
-0.00000001837
-0.00000000551
-0.00000000840
-0.00000000892
-0.00000001607
-0.00000000244
-0.00000000524
-0.00000000690
-0.00000001286
-0.00000001424
-0.00000000156
-0.00000000303
-0.00000001044
-0.00000001273
-0.00000001418
-0.00000000040
-0.00000000898
-0.00000001192
-0.00000001523
-0.00000001781
-0.00000000898
-0.00000001179
-0.00000001321
-0.00000001581
-0.00000002269
-0.00000002482
-0.00000001222
-0.00000001463
-0.00000001651
-0.00000001896
-0.00000002193
-0.00000000841
-0.00000001509
-0.00000001724
-0.00000001954
-0.00000002198
-0.00000002365
-0.00000002671
-0.00000001280
-0.00000001465
-0.00000001870
-0.00000002598
-0.00000002902
-0.00000003010
-0.00000002809
-0.00000001407
-0.00000001620
-0.00000002293
-0.00000002599
-0.00000002946
-0.00000002626
-0.00000001769
-0.00000002184
-0.00000002265
-0.00000002562
-0.00000002648
-0.00000002977
-0.00000001535
-0.00000001809
-0.00000002013
-0.00000002191
-0.00000002472
-0.00000001072
-0.00000001371
-0.00000001544
-0.00000001795
-0.00000002120
-0.00000000828
-0.00000001100
-0.00000001899
-0.00000002134
-0.00000002475
-0.00000001120
-0.00000001405
-0.00000001743
-0.00000001925
-0.00000002107
-0.00000002475
-0.00000001151
-0.00000001302
-0.00000002001
-0.00000002294
-0.00000002443
-0.00000001208
-0.00000001413
-0.00000001728
-0.00000001920
-0.00000000550
-0.00000000810
-0.00000001638
-0.00000001738
-0.00000002047
-0.00000002148
-0.00000000855
-0.00000001063
-0.00000001298
-0.00000001695
-0.00000002494
-0.00000001183
-0.00000001334
-0.00000001692
-0.00000001856
-0.00000002153
-0.00000002331
-0.00000000937
-0.00000001293
-0.00000001567
-0.00000002416
-0.00000002537
-0.00000002168
-0.00000000863
-0.00000001094
-0.00000001858
-0.00000002117
-0.00000002381
-0.00000002480
-0.00000001347
-0.00000001586
-0.00000001747
-0.00000002143
-0.00000002448
-0.00000002737
-0.00000001339
-0.00000001758
-0.00000001911
-0.00000002136
-0.00000002501
-0.00000002660
-0.00000002948
-0.00000003065
-0.00000001334
-0.00000002017
-0.00000002370
-0.00000002255
-0.00000002625
-0.00000002960
-0.00000001660
-0.00000001934
-0.00000002106
-0.00000002520
-0.00000002914
-0.00000003051
-0.00000001261
-0.00000001566
-0.00000001647
-0.00000002001
-0.00000002284
-0.00000002572
-0.00000001143
-0.00000001416
-0.00000001681
-0.00000002041
-0.00000002219
-0.00000000931
-0.00000001225
-0.00000001577
-0.00000001677
-0.00000002109
-0.00000000746
-0.00000000973
-0.00000001367
-0.00000001613
-0.00000001853
-0.00000000671
-0.00000000840
-0.00000001527
-0.00000001441
-0.00000001547
-0.00000000226
-0.00000000954
-0.00000001261
-0.00000001561
-0.00000001887
-0.00000000622
-0.00000000966
-0.00000001198
-0.00000001705
-0.00000001937
-0.00000000686
-0.00000000804
-0.00000001707
-0.00000001400
-0.00000001780
-0.00000000312
-0.00000001151
-0.00000001239
-0.00000001452
-0.00000001682
-0.00000000327
-0.00000000641
-0.00000001371
-0.00000001594
-0.00000002005
-0.00000000234
-0.00000000981
-0.00000001266
-0.00000001652
-0.00000000286
-0.00000000508
-0.00000001233
-0.00000001533
-0.00000001825
-0.00000000493
-0.00000000871
-0.00000001089
-0.00000001380
-0.00000002238
-0.00000000516
-0.00000001329
-0.00000001631
-0.00000001927
-0.00000000654
-0.00000000816
-0.00000001263
-0.00000001439
-0.00000001710
-0.00000000341
-0.00000001121
-0.00000001446
-0.00000001751
-0.00000002105
-0.00000000883
-0.00000001126
-0.00000001357
-0.00000001595
-0.00000002341
-0.00000000725
-0.00000001564
-0.00000001819
-0.00000002112
-0.00000002416
-0.00000001188
-0.00000001281
-0.00000001511
-0.00000001761
-0.00000002134
-0.00000000819
-0.00000000981
-0.00000001323
-0.00000001573
-0.00000000310
-0.00000000982
-0.00000001389
-0.00000001550
-0.00000001702
-0.00000000283
-0.00000000782
-0.00000001429
-0.00000001714
-0.00000001910
-0.00000002160
-0.00000000926
-0.00000001342
-0.00000001613
-0.00000001811
-0.00000000349
-0.00000001312
-0.00000001577
-0.00000001845
-0.00000001994
-0.00000002450
-0.00000001248
-0.00000001445
-0.00000001766
-0.00000002023
-0.00000002321
-0.00000000942
-0.00000001238
-0.00000001490
-0.00000002231
-0.00000002538
-0.00000000843
-0.00000001658
-0.00000002028
-0.00000001776
-0.00000000613
-0.00000001372
-0.00000001652
-0.00000001849
-0.00000002181
-0.00000001015
-0.00000001204
-0.00000001410
-0.00000001780
-0.00000002139
-0.00000000860
-0.00000001264
-0.00000001980
-0.00000001781
-0.00000002155
-0.00000000900
-0.00000001775
-0.00000002008
-0.00000002254
-0.00000002697
-0.00000002324
-0.00000001215
-0.00000001507
-0.00000001835
-0.00000002364
-0.00000002620
-0.00000001509
-0.00000001940
-0.00000002260
-0.00000002497
-0.00000002947
-0.00000003109
-0.00000001399
-0.00000001815
-0.00000002116
-0.00000002655
-0.00000002959
-0.00000001756
-0.00000001970
-0.00000002327
-0.00000002130
-0.00000002416
-0.00000002796
-0.00000001541
-0.00000001972
-0.00000002221
-0.00000002672
-0.00000002904
-0.00000001199
-0.00000001397
-0.00000001797
-0.00000002160
-0.00000002572
-0.00000001293
-0.00000001674
-0.00000002064
-0.00000001764
-0.00000000508
-0.00000000870
-0.00000001547
-0.00000001393
-0.00000001727
-0.00000000369
-0.00000000792
-0.00000001093
-0.00000001545
-0.00000001808
-0.00000000566
-0.00000000842
-0.00000001213
-0.00000001651
-0.00000001914
-0.00000000721
-0.00000001104
-0.00000001439
-0.00000001723
-0.00000002132
-0.00000000589
-0.00000001013
-0.00000001340
-0.00000001705
-0.00000000386
-0.00000000728
-0.00000001108
-0.00000001473
-0.00000001758
-0.00000000556
-0.00000000774
-0.00000000941
-0.00000001375
-0.00000001555
-0.00000000330
-0.00000000589
-0.00000000891
-0.00000001289
-0.00000000026
-0.00000000936
-0.00000001153
-0.00000001556
-0.00000001685
-0.00000001937
-0.00000000836
-0.00000000945
-0.00000001282
-0.00000001570
-0.00000001855
-0.00000000590
-0.00000000859
-0.00000000992
-0.00000001311
-0.00000001561
-0.00000000269
-0.00000000588
-0.00000000891
-0.00000001115
-0.00000001383
-0.00000000663
-0.00000000322
-0.00000001157
-0.00000001448
-0.00000001736
-0.00000000382
-0.00000000644
-0.00000000897
-0.00000001143
-0.00000001403
-0.00000000635
-0.00000000885
-0.00000001049
-0.00000001372
-0.00000001737
-0.00000000453
-0.00000000724
-0.00000001054
-0.00000001472
-0.00000001807
-0.00000000641
-0.00000001341
-0.00000001699
-0.00000001875
-0.00000002289
-0.00000000895
-0.00000001191
-0.00000001638
-0.00000001877
-0.00000002406
-0.00000001106
-0.00000001502
-0.00000001804
-0.00000002141
-0.00000002297
-0.00000001066
-0.00000001316
-0.00000001440
-0.00000001920
-0.00000001962
-0.00000000784
-0.00000001139
-0.00000001527
-0.00000001780
-0.00000002071
-0.00000000889
-0.00000001190
-0.00000001401
-0.00000001744
-0.00000002173
-0.00000000931
-0.00000001300
-0.00000001728
-0.00000001983
-0.00000000732
-0.00000001145
-0.00000001301
-0.00000001680
-0.00000001828
-0.00000002164
-0.00000000931
-0.00000001272
-0.00000001678
-0.00000001907
-0.00000002267
-0.00000000933
-0.00000001301
-0.00000001625
-0.00000001937
-0.00000002457
-0.00000002742
-0.00000001616
-0.00000001925
-0.00000002167
-0.00000002480
-0.00000002386
-0.00000001168
-0.00000001533
-0.00000001771
-0.00000002181
-0.00000000993
-0.00000001243
-0.00000001511
-0.00000001729
-0.00000002032
-0.00000000772
-0.00000001208
-0.00000001440
-0.00000001803
-0.00000000544
-0.00000000874
-0.00000001152
-0.00000001472
-0.00000000270
-0.00000000544
-0.00000000772
-0.00000000995
-0.00000000183
-0.00000000497
-0.00000000595
-0.00000000904
0.00000000568
-0.00000000269
-0.00000000720
-0.00000000853
-0.00000001218
0.00000000085
-0.00000000771
-0.00000001010
-0.00000001424
-0.00000000194
-0.00000000588
-0.00000000874
-0.00000001797
-0.00000001994
-0.00000000725
-0.00000001051
-0.00000001527
-0.00000001736
-0.00000000574
-0.00000000916
-0.00000001170
-0.00000001412
-0.00000001818
-0.00000000475
-0.00000001199
-0.00000001527
-0.00000001720
-0.00000002054
-0.00000000735
-0.00000001056
-0.00000001388
-0.00000001766
-0.00000000702
-0.00000000902
-0.00000001616
-0.00000001567
-0.00000001766
-0.00000000577
-0.00000001489
-0.00000001820
-0.00000001707
-0.00000001957
-0.00000000683
-0.00000001542
-0.00000001784
-0.00000002192
-0.00000002578
-0.00000001262
-0.00000001523
-0.00000001556
-0.00000001953
-0.00000002147
-0.00000001009
-0.00000001219
-0.00000001634
-0.00000002005
-0.00000002267
-0.00000002739
-0.00000001635
-0.00000001884
-0.00000002340
-0.00000002625
-0.00000002956
-0.00000003404
-0.00000001650
-0.00000002013
-0.00000002428
-0.00000002834
-0.00000001486
-0.00000001309
-0.00000002007
-0.00000002389
-0.00000002200
-0.00000000864
-0.00000001187
-0.00000001384
-0.00000001860
-0.00000002231
-0.00000000921
-0.00000001232
-0.00000001559
-0.00000001738
-0.00000002129
-0.00000000829
-0.00000001026
-0.00000001361
-0.00000001870
-0.00000002277
-0.00000002583
-0.00000001323
-0.00000001581
-0.00000001900
-0.00000002271
-0.00000002358
-0.00000000769
-0.00000001598
-0.00000001268
-0.00000002162
-0.00000001985
-0.00000000748
-0.00000000918
-0.00000001283
-0.00000001574
-0.00000001821
-0.00000000608
-0.00000000740
-0.00000001001
-0.00000000022
-0.00000000795
-0.00000001160
-0.00000001531
-0.00000001623
-0.00000000367
-0.00000000782
-0.00000000970
0.00000000245
0.00000000009
-0.00000000852
-0.00000001036
0.00000000051
-0.00000000189
-0.00000000872
-0.00000001237
0.00000000125
-0.00000000228
-0.00000000670
-0.00000001504
-0.00000001757
-0.00000000612
-0.00000000835
-0.00000001197
-0.00000001378
-0.00000001636
-0.00000000354
-0.00000001306
-0.00000001431
-0.00000001953
-0.00000002193
-0.00000001033
-0.00000001383
-0.00000001752
-0.00000001943
-0.00000002367
-0.00000001097
-0.00000001553
-0.00000001844
-0.00000002127
-0.00000002444
-0.00000001193
-0.00000001558
-0.00000001898
-0.00000002254
-0.00000000906
-0.00000001332
-0.00000001588
-0.00000001902
-0.00000002185
-0.00000001019
-0.00000001495
-0.00000001919
-0.00000002144
-0.00000002351
-0.00000002775
-0.00000001634
-0.00000002085
-0.00000002358
-0.00000002854
-0.00000001156
-0.00000001609
-0.00000002044
-0.00000002428
-0.00000002781
-0.00000002960
-0.00000001836
-0.00000001534
-0.00000001875
-0.00000002197
-0.00000002537
-0.00000002839
-0.00000001725
-0.00000001598
-0.00000001820
-0.00000002180
-0.00000002298
-0.00000001072
-0.00000001255
-0.00000001432
-0.00000001843
-0.00000002045
-0.00000000874
-0.00000001263
-0.00000001461
-0.00000001817
-0.00000001998
-0.00000000718
-0.00000000986
-0.00000001305
-0.00000001510
-0.00000001848
-0.00000000683
-0.00000001149
-0.00000001501
-0.00000001889
-0.00000000655
-0.00000000927
-0.00000001134
-0.00000001530
-0.00000001938
-0.00000000666
-0.00000000823
-0.00000001063
-0.00000001398
0.00000000040
-0.00000000258
-0.00000000552
-0.00000000919
-0.00000001793
-0.00000000090
-0.00000000793
-0.00000001127
-0.00000001313
-0.00000000017
-0.00000000353
-0.00000000487
-0.00000000863
-0.00000001261
-0.00000000415
-0.00000000824
-0.00000001229
-0.00000001640
-0.00000000336
-0.00000000662
-0.00000000886
-0.00000001621
-0.00000002008
-0.00000000328
-0.00000001008
-0.00000001370
-0.00000001749
-0.00000002017
-0.00000000700
-0.00000000812
-0.00000001313
-0.00000001478
-0.00000000245
-0.00000000314
-0.00000001145
-0.00000001008
-0.00000001816
-0.00000000567
-0.00000000847
-0.00000000914
-0.00000001326
-0.00000001494
-0.00000000272
-0.00000001026
-0.00000001202
-0.00000001424
-0.00000001687
-0.00000001888
-0.00000000635
-0.00000000769
-0.00000000980
-0.00000001210
-0.00000001540
-0.00000000174
-0.00000000960
-0.00000001123
-0.00000001385
-0.00000000114
-0.00000000439
-0.00000000763
-0.00000001532
-0.00000001767
-0.00000000276
-0.00000000709
-0.00000000820
-0.00000001564
-0.00000000297
-0.00000000563
-0.00000000876
-0.00000001258
-0.00000000243
-0.00000000705
-0.00000000982
-0.00000001247
0.00000000153
-0.00000000691
-0.00000000877
-0.00000001185
-0.00000001395
-0.00000000568
-0.00000000818
-0.00000001098
0.00000000161
-0.00000000710
-0.00000000885
-0.00000001099
-0.00000002033
-0.00000000787
-0.00000000964
-0.00000001218
-0.00000001565
-0.00000000327
-0.00000001063
-0.00000001360
-0.00000001601
-0.00000000187
-0.00000000959
-0.00000001153
-0.00000001307
-0.00000001595
-0.00000000323
-0.00000001127
-0.00000001348
-0.00000001468
-0.00000001823
-0.00000001845
-0.00000002063
-0.00000001223
-0.00000001513
-0.00000001699
-0.00000002038
-0.00000002399
-0.00000001291
-0.00000001600
-0.00000001730
-0.00000002519
-0.00000002774
-0.00000002609
-0.00000001248
-0.00000001533
-0.00000002417
-0.00000002671
-0.00000003085
-0.00000001295
-0.00000002061
-0.00000002267
-0.00000002463
-0.00000002703
-0.00000002949
-0.00000001749
-0.00000002010
-0.00000002283
-0.00000002532
-0.00000002878
-0.00000001057
-0.00000001839
-0.00000001943
-0.00000002275
-0.00000002481
-0.00000001214
-0.00000001610
-0.00000001869
-0.00000002146
-0.00000002504
-0.00000001204
-0.00000001599
-0.00000001891
-0.00000002186
-0.00000002458
-0.00000002916
-0.00000001662
-0.00000001954
-0.00000002339
-0.00000002601
-0.00000001287
-0.00000001583
-0.00000001983
-0.00000002121
-0.00000002366
-0.00000002687
-0.00000001526
-0.00000001735
-0.00000002125
-0.00000002464
-0.00000001386
-0.00000001699
-0.00000001961
-0.00000002175
-0.00000002591
-0.00000002808
-0.00000001530
-0.00000001857
-0.00000002154
-0.00000002378
-0.00000001054
-0.00000001299
-0.00000001528
-0.00000001796
-0.00000002101
-0.00000000891
-0.00000001084
-0.00000001263
-0.00000001518
-0.00000000265
-0.00000001024
-0.00000001353
-0.00000001683
-0.00000000232
-0.00000000689
-0.00000000851
-0.00000001141
-0.00000001884
-0.00000000824
-0.00000001072
-0.00000001386
-0.00000001541
-0.00000001819
-0.00000000629
-0.00000000947
-0.00000001236
-0.00000001997
-0.00000001762
-0.00000000500
-0.00000001330
-0.00000001770
-0.00000002033
-0.00000000851
-0.00000001245
-0.00000001540
-0.00000001870
-0.00000002128
-0.00000000787
-0.00000001176
-0.00000001491
-0.00000001991
-0.00000000813
-0.00000001554
-0.00000001756
-0.00000002152
-0.00000000335
-0.00000001069
-0.00000001265
-0.00000001589
-0.00000001818
-0.00000000530
-0.00000000867
-0.00000001689
-0.00000002095
-0.00000000229
-0.00000000939
-0.00000001321
-0.00000001582
-0.00000001794
-0.00000000367
-0.00000000748
-0.00000001511
-0.00000001593
-0.00000001800
-0.00000000555
-0.00000000795
-0.00000000991
-0.00000001279
0.00000000079
-0.00000000532
-0.00000000839
-0.00000001048
-0.00000001206
-0.00000000605
-0.00000000867
-0.00000001068
-0.00000001353
-0.00000001488
-0.00000000265
-0.00000000992
-0.00000001166
-0.00000001486
-0.00000001740
-0.00000000309
-0.00000001192
-0.00000001309
-0.00000001640
-0.00000001759
-0.00000001999
-0.00000000730
-0.00000000986
-0.00000001697
-0.00000001866
-0.00000002131
-0.00000000853
-0.00000000985
-0.00000001298
-0.00000001515
-0.00000002285
-0.00000002460
-0.00000001180
-0.00000001493
-0.00000001629
-0.00000001944
-0.00000002126
-0.00000002450
-0.00000001164
-0.00000001450
-0.00000001668
-0.00000001873
-0.00000002226
-0.00000002451
-0.00000001046
-0.00000001789
-0.00000001940
-0.00000002197
-0.00000002352
-0.00000001206
-0.00000001329
-0.00000001700
-0.00000001884
-0.00000002184
-0.00000002364
-0.00000001147
-0.00000001328
-0.00000001741
-0.00000001860
-0.00000002583
-0.00000000848
-0.00000001693
-0.00000001924
-0.00000002235
-0.00000000905
-0.00000001171
-0.00000001312
-0.00000001555
-0.00000000321
-0.00000001075
-0.00000001430
-0.00000001644
-0.00000001761
-0.00000000336
-0.00000000631
-0.00000001313
-0.00000001556
-0.00000002002
-0.00000000716
-0.00000000932
-0.00000001630
-0.00000001925
-0.00000002035
-0.00000000709
-0.00000000894
-0.00000001269
-0.00000001969
-0.00000002155
-0.00000002359
-0.00000001156
-0.00000001544
-0.00000001608
-0.00000001960
-0.00000002272
-0.00000000976
-0.00000001189
-0.00000001893
-0.00000002392
-0.00000002606
-0.00000001384
-0.00000001703
-0.00000002043
-0.00000002379
-0.00000002511
-0.00000001223
-0.00000001573
-0.00000001812
-0.00000002173
-0.00000002478
-0.00000001263
-0.00000001479
-0.00000001767
-0.00000001971
-0.00000002356
-0.00000000848
-0.00000001184
-0.00000001881
-0.00000001990
-0.00000002295
-0.00000000979
-0.00000001348
-0.00000001489
-0.00000001750
-0.00000002082
-0.00000002219
-0.00000000931
-0.00000001207
-0.00000001487
-0.00000001736
-0.00000002456
-0.00000001058
-0.00000001413
-0.00000001553
-0.00000001982
-0.00000002109
-0.00000000954
-0.00000001270
-0.00000002037
-0.00000002371
-0.00000000413
-0.00000001182
-0.00000001430
-0.00000001779
-0.00000002034
-0.00000000799
-0.00000000882
-0.00000001805
-0.00000002043
-0.00000002328
-0.00000002603
-0.00000001379
-0.00000001708
-0.00000001945
-0.00000002363
-0.00000001086
-0.00000001343
-0.00000001612
-0.00000001823
-0.00000002044
-0.00000002194
-0.00000000967
-0.00000001826
-0.00000001973
-0.00000002286
-0.00000002607
-0.00000000777
-0.00000001506
-0.00000001753
-0.00000002147
-0.00000002429
-0.00000001059
-0.00000001359
-0.00000001742
-0.00000001935
-0.00000002284
-0.00000002508
-0.00000001236
-0.00000001458
-0.00000001904
-0.00000002140
-0.00000002515
-0.00000001239
-0.00000001407
-0.00000001597
-0.00000001892
-0.00000002182
-0.00000000801
-0.00000001055
-0.00000001701
-0.00000001892
-0.00000002165
-0.00000000380
-0.00000001261
-0.00000001597
-0.00000001859
-0.00000001930
-0.00000000689
-0.00000000973
-0.00000001657
-0.00000001850
-0.00000002065
-0.00000000862
-0.00000001300
-0.00000001654
-0.00000001955
-0.00000000474
-0.00000000765
-0.00000001576
-0.00000001820
-0.00000002046
-0.00000000531
-0.00000000841
-0.00000001219
-0.00000001486
-0.00000000548
-0.00000000767
-0.00000000787
-0.00000001113
-0.00000001336
-0.00000001951
-0.00000000581
-0.00000001001
-0.00000001103
0.00000000169
-0.00000000134
-0.00000000781
-0.00000000862
-0.00000001570
-0.00000001662
-0.00000000321
-0.00000000781
-0.00000001006
-0.00000001817
-0.00000000501
-0.00000000811
-0.00000000907
-0.00000001578
-0.00000001933
-0.00000000547
-0.00000001004
-0.00000001816
-0.00000001917
-0.00000000835
-0.00000001036
-0.00000001304
-0.00000001913
-0.00000002128
-0.00000002471
-0.00000001029
-0.00000001379
-0.00000001583
-0.00000001938
-0.00000002750
-0.00000000920
-0.00000001538
-0.00000001816
-0.00000001973
-0.00000002134
-0.00000002448
-0.00000001058
-0.00000001289
-0.00000002052
-0.00000002307
-0.00000002544
-0.00000001363
-0.00000001602
-0.00000001850
-0.00000002210
-0.00000002550
-0.00000001265
-0.00000001569
-0.00000001717
-0.00000001872
-0.00000002692
-0.00000002452
-0.00000001274
-0.00000002033
-0.00000002177
-0.00000002510
-0.00000002694
-0.00000002915
-0.00000001664
-0.00000002133
-0.00000002242
-0.00000002684
-0.00000002991
-0.00000003135
-0.00000001432
-0.00000002208
-0.00000002453
-0.00000002640
-0.00000002455
-0.00000002719
-0.00000001436
-0.00000001642
-0.00000001873
-0.00000002721
-0.00000002331
-0.00000001056
-0.00000001340
-0.00000002191
-0.00000001885
-0.00000002375
-0.00000000988
-0.00000001730
-0.00000002038
-0.00000001920
-0.00000002353
-0.00000001141
-0.00000001893
-0.00000002304
-0.00000001966
-0.00000002181
-0.00000002417
-0.00000001138
-0.00000001455
-0.00000001779
-0.00000001989
-0.00000002254
-0.00000000909
-0.00000001182
-0.00000001232
-0.00000001455
-0.00000001781
-0.00000002056
-0.00000000713
-0.00000001376
-0.00000001805
-0.00000001994
-0.00000002291
-0.00000000983
-0.00000001128
-0.00000001608
-0.00000001769
-0.00000002085
-0.00000002463
-0.00000001192
-0.00000001459
-0.00000001690
-0.00000002152
-0.00000002378
-0.00000001105
-0.00000001436
-0.00000001799
-0.00000002043
-0.00000002412
-0.00000001186
-0.00000001487
-0.00000001782
-0.00000002107
-0.00000002448
-0.00000002554
-0.00000001323
-0.00000001747
-0.00000002019
-0.00000001945
-0.00000002351
-0.00000001139
-0.00000001437
-0.00000001858
-0.00000002172
-0.00000002362
-0.00000001059
-0.00000001441
-0.00000001642
-0.00000001999
-0.00000002301
-0.00000001252
-0.00000001437
-0.00000001716
-0.00000001930
-0.00000002132
-0.00000000779
-0.00000001171
-0.00000001346
-0.00000001621
-0.00000000229
-0.00000000594
-0.00000000738
-0.00000001169
-0.00000001354
-0.00000000672
-0.00000000957
-0.00000001177
-0.00000001519
-0.00000001917
-0.00000000649
-0.00000000914
-0.00000001211
-0.00000001583
-0.00000002002
-0.00000000730
-0.00000001602
-0.00000001337
-0.00000001715
-0.00000000469
-0.00000001237
-0.00000001428
-0.00000001635
-0.00000001921
-0.00000002242
-0.00000000873
-0.00000001216
-0.00000001387
-0.00000001736
-0.00000000458
-0.00000000845
-0.00000001636
-0.00000001436
-0.00000001725
-0.00000000466
-0.00000001334
-0.00000001704
-0.00000002054
-0.00000002381
-0.00000000552
-0.00000001259
-0.00000001346
-0.00000001603
-0.00000001890
-0.00000000624
-0.00000000728
-0.00000001108
-0.00000001519
-0.00000000178
-0.00000001004
-0.00000001166
-0.00000001398
-0.00000001727
-0.00000001977
-0.00000000645
-0.00000000784
-0.00000001046
-0.00000001321
-0.00000000079
-0.00000000871
-0.00000001102
-0.00000001258
-0.00000001708
-0.00000000476
-0.00000000698
-0.00000001418
-0.00000001730
-0.00000002013
-0.00000000682
-0.00000001014
-0.00000001135
-0.00000001397
-0.00000001713
-0.00000000481
-0.00000000862
-0.00000001518
-0.00000001787
-0.00000002088
-0.00000000715
-0.00000000972
-0.00000001152
-0.00000001516
-0.00000001843
-0.00000000595
-0.00000001432
-0.00000001631
-0.00000001752
-0.00000001971
-0.00000000820
-0.00000000961
-0.00000001284
-0.00000001572
-0.00000001826
-0.00000002037
-0.00000000764
-0.00000001082
-0.00000001901
-0.00000002231
-0.00000000316
-0.00000001190
-0.00000001380
-0.00000001590
-0.00000001871
-0.00000002146
-0.00000000711
-0.00000001094
-0.00000001790
-0.00000001979
-0.00000000794
-0.00000000900
-0.00000001284
-0.00000001663
-0.00000001871
-0.00000000562
-0.00000001378
-0.00000001553
-0.00000001881
-0.00000002149
-0.00000000823
-0.00000000939
-0.00000001304
-0.00000001628
-0.00000001868
-0.00000000695
-0.00000001497
-0.00000001699
-0.00000001817
-0.00000002143
-0.00000002453
-0.00000001180
-0.00000001282
-0.00000001454
-0.00000001813
-0.00000002049
-0.00000000708
-0.00000000944
-0.00000001755
-0.00000002106
-0.00000002259
-0.00000002507
-0.00000001183
-0.00000001498
-0.00000001597
-0.00000001791
-0.00000002223
-0.00000001026
-0.00000001378
-0.00000001697
-0.00000001812
-0.00000000459
-0.00000001158
-0.00000001314
-0.00000001575
-0.00000001778
-0.00000000366
-0.00000000662
-0.00000001486
-0.00000001776
-0.00000000371
-0.00000000716
-0.00000000927
-0.00000001684
-0.00000001971
-0.00000000628
-0.00000000737
-0.00000001063
-0.00000001419
-0.00000001907
-0.00000000827
-0.00000001020
-0.00000001189
-0.00000001398
-0.00000002137
-0.00000000793
-0.00000000996
-0.00000001212
-0.00000001510
-0.00000000186
-0.00000000883
-0.00000001170
-0.00000001326
-0.00000001531
-0.00000000191
-0.00000000878
-0.00000000964
-0.00000001377
-0.00000002118
-0.00000000759
-0.00000001022
-0.00000001378
-0.00000001635
-0.00000001905
-0.00000002611
-0.00000001442
-0.00000001708
-0.00000002068
-0.00000002335
-0.00000002561
-0.00000001291
-0.00000001579
-0.00000001813
-0.00000002240
-0.00000002616
-0.00000001235
-0.00000001521
-0.00000002209
-0.00000002627
-0.00000002415
-0.00000001039
-0.00000001994
-0.00000002055
-0.00000002537
-0.00000002634
-0.00000001343
-0.00000001590
-0.00000001928
-0.00000002167
-0.00000002539
-0.00000002804
-0.00000001597
-0.00000001795
-0.00000002012
-0.00000002247
-0.00000002366
-0.00000001064
-0.00000001276
-0.00000001460
-0.00000001758
-0.00000001985
-0.00000002240
-0.00000000918
-0.00000001721
-0.00000002000
-0.00000002254
-0.00000002515
-0.00000000750
-0.00000001474
-0.00000001902
-0.00000002253
-0.00000000855
-0.00000001172
-0.00000001387
-0.00000002169
-0.00000001781
-0.00000002004
-0.00000000767
-0.00000001387
-0.00000001717
-0.00000001976
-0.00000002175
-0.00000000871
-0.00000001212
-0.00000001619
-0.00000001786
-0.00000002620
-0.00000002366
-0.00000001120
-0.00000001562
-0.00000001877
-0.00000002205
-0.00000002446
-0.00000001081
-0.00000001373
-0.00000001682
-0.00000001938
-0.00000002312
-0.00000000918
-0.00000001824
-0.00000002153
-0.00000001983
-0.00000002251
-0.00000000959
-0.00000001750
-0.00000002055
-0.00000001878
-0.00000002116
-0.00000000866
-0.00000001658
-0.00000001795
-0.00000002114
-0.00000000767
-0.00000000992
-0.00000001208
-0.00000001444
-0.00000001553
-0.00000001761
-0.00000000220
-0.00000000587
-0.00000001292
-0.00000001499
-0.00000001725
-0.00000000392
-0.00000000691
-0.00000000902
-0.00000001682
-0.00000002039
-0.00000000213
-0.00000001073
-0.00000001414
-0.00000001739
-0.00000001965
-0.00000000708
-0.00000000825
-0.00000001188
-0.00000001290
-0.00000002015
-0.00000001735
-0.00000000572
-0.00000001280
-0.00000001409
-0.00000001752
-0.00000001964
-0.00000000599
-0.00000000716
-0.00000001448
-0.00000001682
-0.00000002003
-0.00000000201
-0.00000000852
-0.00000001130
-0.00000001390
-0.00000001520
-0.00000000262
-0.00000001067
-0.00000001176
-0.00000001401
-0.00000001623
-0.00000000275
-0.00000000484
-0.00000001238
-0.00000001589
-0.00000001766
-0.00000002042
-0.00000000753
-0.00000000927
-0.00000001222
-0.00000001984
-0.00000002256
-0.00000002373
-0.00000001134
-0.00000001467
-0.00000001707
-0.00000001969
-0.00000002293
-0.00000000816
-0.00000001193
-0.00000001320
-0.00000001599
-0.00000002412
-0.00000002643
-0.00000000791
-0.00000001700
-0.00000001944
-0.00000002238
-0.00000002655
-0.00000001361
-0.00000001590
-0.00000001922
-0.00000002112
-0.00000002500
-0.00000001269
-0.00000001490
-0.00000001858
-0.00000002110
-0.00000002355
-0.00000002742
-0.00000001389
-0.00000001749
-0.00000001968
-0.00000002286
-0.00000002518
-0.00000002865
-0.00000001620
-0.00000001844
-0.00000002067
-0.00000002332
-0.00000001014
-0.00000001074
-0.00000001455
-0.00000001530
-0.00000001807
-0.00000000343
-0.00000000595
-0.00000001289
-0.00000001566
-0.00000000280
-0.00000000504
-0.00000000704
-0.00000001493
-0.00000001678
-0.00000000416
-0.00000000526
-0.00000000754
-0.00000000987
-0.00000001229
-0.00000000318
-0.00000000624
-0.00000000839
-0.00000000954
-0.00000001617
-0.00000000300
-0.00000000563
-0.00000000701
-0.00000000836
-0.00000001584
-0.00000000132
-0.00000000359
-0.00000000533
-0.00000001341
-0.00000001465
-0.00000000055
-0.00000000774
-0.00000000911
-0.00000001243
-0.00000001469
-0.00000000227
-0.00000000972
-0.00000001259
-0.00000001512
-0.00000001710
-0.00000000307
-0.00000001100
-0.00000001494
-0.00000001834
-0.00000002142
-0.00000000815
-0.00000001208
-0.00000001960
-0.00000002204
-0.00000001050
-0.00000001325
-0.00000001669
-0.00000001926
-0.00000002058
-0.00000000866
-0.00000001701
-0.00000001796
-0.00000002142
-0.00000002408
-0.00000002614
-0.00000001355
-0.00000001564
-0.00000001851
-0.00000002062
-0.00000002243
-0.00000000964
-0.00000001265
-0.00000001923
-0.00000002229
-0.00000002393
-0.00000001138
-0.00000001275
-0.00000001605
-0.00000001778
-0.00000001873
-0.00000001117
-0.00000001435
-0.00000001651
-0.00000001923
-0.00000002212
-0.00000000853
-0.00000001038
-0.00000001977
-0.00000002129
-0.00000002309
-0.00000002510
-0.00000002773
-0.00000001460
-0.00000001669
-0.00000001797
-0.00000002113
-0.00000002328
-0.00000002602
-0.00000001285
-0.00000001502
-0.00000001761
-0.00000001978
-0.00000002214
-0.00000002492
-0.00000001238
-0.00000001475
-0.00000001798
-0.00000001943
-0.00000002802
-0.00000002928
-0.00000001162
-0.00000001947
-0.00000002284
-0.00000002664
-0.00000002547
-0.00000001245
-0.00000002097
-0.00000002426
-0.00000002624
-0.00000002505
-0.00000002622
-0.00000001452
-0.00000001697
-0.00000001983
-0.00000002117
-0.00000002569
-0.00000002859
-0.00000001684
-0.00000002082
-0.00000002396
-0.00000002666
-0.00000002910
-0.00000001562
-0.00000001899
-0.00000002159
-0.00000002543
-0.00000002802
-0.00000000980
-0.00000001683
-0.00000001251
-0.00000001956
-0.00000001826
-0.00000000609
-0.00000001328
-0.00000001711
-0.00000002072
-0.00000002328
-0.00000000970
-0.00000001303
-0.00000001508
-0.00000001572
-0.00000001884
-0.00000002167
-0.00000000821
-0.00000001031
-0.00000001427
-0.00000001660
-0.00000002090
-0.00000000713
-0.00000000799
-0.00000001096
-0.00000001918
-0.00000002190
-0.00000000893
-0.00000001213
-0.00000001386
-0.00000001825
-0.00000000626
-0.00000000909
-0.00000001195
-0.00000001426
-0.00000002326
-0.00000000599
-0.00000001382
-0.00000001673
-0.00000001990
-0.00000002330
-0.00000001188
-0.00000001544
-0.00000001835
-0.00000001998
-0.00000002280
-0.00000000928
-0.00000001141
-0.00000001362
-0.00000001673
-0.00000001842
-0.00000000636
-0.00000000845
-0.00000001546
-0.00000001820
-0.00000002021
-0.00000000742
-0.00000001079
-0.00000001291
-0.00000001466
0.00000000005
-0.00000000331
-0.00000001085
-0.00000001441
-0.00000001587
-0.00000000300
-0.00000000556
-0.00000001200
-0.00000001318
-0.00000001679
-0.00000000454
-0.00000000763
-0.00000000914
-0.00000000187
-0.00000000308
-0.00000000756
-0.00000000900
-0.00000001550
-0.00000000300
-0.00000000628
-0.00000000835
-0.00000001452
-0.00000001684
-0.00000000365
-0.00000000759
-0.00000001562
-0.00000001838
-0.00000002098
-0.00000000784
-0.00000001092
-0.00000001415
-0.00000001722
-0.00000002602
-0.00000001308
-0.00000001674
-0.00000001921
-0.00000002177
-0.00000002543
-0.00000002864
-0.00000001534
-0.00000001847
-0.00000002194
-0.00000002436
-0.00000002778
-0.00000001414
-0.00000001658
-0.00000001969
-0.00000002190
-0.00000002451
-0.00000002810
-0.00000001390
-0.00000001605
-0.00000001770
-0.00000002063
-0.00000002232
-0.00000000925
-0.00000001035
-0.00000001306
-0.00000002020
-0.00000002249
-0.00000000880
-0.00000000999
-0.00000001400
-0.00000001497
-0.00000001838
-0.00000000449
-0.00000000955
-0.00000001272
-0.00000001401
-0.00000001660
-0.00000001968
-0.00000000632
-0.00000000816
-0.00000001629
-0.00000001757
-0.00000000444
-0.00000000770
-0.00000000995
-0.00000001636
-0.00000001911
-0.00000002161
-0.00000000643
-0.00000000796
-0.00000000971
-0.00000001621
-0.00000001837
-0.00000002037
-0.00000000778
-0.00000000949
-0.00000001316
-0.00000002079
-0.00000002502
-0.00000000761
-0.00000001543
-0.00000001748
-0.00000002092
-0.00000002385
-0.00000000985
-0.00000001323
-0.00000001608
-0.00000001813
-0.00000002086
-0.00000002869
-0.00000001201
-0.00000001913
-0.00000002135
-0.00000002277
-0.00000002605
-0.00000001177
-0.00000001486
-0.00000001668
-0.00000001940
-0.00000002264
-0.00000002522
-0.00000002760
-0.00000001368
-0.00000001760
-0.00000002044
-0.00000002343
-0.00000002565
-0.00000001247
-0.00000001410
-0.00000001733
-0.00000002010
-0.00000002259
-0.00000002406
-0.00000001217
-0.00000001296
-0.00000001670
-0.00000001885
-0.00000002088
-0.00000002336
-0.00000001059
-0.00000001381
-0.00000001488
-0.00000001772
-0.00000001966
-0.00000000643
-0.00000001372
-0.00000001651
-0.00000001817
-0.00000002186
-0.00000002483
-0.00000002700
-0.00000001404
-0.00000001615
-0.00000001825
-0.00000002154
-0.00000002497
-0.00000002645
-0.00000001282
-0.00000001669
-0.00000001825
-0.00000002204
-0.00000002553
-0.00000001251
-0.00000001509
-0.00000001830
-0.00000002048
-0.00000002245
-0.00000002511
-0.00000002796
-0.00000001145
-0.00000001429
-0.00000001863
-0.00000002152
-0.00000002434
-0.00000001249
-0.00000001560
-0.00000001862
-0.00000002042
-0.00000002328
-0.00000001133
-0.00000001460
-0.00000001718
-0.00000001944
-0.00000000628
-0.00000000868
-0.00000001234
-0.00000001367
-0.00000001696
-0.00000000276
-0.00000001092
-0.00000001324
-0.00000001642
-0.00000000334
-0.00000000557
-0.00000000867
-0.00000001120
-0.00000001342
-0.00000000023
-0.00000000798
-0.00000001108
-0.00000001476
-0.00000001843
-0.00000000397
-0.00000000804
-0.00000001050
-0.00000001204
-0.00000001475
-0.00000001649
-0.00000000302
-0.00000001015
-0.00000001324
-0.00000001590
-0.00000001804
-0.00000000388
-0.00000000728
-0.00000000868
-0.00000001633
-0.00000001290
-0.00000002134
-0.00000000282
-0.00000001189
-0.00000001498
-0.00000001631
-0.00000001940
-0.00000000754
-0.00000000803
-0.00000001613
-0.00000001266
-0.00000002119
-0.00000001899
-0.00000000693
-0.00000001493
-0.00000001779
-0.00000002040
-0.00000000715
-0.00000001084
-0.00000001467
-0.00000001739
-0.00000002061
-0.00000000694
-0.00000001055
-0.00000001297
-0.00000001553
-0.00000000293
-0.00000001152
-0.00000001435
-0.00000001713
-0.00000001950
-0.00000000654
-0.00000000789
-0.00000000928
-0.00000001096
-0.00000001945
-0.00000000700
-0.00000000938
-0.00000001232
-0.00000001383
-0.00000001752
-0.00000000325
-0.00000001019
-0.00000001324
-0.00000001538
-0.00000001880
-0.00000000510
-0.00000000716
-0.00000000862
-0.00000001683
-0.00000001773
-0.00000000554
-0.00000000880
-0.00000001023
-0.00000001366
-0.00000001596
-0.00000000283
-0.00000001099
-0.00000001292
-0.00000001616
-0.00000001817
-0.00000000576
-0.00000000780
-0.00000001552
-0.00000001883
-0.00000002109
-0.00000000846
-0.00000001224
-0.00000001516
-0.00000002045
-0.00000000713
-0.00000000991
-0.00000001829
-0.00000002099
-0.00000002291
-0.00000002606
-0.00000000851
-0.00000001500
-0.00000001775
-0.00000001924
-0.00000002293
-0.00000000966
-0.00000001315
-0.00000001460
-0.00000001692
-0.00000001961
-0.00000000482
-0.00000001159
-0.00000001319
-0.00000001656
-0.00000001812
-0.00000002009
-0.00000000640
-0.00000000845
-0.00000001074
-0.00000001809
-0.00000002013
-0.00000002275
-0.00000001048
-0.00000001112
-0.00000001511
-0.00000001766
-0.00000001948
-0.00000002208
-0.00000002502
-0.00000001283
-0.00000001617
-0.00000001763
-0.00000002068
-0.00000002357
-0.00000002557
-0.00000001334
-0.00000001556
-0.00000001868
-0.00000002129
-0.00000002257
-0.00000002690
-0.00000001444
-0.00000001729
-0.00000001921
-0.00000002319
-0.00000002504
-0.00000002768
-0.00000001417
-0.00000001620
-0.00000001685
-0.00000001957
-0.00000002137
-0.00000000864
-0.00000001026
-0.00000001187
-0.00000001488
-0.00000000096
-0.00000000935
-0.00000001215
-0.00000001349
-0.00000001684
-0.00000001855
-0.00000000636
-0.00000000748
-0.00000000902
-0.00000001852
-0.00000002198
-0.00000000873
-0.00000001272
-0.00000001541
-0.00000001799
-0.00000001980
-0.00000002310
-0.00000001052
-0.00000001240
-0.00000001470
-0.00000001760
-0.00000001967
-0.00000000609
-0.00000000898
-0.00000001491
-0.00000001806
-0.00000002061
-0.00000002332
-0.00000000904
-0.00000001266
-0.00000001368
-0.00000001809
-0.00000001900
-0.00000000660
-0.00000000945
-0.00000001217
-0.00000002029
-0.00000001830
-0.00000000404
-0.00000001183
-0.00000001487
-0.00000001823
-0.00000002124
-0.00000000754
-0.00000000969
-0.00000001239
-0.00000001436
-0.00000001634
-0.00000002000
-0.00000000715
-0.00000001032
-0.00000001695
-0.00000001991
-0.00000001712
-0.00000000274
-0.00000001284
-0.00000001592
-0.00000001830
-0.00000002094
-0.00000000881
-0.00000001128
-0.00000001323
-0.00000001484
-0.00000001825
-0.00000002158
-0.00000000841
-0.00000000949
-0.00000001176
-0.00000001391
-0.00000001681
-0.00000001839
-0.00000000637
-0.00000001336
-0.00000001577
-0.00000001950
-0.00000002183
-0.00000002445
-0.00000002675
-0.00000000845
-0.00000001583
-0.00000001854
-0.00000002095
-0.00000002233
-0.00000001005
-0.00000001156
-0.00000001439
-0.00000001585
-0.00000001851
-0.00000001985
-0.00000000567
-0.00000000718
-0.00000001008
-0.00000001297
-0.00000001426
-0.00000001742
-0.00000000333
-0.00000001038
-0.00000001342
-0.00000001449
-0.00000001713
-0.00000000354
-0.00000000490
-0.00000000745
-0.00000001510
-0.00000001132
-0.00000001841
-0.00000000471
-0.00000000570
-0.00000000894
-0.00000001023
-0.00000001743
-0.00000000315
-0.00000000563
-0.00000000829
-0.00000000928
-0.00000001138
-0.00000001750
-0.00000000465
-0.00000000731
-0.00000000941
-0.00000001015
-0.00000001782
-0.00000001931
-0.00000000497
-0.00000000792
-0.00000000963
-0.00000001160
-0.00000001785
-0.00000002065
-0.00000002206
-0.00000000865
-0.00000001038
-0.00000001305
-0.00000001628
-0.00000001803
-0.00000001996
-0.00000000657
-0.00000001460
-0.00000001703
-0.00000001923
-0.00000002092
-0.00000000679
-0.00000000962
-0.00000001079
-0.00000001346
-0.00000002197
-0.00000000788
-0.00000000952
-0.00000001319
-0.00000001421
-0.00000002161
-0.00000000862
-0.00000000989
-0.00000001187
-0.00000001460
-0.00000001836
-0.00000000400
-0.00000001238
-0.00000001503
-0.00000001678
-0.00000001934
-0.00000000549
-0.00000000788
-0.00000001624
-0.00000001757
-0.00000000467
-0.00000000803
-0.00000001518
-0.00000001746
-0.00000002033
-0.00000002143
-0.00000000846
-0.00000000914
-0.00000001144
-0.00000001836
-0.00000002088
-0.00000002367
-0.00000002580
-0.00000001257
-0.00000001480
-0.00000001632
-0.00000001907
-0.00000002122
-0.00000000766
-0.00000001449
-0.00000001722
-0.00000002063
-0.00000002238
-0.00000002495
-0.00000001126
-0.00000001388
-0.00000001678
-0.00000001869
-0.00000002534
-0.00000000733
-0.00000001370
-0.00000001472
-0.00000001839
-0.00000001934
-0.00000000700
-0.00000000885
-0.00000001660
-0.00000001958
-0.00000002086
-0.00000000708
-0.00000000873
-0.00000001545
-0.00000001738
-0.00000002017
-0.00000000577
-0.00000000802
-0.00000001523
-0.00000001795
-0.00000000356
-0.00000000627
-0.00000000812
-0.00000001583
-0.00000001817
-0.00000000372
-0.00000000773
-0.00000001491
-0.00000001865
-0.00000000646
-0.00000000780
-0.00000001612
-0.00000001699
-0.00000000556
-0.00000000743
-0.00000001349
-0.00000001662
-0.00000000348
-0.00000001122
-0.00000001401
-0.00000001533
-0.00000000088
-0.00000000895
-0.00000001045
-0.00000001042
-0.00000001376
-0.00000000563
-0.00000000801
-0.00000001130
-0.00000001847
-0.00000000596
-0.00000000867
-0.00000001559
-0.00000001833
-0.00000000529
-0.00000000612
-0.00000001304
-0.00000001547
-0.00000001837
-0.00000000439
-0.00000001289
-0.00000001557
-0.00000001858
-0.00000000389
-0.00000001196
-0.00000001501
-0.00000001660
-0.00000002468
-0.00000001138
-0.00000001432
-0.00000001649
-0.00000002293
-0.00000001078
-0.00000001384
-0.00000001564
-0.00000001879
-0.00000002489
-0.00000002784
-0.00000001491
-0.00000001881
-0.00000002163
-0.00000002401
-0.00000002685
-0.00000003118
-0.00000001719
-0.00000002092
-0.00000002337
-0.00000002749
-0.00000003102
-0.00000003306
-0.00000003796
-0.00000002614
-0.00000002894
-0.00000003287
-0.00000003497
-0.00000003296
-0.00000003573
-0.00000002317
-0.00000002584
-0.00000002862
-0.00000003162
-0.00000003545
-0.00000003399
-0.00000003755
-0.00000002470
-0.00000002699
-0.00000003078
-0.00000002793
-0.00000003103
-0.00000001751
-0.00000002054
-0.00000002319
-0.00000002527
-0.00000002794
-0.00000001502
-0.00000001822
-0.00000002121
-0.00000002406
-0.00000002597
-0.00000000874
-0.00000001565
-0.00000001851
-0.00000002009
-0.00000002273
-0.00000002577
-0.00000000703
-0.00000001367
-0.00000001785
-0.00000001956
-0.00000002111
-0.00000002402
-0.00000001291
-0.00000001400
-0.00000001709
-0.00000001937
-0.00000002093
-0.00000002215
-0.00000002435
-0.00000002787
-0.00000001357
-0.00000001616
-0.00000001874
-0.00000002072
-0.00000002388
-0.00000002668
-0.00000002289
-0.00000002560
-0.00000001214
-0.00000001525
-0.00000001826
-0.00000002049
-0.00000002232
-0.00000002627
-0.00000001345
-0.00000001484
-0.00000001790
-0.00000001991
-0.00000002272
-0.00000002453
-0.00000002279
-0.00000000806
-0.00000001149
-0.00000001861
-0.00000001757
-0.00000002007
-0.00000000720
-0.00000000799
-0.00000001147
-0.00000001249
-0.00000001619
-0.00000000253
-0.00000000958
-0.00000001220
-0.00000001513
-0.00000001708
-0.00000000346
-0.00000000571
-0.00000000869
-0.00000001092
-0.00000001211
-0.00000000009
-0.00000000616
-0.00000000953
-0.00000001055
-0.00000001376
0.00000000056
-0.00000000115
-0.00000000738
-0.00000000935
-0.00000000995
-0.00000001239
0.00000000007
-0.00000000769
-0.00000001056
-0.00000001207
-0.00000001485
-0.00000000001
-0.00000000183
-0.00000000869
-0.00000001102
-0.00000001222
-0.00000001403
-0.00000000095
-0.00000000832
-0.00000001067
-0.00000001274
-0.00000001426
-0.00000000008
-0.00000000704
-0.00000000812
-0.00000000943
-0.00000001268
0.00000000113
-0.00000000639
-0.00000000759
-0.00000000754
-0.00000001389
0.00000000092
0.00000000015
-0.00000000215
-0.00000000732
-0.00000000968
0.00000000542
-0.00000000249
-0.00000000403
-0.00000001277
-0.00000001388
0.00000000072
-0.00000000730
-0.00000001052
-0.00000001085
0.00000000110
-0.00000000508
-0.00000000886
-0.00000001478
-0.00000001809
-0.00000000577
-0.00000000739
-0.00000001426
-0.00000001662
-0.00000001809
-0.00000000323
-0.00000001158
-0.00000001384
-0.00000001506
-0.00000001807
-0.00000000990
-0.00000001110
-0.00000001378
-0.00000001527
-0.00000002378
-0.00000001030
-0.00000001272
-0.00000001446
-0.00000002012
-0.00000002138
-0.00000002322
-0.00000001017
-0.00000001203
-0.00000001440
-0.00000002149
-0.00000002544
-0.00000001267
-0.00000001351
-0.00000001708
-0.00000001858
-0.00000002515
-0.00000001260
-0.00000001622
-0.00000001745
-0.00000002013
-0.00000000819
-0.00000001597
-0.00000001973
-0.00000002322
-0.00000002649
-0.00000001330
-0.00000001585
-0.00000001863
-0.00000002599
-0.00000002470
-0.00000001630
-0.00000002008
-0.00000002250
-0.00000002371
-0.00000002756
-0.00000002961
-0.00000001604
-0.00000001944
-0.00000002141
-0.00000002624
-0.00000002811
-0.00000001561
-0.00000001840
-0.00000002125
-0.00000002470
-0.00000002592
-0.00000002826
-0.00000001650
-0.00000001835
-0.00000002069
-0.00000002444
-0.00000002605
-0.00000001425
-0.00000001854
-0.00000002601
-0.00000002322
-0.00000002618
-0.00000002931
-0.00000001565
-0.00000001955
-0.00000002172
-0.00000002676
-0.00000002863
-0.00000001719
-0.00000001983
-0.00000002299
-0.00000002619
-0.00000002827
-0.00000001537
-0.00000001871
-0.00000001999
-0.00000002393
-0.00000002721
-0.00000001352
-0.00000001769
-0.00000001987
-0.00000002209
-0.00000002336
-0.00000002572
-0.00000001237
-0.00000001388
-0.00000001619
-0.00000001844
-0.00000002101
-0.00000000815
-0.00000000909
-0.00000001250
-0.00000001530
-0.00000001836
-0.00000002083
-0.00000000725
-0.00000000989
-0.00000001761
-0.00000001958
-0.00000001796
-0.00000000510
-0.00000001249
-0.00000001367
-0.00000001730
-0.00000001860
-0.00000000746
-0.00000000897
-0.00000001140
-0.00000001776
-0.00000002209
-0.00000002032
-0.00000000725
-0.00000000886
-0.00000001614
-0.00000001889
-0.00000002221
-0.00000002572
-0.00000001215
-0.00000001575
-0.00000001895
-0.00000002383
-0.00000002712
-0.00000001439
-0.00000001638
-0.00000001999
-0.00000002221
-0.00000002478
-0.00000000729
-0.00000001483
-0.00000001878
-0.00000002135
-0.00000002550
-0.00000001151
-0.00000000970
-0.00000001645
-0.00000002111
-0.00000002448
-0.00000001175
-0.00000000900
-0.00000001813
-0.00000002298
-0.00000002644
-0.00000000714
-0.00000000998
-0.00000001212
-0.00000002014
-0.00000002364
-0.00000001087
-0.00000001367
-0.00000001616
-0.00000001858
-0.00000002103
-0.00000002329
-0.00000000934
-0.00000001306
-0.00000001415
-0.00000001866
-0.00000002169
-0.00000000905
-0.00000001141
-0.00000001530
-0.00000001726
-0.00000001926
-0.00000002248
-0.00000000722
-0.00000001067
-0.00000001145
-0.00000001419
-0.00000001660
-0.00000000318
-0.00000001084
-0.00000001163
-0.00000001440
-0.00000001821
-0.00000000402
-0.00000000694
-0.00000000858
-0.00000001554
-0.00000001232
-0.00000000389
-0.00000000703
-0.00000000810
-0.00000001045
-0.00000001411
-0.00000000052
-0.00000000714
-0.00000000907
-0.00000001304
0.00000000078
-0.00000000234
-0.00000001023
-0.00000001321
-0.00000001679
-0.00000000261
-0.00000000573
-0.00000001369
-0.00000001741
-0.00000000307
-0.00000000716
-0.00000000878
-0.00000001732
-0.00000001918
-0.00000000520
-0.00000000824
-0.00000001057
-0.00000001281
-0.00000001998
-0.00000000697
-0.00000000940
-0.00000001229
-0.00000001508
-0.00000001745
-0.00000000482
-0.00000000799
-0.00000001464
-0.00000001683
-0.00000002037
-0.00000000678
-0.00000000851
-0.00000000946
-0.00000001764
-0.00000001933
-0.00000000678
-0.00000000940
-0.00000001302
-0.00000001535
-0.00000002275
-0.00000001005
-0.00000001333
-0.00000001670
-0.00000001931
-0.00000002214
-0.00000001029
-0.00000001357
-0.00000001532
-0.00000002283
-0.00000002659
-0.00000001369
-0.00000001588
-0.00000001779
-0.00000002295
-0.00000002352
-0.00000002751
-0.00000001405
-0.00000001710
-0.00000001978
-0.00000002183
-0.00000002336
-0.00000001000
-0.00000001225
-0.00000001481
-0.00000001804
-0.00000002330
-0.00000002783
-0.00000000816
-0.00000001512
-0.00000001685
-0.00000001839
-0.00000002187
-0.00000000844
-0.00000001020
-0.00000001393
-0.00000001759
-0.00000002492
-0.00000000805
-0.00000001512
-0.00000001874
-0.00000002161
-0.00000002336
-0.00000001228
-0.00000001421
-0.00000001738
-0.00000002013
-0.00000002117
-0.00000002516
-0.00000001226
-0.00000001447
-0.00000001753
-0.00000002159
-0.00000000904
-0.00000001144
-0.00000001971
-0.00000002125
-0.00000002542
-0.00000001263
-0.00000001398
-0.00000001726
-0.00000001936
-0.00000002273
-0.00000000834
-0.00000001120
-0.00000001526
-0.00000001791
-0.00000002588
-0.00000000835
-0.00000001575
-0.00000001900
-0.00000002247
-0.00000000824
-0.00000001225
-0.00000001536
-0.00000001837
-0.00000001998
-0.00000000865
-0.00000001224
-0.00000001990
-0.00000002442
-0.00000002689
-0.00000002539
-0.00000001337
-0.00000001673
-0.00000002024
-0.00000002276
-0.00000002601
-0.00000001280
-0.00000001617
-0.00000001865
-0.00000002235
-0.00000002462
-0.00000001008
-0.00000001424
-0.00000001497
-0.00000001922
-0.00000000581
-0.00000000824
-0.00000001505
-0.00000001823
-0.00000002020
-0.00000000770
-0.00000001110
-0.00000001430
-0.00000001741
-0.00000000399
-0.00000000748
-0.00000001584
-0.00000001734
-0.00000002024
-0.00000000761
-0.00000001047
-0.00000001263
-0.00000001533
-0.00000000290
-0.00000000926
-0.00000001163
-0.00000001483
-0.00000001636
-0.00000000331
-0.00000000670
-0.00000001471
-0.00000001699
-0.00000002044
-0.00000000732
-0.00000001059
-0.00000001172
-0.00000001420
-0.00000001831
-0.00000001063
-0.00000001110
-0.00000001476
-0.00000001818
-0.00000002014
-0.00000002265
-0.00000001126
-0.00000001303
-0.00000001728
-0.00000002078
-0.00000002424
-0.00000002731
-0.00000001401
-0.00000001517
-0.00000001836
-0.00000002233
-0.00000002475
-0.00000002687
-0.00000001431
-0.00000001829
-0.00000002137
-0.00000002468
-0.00000002654
-0.00000001384
-0.00000001669
-0.00000001780
-0.00000002102
-0.00000002318
-0.00000002591
-0.00000001293
-0.00000001528
-0.00000001693
-0.00000002001
-0.00000002225
-0.00000000999
-0.00000001143
-0.00000001481
-0.00000001609
-0.00000001938
-0.00000002176
-0.00000000864
-0.00000001115
-0.00000001366
-0.00000001515
-0.00000001778
-0.00000002089
-0.00000000778
-0.00000001568
-0.00000001242
-0.00000001530
-0.00000001868
-0.00000000564
-0.00000001216
-0.00000001497
-0.00000001725
-0.00000001947
-0.00000002324
-0.00000000835
-0.00000001234
-0.00000001447
-0.00000001733
-0.00000002068
-0.00000000800
-0.00000000974
-0.00000001419
-0.00000001682
-0.00000000413
-0.00000000685
-0.00000001460
-0.00000001828
-0.00000002215
-0.00000000893
-0.00000001237
-0.00000001595
-0.00000001845
-0.00000002066
-0.00000000857
-0.00000001133
-0.00000001326
-0.00000001722
-0.00000002096
-0.00000000805
-0.00000000949
-0.00000001357
-0.00000001626
-0.00000000267
-0.00000001178
-0.00000001478
-0.00000001625
-0.00000000542
-0.00000000779
-0.00000001027
-0.00000001340
-0.00000001603
-0.00000000362
-0.00000000744
-0.00000001527
-0.00000001928
-0.00000000592
-0.00000000841
-0.00000001193
-0.00000001394
-0.00000001760
-0.00000000515
-0.00000001343
-0.00000001636
-0.00000001351
-0.00000002255
-0.00000000921
-0.00000001218
-0.00000001591
-0.00000001775
-0.00000002210
-0.00000000748
-0.00000001181
-0.00000001457
-0.00000001756
-0.00000002001
-0.00000000718
-0.00000000864
-0.00000001043
-0.00000001323
-0.00000001469
-0.00000001815
-0.00000000470
-0.00000001255
-0.00000001645
-0.00000001666
-0.00000002059
-0.00000000743
-0.00000000823
-0.00000001080
-0.00000001234
-0.00000001334
-0.00000000082
-0.00000000913
-0.00000001170
-0.00000001355
-0.00000000058
-0.00000000302
-0.00000001160
-0.00000001415
-0.00000001582
-0.00000001760
-0.00000000642
-0.00000000912
-0.00000001237
-0.00000001633
-0.00000000461
-0.00000001315
-0.00000001673
-0.00000002024
-0.00000002303
-0.00000001019
-0.00000001523
-0.00000001775
-0.00000002085
-0.00000000954
-0.00000001295
-0.00000001601
-0.00000001817
-0.00000002044
-0.00000000820
-0.00000001077
-0.00000001345
-0.00000001680
-0.00000002000
-0.00000000781
-0.00000001198
-0.00000001423
-0.00000001667
-0.00000001908
-0.00000000606
-0.00000001444
-0.00000001792
-0.00000001984
-0.00000002343
-0.00000001169
-0.00000001411
-0.00000001775
-0.00000002042
-0.00000000706
-0.00000001082
-0.00000001203
-0.00000001546
-0.00000000126
-0.00000000917
-0.00000001325
-0.00000001525
-0.00000000253
-0.00000000382
-0.00000000699
-0.00000001344
-0.00000001594
-0.00000000331
-0.00000000766
-0.00000000928
-0.00000001934
-0.00000002370
-0.00000000567
-0.00000001583
-0.00000001983
-0.00000002332
-0.00000000958
-0.00000001304
-0.00000001448
-0.00000001896
-0.00000002309
-0.00000001282
-0.00000001571
-0.00000001950
-0.00000002162
-0.00000000838
-0.00000001298
-0.00000002084
-0.00000001810
-0.00000002052
-0.00000002504
-0.00000001281
-0.00000001606
-0.00000001975
-0.00000002370
-0.00000002600
-0.00000001471
-0.00000001723
-0.00000002086
-0.00000002374
-0.00000002662
-0.00000001326
-0.00000001623
-0.00000002008
-0.00000002284
-0.00000002532
-0.00000001333
-0.00000001504
-0.00000001893
-0.00000002260
-0.00000002550
-0.00000000803
-0.00000001685
-0.00000002154
-0.00000002351
-0.00000002603
-0.00000000774
-0.00000001594
-0.00000001328
-0.00000002254
-0.00000002535
-0.00000000814
-0.00000001282
-0.00000001544
-0.00000001873
-0.00000000421
-0.00000001261
-0.00000001577
-0.00000001796
-0.00000000615
-0.00000000851
-0.00000001189
-0.00000001519
-0.00000000194
-0.00000000494
-0.00000001220
-0.00000001489
-0.00000001886
-0.00000000619
-0.00000000776
-0.00000001086
-0.00000001418
-0.00000000261
-0.00000000632
-0.00000001514
-0.00000001724
-0.00000000450
-0.00000000572
-0.00000000898
-0.00000001312
-0.00000001562
-0.00000000349
-0.00000001124
-0.00000001550
-0.00000000290
-0.00000000725
-0.00000000958
-0.00000001211
-0.00000002030
-0.00000000261
-0.00000001006
-0.00000001348
-0.00000001574
-0.00000000348
-0.00000000774
-0.00000000979
-0.00000001693
-0.00000000499
-0.00000000755
-0.00000001119
-0.00000001559
-0.00000000305
-0.00000001186
-0.00000001582
-0.00000001970
-0.00000000676
-0.00000001037
-0.00000001456
-0.00000001780
-0.00000002068
-0.00000000790
-0.00000001630
-0.00000001940
-0.00000002474
-0.00000002882
-0.00000001253
-0.00000002091
-0.00000001952
-0.00000002325
-0.00000000985
-0.00000001870
-0.00000002390
-0.00000002695
-0.00000000940
-0.00000001772
-0.00000002143
-0.00000002431
-0.00000000607
-0.00000001342
-0.00000001711
-0.00000001949
-0.00000002409
-0.00000001080
-0.00000001444
-0.00000001792
-0.00000000674
-0.00000000862
-0.00000001574
-0.00000002004
-0.00000002133
-0.00000000346
-0.00000001181
-0.00000001500
-0.00000001739
-0.00000002202
-0.00000000939
-0.00000001346
-0.00000001696
-0.00000001879
-0.00000000673
-0.00000000887
-0.00000001732
-0.00000002019
-0.00000000804
-0.00000001037
-0.00000001376
-0.00000001727
-0.00000000448
-0.00000000683
-0.00000001398
-0.00000001744
-0.00000001944
-0.00000000662
-0.00000000912
-0.00000001389
-0.00000000123
-0.00000000818
-0.00000001152
-0.00000001356
-0.00000001452
-0.00000000106
-0.00000000822
-0.00000001037
-0.00000001227
-0.00000001525
-0.00000000168
-0.00000000343
-0.00000001109
-0.00000001549
-0.00000001805
-0.00000000595
-0.00000000820
-0.00000001633
-0.00000001993
-0.00000002329
-0.00000000942
-0.00000001281
-0.00000001690
-0.00000001969
-0.00000002148
-0.00000000937
-0.00000001200
-0.00000002107
-0.00000002458
-0.00000001283
-0.00000001669
-0.00000001875
-0.00000002167
-0.00000000802
-0.00000001138
-0.00000001530
-0.00000001776
-0.00000002650
-0.00000000820
-0.00000001756
-0.00000002136
-0.00000002359
-0.00000001252
-0.00000001500
-0.00000001831
-0.00000000567
-0.00000001036
-0.00000001363
-0.00000000116
-0.00000000850
-0.00000001238
-0.00000001515
-0.00000000294
-0.00000001060
-0.00000001350
-0.00000001752
-0.00000001889
-0.00000000638
-0.00000000997
-0.00000001881
-0.00000002232
-0.00000001028
-0.00000001469
-0.00000001728
-0.00000002093
-0.00000000769
-0.00000001143
-0.00000001767
-0.00000002091
-0.00000002336
-0.00000002591
-0.00000001337
-0.00000001676
-0.00000001956
-0.00000002145
-0.00000002426
-0.00000001143
-0.00000001515
-0.00000001815
-0.00000002115
-0.00000002273
-0.00000001002
-0.00000001352
-0.00000001607
-0.00000001815
-0.00000002117
-0.00000002348
-0.00000001143
-0.00000002058
-0.00000002327
-0.00000002711
-0.00000000849
-0.00000001739
-0.00000002029
-0.00000002391
-0.00000002579
-0.00000003005
-0.00000001265
-0.00000001527
-0.00000001845
-0.00000002133
-0.00000002383
-0.00000001022
-0.00000001417
-0.00000001959
-0.00000002313
-0.00000000600
-0.00000001358
-0.00000001668
-0.00000001976
-0.00000002405
-0.00000001090
-0.00000001483
-0.00000001766
-0.00000002005
-0.00000000581
-0.00000000833
-0.00000001933
-0.00000002311
-0.00000000488
-0.00000001474
-0.00000001763
-0.00000002019
-0.00000000805
-0.00000001208
-0.00000001478
-0.00000001780
-0.00000002147
-0.00000000859
-0.00000001155
-0.00000002053
-0.00000001930
-0.00000000681
-0.00000001647
-0.00000001910
-0.00000002317
-0.00000002742
-0.00000001431
-0.00000001765
-0.00000002067
-0.00000002431
-0.00000001181
-0.00000001499
-0.00000001823
-0.00000000608
-0.00000000908
-0.00000001229
-0.00000001540
-0.00000001904
-0.00000000583
-0.00000001502
-0.00000001371
-0.00000000184
-0.00000001039
-0.00000001279
-0.00000001600
-0.00000000324
-0.00000000581
-0.00000001430
-0.00000001689
-0.00000000320
-0.00000000775
-0.00000000898
-0.00000001315
-0.00000000477
-0.00000000761
-0.00000001082
-0.00000001202
-0.00000001497
-0.00000001721
-0.00000000358
-0.00000001282
-0.00000001524
-0.00000001756
-0.00000002047
-0.00000000732
-0.00000000967
-0.00000001252
-0.00000001913
-0.00000002290
-0.00000002451
-0.00000001158
-0.00000001293
-0.00000001642
-0.00000001794
-0.00000002006
-0.00000000751
-0.00000000951
-0.00000001234
-0.00000001863
-0.00000002056
-0.00000002441
-0.00000001233
-0.00000001466
-0.00000001722
-0.00000001993
-0.00000002241
-0.00000000992
-0.00000001264
-0.00000001631
-0.00000001890
-0.00000002226
-0.00000000945
-0.00000001381
-0.00000002088
-0.00000002345
-0.00000002721
-0.00000000888
-0.00000001755
-0.00000001932
-0.00000002310
-0.00000002267
-0.00000000887
-0.00000001695
-0.00000002038
-0.00000002264
-0.00000002541
-0.00000002728
-0.00000000845
-0.00000001762
-0.00000001977
-0.00000002307
-0.00000002081
-0.00000000796
-0.00000001592
-0.00000001808
-0.00000002266
-0.00000002541
-0.00000001259
-0.00000001512
-0.00000001773
-0.00000002089
-0.00000002254
-0.00000001224
-0.00000001374
-0.00000001664
-0.00000001949
-0.00000000625
-0.00000000889
-0.00000001252
-0.00000001583
-0.00000000269
-0.00000001181
-0.00000001533
-0.00000001689
-0.00000000318
-0.00000000731
-0.00000001139
-0.00000001540
-0.00000000247
-0.00000001170
-0.00000001527
-0.00000001879
-0.00000002202
-0.00000001066
-0.00000001379
-0.00000001745
-0.00000001986
-0.00000000887
-0.00000001132
-0.00000001528
-0.00000001736
-0.00000000407
-0.00000001301
-0.00000001579
-0.00000001850
-0.00000000625
-0.00000000909
-0.00000001145
-0.00000001569
-0.00000001766
-0.00000000291
-0.00000001199
-0.00000001600
-0.00000001861
-0.00000000353
-0.00000000802
-0.00000001142
-0.00000001279
-0.00000002129
-0.00000000281
-0.00000001292
-0.00000001538
-0.00000001912
-0.00000000685
-0.00000000963
-0.00000001400
-0.00000001521
-0.00000000221
-0.00000001106
-0.00000001485
-0.00000001816
-0.00000000521
-0.00000000739
-0.00000000998
-0.00000001831
-0.00000002098
-0.00000000375
-0.00000001390
-0.00000001750
-0.00000001957
-0.00000000764
-0.00000001022
-0.00000001431
-0.00000002172
-0.00000000822
-0.00000000919
-0.00000001275
0.00000000114
-0.00000000277
-0.00000000988
-0.00000001438
-0.00000000143
-0.00000000358
-0.00000001234
-0.00000001593
-0.00000000259
-0.00000000573
-0.00000001413
-0.00000001671
-0.00000000546
-0.00000000796
-0.00000001040
-0.00000001914
-0.00000000799
-0.00000001038
-0.00000001336
-0.00000001790
-0.00000001078
-0.00000001387
-0.00000001660
-0.00000000437
-0.00000000784
-0.00000001549
-0.00000001742
-0.00000000666
-0.00000000989
-0.00000001263
-0.00000002256
-0.00000002458
-0.00000001213
-0.00000001669
-0.00000001884
-0.00000002222
-0.00000002561
-0.00000001259
-0.00000001508
-0.00000001826
-0.00000001966
-0.00000000870
-0.00000001179
-0.00000001840
-0.00000002212
-0.00000002573
-0.00000001376
-0.00000001653
-0.00000001927
-0.00000002155
-0.00000000829
-0.00000001113
-0.00000002002
-0.00000002202
-0.00000000896
-0.00000001307
-0.00000001574
-0.00000001817
-0.00000000409
-0.00000001199
-0.00000001344
-0.00000001789
-0.00000001944
-0.00000000677
-0.00000001089
-0.00000001757
-0.00000002126
-0.00000000857
-0.00000001107
-0.00000001437
-0.00000001670
-0.00000002644
-0.00000001364
-0.00000001582
-0.00000001938
-0.00000002146
-0.00000002546
-0.00000001081
-0.00000001280
-0.00000001609
-0.00000001801
-0.00000002181
-0.00000001335
-0.00000001426
-0.00000001836
-0.00000002129
-0.00000000765
-0.00000001128
-0.00000001488
-0.00000002355
-0.00000002150
-0.00000000841
-0.00000001670
-0.00000002061
-0.00000002500
-0.00000002860
-0.00000001625
-0.00000001951
-0.00000002357
-0.00000002755
-0.00000003038
-0.00000001284
-0.00000002186
-0.00000002295
-0.00000002773
-0.00000003009
-0.00000001251
-0.00000002158
-0.00000002286
-0.00000002616
-0.00000002389
-0.00000001170
-0.00000001991
-0.00000002264
-0.00000002141
-0.00000000819
-0.00000001620
-0.00000001758
-0.00000002125
-0.00000002430
-0.00000002734
-0.00000000880
-0.00000001742
-0.00000002109
-0.00000002468
-0.00000001193
-0.00000001455
-0.00000001702
-0.00000001954
-0.00000002232
-0.00000000893
-0.00000001218
-0.00000001315
-0.00000001609
-0.00000001793
-0.00000000454
-0.00000001207
-0.00000001557
-0.00000001779
-0.00000002221
-0.00000000898
-0.00000001344
-0.00000001749
-0.00000002050
-0.00000000859
-0.00000000973
-0.00000001447
-0.00000001765
-0.00000001976
-0.00000000777
-0.00000001538
-0.00000001871
-0.00000002162
-0.00000000331
-0.00000001190
-0.00000001497
-0.00000001826
-0.00000002038
-0.00000000751
-0.00000001100
-0.00000001438
-0.00000001802
-0.00000000577
-0.00000001321
-0.00000001614
-0.00000001865
-0.00000000558
-0.00000000820
-0.00000001200
-0.00000001416
-0.00000001658
-0.00000000328
-0.00000001023
-0.00000001454
-0.00000001758
-0.00000000486
-0.00000000828
-0.00000001129
-0.00000001924
-0.00000000621
-0.00000000685
-0.00000001127
-0.00000001341
-0.00000001688
-0.00000000423
-0.00000001182
-0.00000001501
-0.00000001815
-0.00000000486
-0.00000000674
-0.00000001303
-0.00000001592
-0.00000001832
-0.00000000728
-0.00000000911
-0.00000001375
-0.00000002150
-0.00000000919
-0.00000001189
-0.00000001427
-0.00000001661
-0.00000001828
-0.00000000695
-0.00000001573
-0.00000002009
-0.00000002335
-0.00000001094
-0.00000001363
-0.00000001601
-0.00000001884
-0.00000002147
-0.00000001036
-0.00000001254
-0.00000002146
-0.00000002360
-0.00000002679
-0.00000000834
-0.00000001619
-0.00000001848
-0.00000002141
-0.00000000811
-0.00000001207
-0.00000001323
-0.00000001616
-0.00000000364
-0.00000001215
-0.00000001358
-0.00000001608
-0.00000001902
-0.00000000617
-0.00000000834
-0.00000001551
-0.00000001865
-0.00000000634
-0.00000000992
-0.00000001340
-0.00000002053
-0.00000000810
-0.00000000979
-0.00000001342
-0.00000001645
-0.00000001829
-0.00000002051
-0.00000000762
-0.00000001549
-0.00000001824
-0.00000002104
-0.00000002290
-0.00000001087
-0.00000001404
-0.00000001649
-0.00000001873
-0.00000001986
-0.00000000700
-0.00000001432
-0.00000001620
-0.00000001891
-0.00000002094
-0.00000000775
-0.00000001046
-0.00000001250
-0.00000001968
-0.00000002243
-0.00000000839
-0.00000001120
-0.00000001355
-0.00000001803
-0.00000001920
-0.00000001091
-0.00000001322
-0.00000001536
-0.00000001777
-0.00000002034
-0.00000000691
-0.00000000877
-0.00000001720
-0.00000002030
-0.00000002246
-0.00000001061
-0.00000001309
-0.00000001558
-0.00000001788
-0.00000002276
-0.00000001101
-0.00000001309
-0.00000001996
-0.00000002397
-0.00000002673
-0.00000001332
-0.00000001606
-0.00000001898
-0.00000002016
-0.00000002337
-0.00000001099
-0.00000001392
-0.00000001656
-0.00000001956
-0.00000002142
-0.00000001267
-0.00000001711
-0.00000002070
-0.00000002450
-0.00000001263
-0.00000001503
-0.00000001931
-0.00000002266
-0.00000002451
-0.00000001110
-0.00000001547
-0.00000001787
-0.00000002013
-0.00000002303
-0.00000001136
-0.00000001370
-0.00000001735
-0.00000002392
-0.00000001175
-0.00000001534
-0.00000001785
-0.00000000449
-0.00000000759
-0.00000001050
-0.00000001777
-0.00000002078
-0.00000000778
-0.00000000955
-0.00000001296
-0.00000001498
-0.00000000116
-0.00000000970
-0.00000001277
-0.00000001423
-0.00000000130
-0.00000000341
-0.00000001236
-0.00000001318
-0.00000001767
-0.00000000409
-0.00000001071
-0.00000001399
-0.00000001528
-0.00000000211
-0.00000000890
-0.00000001123
-0.00000001380
-0.00000000277
-0.00000000894
-0.00000001296
-0.00000001617
-0.00000000258
-0.00000001139
-0.00000001413
-0.00000001704
-0.00000001934
-0.00000000856
-0.00000001711
-0.00000001873
-0.00000002228
-0.00000000879
-0.00000001231
-0.00000001457
-0.00000002149
-0.00000000767
-0.00000001012
-0.00000001092
-0.00000002067
-0.00000000786
-0.00000001030
-0.00000001280
-0.00000001575
-0.00000000804
-0.00000001008
-0.00000001132
-0.00000001398
-0.00000000610
-0.00000000879
-0.00000001206
-0.00000001970
-0.00000000798
-0.00000000915
-0.00000001235
-0.00000002087
-0.00000000778
-0.00000000981
-0.00000001391
-0.00000001632
-0.00000002460
-0.00000001054
-0.00000001330
-0.00000001560
-0.00000000280
-0.00000001004
-0.00000001320
-0.00000001757
-0.00000002087
-0.00000001230
-0.00000001653
-0.00000002051
-0.00000000830
-0.00000001327
-0.00000002100
-0.00000002436
-0.00000001081
-0.00000001470
-0.00000001804
-0.00000002205
-0.00000001430
-0.00000001759
-0.00000002056
-0.00000002460
-0.00000001309
-0.00000001614
-0.00000002522
-0.00000002325
-0.00000001500
-0.00000001936
-0.00000002217
-0.00000000962
-0.00000001328
-0.00000001541
-0.00000001988
-0.00000001174
-0.00000001356
-0.00000001732
-0.00000002062
-0.00000000747
-0.00000001475
-0.00000001865
-0.00000002106
-0.00000000823
-0.00000001121
-0.00000001406
-0.00000002324
-0.00000000992
-0.00000001338
-0.00000001741
-0.00000001872
-0.00000002196
-0.00000001434
-0.00000001829
-0.00000002081
-0.00000002294
-0.00000001086
-0.00000001486
-0.00000001866
-0.00000002688
-0.00000000845
-0.00000001724
-0.00000002234
-0.00000002422
-0.00000001314
-0.00000001478
-0.00000001765
-0.00000001953
-0.00000002294
-0.00000001500
-0.00000001742
-0.00000001971
-0.00000002188
-0.00000000887
-0.00000001280
-0.00000001667
-0.00000001932
-0.00000002246
-0.00000001417
-0.00000001908
-0.00000002145
-0.00000002641
-0.00000001448
-0.00000001636
-0.00000001885
-0.00000002146
-0.00000000825
-0.00000000952
-0.00000001734
-0.00000001988
-0.00000002347
-0.00000001207
-0.00000001356
-0.00000001665
-0.00000000390
-0.00000001201
-0.00000001569
-0.00000001782
-0.00000002049
-0.00000000825
-0.00000001605
-0.00000002040
-0.00000002358
-0.00000001044
-0.00000001322
-0.00000001605
-0.00000002005
-0.00000002157
-0.00000000952
-0.00000001754
-0.00000002175
-0.00000002513
-0.00000001368
-0.00000001798
-0.00000002113
-0.00000002400
-0.00000002824
-0.00000001707
-0.00000002070
-0.00000002702
-0.00000003110
-0.00000001918
-0.00000002274
-0.00000002779
-0.00000002951
-0.00000001288
-0.00000002098
-0.00000002523
-0.00000002814
-0.00000001007
-0.00000001819
-0.00000002198
-0.00000002393
-0.00000001193
-0.00000001465
-0.00000001736
-0.00000002139
-0.00000002292
-0.00000001221
-0.00000001415
-0.00000001737
-0.00000002006
-0.00000000952
-0.00000001325
-0.00000002225
-0.00000002491
-0.00000000787
-0.00000001776
-0.00000002000
-0.00000002289
-0.00000000651
-0.00000001566
-0.00000002094
-0.00000002479
-0.00000001207
-0.00000001661
-0.00000001883
-0.00000002204
-0.00000002409
-0.00000001059
-0.00000001413
-0.00000001612
-0.00000001945
-0.00000000638
-0.00000000923
-0.00000001584
-0.00000001766
-0.00000002058
-0.00000000332
-0.00000001118
-0.00000001469
-0.00000000306
-0.00000000510
-0.00000000845
-0.00000001670
-0.00000001874
-0.00000000583
-0.00000000962
-0.00000001182
-0.00000001514
-0.00000000185
-0.00000001049
-0.00000001309
-0.00000001633
-0.00000001920
-0.00000000699
-0.00000001003
-0.00000001950
-0.00000002185
-0.00000000837
-0.00000001249
-0.00000001572
-0.00000001948
-0.00000000703
-0.00000000943
-0.00000001838
-0.00000002206
-0.00000002485
-0.00000001321
-0.00000001605
-0.00000001861
-0.00000002246
-0.00000000890
-0.00000001203
-0.00000001437
-0.00000001712
-0.00000002010
-0.00000000906
-0.00000001119
-0.00000001875
-0.00000002205
-0.00000002425
-0.00000001003
-0.00000001709
-0.00000002175
-0.00000000857
-0.00000001205
-0.00000001392
-0.00000001687
-0.00000000525
-0.00000001255
-0.00000001593
-0.00000001908
-0.00000000582
-0.00000000795
-0.00000001242
-0.00000001977
-0.00000000677
-0.00000000911
-0.00000001324
-0.00000001733
-0.00000000306
-0.00000001080
-0.00000001572
-0.00000001888
-0.00000000633
-0.00000000913
-0.00000001286
-0.00000002108
-0.00000000781
-0.00000000955
-0.00000001332
-0.00000001610
-0.00000000279
-0.00000001159
-0.00000001503
-0.00000000234
-0.00000000339
-0.00000001270
-0.00000001583
-0.00000000267
-0.00000000637
-0.00000001526
-0.00000001857
-0.00000000559
-0.00000000849
-0.00000001658
-0.00000001853
-0.00000000784
-0.00000001197
-0.00000001460
-0.00000002364
-0.00000001097
-0.00000001514
-0.00000001883
-0.00000002249
-0.00000001148
-0.00000001476
-0.00000001904
-0.00000002181
-0.00000001555
-0.00000001783
-0.00000002094
-0.00000002397
-0.00000001197
-0.00000001561
-0.00000001834
-0.00000002116
-0.00000000822
-0.00000001252
-0.00000002125
-0.00000002404
-0.00000001154
-0.00000001564
-0.00000002033
-0.00000002309
-0.00000001069
-0.00000001506
-0.00000001788
-0.00000002275
-0.00000001017
-0.00000001293
-0.00000002172
-0.00000002493
-0.00000001239
-0.00000001485
-0.00000001859
-0.00000002218
-0.00000000807
-0.00000001266
-0.00000001479
-0.00000002398
-0.00000001244
-0.00000001626
-0.00000002109
-0.00000000884
-0.00000001313
-0.00000001636
-0.00000002051
-0.00000000822
-0.00000001195
-0.00000002096
-0.00000002476
-0.00000001335
-0.00000001713
-0.00000002077
-0.00000002523
-0.00000001262
-0.00000001618
-0.00000002069
-0.00000002373
-0.00000001039
-0.00000001471
-0.00000001746
-0.00000002208
-0.00000002566
-0.00000001422
-0.00000001863
-0.00000002317
-0.00000002637
-0.00000003055
-0.00000001872
-0.00000002360
-0.00000002715
-0.00000003170
-0.00000001900
-0.00000002159
-0.00000002671
-0.00000002987
-0.00000002831
-0.00000001528
-0.00000001814
-0.00000002022
-0.00000002300
-0.00000000982
-0.00000001401
-0.00000001727
-0.00000002055
-0.00000000772
-0.00000001165
-0.00000001534
-0.00000001862
-0.00000002220
-0.00000001002
-0.00000001310
-0.00000001661
-0.00000001940
-0.00000000727
-0.00000001579
-0.00000001324
-0.00000001656
-0.00000000447
-0.00000001318
-0.00000001607
-0.00000001974
-0.00000000673
-0.00000000919
-0.00000001361
0.00000000019
-0.00000000825
-0.00000001216
-0.00000001489
-0.00000001689
-0.00000000337
-0.00000000746
-0.00000001059
0.00000000332
-0.00000000660
-0.00000000994
-0.00000001336
-0.00000000080
-0.00000000300
-0.00000001267
-0.00000001743
-0.00000000475
-0.00000001006
-0.00000001359
-0.00000000165
-0.00000000877
-0.00000001455
-0.00000001767
-0.00000000574
-0.00000001033
-0.00000001459
-0.00000001850
-0.00000000512
-0.00000001295
-0.00000001747
-0.00000002064
-0.00000000797
-0.00000001081
-0.00000001340
-0.00000000050
-0.00000000887
-0.00000001194
0.00000000133
-0.00000000262
-0.00000001059
-0.00000001381
-0.00000000004
-0.00000000934
-0.00000001234
-0.00000001686
-0.00000000319
-0.00000000753
-0.00000001536
-0.00000001831
-0.00000000670
-0.00000000899
-0.00000001301
-0.00000002230
-0.00000001009
-0.00000001293
-0.00000001793
-0.00000002130
-0.00000000819
-0.00000001292
-0.00000001955
-0.00000002302
-0.00000001039
-0.00000001299
-0.00000001548
-0.00000001954
-0.00000002277
-0.00000000871
-0.00000001253
-0.00000002087
-0.00000002265
-0.00000002652
-0.00000001493
-0.00000001836
-0.00000002055
-0.00000002317
-0.00000002735
-0.00000001494
-0.00000001893
-0.00000002212
-0.00000002461
-0.00000002662
-0.00000001588
-0.00000001767
-0.00000002194
-0.00000002640
-0.00000001441
-0.00000001681
-0.00000002061
-0.00000002439
-0.00000001087
-0.00000001464
-0.00000001737
-0.00000002066
-0.00000000857
-0.00000001128
-0.00000001899
-0.00000002196
-0.00000000872
-0.00000001262
-0.00000001450
-0.00000000321
-0.00000000611
-0.00000001419
-0.00000001792
-0.00000000428
-0.00000000851
-0.00000001063
-0.00000001978
-0.00000000745
-0.00000000832
-0.00000001254
-0.00000001426
-0.00000001914
-0.00000000675
-0.00000001533
-0.00000001959
-0.00000002306
-0.00000000984
-0.00000001338
-0.00000001732
-0.00000002026
-0.00000000778
-0.00000001215
-0.00000002022
-0.00000002417
-0.00000002742
-0.00000001362
-0.00000001652
-0.00000001978
-0.00000002337
-0.00000000982
-0.00000001237
-0.00000001606
-0.00000001908
-0.00000000749
-0.00000001562
-0.00000001951
-0.00000002263
-0.00000001072
-0.00000001441
-0.00000001668
-0.00000002196
-0.00000000913
-0.00000001267
-0.00000001573
-0.00000002428
-0.00000001287
-0.00000001568
-0.00000001862
-0.00000002189
-0.00000000915
-0.00000001223
-0.00000001512
-0.00000001977
-0.00000000750
-0.00000001456
-0.00000001776
-0.00000002020
-0.00000002334
-0.00000001224
-0.00000001532
-0.00000001929
-0.00000002145
-0.00000000867
-0.00000001154
-0.00000001981
-0.00000002433
-0.00000001130
-0.00000001350
-0.00000001700
-0.00000001946
-0.00000002271
-0.00000000834
-0.00000001051
-0.00000001481
-0.00000001680
-0.00000000857
-0.00000001261
-0.00000001552
-0.00000001747
-0.00000001934
-0.00000000695
-0.00000001139
-0.00000001926
-0.00000002112
-0.00000000832
-0.00000001231
-0.00000001512
-0.00000001839
-0.00000000444
-0.00000000780
-0.00000001639
-0.00000001887
-0.00000000592
-0.00000000760
-0.00000001176
-0.00000002008
-0.00000000765
-0.00000000932
-0.00000001333
-0.00000001754
-0.00000000450
-0.00000001299
-0.00000001657
-0.00000002072
-0.00000000891
-0.00000001350
-0.00000001697
-0.00000001963
-0.00000001278
-0.00000001472
-0.00000001804
-0.00000002128
-0.00000000745
-0.00000001178
-0.00000001531
-0.00000002219
-0.00000001129
-0.00000001460
-0.00000001527
-0.00000002056
-0.00000000718
-0.00000000952
-0.00000001349
-0.00000002026
-0.00000000840
-0.00000001150
-0.00000001349
-0.00000001689
-0.00000000352
-0.00000001294
-0.00000001432
-0.00000000144
-0.00000000356
-0.00000001072
0.00000000153
-0.00000000609
-0.00000000700
0.00000000361
-0.00000000331
-0.00000000629
-0.00000000836
-0.00000000086
-0.00000000340
-0.00000001102
0.00000000142
-0.00000000049
-0.00000000835
-0.00000001109
0.00000000174
-0.00000000514
-0.00000001371
-0.00000001576
-0.00000000328
-0.00000000671
-0.00000001429
-0.00000001848
-0.00000000578
-0.00000001242
-0.00000001762
-0.00000002132
-0.00000000948
-0.00000001373
-0.00000002359
-0.00000002626
-0.00000001474
-0.00000001794
-0.00000002057
-0.00000000929
-0.00000001703
-0.00000001986
-0.00000002414
-0.00000001094
-0.00000001360
-0.00000002095
-0.00000002399
-0.00000001036
-0.00000001345
-0.00000001459
-0.00000000654
-0.00000000912
-0.00000001392
-0.00000000160
-0.00000000941
-0.00000001273
-0.00000000043
-0.00000000802
-0.00000001152
-0.00000001572
-0.00000000788
-0.00000001172
-0.00000001492
-0.00000002269
-0.00000002670
-0.00000001329
-0.00000001828
-0.00000002132
-0.00000002621
-0.00000001448
-0.00000001778
-0.00000002623
-0.00000001462
-0.00000001807
-0.00000002098
-0.00000002451
-0.00000002785
-0.00000001664
-0.00000002139
-0.00000002457
-0.00000003269
-0.00000001649
-0.00000001900
-0.00000002788
-0.00000003094
-0.00000003455
-0.00000001819
-0.00000002148
-0.00000003058
-0.00000002734
-0.00000001594
-0.00000001928
-0.00000002816
-0.00000002660
-0.00000001401
-0.00000001675
-0.00000002554
-0.00000002967
-0.00000001229
-0.00000002175
-0.00000002480
-0.00000002776
-0.00000001644
-0.00000002023
-0.00000002293
-0.00000002695
-0.00000001377
-0.00000001696
-0.00000002110
-0.00000002338
-0.00000001130
-0.00000001402
-0.00000001749
-0.00000002042
-0.00000000867
-0.00000001194
-0.00000001860
-0.00000002228
-0.00000001017
-0.00000001371
-0.00000001563
-0.00000000415
-0.00000001309
-0.00000001675
-0.00000001910
-0.00000000700
-0.00000001044
-0.00000001343
-0.00000002199
-0.00000001007
-0.00000001455
-0.00000001790
-0.00000002174
-0.00000001061
-0.00000001380
-0.00000001767
-0.00000000431
-0.00000001432
-0.00000001788
-0.00000002143
-0.00000000843
-0.00000001291
-0.00000001546
-0.00000001713
-0.00000000988
-0.00000001322
-0.00000001635
-0.00000001791
-0.00000000553
-0.00000000968
-0.00000001914
-0.00000000636
-0.00000000858
-0.00000001169
-0.00000001509
-0.00000002472
-0.00000001263
-0.00000001575
-0.00000001918
-0.00000000824
-0.00000001020
-0.00000001488
-0.00000002280
-0.00000001056
-0.00000001567
-0.00000001922
-0.00000000738
-0.00000000932
-0.00000001191
-0.00000002021
-0.00000000882
-0.00000001303
-0.00000001535
-0.00000000565
-0.00000000822
-0.00000001660
-0.00000001977
-0.00000000786
-0.00000001119
-0.00000001513
-0.00000000886
-0.00000001283
-0.00000001587
-0.00000002051
-0.00000000786
-0.00000001133
-0.00000002003
-0.00000002357
-0.00000001147
-0.00000001615
-0.00000001913
-0.00000002344
-0.00000001025
-0.00000001421
-0.00000001689
-0.00000002003
-0.00000001425
-0.00000001694
-0.00000001979
-0.00000002580
-0.00000001338
-0.00000001736
-0.00000001975
-0.00000002431
-0.00000002768
-0.00000001446
-0.00000001818
-0.00000002206
-0.00000002524
-0.00000001388
-0.00000001750
-0.00000002187
-0.00000002555
-0.00000001479
-0.00000001775
-0.00000002283
-0.00000002592
-0.00000001474
-0.00000001934
-0.00000002439
-0.00000001226
-0.00000001731
-0.00000002259
-0.00000002648
-0.00000001550
-0.00000002000
-0.00000002349
-0.00000002765
-0.00000001573
-0.00000002017
-0.00000002340
-0.00000001147
-0.00000001601
-0.00000001972
-0.00000002630
-0.00000001350
-0.00000001980
-0.00000002259
-0.00000001288
-0.00000001671
-0.00000002043
-0.00000000929
-0.00000001290
-0.00000001686
-0.00000002081
-0.00000000965
-0.00000001350
-0.00000001756
-0.00000000674
-0.00000001514
-0.00000001351
-0.00000001759
-0.00000000365
-0.00000001392
-0.00000001825
-0.00000000603
-0.00000001084
-0.00000001431
-0.00000001747
-0.00000000540
-0.00000001009
-0.00000001292
-0.00000001647
-0.00000000574
-0.00000001313
-0.00000001737
-0.00000002207
-0.00000001091
-0.00000001560
-0.00000001790
-0.00000000687
-0.00000001052
-0.00000001483
-0.00000001822
-0.00000000683
-0.00000001061
-0.00000001373
-0.00000001742
-0.00000000590
-0.00000001414
-0.00000001741
-0.00000002239
-0.00000001137
-0.00000001630
-0.00000001883
-0.00000002363
-0.00000001191
-0.00000001551
-0.00000002014
-0.00000002384
-0.00000001157
-0.00000001606
-0.00000001851
-0.00000002424
-0.00000001248
-0.00000001555
-0.00000001995
-0.00000002390
-0.00000001267
-0.00000001761
-0.00000002201
-0.00000002577
-0.00000002958
-0.00000001309
-0.00000001646
-0.00000001941
-0.00000002450
-0.00000001245
-0.00000001680
-0.00000002073
-0.00000002624
-0.00000001381
-0.00000001639
-0.00000002084
-0.00000002432
-0.00000001227
-0.00000001713
-0.00000002026
-0.00000002328
-0.00000001236
-0.00000000992
-0.00000001336
-0.00000002300
-0.00000000965
-0.00000000846
-0.00000001724
-0.00000002137
-0.00000000918
-0.00000001270
-0.00000001641
-0.00000002100
-0.00000000896
-0.00000001298
-0.00000001507
-0.00000001859
-0.00000000559
-0.00000000822
-0.00000001195
0.00000000072
-0.00000000313
-0.00000001049
-0.00000001461
-0.00000000230
-0.00000000585
-0.00000000994
0.00000000174
-0.00000000700
-0.00000001066
-0.00000001216
-0.00000000036
-0.00000000608
-0.00000001358
-0.00000001664
-0.00000000363
-0.00000000795
-0.00000001254
-0.00000000038
-0.00000000309
-0.00000001281
-0.00000001584
-0.00000000509
-0.00000000836
-0.00000001242
-0.00000001946
-0.00000000823
-0.00000001269
-0.00000001554
-0.00000001964
-0.00000000656
-0.00000001063
-0.00000001424
-0.00000000218
-0.00000001194
-0.00000001664
-0.00000001911
-0.00000000749
-0.00000001198
-0.00000001563
-0.00000002022
-0.00000000743
-0.00000001176
-0.00000001546
-0.00000000433
-0.00000001403
-0.00000001790
-0.00000002253
-0.00000001059
-0.00000001432
-0.00000001898
-0.00000000762
-0.00000001042
-0.00000001437
-0.00000001897
-0.00000000688
-0.00000001534
-0.00000001947
-0.00000002278
-0.00000001028
-0.00000001420
-0.00000001823
-0.00000002148
-0.00000001002
-0.00000001215
-0.00000001632
-0.00000000365
-0.00000000712
-0.00000001608
-0.00000001921
-0.00000000790
-0.00000001181
-0.00000001460
-0.00000001885
-0.00000000483
-0.00000000929
-0.00000001733
-0.00000000588
-0.00000000811
-0.00000001248
-0.00000001463
-0.00000000220
-0.00000000987
-0.00000001416
-0.00000001785
-0.00000000327
-0.00000000847
-0.00000001776
-0.00000002187
-0.00000001037
-0.00000001317
-0.00000001762
-0.00000002139
-0.00000000952
-0.00000001323
-0.00000001663
-0.00000002212
-0.00000000916
-0.00000001356
-0.00000002154
-0.00000001085
-0.00000001560
-0.00000001869
-0.00000002306
-0.00000001223
-0.00000001663
-0.00000001995
-0.00000002461
-0.00000001268
-0.00000001602
-0.00000001986
-0.00000000782
-0.00000001115
-0.00000001868
-0.00000002181
-0.00000000430
-0.00000001284
-0.00000001561
-0.00000001914
-0.00000000802
-0.00000001088
-0.00000001405
-0.00000000795
-0.00000001220
-0.00000001759
-0.00000002096
-0.00000000816
-0.00000001284
-0.00000001590
-0.00000002088
-0.00000000795
-0.00000001144
-0.00000002242
-0.00000001006
-0.00000001548
-0.00000001942
-0.00000002193
-0.00000001089
-0.00000001570
-0.00000001878
-0.00000002248
-0.00000001172
-0.00000001553
-0.00000001998
-0.00000000749
-0.00000000980
-0.00000001944
-0.00000002348
-0.00000000498
-0.00000001372
-0.00000001716
-0.00000002041
-0.00000000881
-0.00000001144
-0.00000001493
-0.00000001935
-0.00000000727
-0.00000001151
-0.00000002009
-0.00000001890
-0.00000000831
-0.00000001874
-0.00000002351
-0.00000001241
-0.00000001648
-0.00000001968
-0.00000002479
-0.00000002884
-0.00000001680
-0.00000002260
-0.00000002501
-0.00000002440
-0.00000001222
-0.00000001685
-0.00000001974
-0.00000002266
-0.00000002561
-0.00000001249
-0.00000001727
-0.00000002002
-0.00000002308
-0.00000001233
-0.00000001584
-0.00000001940
-0.00000000824
-0.00000001203
-0.00000001418
-0.00000001940
-0.00000000715
-0.00000001588
-0.00000001362
-0.00000001759
-0.00000000417
-0.00000001327
-0.00000001741
-0.00000002056
-0.00000000829
-0.00000001303
-0.00000001540
-0.00000002075
-0.00000000817
-0.00000001158
-0.00000001402
-0.00000000319
-0.00000000748
-0.00000001738
-0.00000002046
-0.00000000789
-0.00000001181
-0.00000001653
-0.00000002037
-0.00000000805
-0.00000001252
-0.00000001718
-0.00000002015
-0.00000000850
-0.00000001428
-0.00000001743
-0.00000000750
-0.00000001632
-0.00000001426
-0.00000001919
-0.00000000663
-0.00000001547
-0.00000001899
-0.00000000735
-0.00000001127
-0.00000001454
-0.00000001752
-0.00000000617
-0.00000001056
-0.00000001484
-0.00000001759
-0.00000000580
-0.00000000900
-0.00000001669
-0.00000000735
-0.00000001015
-0.00000001597
-0.00000001961
-0.00000000749
-0.00000001207
-0.00000001478
-0.00000001865
-0.00000000762
-0.00000001163
-0.00000001449
-0.00000000337
-0.00000001309
-0.00000001659
-0.00000002024
-0.00000000957
-0.00000001347
-0.00000001911
-0.00000002289
-0.00000001086
-0.00000001448
-0.00000001849
-0.00000002248
-0.00000001187
-0.00000001593
-0.00000001904
-0.00000002280
-0.00000001001
-0.00000001476
-0.00000001794
-0.00000000688
-0.00000000996
-0.00000001335
-0.00000001816
-0.00000000647
-0.00000001516
-0.00000001326
-0.00000002296
-0.00000001093
-0.00000000833
-0.00000001816
-0.00000000573
-0.00000000897
-0.00000001232
-0.00000000137
-0.00000000483
-0.00000001455
-0.00000001759
-0.00000000722
-0.00000001084
-0.00000001471
-0.00000001876
-0.00000000785
-0.00000001110
-0.00000001657
-0.00000000325
-0.00000000814
-0.00000001596
-0.00000001968
-0.00000000811
-0.00000001174
-0.00000001517
-0.00000002017
-0.00000000815
-0.00000001234
-0.00000001518
-0.00000000225
-0.00000000787
-0.00000001732
-0.00000002202
-0.00000001078
-0.00000001459
-0.00000001972
-0.00000000802
-0.00000001062
-0.00000001497
-0.00000001908
-0.00000000774
-0.00000001136
-0.00000001423
-0.00000001849
-0.00000000754
-0.00000001591
-0.00000001447
-0.00000002375
-0.00000002189
-0.00000001008
-0.00000001395
-0.00000001738
-0.00000002085
-0.00000002408
-0.00000001227
-0.00000001557
-0.00000001753
-0.00000002167
-0.00000000877
-0.00000001198
-0.00000001543
-0.00000001899
-0.00000000722
-0.00000001126
-0.00000001556
-0.00000001876
-0.00000000756
-0.00000001174
-0.00000001494
-0.00000000304
-0.00000001311
-0.00000001609
-0.00000001958
-0.00000000716
-0.00000001059
-0.00000001490
-0.00000000276
-0.00000000794
-0.00000001166
0.00000000135
-0.00000000744
-0.00000000859
-0.00000001333
0.00000000016
-0.00000000930
-0.00000001320
-0.00000000170
-0.00000000628
-0.00000001034
0.00000000191
-0.00000000758
-0.00000001089
-0.00000001459
-0.00000000255
-0.00000001076
-0.00000001323
-0.00000000167
-0.00000000552
-0.00000000906
-0.00000001232
-0.00000000462
-0.00000000955
-0.00000001369
-0.00000000243
-0.00000001161
-0.00000001528
-0.00000001763
-0.00000000613
-0.00000000950
-0.00000001198
-0.00000000068
-0.00000000959
-0.00000001264
-0.00000001729
-0.00000000599
-0.00000000881
-0.00000001883
-0.00000000635
-0.00000001017
-0.00000001408
-0.00000001919
-0.00000001128
-0.00000001600
-0.00000002066
-0.00000000938
-0.00000001365
-0.00000001782
-0.00000002128
-0.00000001063
-0.00000001428
-0.00000002406
-0.00000002896
-0.00000001318
-0.00000002232
-0.00000002687
-0.00000002632
-0.00000001492
-0.00000002052
-0.00000002481
-0.00000002883
-0.00000001611
-0.00000002125
-0.00000002484
-0.00000001247
-0.00000001904
-0.00000002315
-0.00000001101
-0.00000001369
-0.00000001772
-0.00000002210
-0.00000001190
-0.00000001562
-0.00000002050
-0.00000002540
-0.00000001448
-0.00000001866
-0.00000002372
-0.00000002651
-0.00000001542
-0.00000001925
-0.00000002334
-0.00000002736
-0.00000001670
-0.00000002141
-0.00000002605
-0.00000000835
-0.00000001822
-0.00000002305
-0.00000002245
-0.00000001001
-0.00000001533
-0.00000001829
-0.00000002253
-0.00000001105
-0.00000001545
-0.00000001873
-0.00000000809
-0.00000001222
-0.00000001613
-0.00000001991
-0.00000000892
-0.00000001735
-0.00000001534
-0.00000000429
-0.00000001386
-0.00000001692
-0.00000000524
-0.00000000903
-0.00000001338
-0.00000001669
-0.00000000538
-0.00000001089
-0.00000001355
-0.00000001904
-0.00000000623
-0.00000001547
-0.00000001528
-0.00000000352
-0.00000001235
-0.00000001567
-0.00000002037
-0.00000000813
-0.00000001391
-0.00000001684
-0.00000000506
-0.00000000884
-0.00000001815
-0.00000001827
-0.00000000651
-0.00000000984
-0.00000001800
-0.00000000798
-0.00000001202
-0.00000001615
-0.00000000602
-0.00000000957
-0.00000001405
-0.00000001784
-0.00000000455
-0.00000001486
-0.00000001880
-0.00000000759
-0.00000001082
-0.00000001468
-0.00000000256
-0.00000000662
-0.00000001610
-0.00000000215
-0.00000000839
-0.00000001141
-0.00000001422
-0.00000000427
-0.00000001394
-0.00000001762
-0.00000000741
-0.00000000990
-0.00000001551
-0.00000001874
-0.00000000855
-0.00000001208
-0.00000002173
-0.00000001996
-0.00000001029
-0.00000002043
-0.00000001885
-0.00000002351
-0.00000001205
-0.00000001536
-0.00000001992
-0.00000000841
-0.00000001317
-0.00000002081
-0.00000001957
-0.00000000728
-0.00000001516
-0.00000001578
-0.00000000323
-0.00000001261
-0.00000001615
-0.00000001894
-0.00000000711
-0.00000000997
-0.00000001523
-0.00000000186
-0.00000000626
-0.00000001481
-0.00000001791
-0.00000000676
-0.00000001014
-0.00000001484
-0.00000001840
-0.00000000694
-0.00000001175
-0.00000001470
-0.00000001860
-0.00000000580
-0.00000001317
-0.00000001726
-0.00000002100
-0.00000000768
-0.00000001169
-0.00000001584
-0.00000001901
-0.00000000714
-0.00000001051
-0.00000001488
-0.00000001802
-0.00000000760
-0.00000001613
-0.00000001512
-0.00000001851
-0.00000000752
-0.00000001703
-0.00000002045
-0.00000002434
-0.00000000788
-0.00000001750
-0.00000002279
-0.00000002703
-0.00000001137
-0.00000002071
-0.00000002412
-0.00000002508
-0.00000001468
-0.00000001852
-0.00000002429
-0.00000002812
-0.00000001777
-0.00000002145
-0.00000002591
-0.00000001480
-0.00000001929
-0.00000002338
-0.00000001256
-0.00000001755
-0.00000002193
-0.00000002057
-0.00000001044
-0.00000001447
-0.00000001911
-0.00000002174
-0.00000001075
-0.00000001462
-0.00000001897
-0.00000002286
-0.00000001069
-0.00000001417
-0.00000001813
-0.00000002271
-0.00000000920
-0.00000001413
-0.00000001711
-0.00000002055
-0.00000000881
-0.00000001203
-0.00000001618
-0.00000000315
-0.00000000832
-0.00000001205
-0.00000000111
-0.00000000788
-0.00000001272
-0.00000001694
-0.00000000564
-0.00000001010
-0.00000001419
-0.00000001808
-0.00000000768
-0.00000001119
-0.00000001678
-0.00000000608
-0.00000001063
-0.00000001527
-0.00000001949
-0.00000000711
-0.00000001170
-0.00000001658
-0.00000002083
-0.00000000858
-0.00000001172
-0.00000001658
-0.00000002073
-0.00000000852
-0.00000001310
-0.00000001780
-0.00000000697
-0.00000001156
-0.00000001551
-0.00000002040
-0.00000000878
-0.00000001275
-0.00000001566
-0.00000000430
-0.00000001410
-0.00000001731
-0.00000002312
-0.00000001127
-0.00000001720
-0.00000002233
-0.00000001130
-0.00000001537
-0.00000002090
-0.00000002550
-0.00000000995
-0.00000001327
-0.00000002319
-0.00000002304
-0.00000001147
-0.00000001659
-0.00000001967
-0.00000000875
-0.00000001324
-0.00000001725
-0.00000002259
-0.00000001154
-0.00000001736
-0.00000002102
-0.00000000802
-0.00000001197
-0.00000001569
-0.00000002093
-0.00000000805
-0.00000001269
-0.00000001629
-0.00000000479
-0.00000000821
-0.00000001231
-0.00000000103
-0.00000000986
-0.00000001470
-0.00000001946
-0.00000000735
-0.00000001243
-0.00000001741
-0.00000000680
-0.00000001109
-0.00000001485
-0.00000000283
-0.00000000875
-0.00000001264
-0.00000001843
-0.00000000613
-0.00000001099
-0.00000001918
-0.00000000863
-0.00000001258
-0.00000001685
-0.00000000608
-0.00000000936
-0.00000001337
-0.00000001784
-0.00000000700
-0.00000001116
-0.00000001700
-0.00000000518
-0.00000001421
-0.00000001868
-0.00000000798
-0.00000001203
-0.00000001613
-0.00000000588
-0.00000000983
-0.00000001404
-0.00000000259
-0.00000001249
-0.00000001673
-0.00000000465
-0.00000000935
-0.00000001340
-0.00000000274
-0.00000001297
-0.00000001790
-0.00000002117
-0.00000000540
-0.00000001543
-0.00000002001
-0.00000000865
-0.00000001292
-0.00000001765
-0.00000000694
-0.00000001056
-0.00000001544
-0.00000000611
-0.00000000999
-0.00000001467
-0.00000000321
-0.00000001241
-0.00000001654
-0.00000000462
-0.00000000878
-0.00000001311
-0.00000001753
-0.00000000460
-0.00000001478
-0.00000001837
-0.00000000791
-0.00000001134
-0.00000001600
-0.00000000341
-0.00000000834
-0.00000001646
-0.00000000498
-0.00000000851
-0.00000001371
-0.00000000261
-0.00000000652
-0.00000001521
-0.00000000457
-0.00000000891
-0.00000001266
-0.00000001703
-0.00000000466
-0.00000001453
-0.00000001857
-0.00000000816
-0.00000001199
-0.00000001559
-0.00000001938
-0.00000000832
-0.00000001309
-0.00000002086
-0.00000000365
-0.00000001396
-0.00000001882
-0.00000002157
-0.00000000984
-0.00000001374
-0.00000001816
-0.00000000665
-0.00000001572
-0.00000001900
-0.00000000928
-0.00000001373
-0.00000001786
-0.00000000800
-0.00000001306
-0.00000002342
-0.00000002717
-0.00000001155
-0.00000001980
-0.00000002010
-0.00000000783
-0.00000001669
-0.00000001944
-0.00000002444
-0.00000001352
-0.00000001659
-0.00000002107
-0.00000001044
-0.00000001607
-0.00000001934
-0.00000002397
-0.00000001247
-0.00000001672
-0.00000002047
-0.00000000971
-0.00000001274
-0.00000002294
-0.00000000467
-0.00000001435
-0.00000001714
-0.00000000648
-0.00000000910
-0.00000001256
-0.00000001676
-0.00000000393
-0.00000001455
-0.00000001871
-0.00000002259
-0.00000001055
-0.00000001527
-0.00000001870
-0.00000002271
-0.00000001064
-0.00000001452
-0.00000001782
-0.00000000653
-0.00000001190
-0.00000002120
-0.00000000994
-0.00000001360
-0.00000001986
-0.00000000801
-0.00000001311
-0.00000001737
-0.00000002334
-0.00000001161
-0.00000001747
-0.00000002159
-0.00000001136
-0.00000001677
-0.00000002118
-0.00000002603
-0.00000001491
-0.00000002041
-0.00000002521
-0.00000001333
-0.00000001850
-0.00000002335
-0.00000002830
-0.00000001675
-0.00000001969
-0.00000002375
-0.00000001156
-0.00000001511
-0.00000002016
-0.00000000756
-0.00000001225
-0.00000001577
-0.00000002077
-0.00000000950
-0.00000001501
-0.00000002002
-0.00000000833
-0.00000001298
-0.00000001713
-0.00000000468
-0.00000000974
-0.00000001755
-0.00000000720
-0.00000001031
-0.00000001574
-0.00000000383
-0.00000000879
-0.00000001344
-0.00000000248
-0.00000001100
-0.00000001509
-0.00000001916
-0.00000000580
-0.00000001131
-0.00000001556
-0.00000000407
-0.00000001275
-0.00000001664
-0.00000000656
-0.00000001064
-0.00000001438
-0.00000001828
-0.00000000809
-0.00000001182
-0.00000001624
-0.00000000453
-0.00000001354
-0.00000001743
-0.00000002259
-0.00000001069
-0.00000001511
-0.00000002006
-0.00000000826
-0.00000001364
-0.00000001738
-0.00000000519
-0.00000000982
-0.00000001926
-0.00000000933
-0.00000001408
-0.00000001903
-0.00000002463
-0.00000001367
-0.00000001694
-0.00000002171
-0.00000001003
-0.00000001435
-0.00000001805
-0.00000000575
-0.00000001241
-0.00000002112
-0.00000000481
-0.00000001401
-0.00000001959
-0.00000000762
-0.00000001248
-0.00000001730
-0.00000000691
-0.00000001579
-0.00000001978
-0.00000001866
-0.00000000860
-0.00000001734
-0.00000002059
-0.00000000939
-0.00000001301
-0.00000001797
-0.00000000673
-0.00000001181
-0.00000001633
-0.00000000354
-0.00000001437
-0.00000001813
-0.00000000657
-0.00000001025
-0.00000001281
-0.00000000257
-0.00000000666
-0.00000001578
-0.00000002001
-0.00000000870
-0.00000001325
-0.00000001743
-0.00000000672
-0.00000001102
-0.00000002126
-0.00000000421
-0.00000001461
-0.00000001860
-0.00000000878
-0.00000001263
-0.00000001900
-0.00000000755
-0.00000001755
-0.00000002419
-0.00000002422
-0.00000001243
-0.00000002314
-0.00000002376
-0.00000001330
-0.00000002317
-0.00000002454
-0.00000001338
-0.00000002237
-0.00000002290
-0.00000002699
-0.00000001558
-0.00000002089
-0.00000002505
-0.00000001375
-0.00000001806
-0.00000002265
-0.00000002782
-0.00000001707
-0.00000002265
-0.00000002641
-0.00000000984
-0.00000001824
-0.00000002259
-0.00000002673
-0.00000001067
-0.00000001542
-0.00000001900
-0.00000002382
-0.00000001317
-0.00000001575
-0.00000001983
-0.00000000838
-0.00000001399
-0.00000001736
-0.00000002002
-0.00000000939
-0.00000001328
-0.00000001838
-0.00000002213
-0.00000000975
-0.00000001407
-0.00000001911
-0.00000000865
-0.00000001271
-0.00000001760
-0.00000000801
-0.00000001155
-0.00000001687
-0.00000002137
-0.00000001084
-0.00000001496
-0.00000002067
-0.00000000882
-0.00000001460
-0.00000001858
-0.00000002501
-0.00000001438
-0.00000001787
-0.00000002306
-0.00000001303
-0.00000001802
-0.00000002407
-0.00000001482
-0.00000001981
-0.00000002562
-0.00000001005
-0.00000002112
-0.00000002122
-0.00000001112
-0.00000001444
-0.00000002039
-0.00000000885
-0.00000001270
-0.00000000151
-0.00000000652
-0.00000000998
0.00000000113
-0.00000000983
-0.00000001608
-0.00000000571
-0.00000000944
0.00000000224
-0.00000000170
-0.00000001131
-0.00000000033
-0.00000000383
-0.00000000877
0.00000000215
-0.00000000726
-0.00000001129
-0.00000000143
-0.00000000644
0.00000000437
-0.00000000352
-0.00000000972
0.00000000116
-0.00000000263
-0.00000001239
-0.00000001931
-0.00000000820
-0.00000001284
-0.00000001888
-0.00000000767
-0.00000001296
-0.00000001739
-0.00000000679
-0.00000001666
-0.00000002069
-0.00000001009
-0.00000001471
-0.00000001810
-0.00000002342
-0.00000001188
-0.00000001678
-0.00000002163
-0.00000001019
-0.00000001462
-0.00000001862
-0.00000000690
-0.00000001206
-0.00000001711
-0.00000000783
-0.00000001917
-0.00000001848
-0.00000000791
-0.00000001687
-0.00000002188
-0.00000001013
-0.00000001554
-0.00000002109
-0.00000000897
-0.00000001489
-0.00000001983
-0.00000000940
-0.00000001435
-0.00000001837
-0.00000000807
-0.00000001733
-0.00000001701
-0.00000002148
-0.00000001111
-0.00000001616
-0.00000001971
-0.00000000867
-0.00000001275
-0.00000001743
-0.00000000572
-0.00000001276
-0.00000001776
-0.00000000629
-0.00000000998
-0.00000001402
-0.00000000250
-0.00000000851
-0.00000001309
-0.00000000721
-0.00000001072
-0.00000001513
-0.00000000604
-0.00000000991
-0.00000001396
-0.00000000303
-0.00000001182
-0.00000001746
-0.00000000645
-0.00000001129
-0.00000001502
-0.00000000410
-0.00000000953
-0.00000001870
-0.00000002283
-0.00000001304
-0.00000001702
-0.00000002142
-0.00000000927
-0.00000001446
-0.00000001744
-0.00000002076
-0.00000000984
-0.00000001393
-0.00000001745
-0.00000000691
-0.00000001574
-0.00000001999
-0.00000000362
-0.00000001329
-0.00000001793
-0.00000000676
-0.00000001103
-0.00000001734
-0.00000000608
-0.00000001474
-0.00000001905
-0.00000000629
-0.00000001229
-0.00000001506
-0.00000000558
-0.00000000953
-0.00000001344
-0.00000000728
-0.00000000976
-0.00000001468
-0.00000000232
-0.00000000651
-0.00000001646
-0.00000000438
-0.00000000793
-0.00000001203
-0.00000000066
-0.00000000875
0.00000000139
-0.00000000301
-0.00000001302
-0.00000000023
-0.00000000505
-0.00000001396
-0.00000000218
-0.00000000641
-0.00000000879
-0.00000000233
-0.00000000580
-0.00000000915
0.00000000079
-0.00000000666
-0.00000001125
0.00000000053
-0.00000000768
-0.00000001181
-0.00000000103
-0.00000000945
-0.00000001398
-0.00000000185
-0.00000000591
-0.00000001517
-0.00000000240
-0.00000000554
-0.00000001333
-0.00000000110
-0.00000000423
-0.00000001455
-0.00000000183
-0.00000001285
-0.00000001689
-0.00000000590
-0.00000000844
-0.00000001281
-0.00000000746
-0.00000001042
-0.00000001583
-0.00000002493
-0.00000001235
-0.00000001580
-0.00000002015
-0.00000000800
-0.00000001257
-0.00000002170
-0.00000001179
-0.00000001561
-0.00000002162
-0.00000000906
-0.00000001425
-0.00000002437
-0.00000001253
-0.00000001600
-0.00000001980
-0.00000002462
-0.00000001280
-0.00000002193
-0.00000002533
-0.00000001592
-0.00000002074
-0.00000002430
-0.00000001316
-0.00000001775
-0.00000002296
-0.00000002790
-0.00000001731
-0.00000002210
-0.00000002738
-0.00000003052
-0.00000001995
-0.00000002468
-0.00000002809
-0.00000001717
-0.00000002097
-0.00000002629
-0.00000003007
-0.00000002018
-0.00000002472
-0.00000002897
-0.00000001752
-0.00000002219
-0.00000002688
-0.00000001509
-0.00000001916
-0.00000002462
-0.00000001164
-0.00000001634
-0.00000002004
-0.00000000855
-0.00000001249
-0.00000001703
-0.00000000714
-0.00000001626
-0.00000001990
-0.00000000966
-0.00000001484
-0.00000001896
-0.00000002350
-0.00000001142
-0.00000001566
-0.00000001991
-0.00000000851
-0.00000001402
-0.00000001838
-0.00000001174
-0.00000001543
-0.00000002136
-0.00000001020
-0.00000001444
-0.00000001950
-0.00000002318
-0.00000001325
-0.00000001904
-0.00000000905
-0.00000001282
-0.00000001861
-0.00000001241
-0.00000001631
-0.00000002020
-0.00000000934
-0.00000001399
-0.00000001925
-0.00000000806
-0.00000001273
-0.00000001570
-0.00000000499
-0.00000001466
-0.00000001717
-0.00000000558
-0.00000001010
-0.00000001501
-0.00000000497
-0.00000000944
-0.00000001811
-0.00000000703
-0.00000001199
-0.00000001625
-0.00000000683
-0.00000001056
-0.00000001923
-0.00000000940
-0.00000001534
-0.00000001939
-0.00000000788
-0.00000001323
-0.00000001736
-0.00000000738
-0.00000001051
-0.00000002052
-0.00000001120
-0.00000001660
-0.00000002085
-0.00000001120
-0.00000001720
-0.00000002107
-0.00000001130
-0.00000001614
-0.00000002181
-0.00000001034
-0.00000001642
-0.00000002174
-0.00000001051
-0.00000001557
-0.00000002033
-0.00000002561
-0.00000001419
-0.00000001751
-0.00000002366
-0.00000001352
-0.00000001814
-0.00000002105
-0.00000001068
-0.00000001632
-0.00000002017
-0.00000000955
-0.00000001539
-0.00000002050
-0.00000002324
-0.00000001445
-0.00000001880
-0.00000002336
-0.00000001309
-0.00000001824
-0.00000002293
-0.00000002918
-0.00000001811
-0.00000002194
-0.00000002527
-0.00000001330
-0.00000001780
-0.00000002239
-0.00000002706
-0.00000000954
-0.00000001470
-0.00000002431
-0.00000002292
-0.00000001083
-0.00000001380
-0.00000001843
-0.00000000816
-0.00000001056
-0.00000001916
-0.00000001843
-0.00000000707
-0.00000001633
-0.00000002187
-0.00000000901
-0.00000001542
-0.00000001994
-0.00000000884
-0.00000001348
-0.00000001785
-0.00000000726
-0.00000001266
-0.00000001735
-0.00000000685
-0.00000001063
-0.00000001413
-0.00000000360
-0.00000001381
-0.00000001642
-0.00000000541
-0.00000001054
-0.00000001434
-0.00000000291
-0.00000000691
-0.00000001516
0.00000000160
-0.00000000780
-0.00000001298
-0.00000000084
-0.00000000657
-0.00000001493
-0.00000000363
-0.00000000846
-0.00000001316
-0.00000000308
-0.00000000748
-0.00000001851
-0.00000000736
-0.00000001236
-0.00000001797
-0.00000000701
-0.00000001101
-0.00000001557
-0.00000000549
-0.00000001573
-0.00000002039
-0.00000000472
-0.00000001525
-0.00000001807
-0.00000000768
-0.00000001235
-0.00000001637
-0.00000000377
-0.00000000854
-0.00000001877
-0.00000000754
-0.00000001121
-0.00000001426
-0.00000000312
-0.00000000733
-0.00000001739
-0.00000000619
-0.00000000841
-0.00000001397
-0.00000000132
-0.00000000692
-0.00000001599
-0.00000000325
-0.00000000753
-0.00000001164
-0.00000001674
-0.00000000478
-0.00000001472
-0.00000001847
-0.00000000799
-0.00000001242
-0.00000001707
-0.00000000555
-0.00000000934
-0.00000001751
-0.00000000675
-0.00000001048
-0.00000001438
-0.00000000310
-0.00000001329
-0.00000001728
-0.00000002199
-0.00000000998
-0.00000001435
-0.00000001766
-0.00000000616
-0.00000000984
-0.00000001334
-0.00000002344
-0.00000001185
-0.00000001626
-0.00000001966
-0.00000000795
-0.00000001214
-0.00000001708
-0.00000001046
-0.00000001434
-0.00000001850
-0.00000002324
-0.00000001229
-0.00000001670
-0.00000002031
-0.00000002496
-0.00000001356
-0.00000001838
-0.00000002299
-0.00000001124
-0.00000001579
-0.00000001961
-0.00000002463
-0.00000001267
-0.00000001672
-0.00000002126
-0.00000002557
-0.00000001524
-0.00000001935
-0.00000002464
-0.00000001284
-0.00000001864
-0.00000002162
-0.00000001122
-0.00000001582
-0.00000002005
-0.00000002428
-0.00000001319
-0.00000001732
-0.00000002188
-0.00000001041
-0.00000001414
-0.00000001910
-0.00000000608
-0.00000001017
-0.00000002010
-0.00000000185
-0.00000001152
-0.00000001523
-0.00000000373
-0.00000000689
-0.00000001043
-0.00000000403
-0.00000000801
-0.00000001111
0.00000000103
-0.00000000274
-0.00000001131
0.00000000059
-0.00000000329
-0.00000001293
-0.00000000261
-0.00000000599
-0.00000001076
-0.00000000299
-0.00000000745
-0.00000001062
0.00000000097
-0.00000000820
-0.00000001163
0.00000000060
-0.00000000467
-0.00000001450
-0.00000000255
-0.00000000644
-0.00000001515
-0.00000000350
-0.00000000649
0.00000000393
-0.00000000595
-0.00000000869
0.00000000182
-0.00000000731
-0.00000001143
-0.00000000368
-0.00000000750
-0.00000001202
0.00000000066
-0.00000000847
-0.00000001388
-0.00000000243
-0.00000001121
-0.00000001431
-0.00000000283
-0.00000001260
-0.00000001504
-0.00000000340
-0.00000001245
-0.00000001676
-0.00000000503
-0.00000001053
-0.00000001940
-0.00000000834
-0.00000001326
-0.00000001674
-0.00000002183
-0.00000001537
-0.00000001849
-0.00000002241
-0.00000001219
-0.00000001611
-0.00000002021
-0.00000000833
-0.00000001774
-0.00000002159
-0.00000001033
-0.00000001397
-0.00000001871
-0.00000002333
-0.00000001662
-0.00000002007
-0.00000002517
-0.00000001339
-0.00000001891
-0.00000002205
-0.00000001210
-0.00000001648
-0.00000002440
-0.00000002347
-0.00000001228
-0.00000002162
-0.00000002596
-0.00000002954
-0.00000001855
-0.00000002189
-0.00000002525
-0.00000001427
-0.00000001807
-0.00000002178
-0.00000001025
-0.00000001492
-0.00000001907
-0.00000002290
-0.00000001324
-0.00000001596
-0.00000002490
-0.00000001285
-0.00000001741
-0.00000002165
-0.00000001094
-0.00000001462
-0.00000001910
-0.00000002265
-0.00000001138
-0.00000001485
-0.00000002057
-0.00000000916
-0.00000001903
-0.00000002245
-0.00000001144
-0.00000001681
-0.00000002034
-0.00000000927
-0.00000001430
-0.00000001823
-0.00000002333
-0.00000001258
-0.00000001613
-0.00000002589
-0.00000000894
-0.00000001806
-0.00000002362
-0.00000001063
-0.00000001442
-0.00000001849
-0.00000000727
-0.00000001133
-0.00000002083
-0.00000002410
-0.00000000874
-0.00000001685
-0.00000002154
-0.00000001009
-0.00000001515
-0.00000001863
-0.00000000716
-0.00000001224
-0.00000001501
-0.00000000413
-0.00000001368
-0.00000001723
-0.00000000538
-0.00000001078
-0.00000001480
-0.00000000824
-0.00000001202
-0.00000001632
-0.00000000316
-0.00000000815
-0.00000001498
-0.00000000562
-0.00000001003
0.00000000188
-0.00000000178
-0.00000001099
0.00000000139
-0.00000000142
-0.00000001109
0.00000000074
-0.00000000249
-0.00000001235
-0.00000000002
-0.00000000576
-0.00000001536
-0.00000000351
-0.00000000884
-0.00000001696
-0.00000000534
-0.00000001028
-0.00000001359
-0.00000000749
-0.00000001072
-0.00000001513
-0.00000000266
-0.00000000723
-0.00000001771
-0.00000000782
-0.00000001309
-0.00000000627
-0.00000001131
-0.00000001652
-0.00000002084
-0.00000000939
-0.00000001890
-0.00000002312
-0.00000001155
-0.00000001608
-0.00000001902
-0.00000000825
-0.00000001426
-0.00000002010
-0.00000002287
-0.00000001191
-0.00000001594
-0.00000001979
-0.00000000768
-0.00000001303
-0.00000002176
-0.00000000932
-0.00000001408
-0.00000001731
-0.00000002113
-0.00000000860
-0.00000001740
-0.00000002149
-0.00000000807
-0.00000001282
-0.00000001541
-0.00000001988
-0.00000001165
-0.00000001699
-0.00000002093
-0.00000002313
-0.00000001248
-0.00000001585
-0.00000001792
-0.00000002125
-0.00000001443
-0.00000001611
-0.00000001881
-0.00000000661
-0.00000000848
-0.00000001296
-0.00000001974
-0.00000000816
-0.00000001155
-0.00000001493
-0.00000001922
-0.00000001176
-0.00000001541
-0.00000001927
-0.00000000742
-0.00000000937
-0.00000001983
-0.00000002305
-0.00000001159
-0.00000001393
-0.00000001768
-0.00000000753
-0.00000001678
-0.00000002051
-0.00000000803
-0.00000001268
-0.00000001697
-0.00000000397
-0.00000001396
-0.00000001789
-0.00000000722
-0.00000000953
-0.00000001976
-0.00000000764
-0.00000001159
-0.00000001617
-0.00000000288
-0.00000001196
-0.00000001767
-0.00000000585
-0.00000000917
-0.00000000214
-0.00000000572
-0.00000000981
-0.00000000181
-0.00000000585
-0.00000001032
-0.00000001891
-0.00000000775
-0.00000001097
-0.00000001473
-0.00000000909
-0.00000001370
-0.00000001678
-0.00000000622
-0.00000001409
-0.00000001859
-0.00000000792
-0.00000001211
-0.00000002028
-0.00000000773
-0.00000001254
-0.00000001564
-0.00000000805
-0.00000001195
-0.00000001557
-0.00000001809
-0.00000000652
-0.00000001456
-0.00000001926
-0.00000000712
-0.00000001200
-0.00000001885
-0.00000000745
-0.00000001113
-0.00000002004
-0.00000000759
-0.00000001244
-0.00000001593
-0.00000000404
-0.00000001367
-0.00000001712
-0.00000002084
-0.00000000887
-0.00000001669
-0.00000001939
-0.00000002324
-0.00000001058
-0.00000001515
-0.00000002363
-0.00000001105
-0.00000001421
-0.00000001883
-0.00000002202
-0.00000001014
-0.00000001865
-0.00000002296
-0.00000002689
-0.00000001501
-0.00000001700
-0.00000002080
-0.00000000831
-0.00000001162
-0.00000001940
-0.00000000738
-0.00000001026
-0.00000001457
-0.00000002310
-0.00000001016
-0.00000001202
-0.00000001644
-0.00000001873
-0.00000001106
-0.00000001356
-0.00000001857
-0.00000002108
-0.00000000884
-0.00000001794
-0.00000002174
-0.00000000946
-0.00000001404
-0.00000001710
-0.00000002571
-0.00000002348
-0.00000001545
-0.00000001889
-0.00000002233
-0.00000000994
-0.00000001401
-0.00000001827
-0.00000002065
-0.00000001416
-0.00000001762
-0.00000002113
-0.00000000954
-0.00000001240
-0.00000002138
-0.00000002487
-0.00000001281
-0.00000001733
-0.00000001974
-0.00000002468
-0.00000001282
-0.00000001601
-0.00000002079
-0.00000002797
-0.00000001139
-0.00000001369
-0.00000002190
-0.00000000954
-0.00000001401
-0.00000001771
-0.00000001972
-0.00000000764
-0.00000001617
-0.00000001797
-0.00000000676
-0.00000000997
-0.00000001362
-0.00000000719
-0.00000000960
-0.00000001224
0.00000000065
-0.00000000861
-0.00000001142
0.00000000177
-0.00000000674
-0.00000000930
-0.00000001330
-0.00000000628
-0.00000000836
-0.00000001315
-0.00000000702
-0.00000001070
-0.00000001513
-0.00000000211
-0.00000001188
-0.00000001467
-0.00000000349
-0.00000001324
-0.00000001768
-0.00000000610
-0.00000000960
-0.00000001827
-0.00000000742
-0.00000001057
-0.00000001371
-0.00000000796
-0.00000001255
-0.00000001699
-0.00000002536
-0.00000000925
-0.00000001711
-0.00000002103
-0.00000000957
-0.00000001392
-0.00000002199
-0.00000000997
-0.00000001410
-0.00000001808
-0.00000000686
-0.00000001372
-0.00000001821
-0.00000000566
-0.00000000898
-0.00000001851
-0.00000000730
-0.00000000831
-0.00000001834
-0.00000000532
-0.00000000848
-0.00000001756
-0.00000002187
-0.00000001002
-0.00000001816
-0.00000002094
-0.00000000780
-0.00000001169
-0.00000001495
-0.00000001787
-0.00000001004
-0.00000001452
-0.00000001745
-0.00000000575
-0.00000001382
-0.00000001931
-0.00000002117
-0.00000000965
-0.00000001892
-0.00000002234
-0.00000000921
-0.00000001339
-0.00000001632
-0.00000002565
-0.00000001241
-0.00000001715
-0.00000001984
-0.00000002417
-0.00000001149
-0.00000001374
-0.00000002317
-0.00000002673
-0.00000001267
-0.00000001658
-0.00000002087
-0.00000002546
-0.00000001235
-0.00000001677
-0.00000002583
-0.00000002807
-0.00000001685
-0.00000001969
-0.00000002287
-0.00000002629
-0.00000001244
-0.00000001594
-0.00000001977
-0.00000002845
-0.00000001093
-0.00000001923
-0.00000002341
-0.00000001284
-0.00000001536
-0.00000001936
-0.00000000764
-0.00000001654
-0.00000001967
-0.00000002315
-0.00000001201
-0.00000001550
-0.00000001990
-0.00000000738
-0.00000001719
-0.00000002033
-0.00000000860
-0.00000001354
-0.00000001725
-0.00000001010
-0.00000001363
-0.00000001892
-0.00000000822
-0.00000001180
-0.00000002076
-0.00000002526
-0.00000001231
-0.00000001663
-0.00000002084
-0.00000000897
-0.00000001137
-0.00000001890
-0.00000000807
-0.00000001165
-0.00000001650
-0.00000001985
-0.00000000715
-0.00000001683
-0.00000001895
-0.00000000713
-0.00000001008
-0.00000001412
-0.00000000759
-0.00000000901
-0.00000001356
-0.00000002166
-0.00000001117
-0.00000001302
-0.00000001729
-0.00000000503
-0.00000001211
-0.00000001514
-0.00000001865
-0.00000000690
-0.00000000917
-0.00000001731
-0.00000000343
-0.00000000829
-0.00000001703
-0.00000002000
-0.00000000766
-0.00000000935
-0.00000001406
-0.00000002160
-0.00000001064
-0.00000001390
-0.00000001840
-0.00000000701
-0.00000001520
-0.00000001917
-0.00000002335
-0.00000001031
-0.00000001591
-0.00000002434
-0.00000001254
-0.00000001607
-0.00000002028
-0.00000002289
-0.00000001062
-0.00000001445
-0.00000002264
-0.00000002518
-0.00000001356
-0.00000001704
-0.00000002121
-0.00000002385
-0.00000001178
-0.00000001424
-0.00000001746
-0.00000002698
-0.00000001507
-0.00000001945
-0.00000002346
-0.00000002574
-0.00000001476
-0.00000001843
-0.00000002176
-0.00000000887
-0.00000001321
-0.00000002048
-0.00000002248
-0.00000000945
-0.00000001347
-0.00000001639
-0.00000002057
-0.00000000860
-0.00000001143
-0.00000001935
-0.00000002382
-0.00000000972
-0.00000001327
-0.00000001582
-0.00000001798
-0.00000002298
-0.00000001007
-0.00000001722
-0.00000002039
-0.00000002061
-0.00000000915
-0.00000001035
-0.00000001481
-0.00000001838
-0.00000001067
-0.00000001340
-0.00000001680
-0.00000002096
-0.00000000923
-0.00000001303
-0.00000002303
-0.00000002526
-0.00000001330
-0.00000001651
-0.00000001960
-0.00000000706
-0.00000001103
-0.00000001365
-0.00000001748
-0.00000000892
-0.00000001292
-0.00000001732
-0.00000001934
-0.00000000838
-0.00000001675
-0.00000002093
-0.00000000852
-0.00000001178
-0.00000001587
-0.00000001883
-0.00000000607
-0.00000001595
-0.00000001776
-0.00000000624
-0.00000000946
-0.00000001284
-0.00000002067
-0.00000000870
-0.00000001202
-0.00000001483
-0.00000001883
-0.00000001099
-0.00000001388
-0.00000001955
-0.00000000785
-0.00000001086
-0.00000001517
-0.00000002355
-0.00000001170
-0.00000001424
-0.00000001852
-0.00000000689
-0.00000001443
-0.00000001817
-0.00000000619
-0.00000001032
-0.00000001287
-0.00000000637
-0.00000000936
-0.00000001327
-0.00000000009
-0.00000000797
-0.00000000990
-0.00000001352
-0.00000000354
-0.00000000898
-0.00000001165
-0.00000000371
-0.00000000790
-0.00000001104
-0.00000001898
-0.00000000719
-0.00000000980
-0.00000001342
-0.00000000599
-0.00000000809
-0.00000001201
-0.00000000344
-0.00000000649
-0.00000001002
-0.00000001930
-0.00000000744
-0.00000000894
-0.00000001712
-0.00000002090
-0.00000000918
-0.00000001244
-0.00000001552
-0.00000002322
-0.00000001114
-0.00000001515
-0.00000001797
-0.00000000590
-0.00000001468
-0.00000001904
-0.00000002371
-0.00000001132
-0.00000001412
-0.00000002393
-0.00000002722
-0.00000001509
-0.00000001721
-0.00000001982
-0.00000000946
-0.00000001240
-0.00000002177
-0.00000002437
-0.00000001337
-0.00000001711
-0.00000001925
-0.00000002188
-0.00000003076
-0.00000001201
-0.00000002040
-0.00000002456
-0.00000001310
-0.00000001552
-0.00000002015
-0.00000002376
-0.00000000990
-0.00000001817
-0.00000002211
-0.00000002465
-0.00000001291
-0.00000001548
-0.00000001813
-0.00000002257
-0.00000002562
-0.00000001293
-0.00000001768
-0.00000002546
-0.00000002536
-0.00000001868
-0.00000002301
-0.00000002573
-0.00000003003
-0.00000001762
-0.00000002064
-0.00000002449
-0.00000002800
-0.00000001481
-0.00000001876
-0.00000002002
-0.00000002378
-0.00000001230
-0.00000001527
-0.00000001867
-0.00000002186
-0.00000000942
-0.00000001748
-0.00000002136
-0.00000000925
-0.00000001147
-0.00000001593
-0.00000001753
-0.00000000528
-0.00000001151
-0.00000001671
-0.00000002057
-0.00000000686
-0.00000000989
-0.00000001327
-0.00000002090
-0.00000002485
-0.00000000804
-0.00000001496
-0.00000001949
-0.00000000689
-0.00000000852
-0.00000001733
-0.00000001920
-0.00000002229
-0.00000000989
-0.00000001406
-0.00000001590
-0.00000000351
-0.00000001371
-0.00000001564
-0.00000001860
-0.00000000650
-0.00000000887
-0.00000001859
-0.00000002186
-0.00000000884
-0.00000001303
-0.00000001642
-0.00000001920
-0.00000001093
-0.00000001327
-0.00000001445
-0.00000001685
-0.00000000399
-0.00000000771
-0.00000001615
-0.00000001977
-0.00000000704
-0.00000000904
-0.00000001722
-0.00000000564
-0.00000000866
-0.00000001310
-0.00000002124
-0.00000000860
-0.00000001179
-0.00000001490
-0.00000000296
-0.00000001236
-0.00000001600
-0.00000000262
-0.00000001204
-0.00000001634
-0.00000000403
-0.00000000826
-0.00000001541
-0.00000001894
-0.00000000634
-0.00000000991
-0.00000001879
-0.00000000628
-0.00000000891
-0.00000001298
-0.00000002182
-0.00000000911
-0.00000001220
-0.00000001552
-0.00000001761
-0.00000000982
-0.00000001468
-0.00000001733
-0.00000002072
-0.00000000798
-0.00000001154
-0.00000001913
-0.00000000570
-0.00000000875
-0.00000001632
-0.00000001955
-0.00000000613
-0.00000000877
-0.00000001733
-0.00000002025
-0.00000000783
-0.00000001045
-0.00000001363
-0.00000002061
-0.00000000775
-0.00000001034
-0.00000001465
-0.00000002149
-0.00000002487
-0.00000001352
-0.00000001595
-0.00000001914
-0.00000002110
-0.00000000785
-0.00000001490
-0.00000001834
-0.00000002010
-0.00000000717
-0.00000001105
-0.00000001817
-0.00000001945
-0.00000000822
-0.00000001131
-0.00000001451
-0.00000002238
-0.00000000961
-0.00000001380
-0.00000001756
-0.00000002024
-0.00000002769
-0.00000001026
-0.00000001891
-0.00000002156
-0.00000002372
-0.00000002738
-0.00000001322
-0.00000001725
-0.00000002043
-0.00000002404
-0.00000002697
-0.00000001511
-0.00000001810
-0.00000002079
-0.00000002957
-0.00000003354
-0.00000001725
-0.00000002398
-0.00000002805
-0.00000002783
-0.00000001924
-0.00000002290
-0.00000002666
-0.00000002953
-0.00000003203
-0.00000001487
-0.00000002321
-0.00000002572
-0.00000002346
-0.00000001157
-0.00000001539
-0.00000002310
-0.00000002549
-0.00000001212
-0.00000001559
-0.00000001797
-0.00000002110
-0.00000002329
-0.00000001080
-0.00000001432
-0.00000001641
-0.00000002059
-0.00000000634
-0.00000001546
-0.00000001926
-0.00000002113
-0.00000000791
-0.00000001095
-0.00000001350
-0.00000001619
-0.00000000307
-0.00000001065
-0.00000001503
-0.00000001822
-0.00000000510
-0.00000000717
-0.00000001491
-0.00000001803
-0.00000000558
-0.00000000832
-0.00000001076
-0.00000001438
-0.00000000776
-0.00000001115
-0.00000001407
-0.00000001753
-0.00000000578
-0.00000001344
-0.00000001485
-0.00000001921
-0.00000000683
-0.00000000883
-0.00000001790
-0.00000002101
-0.00000000782
-0.00000001163
-0.00000001423
-0.00000002256
-0.00000001159
-0.00000001484
-0.00000001797
-0.00000002092
-0.00000000862
-0.00000001322
-0.00000002067
-0.00000002430
-0.00000001013
-0.00000001456
-0.00000001644
-0.00000001912
-0.00000000721
-0.00000001134
-0.00000001892
-0.00000002132
-0.00000000871
-0.00000000990
-0.00000001283
-0.00000001586
-0.00000002353
-0.00000001130
-0.00000001420
-0.00000001697
-0.00000000533
-0.00000000798
-0.00000001544
-0.00000001899
-0.00000002319
-0.00000000892
-0.00000001321
-0.00000002091
-0.00000002270
-0.00000000927
-0.00000001277
-0.00000001698
-0.00000001854
-0.00000000732
-0.00000000869
-0.00000001638
-0.00000001864
-0.00000000608
-0.00000000870
-0.00000001630
-0.00000001949
-0.00000000734
-0.00000000838
-0.00000001606
-0.00000001867
-0.00000000512
-0.00000000847
-0.00000001661
-0.00000001842
-0.00000002107
-0.00000000914
-0.00000001255
-0.00000001493
-0.00000002263
-0.00000001027
-0.00000001179
-0.00000001368
-0.00000001629
-0.00000000865
-0.00000001123
-0.00000001328
-0.00000001624
-0.00000001768
-0.00000000311
-0.00000001193
-0.00000001448
-0.00000001646
-0.00000001854
-0.00000001070
-0.00000001354
-0.00000001733
-0.00000002157
-0.00000000812
-0.00000001507
-0.00000001919
-0.00000002233
-0.00000002434
-0.00000001001
-0.00000001358
-0.00000002150
-0.00000002549
-0.00000002780
-0.00000001364
-0.00000001617
-0.00000001860
-0.00000002122
-0.00000002261
-0.00000000986
-0.00000001004
-0.00000001876
-0.00000002262
-0.00000002371
-0.00000001137
-0.00000001293
-0.00000001714
-0.00000002545
-0.00000002351
-0.00000003220
-0.00000001492
-0.00000001843
-0.00000002145
-0.00000002921
-0.00000001063
-0.00000001752
-0.00000002154
-0.00000002467
-0.00000002795
-0.00000001401
-0.00000001765
-0.00000001950
-0.00000002306
-0.00000002718
-0.00000001406
-0.00000001699
-0.00000002217
-0.00000002426
-0.00000002673
-0.00000001485
-0.00000001718
-0.00000001974
-0.00000002242
-0.00000001013
-0.00000001843
-0.00000002162
-0.00000002416
-0.00000002672
-0.00000001306
-0.00000001815
-0.00000002046
-0.00000002360
-0.00000001116
-0.00000001294
-0.00000001775
-0.00000002061
-0.00000002244
-0.00000001063
-0.00000001299
-0.00000001570
-0.00000001907
-0.00000000752
-0.00000001606
-0.00000001906
-0.00000002339
-0.00000001068
-0.00000001383
-0.00000001641
-0.00000001985
-0.00000000760
-0.00000001090
-0.00000001274
-0.00000002140
-0.00000000779
-0.00000001099
-0.00000001441
-0.00000001677
-0.00000001894
-0.00000000542
-0.00000000885
-0.00000001668
-0.00000001872
-0.00000000679
-0.00000000807
-0.00000001195
-0.00000001951
-0.00000002321
-0.00000000985
-0.00000001327
-0.00000001539
-0.00000001753
-0.00000001941
-0.00000000657
-0.00000000862
-0.00000001568
-0.00000001860
-0.00000000434
-0.00000000789
-0.00000000973
-0.00000001861
-0.00000002123
-0.00000000819
-0.00000001007
-0.00000001319
-0.00000001550
-0.00000001810
-0.00000000583
-0.00000001265
-0.00000001524
-0.00000001791
-0.00000002072
-0.00000000787
-0.00000000988
-0.00000001801
-0.00000002010
-0.00000002244
-0.00000000830
-0.00000000998
-0.00000001322
-0.00000001415
-0.00000001739
-0.00000000906
-0.00000001142
-0.00000001551
-0.00000001749
-0.00000002080
-0.00000002260
-0.00000000980
-0.00000001228
-0.00000002025
-0.00000002265
-0.00000002626
-0.00000001342
-0.00000001534
-0.00000001831
-0.00000002050
-0.00000002346
-0.00000000910
-0.00000001123
-0.00000001284
-0.00000002023
-0.00000000714
-0.00000000834
-0.00000001248
-0.00000001390
-0.00000002002
-0.00000000710
-0.00000000994
-0.00000001192
-0.00000001294
-0.00000002190
-0.00000000815
-0.00000001040
-0.00000001383
-0.00000001579
-0.00000001856
-0.00000000618
-0.00000001447
-0.00000001681
-0.00000002000
-0.00000000788
-0.00000000995
-0.00000001367
-0.00000002107
-0.00000002589
-0.00000002859
-0.00000001712
-0.00000001944
-0.00000002280
-0.00000002639
-0.00000002916
-0.00000001659
-0.00000001851
-0.00000002183
-0.00000002508
-0.00000002754
-0.00000003013
-0.00000001880
-0.00000002224
-0.00000002473
-0.00000002726
-0.00000003030
-0.00000002832
-0.00000001421
-0.00000001751
-0.00000002518
-0.00000002215
-0.00000002526
-0.00000002714
-0.00000001281
-0.00000001487
-0.00000001856
-0.00000002042
-0.00000002174
-0.00000000843
-0.00000001094
-0.00000001359
-0.00000001493
-0.00000001693
-0.00000000396
-0.00000001099
-0.00000001510
-0.00000001751
-0.00000002019
-0.00000000678
-0.00000000885
-0.00000001165
-0.00000001374
-0.00000001712
-0.00000000344
-0.00000001161
-0.00000001308
-0.00000001641
-0.00000001801
-0.00000000388
-0.00000000648
-0.00000001460
-0.00000001685
-0.00000001907
-0.00000000643
-0.00000000781
-0.00000001061
-0.00000001066
-0.00000001487
-0.00000000607
-0.00000000879
-0.00000001168
-0.00000001336
-0.00000001388
-0.00000000055
-0.00000000889
-0.00000001074
-0.00000001396
-0.00000001733
-0.00000001879
-0.00000000587
-0.00000001304
-0.00000001608
-0.00000001899
-0.00000002108
-0.00000000790
-0.00000001090
-0.00000001254
-0.00000001553
-0.00000000125
-0.00000000906
-0.00000001089
-0.00000001425
-0.00000001726
-0.00000000856
-0.00000001120
-0.00000001331
-0.00000001424
-0.00000000153
-0.00000000827
-0.00000001139
-0.00000001370
0.00000000033
-0.00000000727
-0.00000000906
-0.00000001109
-0.00000001887
-0.00000000684
-0.00000000876
-0.00000000968
-0.00000001611
-0.00000002060
-0.00000000671
-0.00000000850
-0.00000001031
-0.00000001759
-0.00000001839
-0.00000000560
-0.00000000817
-0.00000000983
-0.00000001677
-0.00000001895
-0.00000002105
-0.00000000786
-0.00000000942
-0.00000001355
-0.00000002036
-0.00000002342
-0.00000000885
-0.00000001130
-0.00000001433
-0.00000002013
-0.00000002214
-0.00000000978
-0.00000001175
-0.00000001409
-0.00000001773
-0.00000001012
-0.00000001307
-0.00000001521
-0.00000001667
-0.00000000319
-0.00000001080
-0.00000001331
-0.00000001724
-0.00000001892
-0.00000001111
-0.00000001345
-0.00000001487
-0.00000001893
-0.00000002203
-0.00000000936
-0.00000001621
-0.00000001698
-0.00000002075
-0.00000002231
-0.00000000849
-0.00000001158
-0.00000001794
-0.00000002146
-0.00000002247
-0.00000002625
-0.00000001245
-0.00000001594
-0.00000001768
-0.00000001970
-0.00000001037
-0.00000001429
-0.00000001545
-0.00000001786
-0.00000000498
-0.00000001258
-0.00000001436
-0.00000001731
-0.00000001914
-0.00000000532
-0.00000001329
-0.00000001545
-0.00000001803
-0.00000002068
-0.00000002221
-0.00000000901
-0.00000001069
-0.00000001837
-0.00000001974
-0.00000002180
-0.00000002502
-0.00000002709
-0.00000001381
-0.00000001661
-0.00000001983
-0.00000002226
-0.00000002936
-0.00000001127
-0.00000001976
-0.00000002221
-0.00000002602
-0.00000001340
-0.00000001599
-0.00000001924
-0.00000002174
-0.00000002451
-0.00000001091
-0.00000001322
-0.00000002038
-0.00000002145
-0.00000002381
-0.00000002633
-0.00000001311
-0.00000001601
-0.00000001795
-0.00000001978
-0.00000002264
-0.00000002592
-0.00000002920
-0.00000001678
-0.00000001921
-0.00000002374
-0.00000002514
-0.00000002732
-0.00000002977
-0.00000003192
-0.00000002050
-0.00000002372
-0.00000002669
-0.00000002341
-0.00000002609
-0.00000002748
-0.00000003012
-0.00000001717
-0.00000001937
-0.00000002067
-0.00000002293
-0.00000002581
-0.00000002819
-0.00000001533
-0.00000001779
-0.00000001966
-0.00000002194
-0.00000002338
-0.00000002623
-0.00000000776
-0.00000001565
-0.00000001697
-0.00000001906
-0.00000002062
-0.00000000733
-0.00000000990
-0.00000001000
-0.00000001450
-0.00000001626
-0.00000000277
-0.00000000416
-0.00000001163
-0.00000001271
-0.00000001440
-0.00000000092
-0.00000000238
-0.00000000854
-0.00000001139
-0.00000001283
-0.00000000033
-0.00000000212
-0.00000000904
-0.00000000964
-0.00000001351
0.00000000019
-0.00000000640
-0.00000000889
-0.00000001228
-0.00000001425
-0.00000000008
-0.00000000773
-0.00000001112
-0.00000001390
-0.00000001517
-0.00000002313
-0.00000001031
-0.00000001264
-0.00000001486
-0.00000001764
-0.00000001932
-0.00000000561
-0.00000000772
-0.00000001445
-0.00000001804
-0.00000000442
-0.00000000690
-0.00000001313
-0.00000001445
-0.00000001723
-0.00000001879
-0.00000000554
-0.00000000809
-0.00000001524
-0.00000001764
-0.00000001953
-0.00000000697
-0.00000000917
-0.00000001121
-0.00000001878
-0.00000002185
-0.00000000771
-0.00000000977
-0.00000001235
-0.00000001979
-0.00000002183
-0.00000002518
-0.00000001182
-0.00000001353
-0.00000001599
-0.00000001733
-0.00000001935
-0.00000000634
-0.00000001379
-0.00000001632
-0.00000001692
-0.00000000315
-0.00000000583
-0.00000001275
-0.00000001534
-0.00000001942
-0.00000002112
-0.00000000829
-0.00000001656
-0.00000001902
-0.00000002152
-0.00000002550
-0.00000001243
-0.00000001649
-0.00000001959
-0.00000002174
-0.00000002528
-0.00000002898
-0.00000001542
-0.00000001758
-0.00000002165
-0.00000002450
-0.00000002617
-0.00000001505
-0.00000001781
-0.00000002052
-0.00000002336
-0.00000002552
-0.00000002986
-0.00000001591
-0.00000001869
-0.00000002283
-0.00000002566
-0.00000002778
-0.00000001631
-0.00000001899
-0.00000002198
-0.00000002351
-0.00000002691
-0.00000001394
-0.00000001415
-0.00000001784
-0.00000001975
-0.00000002181
-0.00000002449
-0.00000001056
-0.00000001281
-0.00000001555
-0.00000001642
-0.00000001867
-0.00000000371
-0.00000000772
-0.00000001483
-0.00000001779
-0.00000001947
-0.00000002336
-0.00000000895
-0.00000001207
-0.00000001418
-0.00000001653
-0.00000001945
-0.00000002175
-0.00000000843
-0.00000001250
-0.00000002031
-0.00000001683
-0.00000001970
-0.00000002103
-0.00000000868
-0.00000001087
-0.00000001734
-0.00000002090
-0.00000001742
-0.00000000333
-0.00000001168
-0.00000001482
-0.00000001713
-0.00000001744
-0.00000002118
-0.00000000798
-0.00000000876
-0.00000001306
-0.00000001983
-0.00000001828
-0.00000000314
-0.00000001262
-0.00000001313
-0.00000001650
-0.00000001942
-0.00000002015
-0.00000000794
-0.00000001148
-0.00000001406
-0.00000001587
-0.00000001819
-0.00000000650
-0.00000000895
-0.00000001735
-0.00000001480
-0.00000001813
-0.00000002092
-0.00000000833
-0.00000001498
-0.00000001869
-0.00000002000
-0.00000002310
-0.00000002539
-0.00000000755
-0.00000001431
