# ============================================================================
# Segment of a single TICC capture, split after the fact.
#
# Source        : TC-ART-default.log  (archived at analysis/data/raw/)
# This segment  : interval samples 1-9988 of 16325 (afternoon)
# GM refclock   : chrony selecting "AC" -- refclock PHC /dev/ptp2:nocrossts
#                 (software PHC read, PTP_SYS_OFFSET_EXTENDED)
# Measured      : n=9988  mean=420.9 ns  sd=13.95 ns
#
# CORRECTION 2026-08-25: the ENTIRE source capture is AC-steered; the
# split at sample 9988 is NOT an AC->PTM refclock switch as originally
# believed. The source file was created 16:03 on 2026-08-24 and holds
# 16325 samples at 1 Hz, so the capture ended ~20:35 -- before chronyd
# first started with the PTM refclock selected (~22:01). Corroborating:
# the segment means agree to 0.3 ns and the source has no step anywhere
# (a real switch shows ~376 ns -- the static EXTENDED-vs-PRECISE readout
# bias, see TC-ART-dpoll-5.log), and there is no TICC banner within the
# interval-mode data (the setup preamble holds several from mode changes;
# the board reprints it on any serial reopen). The companion
# segment, formerly TC-ART-ptm.log, is now TC-ART-ac2.log.
# Leftover Timestamp-mode rows from the source are excluded.
# Split performed 2026-08-25; header corrected later the same day.
# ============================================================================
#
# TAPR TICC Timestamping Counter
# Copyright 2016-2025 N8UR, K9TRV, NH6Z, WA8YWQ
# 
# #####################
# TICC Configuration: 
# Software Version: 20251215.1 (RELEASE)
# EEPROM Version: 13, Board Version: D
# Board Serial Number: 46F08E3E
# Measurement Mode: Time Interval ch0->ch1
# Timestamp Wrap: 0 (no wrap)
# Output Decimal Places: 11
# SyncMode: P
# Serial Baud Rate: 115200
# Channel Names: A/B (C)
# Poll Character: none
# Clock Speed: 10.000000 MHz
# Coarse tick: 100.000000 usec
# Cal Periods: 20
# Propagation Delay ps: 0 (ch0), 0 (ch1)
# Timeout: 0x05
# Time Dilation ps: 2500 (ch0), 2500 (ch1)
# fixedTime2 ps: 0 (ch0), 0 (ch1)
# FUDGE0 ps: 0 (ch0), 0 (ch1)
# #####################
# 
# Type any character for config menu
# ............................
# 
# time interval ch0->ch1 (seconds with 11 decimal places)
0.00000042600
0.00000045384
0.00000042451
0.00000042126
0.00000041678
0.00000042098
0.00000042043
0.00000041776
0.00000041413
0.00000041742
0.00000041765
0.00000041709
0.00000041465
0.00000041493
0.00000041971
0.00000041913
0.00000041925
0.00000041759
0.00000041891
0.00000041846
0.00000041790
0.00000041464
0.00000041342
0.00000041038
0.00000042933
0.00000042092
0.00000040762
0.00000042552
0.00000041715
0.00000043054
0.00000042336
0.00000042100
0.00000043650
0.00000043050
0.00000042318
0.00000042426
0.00000042139
0.00000041738
0.00000041905
0.00000042058
0.00000041792
0.00000042290
0.00000042301
0.00000042734
0.00000042820
0.00000040646
0.00000041695
0.00000042072
0.00000042530
0.00000043024
0.00000041797
0.00000043145
0.00000045205
0.00000044302
0.00000043739
0.00000043520
0.00000042802
0.00000042233
0.00000042438
0.00000042464
0.00000042286
0.00000042887
0.00000042830
0.00000042964
0.00000043709
0.00000043996
0.00000041737
0.00000042456
0.00000042763
0.00000043056
0.00000043126
0.00000041360
0.00000041704
0.00000041908
0.00000042714
0.00000040384
0.00000040980
0.00000041411
0.00000041189
0.00000040973
0.00000041088
0.00000040879
0.00000040737
0.00000042929
0.00000043119
0.00000043038
0.00000043036
0.00000043119
0.00000040614
0.00000040811
0.00000040939
0.00000041062
0.00000041531
0.00000041567
0.00000041462
0.00000040988
0.00000040423
0.00000039814
0.00000039233
0.00000038868
0.00000040697
0.00000042721
0.00000041864
0.00000041464
0.00000043041
0.00000042048
0.00000041091
0.00000043384
0.00000042399
0.00000041655
0.00000043569
0.00000043005
0.00000042212
0.00000041214
0.00000042607
0.00000040987
0.00000042230
0.00000040822
0.00000042297
0.00000042712
0.00000040462
0.00000040756
0.00000041958
0.00000042422
0.00000042051
0.00000041943
0.00000042489
0.00000042408
0.00000042332
0.00000041929
0.00000040948
0.00000043194
0.00000042738
0.00000042295
0.00000041618
0.00000041124
0.00000043205
0.00000041871
0.00000041433
0.00000041195
0.00000043537
0.00000043728
0.00000044239
0.00000041832
0.00000042758
0.00000042982
0.00000040928
0.00000040804
0.00000040518
0.00000040845
0.00000040858
0.00000041058
0.00000041832
0.00000041767
0.00000041767
0.00000042031
0.00000041558
0.00000041041
0.00000040392
0.00000039815
0.00000039085
0.00000040811
0.00000039762
0.00000041821
0.00000041094
0.00000042935
0.00000042057
0.00000041309
0.00000043274
0.00000043394
0.00000042965
0.00000042485
0.00000041996
0.00000041677
0.00000041311
0.00000041322
0.00000043412
0.00000042902
0.00000042980
0.00000042710
0.00000042462
0.00000042153
0.00000040933
0.00000039776
0.00000041087
0.00000039014
0.00000040136
0.00000040368
0.00000041590
0.00000042577
0.00000041494
0.00000042675
0.00000044730
0.00000043826
0.00000043255
0.00000041954
0.00000040904
0.00000042879
0.00000041537
0.00000043477
0.00000042119
0.00000040721
0.00000042365
0.00000040675
0.00000041770
0.00000041140
0.00000042741
0.00000042716
0.00000042637
0.00000046237
0.00000044593
0.00000043974
0.00000045790
0.00000042675
0.00000043132
0.00000043482
0.00000044260
0.00000045522
0.00000043835
0.00000045136
0.00000044274
0.00000043393
0.00000042772
0.00000042726
0.00000042079
0.00000043955
0.00000043523
0.00000043044
0.00000043459
0.00000043366
0.00000042902
0.00000043339
0.00000040893
0.00000040894
0.00000040857
0.00000040751
0.00000042592
0.00000041785
0.00000041176
0.00000039797
0.00000040750
0.00000042147
0.00000040480
0.00000042058
0.00000043505
0.00000042750
0.00000041407
0.00000040393
0.00000042757
0.00000042149
0.00000044843
0.00000044370
0.00000042053
0.00000042579
0.00000043560
0.00000045023
0.00000043228
0.00000042001
0.00000040395
0.00000041835
0.00000042677
0.00000040944
0.00000041744
0.00000040522
0.00000041646
0.00000043251
0.00000041776
0.00000043536
0.00000042115
0.00000043161
0.00000042260
0.00000043491
0.00000042096
0.00000041062
0.00000042120
0.00000041176
0.00000042276
0.00000041171
0.00000042326
0.00000040964
0.00000041682
0.00000040476
0.00000041261
0.00000042206
0.00000041127
0.00000041743
0.00000040504
0.00000041362
0.00000042569
0.00000040333
0.00000041143
0.00000041243
0.00000041706
0.00000041323
0.00000041235
0.00000040516
0.00000040359
0.00000042141
0.00000041703
0.00000040909
0.00000040823
0.00000043446
0.00000043277
0.00000043489
0.00000042983
0.00000042943
0.00000043315
0.00000043463
0.00000044186
0.00000044540
0.00000041919
0.00000042477
0.00000042575
0.00000040512
0.00000041762
0.00000042600
0.00000043130
0.00000043335
0.00000040778
0.00000041045
0.00000041436
0.00000041883
0.00000042846
0.00000040750
0.00000041226
0.00000041461
0.00000041444
0.00000041662
0.00000041934
0.00000042654
0.00000042643
0.00000042741
0.00000042744
0.00000042790
0.00000042546
0.00000042901
0.00000039935
0.00000040306
0.00000042958
0.00000043529
0.00000043657
0.00000044532
0.00000042424
0.00000043497
0.00000044029
0.00000042676
0.00000043839
0.00000043200
0.00000042365
0.00000045222
0.00000045212
0.00000042794
0.00000043791
0.00000044733
0.00000043178
0.00000042422
0.00000043683
0.00000042345
0.00000041760
0.00000043676
0.00000043396
0.00000043720
0.00000043828
0.00000044621
0.00000042778
0.00000043694
0.00000042212
0.00000043168
0.00000041617
0.00000041854
0.00000041823
0.00000041642
0.00000041289
0.00000040502
0.00000039487
0.00000041073
0.00000040264
0.00000041465
0.00000042780
0.00000041319
0.00000042533
0.00000041516
0.00000043126
0.00000041872
0.00000043206
0.00000042057
0.00000040199
0.00000040560
0.00000040827
0.00000041028
0.00000041305
0.00000042265
0.00000043258
0.00000044184
0.00000042405
0.00000041755
0.00000043324
0.00000042978
0.00000042461
0.00000045168
0.00000042404
0.00000043015
0.00000043009
0.00000043653
0.00000041209
0.00000041772
0.00000041966
0.00000042429
0.00000039959
0.00000040178
0.00000041373
0.00000042374
0.00000043013
0.00000043850
0.00000042564
0.00000043996
0.00000042711
0.00000041652
0.00000041339
0.00000043620
0.00000043370
0.00000043749
0.00000043996
0.00000041664
0.00000042776
0.00000043612
0.00000042577
0.00000043807
0.00000043072
0.00000041885
0.00000043080
0.00000041874
0.00000041625
0.00000043471
0.00000042601
0.00000042676
0.00000042486
0.00000042217
0.00000042212
0.00000042438
0.00000043170
0.00000043449
0.00000044246
0.00000042437
0.00000043922
0.00000042567
0.00000043865
0.00000042528
0.00000041225
0.00000043100
0.00000042141
0.00000044367
0.00000044192
0.00000044001
0.00000041080
0.00000040702
0.00000040467
0.00000042854
0.00000042662
0.00000042206
0.00000042289
0.00000042233
0.00000042131
0.00000042566
0.00000043082
0.00000043609
0.00000044708
0.00000042609
0.00000043160
0.00000043947
0.00000042473
0.00000043922
0.00000042482
0.00000041241
0.00000043322
0.00000042366
0.00000042110
0.00000044672
0.00000044003
0.00000041271
0.00000043373
0.00000043797
0.00000044233
0.00000044814
0.00000043261
0.00000043908
0.00000043119
0.00000042599
0.00000044329
0.00000043965
0.00000044451
0.00000042377
0.00000042722
0.00000043722
0.00000041684
0.00000042539
0.00000042954
0.00000041471
0.00000041967
0.00000043101
0.00000041492
0.00000043265
0.00000041585
0.00000042992
0.00000041364
0.00000042281
0.00000041343
0.00000043319
0.00000042181
0.00000041118
0.00000043031
0.00000041932
0.00000043774
0.00000042502
0.00000041266
0.00000043085
0.00000041710
0.00000042868
0.00000041638
0.00000042261
0.00000040123
0.00000040691
0.00000041149
0.00000042060
0.00000042391
0.00000042273
0.00000042256
0.00000041633
0.00000041626
0.00000041102
0.00000040821
0.00000043666
0.00000043897
0.00000040742
0.00000040673
0.00000040089
0.00000042652
0.00000042556
0.00000042318
0.00000042439
0.00000043006
0.00000042958
0.00000043206
0.00000042903
0.00000043293
0.00000043295
0.00000043514
0.00000043127
0.00000042986
0.00000043021
0.00000043363
0.00000043207
0.00000043678
0.00000044139
0.00000044213
0.00000042151
0.00000042287
0.00000043210
0.00000043831
0.00000042653
0.00000043626
0.00000042775
0.00000041790
0.00000043871
0.00000043368
0.00000042269
0.00000042129
0.00000041830
0.00000043935
0.00000044238
0.00000044266
0.00000042191
0.00000042855
0.00000042783
0.00000043122
0.00000043122
0.00000040919
0.00000041363
0.00000041595
0.00000042071
0.00000042596
0.00000042632
0.00000043108
0.00000043103
0.00000041079
0.00000040936
0.00000041016
0.00000041413
0.00000041503
0.00000040919
0.00000040271
0.00000042875
0.00000042453
0.00000041899
0.00000041282
0.00000041156
0.00000040624
0.00000043327
0.00000043269
0.00000043540
0.00000044617
0.00000042683
0.00000043734
0.00000042103
0.00000042929
0.00000042023
0.00000043277
0.00000041916
0.00000043616
0.00000042819
0.00000041142
0.00000042383
0.00000040579
0.00000040585
0.00000041222
0.00000041698
0.00000042759
0.00000043327
0.00000041769
0.00000043008
0.00000041206
0.00000041854
0.00000042773
0.00000040742
0.00000042114
0.00000043082
0.00000041444
0.00000042738
0.00000040900
0.00000042125
0.00000042848
0.00000041488
0.00000042144
0.00000043219
0.00000041874
0.00000043023
0.00000041618
0.00000042684
0.00000044335
0.00000043270
0.00000044547
0.00000042282
0.00000040955
0.00000042283
0.00000040709
0.00000041572
0.00000041674
0.00000042159
0.00000042019
0.00000041080
0.00000040502
0.00000038977
0.00000039917
0.00000040496
0.00000040624
0.00000040791
0.00000040495
0.00000040173
0.00000038840
0.00000040254
0.00000041723
0.00000040392
0.00000041361
0.00000041861
0.00000039270
0.00000040147
0.00000040073
0.00000040628
0.00000040454
0.00000039781
0.00000041185
0.00000040130
0.00000041436
0.00000039858
0.00000040220
0.00000040319
0.00000040569
0.00000040366
0.00000040293
0.00000040328
0.00000042670
0.00000041838
0.00000041163
0.00000039517
0.00000040402
0.00000040730
0.00000041032
0.00000040482
0.00000040102
0.00000041546
0.00000040669
0.00000042327
0.00000041906
0.00000040667
0.00000042194
0.00000041335
0.00000043017
0.00000042519
0.00000041374
0.00000040223
0.00000041653
0.00000040459
0.00000042752
0.00000041347
0.00000040834
0.00000042337
0.00000041354
0.00000041025
0.00000042802
0.00000041962
0.00000042122
0.00000042444
0.00000043872
0.00000044776
0.00000044076
0.00000043131
0.00000042541
0.00000041165
0.00000042566
0.00000041448
0.00000042399
0.00000040778
0.00000041973
0.00000043096
0.00000041194
0.00000042342
0.00000040856
0.00000041995
0.00000040644
0.00000041816
0.00000043458
0.00000041911
0.00000043668
0.00000043120
0.00000045004
0.00000044667
0.00000043733
0.00000043649
0.00000043267
0.00000043493
0.00000043484
0.00000043529
0.00000041006
0.00000041669
0.00000041688
0.00000041778
0.00000041676
0.00000041297
0.00000041070
0.00000040227
0.00000038938
0.00000040132
0.00000041194
0.00000042083
0.00000039978
0.00000040208
0.00000040728
0.00000040795
0.00000040919
0.00000040815
0.00000040646
0.00000040643
0.00000041050
0.00000043306
0.00000043053
0.00000042334
0.00000042163
0.00000041613
0.00000041103
0.00000041268
0.00000043740
0.00000043640
0.00000044172
0.00000044306
0.00000041854
0.00000042953
0.00000043564
0.00000041947
0.00000042238
0.00000042479
0.00000039829
0.00000039787
0.00000039727
0.00000042240
0.00000042036
0.00000041767
0.00000040917
0.00000040420
0.00000040389
0.00000042457
0.00000042092
0.00000042006
0.00000042217
0.00000042566
0.00000042897
0.00000043283
0.00000043764
0.00000040913
0.00000041237
0.00000041687
0.00000041928
0.00000042721
0.00000042927
0.00000043547
0.00000043940
0.00000041733
0.00000042347
0.00000042936
0.00000043924
0.00000041744
0.00000041897
0.00000041648
0.00000041254
0.00000040841
0.00000040149
0.00000041598
0.00000040072
0.00000041218
0.00000042249
0.00000040463
0.00000040653
0.00000041198
0.00000041543
0.00000041548
0.00000041721
0.00000041118
0.00000040676
0.00000039706
0.00000040648
0.00000038513
0.00000038950
0.00000041517
0.00000040782
0.00000040916
0.00000042973
0.00000042671
0.00000041654
0.00000040625
0.00000039980
0.00000041505
0.00000043428
0.00000041957
0.00000040865
0.00000041242
0.00000041677
0.00000042382
0.00000039845
0.00000042834
0.00000040658
0.00000041566
0.00000041802
0.00000042051
0.00000042132
0.00000041964
0.00000042067
0.00000041383
0.00000040061
0.00000038355
0.00000038923
0.00000039321
0.00000040005
0.00000042459
0.00000042245
0.00000041589
0.00000041108
0.00000040572
0.00000042617
0.00000042643
0.00000041983
0.00000041333
0.00000040807
0.00000043028
0.00000042464
0.00000042161
0.00000042298
0.00000042444
0.00000042861
0.00000043982
0.00000042164
0.00000042933
0.00000043818
0.00000042616
0.00000041431
0.00000043341
0.00000042785
0.00000042885
0.00000042624
0.00000042774
0.00000044274
0.00000043178
0.00000044873
0.00000043441
0.00000042195
0.00000044085
0.00000043024
0.00000041164
0.00000041920
0.00000039425
0.00000039843
0.00000039972
0.00000042924
0.00000040072
0.00000040170
0.00000040322
0.00000042514
0.00000042456
0.00000041948
0.00000042069
0.00000042597
0.00000042541
0.00000042529
0.00000041904
0.00000041347
0.00000041352
0.00000041043
0.00000041381
0.00000040996
0.00000040501
0.00000043423
0.00000043429
0.00000043516
0.00000043764
0.00000043684
0.00000041930
0.00000042359
0.00000042602
0.00000042663
0.00000040158
0.00000040196
0.00000040215
0.00000040693
0.00000040412
0.00000040116
0.00000042605
0.00000042862
0.00000042605
0.00000043109
0.00000043870
0.00000044364
0.00000042720
0.00000043606
0.00000041210
0.00000041906
0.00000043102
0.00000041327
0.00000042325
0.00000043122
0.00000041309
0.00000041894
0.00000040098
0.00000041077
0.00000042632
0.00000044643
0.00000043479
0.00000042522
0.00000041490
0.00000043302
0.00000042639
0.00000042407
0.00000042828
0.00000042961
0.00000043905
0.00000042257
0.00000044301
0.00000043145
0.00000042001
0.00000044233
0.00000043414
0.00000043284
0.00000043048
0.00000043083
0.00000043175
0.00000043449
0.00000044348
0.00000041737
0.00000042314
0.00000042782
0.00000043560
0.00000041988
0.00000043999
0.00000043184
0.00000042417
0.00000042407
0.00000044843
0.00000044843
0.00000042359
0.00000042992
0.00000041341
0.00000041902
0.00000042860
0.00000041697
0.00000042951
0.00000042233
0.00000043744
0.00000043354
0.00000042613
0.00000042371
0.00000041897
0.00000042145
0.00000041755
0.00000041957
0.00000042190
0.00000042950
0.00000043477
0.00000042130
0.00000042825
0.00000041449
0.00000042281
0.00000042792
0.00000040867
0.00000042057
0.00000042631
0.00000043152
0.00000040852
0.00000041059
0.00000041961
0.00000042136
0.00000039685
0.00000039760
0.00000040231
0.00000043243
0.00000044087
0.00000042413
0.00000043853
0.00000042749
0.00000041415
0.00000042557
0.00000041074
0.00000042150
0.00000040018
0.00000040205
0.00000040110
0.00000039744
0.00000039537
0.00000042089
0.00000042096
0.00000041874
0.00000041768
0.00000041819
0.00000041775
0.00000041457
0.00000041312
0.00000041711
0.00000041699
0.00000041788
0.00000042032
0.00000042522
0.00000042622
0.00000042989
0.00000041453
0.00000042264
0.00000043742
0.00000044787
0.00000043677
0.00000042061
0.00000043748
0.00000042472
0.00000041443
0.00000042455
0.00000041821
0.00000043438
0.00000043235
0.00000042551
0.00000042367
0.00000041792
0.00000041856
0.00000041763
0.00000041730
0.00000041939
0.00000041795
0.00000042194
0.00000042953
0.00000043115
0.00000041506
0.00000042186
0.00000043403
0.00000041231
0.00000042409
0.00000043160
0.00000041853
0.00000042753
0.00000044282
0.00000043710
0.00000044078
0.00000044177
0.00000042570
0.00000044468
0.00000044316
0.00000044553
0.00000044431
0.00000045249
0.00000043945
0.00000045471
0.00000045208
0.00000045116
0.00000045237
0.00000043632
0.00000044857
0.00000043918
0.00000044961
0.00000043816
0.00000042483
0.00000043028
0.00000041113
0.00000041163
0.00000041106
0.00000040395
0.00000040200
0.00000041783
0.00000041238
0.00000040319
0.00000042074
0.00000041096
0.00000042018
0.00000040817
0.00000042293
0.00000041221
0.00000042278
0.00000041404
0.00000043349
0.00000043056
0.00000042179
0.00000044497
0.00000044235
0.00000043714
0.00000043796
0.00000043459
0.00000044020
0.00000041939
0.00000042010
0.00000042533
0.00000042771
0.00000043833
0.00000042079
0.00000042910
0.00000043098
0.00000040611
0.00000041005
0.00000041025
0.00000040631
0.00000041641
0.00000042398
0.00000043084
0.00000043979
0.00000042173
0.00000042853
0.00000040951
0.00000041957
0.00000043056
0.00000041643
0.00000043320
0.00000042279
0.00000043988
0.00000043453
0.00000042345
0.00000042043
0.00000041391
0.00000043546
0.00000043562
0.00000043711
0.00000043903
0.00000042260
0.00000042465
0.00000042670
0.00000041369
0.00000042062
0.00000043066
0.00000041810
0.00000043079
0.00000041977
0.00000041747
0.00000044664
0.00000044919
0.00000045666
0.00000043262
0.00000043195
0.00000041323
0.00000041410
0.00000042591
0.00000043671
0.00000045841
0.00000045367
0.00000045922
0.00000043684
0.00000044532
0.00000043849
0.00000043119
0.00000045500
0.00000044491
0.00000043693
0.00000042753
0.00000042544
0.00000041982
0.00000041850
0.00000041105
0.00000043121
0.00000042354
0.00000041756
0.00000041168
0.00000040170
0.00000042842
0.00000043182
0.00000043471
0.00000044256
0.00000043560
0.00000046312
0.00000046316
0.00000044303
0.00000042328
0.00000043237
0.00000042295
0.00000044362
0.00000044502
0.00000044608
0.00000044770
0.00000043147
0.00000043908
0.00000042527
0.00000044283
0.00000044353
0.00000044045
0.00000044050
0.00000044576
0.00000043611
0.00000044936
0.00000043760
0.00000043062
0.00000043028
0.00000043861
0.00000044617
0.00000043178
0.00000042424
0.00000044859
0.00000045048
0.00000044991
0.00000043129
0.00000044450
0.00000043278
0.00000045125
0.00000044502
0.00000043703
0.00000042435
0.00000042016
0.00000041856
0.00000044342
0.00000044242
0.00000041224
0.00000040753
0.00000040052
0.00000039593
0.00000040820
0.00000039459
0.00000040389
0.00000041047
0.00000041687
0.00000042019
0.00000041769
0.00000041349
0.00000040461
0.00000040025
0.00000041610
0.00000040579
0.00000041833
0.00000039983
0.00000040572
0.00000040625
0.00000040584
0.00000040836
0.00000040825
0.00000040389
0.00000039865
0.00000041864
0.00000041589
0.00000040865
0.00000042703
0.00000041841
0.00000040333
0.00000040862
0.00000038572
0.00000037997
0.00000039925
0.00000039065
0.00000040375
0.00000041429
0.00000039712
0.00000040066
0.00000040066
0.00000040195
0.00000039595
0.00000041087
0.00000039685
0.00000040742
0.00000041429
0.00000042154
0.00000040126
0.00000041034
0.00000040697
0.00000040642
0.00000040749
0.00000039718
0.00000038980
0.00000041157
0.00000040994
0.00000043546
0.00000043251
0.00000043134
0.00000042653
0.00000042780
0.00000043469
0.00000044450
0.00000042927
0.00000044252
0.00000043564
0.00000042876
0.00000042765
0.00000042455
0.00000042465
0.00000042873
0.00000044253
0.00000042881
0.00000042188
0.00000043813
0.00000040274
0.00000041795
0.00000041395
0.00000043696
0.00000043431
0.00000043667
0.00000043205
0.00000043780
0.00000043689
0.00000041144
0.00000039270
0.00000039364
0.00000036347
0.00000038439
0.00000040908
0.00000042842
0.00000042025
0.00000043354
0.00000041959
0.00000040463
0.00000041323
0.00000042143
0.00000040300
0.00000038982
0.00000040728
0.00000039394
0.00000041047
0.00000043753
0.00000043966
0.00000046742
0.00000044967
0.00000042535
0.00000043174
0.00000043448
0.00000040943
0.00000041032
0.00000038631
0.00000041801
0.00000041825
0.00000042382
0.00000041945
0.00000041646
0.00000041811
0.00000040849
0.00000039811
0.00000040767
0.00000038885
0.00000039769
0.00000041142
0.00000041596
0.00000041863
0.00000040044
0.00000040111
0.00000039973
0.00000039701
0.00000042019
0.00000041796
0.00000041912
0.00000041427
0.00000041021
0.00000040801
0.00000040243
0.00000042873
0.00000042542
0.00000042318
0.00000041893
0.00000041511
0.00000041046
0.00000040672
0.00000043415
0.00000043096
0.00000042489
0.00000041838
0.00000041290
0.00000041340
0.00000040471
0.00000042062
0.00000040836
0.00000038969
0.00000039648
0.00000039527
0.00000039598
0.00000039976
0.00000041981
0.00000041101
0.00000040231
0.00000041511
0.00000040391
0.00000040891
0.00000041245
0.00000041139
0.00000040826
0.00000040526
0.00000040032
0.00000041967
0.00000041174
0.00000040594
0.00000042035
0.00000041875
0.00000043599
0.00000042457
0.00000041312
0.00000042999
0.00000042234
0.00000041153
0.00000042682
0.00000041606
0.00000042816
0.00000041522
0.00000042217
0.00000040129
0.00000040427
0.00000041114
0.00000040913
0.00000040910
0.00000040345
0.00000039799
0.00000039146
0.00000041544
0.00000040725
0.00000039759
0.00000041281
0.00000040039
0.00000041459
0.00000042240
0.00000040247
0.00000040635
0.00000040995
0.00000041293
0.00000041421
0.00000041590
0.00000041532
0.00000041596
0.00000041059
0.00000040740
0.00000040253
0.00000042196
0.00000042075
0.00000041059
0.00000042745
0.00000041891
0.00000041231
0.00000043586
0.00000043166
0.00000042775
0.00000042772
0.00000042297
0.00000042630
0.00000042650
0.00000043250
0.00000043437
0.00000041661
0.00000042641
0.00000043642
0.00000042579
0.00000044155
0.00000042649
0.00000042333
0.00000044074
0.00000044489
0.00000044160
0.00000044706
0.00000043066
0.00000044529
0.00000043667
0.00000042688
0.00000041724
0.00000043442
0.00000042674
0.00000042142
0.00000041685
0.00000044223
0.00000044376
0.00000044243
0.00000044770
0.00000042596
0.00000043336
0.00000044204
0.00000041649
0.00000041840
0.00000042572
0.00000042471
0.00000042639
0.00000039293
0.00000038484
0.00000041076
0.00000040555
0.00000042838
0.00000042250
0.00000041631
0.00000043688
0.00000043216
0.00000043362
0.00000042939
0.00000041890
0.00000041786
0.00000041201
0.00000043452
0.00000042927
0.00000042256
0.00000042173
0.00000041111
0.00000040477
0.00000041960
0.00000040990
0.00000042062
0.00000040716
0.00000041438
0.00000039485
0.00000040470
0.00000041601
0.00000041862
0.00000042512
0.00000042743
0.00000041193
0.00000041998
0.00000042993
0.00000044166
0.00000042281
0.00000043353
0.00000041288
0.00000042588
0.00000044199
0.00000042745
0.00000042352
0.00000042486
0.00000043063
0.00000043362
0.00000044290
0.00000042828
0.00000043788
0.00000042703
0.00000041582
0.00000043190
0.00000042077
0.00000043403
0.00000041390
0.00000042411
0.00000040615
0.00000040663
0.00000040776
0.00000039946
0.00000039435
0.00000040854
0.00000039709
0.00000040609
0.00000042088
0.00000042988
0.00000041337
0.00000041569
0.00000041843
0.00000041449
0.00000041817
0.00000041564
0.00000041391
0.00000042117
0.00000042108
0.00000042588
0.00000042809
0.00000043472
0.00000043241
0.00000040180
0.00000039185
0.00000040727
0.00000040377
0.00000042212
0.00000041328
0.00000042883
0.00000043055
0.00000043091
0.00000042965
0.00000042864
0.00000040522
0.00000041130
0.00000041054
0.00000041224
0.00000041839
0.00000041876
0.00000042080
0.00000042286
0.00000042517
0.00000043187
0.00000043250
0.00000043125
0.00000043353
0.00000043452
0.00000043529
0.00000041376
0.00000041419
0.00000041841
0.00000042081
0.00000042279
0.00000043067
0.00000043551
0.00000044490
0.00000042415
0.00000043458
0.00000043838
0.00000041964
0.00000042289
0.00000040424
0.00000040802
0.00000041488
0.00000042536
0.00000043243
0.00000040689
0.00000041211
0.00000041601
0.00000042822
0.00000044199
0.00000043645
0.00000042838
0.00000043045
0.00000044464
0.00000046164
0.00000045443
0.00000046051
0.00000044465
0.00000045998
0.00000045457
0.00000045526
0.00000044086
0.00000045529
0.00000044193
0.00000043960
0.00000044423
0.00000045267
0.00000043851
0.00000045138
0.00000044922
0.00000044790
0.00000041972
0.00000041411
0.00000041565
0.00000041294
0.00000041038
0.00000040715
0.00000042938
0.00000042214
0.00000041868
0.00000041593
0.00000041198
0.00000043044
0.00000042153
0.00000040635
0.00000039535
0.00000041389
0.00000040405
0.00000042034
0.00000043763
0.00000042741
0.00000041794
0.00000042795
0.00000041696
0.00000040709
0.00000042224
0.00000041000
0.00000042430
0.00000041151
0.00000042693
0.00000041549
0.00000042947
0.00000041379
0.00000039637
0.00000040106
0.00000040547
0.00000040805
0.00000040731
0.00000040489
0.00000040072
0.00000039529
0.00000041152
0.00000039632
0.00000040364
0.00000041153
0.00000041440
0.00000041861
0.00000041782
0.00000041353
0.00000040715
0.00000039956
0.00000041291
0.00000039712
0.00000040393
0.00000040852
0.00000040964
0.00000040727
0.00000039985
0.00000038890
0.00000040590
0.00000041502
0.00000040307
0.00000041362
0.00000042200
0.00000039658
0.00000040469
0.00000040839
0.00000040760
0.00000041025
0.00000041558
0.00000042135
0.00000042351
0.00000042381
0.00000043016
0.00000043335
0.00000040475
0.00000040833
0.00000040208
0.00000039917
0.00000039563
0.00000041340
0.00000040634
0.00000040670
0.00000043363
0.00000042907
0.00000042982
0.00000042682
0.00000042771
0.00000042557
0.00000042845
0.00000043026
0.00000042696
0.00000043031
0.00000042621
0.00000042407
0.00000041898
0.00000040300
0.00000038751
0.00000039142
0.00000040081
0.00000040470
0.00000041126
0.00000040878
0.00000040337
0.00000039031
0.00000040209
0.00000039539
0.00000040667
0.00000040871
0.00000040453
0.00000040224
0.00000039671
0.00000041147
0.00000042735
0.00000040728
0.00000041265
0.00000041526
0.00000041211
0.00000041218
0.00000041141
0.00000041386
0.00000041416
0.00000040689
0.00000040264
0.00000039025
0.00000039726
0.00000040690
0.00000041188
0.00000041584
0.00000041728
0.00000041370
0.00000041526
0.00000041831
0.00000041868
0.00000041764
0.00000041476
0.00000041395
0.00000041251
0.00000041066
0.00000040774
0.00000040255
0.00000042214
0.00000040939
0.00000040606
0.00000041851
0.00000040186
0.00000040543
0.00000042044
0.00000042347
0.00000040248
0.00000040762
0.00000040949
0.00000040798
0.00000040225
0.00000041694
0.00000040659
0.00000042164
0.00000040905
0.00000041290
0.00000039281
0.00000039902
0.00000040270
0.00000040960
0.00000041653
0.00000042391
0.00000042827
0.00000041334
0.00000042543
0.00000043424
0.00000042284
0.00000044049
0.00000043264
0.00000042762
0.00000042634
0.00000044661
0.00000042525
0.00000043428
0.00000045223
0.00000044471
0.00000044046
0.00000044142
0.00000044855
0.00000043021
0.00000043852
0.00000041891
0.00000042436
0.00000043136
0.00000040842
0.00000040973
0.00000040941
0.00000040431
0.00000039850
0.00000041275
0.00000039958
0.00000040924
0.00000038646
0.00000039253
0.00000039759
0.00000039822
0.00000042415
0.00000041983
0.00000041256
0.00000039979
0.00000041641
0.00000040498
0.00000041758
0.00000040125
0.00000041361
0.00000042469
0.00000040322
0.00000041264
0.00000042275
0.00000040616
0.00000040585
0.00000040965
0.00000040684
0.00000040629
0.00000040567
0.00000040015
0.00000042314
0.00000041271
0.00000040382
0.00000041710
0.00000039772
0.00000040951
0.00000041402
0.00000042336
0.00000042623
0.00000040296
0.00000039719
0.00000039390
0.00000040900
0.00000039603
0.00000040822
0.00000039796
0.00000040836
0.00000042478
0.00000040765
0.00000041744
0.00000042135
0.00000039408
0.00000039276
0.00000042292
0.00000042024
0.00000041726
0.00000041402
0.00000040710
0.00000039536
0.00000041240
0.00000039765
0.00000040673
0.00000041842
0.00000040060
0.00000040985
0.00000042222
0.00000043149
0.00000042096
0.00000043958
0.00000042885
0.00000042714
0.00000042171
0.00000041921
0.00000041871
0.00000041913
0.00000042862
0.00000044268
0.00000043509
0.00000045608
0.00000045583
0.00000042916
0.00000042880
0.00000042544
0.00000042153
0.00000042033
0.00000042060
0.00000042232
0.00000042605
0.00000042957
0.00000043606
0.00000044869
0.00000044279
0.00000043451
0.00000042251
0.00000041254
0.00000043192
0.00000042534
0.00000042341
0.00000044452
0.00000044685
0.00000042788
0.00000043302
0.00000042401
0.00000044177
0.00000043012
0.00000042468
0.00000044540
0.00000043841
0.00000042850
0.00000042334
0.00000041515
0.00000043122
0.00000041555
0.00000040518
0.00000042017
0.00000040782
0.00000041477
0.00000042732
0.00000041382
0.00000042233
0.00000040921
0.00000042233
0.00000042738
0.00000041217
0.00000042145
0.00000042748
0.00000041070
0.00000041704
0.00000042155
0.00000041988
0.00000042271
0.00000042474
0.00000042125
0.00000042054
0.00000041954
0.00000041339
0.00000041075
0.00000040477
0.00000042147
0.00000041712
0.00000040914
0.00000040710
0.00000042656
0.00000042737
0.00000042303
0.00000042537
0.00000042351
0.00000042842
0.00000043364
0.00000043448
0.00000043877
0.00000044512
0.00000042433
0.00000043376
0.00000041819
0.00000042770
0.00000040610
0.00000042053
0.00000043092
0.00000041726
0.00000042972
0.00000041719
0.00000043051
0.00000041620
0.00000042658
0.00000041068
0.00000042015
0.00000042904
0.00000041119
0.00000041128
0.00000041199
0.00000040674
0.00000039732
0.00000041126
0.00000039420
0.00000040318
0.00000041356
0.00000042331
0.00000043002
0.00000041925
0.00000043499
0.00000042425
0.00000044094
0.00000043642
0.00000043642
0.00000043949
0.00000044024
0.00000041369
0.00000041728
0.00000042186
0.00000042856
0.00000044194
0.00000042652
0.00000045095
0.00000044880
0.00000045021
0.00000045356
0.00000043699
0.00000044818
0.00000043482
0.00000042176
0.00000043574
0.00000042660
0.00000042029
0.00000043520
0.00000042726
0.00000041721
0.00000040917
0.00000042376
0.00000041554
0.00000043466
0.00000042835
0.00000042298
0.00000041240
0.00000043437
0.00000043713
0.00000042950
0.00000042620
0.00000043134
0.00000042885
0.00000042663
0.00000042083
0.00000041551
0.00000041561
0.00000042104
0.00000042242
0.00000042692
0.00000043623
0.00000042637
0.00000043926
0.00000043351
0.00000042638
0.00000042196
0.00000041208
0.00000043422
0.00000042619
0.00000041929
0.00000041303
0.00000041276
0.00000043989
0.00000043818
0.00000043760
0.00000043915
0.00000042306
0.00000042898
0.00000043888
0.00000042705
0.00000041807
0.00000043419
0.00000043131
0.00000042123
0.00000041275
0.00000042962
0.00000041820
0.00000040351
0.00000041715
0.00000042958
0.00000041592
0.00000042674
0.00000041097
0.00000042187
0.00000040522
0.00000041392
0.00000042294
0.00000042248
0.00000040106
0.00000040325
0.00000040596
0.00000042999
0.00000043338
0.00000041078
0.00000041112
0.00000040511
0.00000040235
0.00000042388
0.00000041841
0.00000040652
0.00000042475
0.00000041152
0.00000040052
0.00000041426
0.00000042123
0.00000040194
0.00000040248
0.00000040550
0.00000040688
0.00000040116
0.00000042361
0.00000041466
0.00000040218
0.00000041795
0.00000040152
0.00000041041
0.00000041176
0.00000041346
0.00000041388
0.00000041876
0.00000041521
0.00000041833
0.00000041864
0.00000041998
0.00000042473
0.00000042432
0.00000042357
0.00000042427
0.00000042540
0.00000043157
0.00000043276
0.00000044181
0.00000042407
0.00000044715
0.00000044016
0.00000044157
0.00000043864
0.00000044205
0.00000042012
0.00000042225
0.00000043160
0.00000043915
0.00000042684
0.00000043367
0.00000042471
0.00000043900
0.00000043508
0.00000043249
0.00000043033
0.00000042898
0.00000042797
0.00000042794
0.00000042924
0.00000042932
0.00000043222
0.00000043636
0.00000042001
0.00000042901
0.00000044188
0.00000043432
0.00000042439
0.00000044014
0.00000043715
0.00000042482
0.00000041895
0.00000043392
0.00000042045
0.00000041453
0.00000042628
0.00000041532
0.00000040038
0.00000041703
0.00000040309
0.00000041601
0.00000042491
0.00000041654
0.00000042725
0.00000041613
0.00000042420
0.00000040887
0.00000042838
0.00000042765
0.00000044716
0.00000044052
0.00000044114
0.00000043603
0.00000043109
0.00000042479
0.00000041787
0.00000040563
0.00000039814
0.00000042383
0.00000041659
0.00000040760
0.00000042810
0.00000041788
0.00000040665
0.00000042591
0.00000042776
0.00000042805
0.00000042960
0.00000043683
0.00000045059
0.00000043752
0.00000042233
0.00000043046
0.00000041359
0.00000042307
0.00000043120
0.00000041176
0.00000041923
0.00000042645
0.00000040834
0.00000041931
0.00000043468
0.00000042272
0.00000044522
0.00000044372
0.00000044394
0.00000044449
0.00000042670
0.00000043472
0.00000041363
0.00000042652
0.00000043910
0.00000042244
0.00000043382
0.00000042766
0.00000042184
0.00000043754
0.00000043519
0.00000043708
0.00000044005
0.00000044290
0.00000042763
0.00000044139
0.00000042914
0.00000044267
0.00000042761
0.00000042212
0.00000041687
0.00000043737
0.00000042915
0.00000042329
0.00000041705
0.00000043783
0.00000043023
0.00000042949
0.00000042659
0.00000042115
0.00000041437
0.00000040646
0.00000042448
0.00000041499
0.00000043058
0.00000041307
0.00000042120
0.00000039956
0.00000040578
0.00000041209
0.00000042028
0.00000042931
0.00000043714
0.00000041931
0.00000043153
0.00000041699
0.00000042715
0.00000044153
0.00000043349
0.00000042738
0.00000042432
0.00000044176
0.00000040859
0.00000043905
0.00000044668
0.00000043844
0.00000045843
0.00000045324
0.00000045342
0.00000043921
0.00000046182
0.00000045520
0.00000045353
0.00000043616
0.00000044533
0.00000043965
0.00000046228
0.00000046688
0.00000045729
0.00000045262
0.00000045325
0.00000046291
0.00000045422
0.00000044624
0.00000044609
0.00000045177
0.00000043698
0.00000045498
0.00000045106
0.00000045191
0.00000045632
0.00000043879
0.00000042328
0.00000044078
0.00000042961
0.00000044510
0.00000043288
0.00000041909
0.00000043270
0.00000041841
0.00000040322
0.00000041574
0.00000042449
0.00000040331
0.00000040788
0.00000041165
0.00000038555
0.00000041105
0.00000040906
0.00000043054
0.00000041867
0.00000040079
0.00000041606
0.00000040145
0.00000041056
0.00000042275
0.00000040534
0.00000041003
0.00000041168
0.00000040892
0.00000039615
0.00000041286
0.00000040271
0.00000041685
0.00000043079
0.00000041309
0.00000041434
0.00000042068
0.00000040175
0.00000040610
0.00000040560
0.00000041049
0.00000041716
0.00000042458
0.00000042413
0.00000042714
0.00000040397
0.00000040414
0.00000040342
0.00000039682
0.00000042011
0.00000041479
0.00000040955
0.00000043112
0.00000042530
0.00000041857
0.00000040973
0.00000042437
0.00000041077
0.00000042742
0.00000041390
0.00000042558
0.00000041847
0.00000042918
0.00000041758
0.00000042453
0.00000040827
0.00000041409
0.00000042228
0.00000040066
0.00000040860
0.00000041034
0.00000041787
0.00000042438
0.00000043597
0.00000042477
0.00000043378
0.00000041807
0.00000042837
0.00000040623
0.00000041442
0.00000041521
0.00000041961
0.00000042222
0.00000041708
0.00000041632
0.00000041427
0.00000040132
0.00000041470
0.00000040463
0.00000042017
0.00000040808
0.00000041518
0.00000042525
0.00000041057
0.00000041350
0.00000042216
0.00000043233
0.00000041536
0.00000041863
0.00000042706
0.00000040756
0.00000040764
0.00000041244
0.00000041760
0.00000041750
0.00000042170
0.00000042697
0.00000042697
0.00000043492
0.00000041105
0.00000041549
0.00000042026
0.00000041863
0.00000042132
0.00000042056
0.00000041406
0.00000041476
0.00000040980
0.00000043965
0.00000044457
0.00000044244
0.00000044181
0.00000044089
0.00000043023
0.00000041935
0.00000040512
0.00000038502
0.00000039432
0.00000042479
0.00000043174
0.00000041368
0.00000041851
0.00000042711
0.00000040844
0.00000040882
0.00000041478
0.00000041873
0.00000041910
0.00000041845
0.00000042280
0.00000041949
0.00000041520
0.00000040881
0.00000042033
0.00000040381
0.00000041004
0.00000041288
0.00000041898
0.00000041802
0.00000041505
0.00000041207
0.00000041170
0.00000041034
0.00000044386
0.00000042270
0.00000042652
0.00000042818
0.00000040544
0.00000041127
0.00000041807
0.00000042290
0.00000042926
0.00000043820
0.00000041377
0.00000041352
0.00000041520
0.00000041690
0.00000042324
0.00000042378
0.00000042671
0.00000043225
0.00000041775
0.00000042346
0.00000042911
0.00000042051
0.00000043588
0.00000043294
0.00000042379
0.00000042294
0.00000041817
0.00000042021
0.00000041727
0.00000041954
0.00000041602
0.00000041884
0.00000041707
0.00000041851
0.00000042195
0.00000041847
0.00000041342
0.00000040399
0.00000039661
0.00000040815
0.00000039351
0.00000040266
0.00000041182
0.00000042084
0.00000040668
0.00000041466
0.00000043373
0.00000042356
0.00000043319
0.00000042211
0.00000041187
0.00000042299
0.00000040856
0.00000042038
0.00000040747
0.00000042188
0.00000043732
0.00000043133
0.00000042848
0.00000045137
0.00000044824
0.00000041878
0.00000041666
0.00000041305
0.00000043048
0.00000041654
0.00000040761
0.00000042516
0.00000041965
0.00000041290
0.00000040744
0.00000042579
0.00000042190
0.00000041248
0.00000043166
0.00000042239
0.00000041789
0.00000041356
0.00000043713
0.00000043603
0.00000043196
0.00000042742
0.00000042451
0.00000041919
0.00000041972
0.00000041778
0.00000041656
0.00000041675
0.00000041720
0.00000041097
0.00000040015
0.00000041836
0.00000040523
0.00000041560
0.00000040034
0.00000041072
0.00000042531
0.00000040920
0.00000042243
0.00000040841
0.00000042169
0.00000043733
0.00000042665
0.00000042037
0.00000043621
0.00000042783
0.00000044303
0.00000042985
0.00000042044
0.00000040323
0.00000040894
0.00000038936
0.00000039736
0.00000040170
0.00000040254
0.00000040771
0.00000041935
0.00000043063
0.00000044311
0.00000042711
0.00000041218
0.00000042546
0.00000041890
0.00000043411
0.00000042744
0.00000042485
0.00000042614
0.00000042681
0.00000043313
0.00000043716
0.00000041987
0.00000043016
0.00000043983
0.00000042584
0.00000044291
0.00000042661
0.00000041136
0.00000041882
0.00000039808
0.00000040886
0.00000041391
0.00000042029
0.00000043328
0.00000041145
0.00000041533
0.00000041707
0.00000041965
0.00000042303
0.00000041875
0.00000041605
0.00000041618
0.00000041960
0.00000041432
0.00000040749
0.00000040116
0.00000042334
0.00000041573
0.00000043482
0.00000042881
0.00000042411
0.00000041650
0.00000041020
0.00000043513
0.00000043126
0.00000042989
0.00000042382
0.00000042770
0.00000043080
0.00000043574
0.00000043548
0.00000043919
0.00000042097
0.00000042455
0.00000040201
0.00000040951
0.00000041487
0.00000042815
0.00000043918
0.00000042732
0.00000045036
0.00000044849
0.00000044540
0.00000042107
0.00000041885
0.00000042694
0.00000043560
0.00000044595
0.00000042622
0.00000044018
0.00000043444
0.00000043263
0.00000043473
0.00000043862
0.00000043950
0.00000044987
0.00000043717
0.00000042503
0.00000044130
0.00000042748
0.00000041741
0.00000043383
0.00000042541
0.00000041836
0.00000040899
0.00000043249
0.00000043249
0.00000043415
0.00000043352
0.00000044247
0.00000042751
0.00000043897
0.00000042715
0.00000041908
0.00000043271
0.00000042983
0.00000042367
0.00000041836
0.00000041393
0.00000044053
0.00000041226
0.00000041141
0.00000041034
0.00000043633
0.00000043820
0.00000043860
0.00000043324
0.00000043592
0.00000043220
0.00000042675
0.00000041846
0.00000041032
0.00000039788
0.00000040571
0.00000041757
0.00000040260
0.00000040172
0.00000040654
0.00000041152
0.00000041100
0.00000041806
0.00000041906
0.00000042425
0.00000042132
0.00000042173
0.00000041815
0.00000041698
0.00000041024
0.00000040699
0.00000042362
0.00000041356
0.00000040624
0.00000042229
0.00000040901
0.00000040088
0.00000041561
0.00000043317
0.00000042413
0.00000040765
0.00000042176
0.00000041024
0.00000042796
0.00000041577
0.00000042705
0.00000041726
0.00000042839
0.00000041702
0.00000043515
0.00000042887
0.00000041960
0.00000041060
0.00000042913
0.00000042168
0.00000042013
0.00000041708
0.00000044321
0.00000042497
0.00000042845
0.00000044069
0.00000042787
0.00000043774
0.00000042960
0.00000042172
0.00000041308
0.00000040973
0.00000043569
0.00000043557
0.00000046100
0.00000043724
0.00000044030
0.00000041766
0.00000042018
0.00000042380
0.00000042780
0.00000043147
0.00000043436
0.00000041143
0.00000041185
0.00000040913
0.00000040168
0.00000039449
0.00000038065
0.00000039552
0.00000037850
0.00000039251
0.00000039991
0.00000040692
0.00000041771
0.00000042229
0.00000042525
0.00000042897
0.00000043420
0.00000040962
0.00000040926
0.00000040325
0.00000039553
0.00000039008
0.00000040541
0.00000041699
0.00000043487
0.00000042914
0.00000042090
0.00000044553
0.00000044125
0.00000043784
0.00000043447
0.00000043095
0.00000042593
0.00000042235
0.00000042020
0.00000041468
0.00000041550
0.00000044487
0.00000045082
0.00000043254
0.00000044241
0.00000043125
0.00000042406
0.00000044722
0.00000044135
0.00000043485
0.00000040657
0.00000040609
0.00000042873
0.00000042696
0.00000042484
0.00000042347
0.00000039557
0.00000039667
0.00000039768
0.00000042398
0.00000042619
0.00000043406
0.00000043853
0.00000044136
0.00000044569
0.00000042636
0.00000044019
0.00000042335
0.00000043417
0.00000041867
0.00000042851
0.00000041365
0.00000042676
0.00000040719
0.00000041417
0.00000039445
0.00000037774
0.00000036166
0.00000037722
0.00000041711
0.00000045621
0.00000044241
0.00000042868
0.00000041574
0.00000043305
0.00000041964
0.00000040751
0.00000042243
0.00000041859
0.00000043401
0.00000042021
0.00000041098
0.00000041924
0.00000039977
0.00000040300
0.00000040981
0.00000041062
0.00000041509
0.00000041578
0.00000041595
0.00000042025
0.00000042041
0.00000042104
0.00000042024
0.00000042083
0.00000041902
0.00000041932
0.00000041519
0.00000041747
0.00000041292
0.00000041419
0.00000041203
0.00000041218
0.00000040448
0.00000040015
0.00000041794
0.00000040689
0.00000042859
0.00000042221
0.00000042163
0.00000041499
0.00000044117
0.00000044061
0.00000041834
0.00000041686
0.00000041943
0.00000042497
0.00000042728
0.00000043527
0.00000041708
0.00000042813
0.00000044721
0.00000043806
0.00000043640
0.00000043082
0.00000043528
0.00000043734
0.00000044373
0.00000042912
0.00000043793
0.00000043066
0.00000044659
0.00000044691
0.00000045057
0.00000042668
0.00000043455
0.00000041779
0.00000042390
0.00000043866
0.00000042657
0.00000044738
0.00000043659
0.00000043104
0.00000042365
0.00000042405
0.00000041919
0.00000042146
0.00000042087
0.00000042256
0.00000043162
0.00000043389
0.00000044033
0.00000042194
0.00000042687
0.00000043879
0.00000042097
0.00000043457
0.00000042246
0.00000043243
0.00000041932
0.00000043210
0.00000041574
0.00000043212
0.00000041483
0.00000043049
0.00000042204
0.00000043921
0.00000042391
0.00000041000
0.00000041646
0.00000040454
0.00000041450
0.00000042862
0.00000041434
0.00000042146
0.00000040501
0.00000040674
0.00000041088
0.00000040863
0.00000040882
0.00000040346
0.00000041875
0.00000041331
0.00000040510
0.00000042663
0.00000041483
0.00000042594
0.00000041569
0.00000040151
0.00000041176
0.00000041928
0.00000042459
0.00000040792
0.00000041174
0.00000041587
0.00000042460
0.00000043024
0.00000040802
0.00000041805
0.00000042619
0.00000043960
0.00000041960
0.00000042569
0.00000042854
0.00000039793
0.00000039148
0.00000041916
0.00000042158
0.00000042261
0.00000041926
0.00000040905
0.00000040118
0.00000042026
0.00000041347
0.00000040633
0.00000042611
0.00000041686
0.00000043220
0.00000042130
0.00000040735
0.00000042228
0.00000040751
0.00000039022
0.00000039719
0.00000039990
0.00000040327
0.00000040785
0.00000040413
0.00000040517
0.00000040590
0.00000042698
0.00000042815
0.00000042682
0.00000042173
0.00000042421
0.00000042327
0.00000042804
0.00000043033
0.00000043983
0.00000041748
0.00000042419
0.00000043074
0.00000040547
0.00000041091
0.00000041241
0.00000042064
0.00000042625
0.00000042752
0.00000040413
0.00000040143
0.00000039891
0.00000042042
0.00000041995
0.00000042197
0.00000042110
0.00000042113
0.00000042358
0.00000041999
0.00000042418
0.00000042326
0.00000042612
0.00000042993
0.00000040878
0.00000041025
0.00000040901
0.00000041314
0.00000041276
0.00000041815
0.00000042631
0.00000042709
0.00000043476
0.00000044114
0.00000041700
0.00000042349
0.00000042509
0.00000043113
0.00000040650
0.00000041027
0.00000040731
0.00000039979
0.00000039778
0.00000041527
0.00000040415
0.00000039848
0.00000041545
0.00000040476
0.00000042776
0.00000041896
0.00000043836
0.00000042843
0.00000041857
0.00000041542
0.00000040572
0.00000042576
0.00000041692
0.00000044221
0.00000044108
0.00000044875
0.00000043376
0.00000044204
0.00000043032
0.00000044869
0.00000043666
0.00000043169
0.00000042618
0.00000041942
0.00000041733
0.00000040892
0.00000043114
0.00000042334
0.00000042271
0.00000041528
0.00000040501
0.00000042710
0.00000041753
0.00000040889
0.00000039633
0.00000041785
0.00000041004
0.00000042794
0.00000042129
0.00000041725
0.00000043806
0.00000043452
0.00000043079
0.00000042896
0.00000042733
0.00000042374
0.00000042274
0.00000042076
0.00000042077
0.00000042147
0.00000042025
0.00000042216
0.00000041957
0.00000041220
0.00000039747
0.00000038527
0.00000040197
0.00000041229
0.00000039433
0.00000040009
0.00000040786
0.00000041391
0.00000042092
0.00000043089
0.00000041543
0.00000043091
0.00000041778
0.00000043207
0.00000041844
0.00000042970
0.00000041284
0.00000042255
0.00000043600
0.00000041789
0.00000042417
0.00000040521
0.00000041368
0.00000042737
0.00000040909
0.00000041773
0.00000043363
0.00000041737
0.00000042907
0.00000042345
0.00000044158
0.00000043918
0.00000043973
0.00000044815
0.00000043539
0.00000045696
0.00000045746
0.00000043379
0.00000043966
0.00000044908
0.00000043595
0.00000042682
0.00000045237
0.00000045327
0.00000043272
0.00000044158
0.00000043017
0.00000044824
0.00000044291
0.00000044033
0.00000043828
0.00000044006
0.00000041921
0.00000042852
0.00000044016
0.00000042667
0.00000044348
0.00000043234
0.00000042036
0.00000040446
0.00000041143
0.00000041824
0.00000041944
0.00000042015
0.00000041731
0.00000041238
0.00000040687
0.00000041823
0.00000040667
0.00000041971
0.00000040383
0.00000041450
0.00000042401
0.00000040689
0.00000041823
0.00000042943
0.00000041447
0.00000041822
0.00000039817
0.00000040600
0.00000041552
0.00000042709
0.00000043975
0.00000042800
0.00000041317
0.00000042569
0.00000040506
0.00000041606
0.00000040038
0.00000041039
0.00000042053
0.00000042939
0.00000041133
0.00000042176
0.00000040635
0.00000041560
0.00000042539
0.00000040714
0.00000041488
0.00000042102
0.00000040087
0.00000041161
0.00000041492
0.00000041772
0.00000042363
0.00000042692
0.00000042726
0.00000040041
0.00000042508
0.00000042268
0.00000042537
0.00000042289
0.00000041877
0.00000041506
0.00000041010
0.00000040291
0.00000042427
0.00000042219
0.00000042227
0.00000042804
0.00000043559
0.00000042307
0.00000044834
0.00000044653
0.00000044859
0.00000045623
0.00000044295
0.00000043774
0.00000045809
0.00000045825
0.00000043560
0.00000044146
0.00000042650
0.00000043196
0.00000043614
0.00000041153
0.00000041858
0.00000042723
0.00000041399
0.00000041775
0.00000042037
0.00000041710
0.00000041629
0.00000041332
0.00000040628
0.00000039886
0.00000041669
0.00000040320
0.00000040796
0.00000041636
0.00000042045
0.00000039998
0.00000040054
0.00000039208
0.00000041402
0.00000041194
0.00000040369
0.00000041278
0.00000040126
0.00000040828
0.00000041960
0.00000040113
0.00000040127
0.00000040172
0.00000039782
0.00000042635
0.00000042400
0.00000042534
0.00000042662
0.00000041727
0.00000040764
0.00000039433
0.00000040782
0.00000041899
0.00000039215
0.00000039781
0.00000040443
0.00000040602
0.00000040958
0.00000041497
0.00000041221
0.00000041718
0.00000041227
0.00000041230
0.00000041275
0.00000040947
0.00000040434
0.00000039720
0.00000041322
0.00000040406
0.00000041852
0.00000041236
0.00000043010
0.00000042204
0.00000041530
0.00000043302
0.00000042962
0.00000042506
0.00000042118
0.00000042000
0.00000041658
0.00000041375
0.00000044001
0.00000043319
0.00000042347
0.00000041822
0.00000040586
0.00000041845
0.00000040520
0.00000041961
0.00000040734
0.00000041812
0.00000040339
0.00000041433
0.00000042523
0.00000040325
0.00000041273
0.00000042130
0.00000040106
0.00000040510
0.00000040856
0.00000041412
0.00000042142
0.00000043156
0.00000044786
0.00000044499
0.00000043967
0.00000043729
0.00000043914
0.00000044445
0.00000042965
0.00000044761
0.00000044977
0.00000045587
0.00000044454
0.00000046267
0.00000043291
0.00000043919
0.00000044280
0.00000045068
0.00000043606
0.00000045215
0.00000044413
0.00000043713
0.00000043320
0.00000042861
0.00000043513
0.00000044598
0.00000043348
0.00000045053
0.00000044192
0.00000043501
0.00000043112
0.00000041871
0.00000040498
0.00000041916
0.00000043369
0.00000042305
0.00000043952
0.00000043541
0.00000043452
0.00000043453
0.00000043676
0.00000044259
0.00000042324
0.00000043514
0.00000044086
0.00000042089
0.00000042873
0.00000041004
0.00000041911
0.00000043403
0.00000041905
0.00000043262
0.00000042732
0.00000043117
0.00000043409
0.00000044003
0.00000044875
0.00000043527
0.00000042230
0.00000043868
0.00000042832
0.00000041919
0.00000043731
0.00000042863
0.00000041943
0.00000040929
0.00000041890
0.00000040787
0.00000042169
0.00000041176
0.00000042424
0.00000041228
0.00000042534
0.00000041935
0.00000043571
0.00000042833
0.00000042395
0.00000042595
0.00000042177
0.00000041966
0.00000042255
0.00000041733
0.00000041929
0.00000041660
0.00000041277
0.00000040912
0.00000040067
0.00000042441
0.00000041384
0.00000043312
0.00000042035
0.00000040908
0.00000041941
0.00000039765
0.00000039876
0.00000039708
0.00000039343
0.00000039155
0.00000040572
0.00000039138
0.00000040273
0.00000041025
0.00000041483
0.00000041533
0.00000040956
0.00000039993
0.00000038964
0.00000040587
0.00000039736
0.00000041268
0.00000042494
0.00000040872
0.00000042175
0.00000040089
0.00000040545
0.00000040761
0.00000041525
0.00000041882
0.00000042119
0.00000042799
0.00000042643
0.00000042703
0.00000042078
0.00000041543
0.00000040005
0.00000038633
0.00000039635
0.00000040135
0.00000040065
0.00000040220
0.00000039275
0.00000040867
0.00000038759
0.00000039447
0.00000039464
0.00000039671
0.00000039051
0.00000041214
0.00000040241
0.00000042324
0.00000040789
0.00000042120
0.00000039960
0.00000040257
0.00000041049
0.00000041450
0.00000041983
0.00000042998
0.00000040828
0.00000041219
0.00000041492
0.00000041573
0.00000041452
0.00000041266
0.00000041123
0.00000040347
0.00000042700
0.00000042351
0.00000042243
0.00000042176
0.00000041910
0.00000042437
0.00000043232
0.00000044408
0.00000043489
0.00000042992
0.00000042672
0.00000042474
0.00000042738
0.00000043472
0.00000044900
0.00000044038
0.00000043089
0.00000044813
0.00000043983
0.00000043234
0.00000042512
0.00000041866
0.00000041081
0.00000040525
0.00000042130
0.00000040880
0.00000041889
0.00000039885
0.00000039768
0.00000039184
0.00000038599
0.00000040303
0.00000039477
0.00000041117
0.00000040106
0.00000041903
0.00000042185
0.00000042104
0.00000044535
0.00000041993
0.00000042102
0.00000042678
0.00000043103
0.00000043242
0.00000041386
0.00000041726
0.00000042322
0.00000043456
0.00000041815
0.00000042697
0.00000043851
0.00000043041
0.00000041714
0.00000043008
0.00000041243
0.00000039627
0.00000039982
0.00000040706
0.00000041228
0.00000042023
0.00000042690
0.00000042837
0.00000040705
0.00000040397
0.00000040547
0.00000040323
0.00000039728
0.00000041506
0.00000041068
0.00000040244
0.00000041744
0.00000040577
0.00000041433
0.00000039912
0.00000040876
0.00000041897
0.00000042227
0.00000040601
0.00000041617
0.00000042571
0.00000043407
0.00000040928
0.00000041338
0.00000041442
0.00000041397
0.00000041230
0.00000040334
0.00000039809
0.00000041862
0.00000040731
0.00000042495
0.00000041437
0.00000042289
0.00000040533
0.00000041386
0.00000041933
0.00000042455
0.00000041345
0.00000042352
0.00000044150
0.00000042873
0.00000041552
0.00000043138
0.00000041629
0.00000042797
0.00000042057
0.00000043413
0.00000041980
0.00000041128
0.00000042541
0.00000041442
0.00000043432
0.00000042898
0.00000041760
0.00000043313
0.00000042641
0.00000041392
0.00000042880
0.00000042224
0.00000041182
0.00000042777
0.00000042067
0.00000040748
0.00000041844
0.00000040385
0.00000041652
0.00000040950
0.00000042328
0.00000040253
0.00000041478
0.00000042493
0.00000040787
0.00000041510
0.00000042035
0.00000041882
0.00000042168
0.00000042472
0.00000042693
0.00000042661
0.00000042623
0.00000042545
0.00000042404
0.00000041841
0.00000041724
0.00000042375
0.00000042521
0.00000042401
0.00000042000
0.00000041760
0.00000041329
0.00000040827
0.00000040567
0.00000042238
0.00000041398
0.00000040624
0.00000039906
0.00000042319
0.00000041993
0.00000041904
0.00000042040
0.00000042261
0.00000042180
0.00000041857
0.00000041714
0.00000041931
0.00000042104
0.00000042676
0.00000042998
0.00000043257
0.00000043500
0.00000040888
0.00000040586
0.00000040617
0.00000040432
0.00000042801
0.00000042872
0.00000043359
0.00000043204
0.00000043510
0.00000043483
0.00000040857
0.00000040749
0.00000040924
0.00000040210
0.00000039609
0.00000042001
0.00000041521
0.00000040558
0.00000042748
0.00000041469
0.00000040733
0.00000042032
0.00000041260
0.00000042694
0.00000041936
0.00000040392
0.00000041650
0.00000040488
0.00000041430
0.00000039991
0.00000041306
0.00000039750
0.00000040445
0.00000041440
0.00000042225
0.00000040353
0.00000041073
0.00000041384
0.00000041760
0.00000042085
0.00000041681
0.00000042076
0.00000042633
0.00000043526
0.00000042340
0.00000044061
0.00000045787
0.00000045665
0.00000043213
0.00000044268
0.00000045683
0.00000045323
0.00000045144
0.00000045350
0.00000043808
0.00000044605
0.00000043824
0.00000043341
0.00000043812
0.00000045134
0.00000044722
0.00000044528
0.00000044592
0.00000045166
0.00000043462
0.00000044824
0.00000044378
0.00000043450
0.00000043055
0.00000042975
0.00000043059
0.00000043066
0.00000043294
0.00000043596
0.00000043757
0.00000041681
0.00000042566
0.00000043430
0.00000041702
0.00000043547
0.00000042636
0.00000042195
0.00000044518
0.00000044936
0.00000042981
0.00000044375
0.00000042804
0.00000044080
0.00000043208
0.00000042306
0.00000041537
0.00000042625
0.00000041050
0.00000039677
0.00000040447
0.00000040981
0.00000041057
0.00000041361
0.00000040858
0.00000040163
0.00000041519
0.00000040288
0.00000040912
0.00000041580
0.00000040236
0.00000040731
0.00000041095
0.00000041588
0.00000041442
0.00000042038
0.00000041891
0.00000042305
0.00000042020
0.00000042013
0.00000041383
0.00000041140
0.00000042362
0.00000041336
0.00000039475
0.00000040665
0.00000040936
0.00000041382
0.00000041176
0.00000041441
0.00000041256
0.00000040919
0.00000039840
0.00000041507
0.00000040220
0.00000041135
0.00000039912
0.00000040529
0.00000041024
0.00000041411
0.00000042310
0.00000042545
0.00000043033
0.00000042766
0.00000042451
0.00000041240
0.00000040246
0.00000041404
0.00000039992
0.00000041409
0.00000042296
0.00000041432
0.00000043380
0.00000042492
0.00000041161
0.00000043368
0.00000042871
0.00000042318
0.00000041030
0.00000043072
0.00000042439
0.00000041956
0.00000041624
0.00000043482
0.00000043246
0.00000042833
0.00000042074
0.00000039284
0.00000038498
0.00000040975
0.00000040328
0.00000042908
0.00000042336
0.00000041982
0.00000042221
0.00000041857
0.00000041424
0.00000041416
0.00000041210
0.00000041507
0.00000041723
0.00000042663
0.00000043366
0.00000041992
0.00000042410
0.00000043371
0.00000041003
0.00000041539
0.00000042128
0.00000042041
0.00000039673
0.00000039557
0.00000040089
0.00000042969
0.00000043324
0.00000040519
0.00000040722
0.00000040390
0.00000042889
0.00000041944
0.00000040830
0.00000040028
0.00000041009
0.00000041793
0.00000040248
0.00000040581
0.00000040774
0.00000040758
0.00000040508
0.00000042506
0.00000042216
0.00000041876
0.00000041362
0.00000040860
0.00000043275
0.00000042715
0.00000042160
0.00000041310
0.00000040371
0.00000042472
0.00000042329
0.00000044909
0.00000045081
0.00000041954
0.00000041999
0.00000041776
0.00000042362
0.00000042936
0.00000043648
0.00000044437
0.00000042344
0.00000042704
0.00000040785
0.00000041735
0.00000042659
0.00000043354
0.00000041103
0.00000041212
0.00000041495
0.00000041937
0.00000042208
0.00000042206
0.00000042270
0.00000042471
0.00000042643
0.00000042843
0.00000042478
0.00000042345
0.00000042040
0.00000042079
0.00000042093
0.00000042210
0.00000042078
0.00000042158
0.00000042130
0.00000042184
0.00000042103
0.00000041555
0.00000040864
0.00000040095
0.00000039110
0.00000040386
0.00000041799
0.00000040456
0.00000042005
0.00000041052
0.00000042286
0.00000041269
0.00000042229
0.00000040549
0.00000041745
0.00000042506
0.00000041456
0.00000043346
0.00000042560
0.00000042748
0.00000042841
0.00000043940
0.00000044982
0.00000043845
0.00000042439
0.00000044187
0.00000042683
0.00000041465
0.00000042096
0.00000039499
0.00000039745
0.00000039236
0.00000041220
0.00000040597
0.00000040288
0.00000041832
0.00000040709
0.00000042055
0.00000040988
0.00000039526
0.00000039998
0.00000040557
0.00000040946
0.00000041681
0.00000041915
0.00000042003
0.00000042397
0.00000042158
0.00000042375
0.00000041964
0.00000041524
0.00000041516
0.00000040912
0.00000043126
0.00000041956
0.00000041028
0.00000042045
0.00000040387
0.00000042006
0.00000040455
0.00000041984
0.00000040487
0.00000042466
0.00000041278
0.00000043206
0.00000042495
0.00000044006
0.00000043647
0.00000042715
0.00000042468
0.00000042352
0.00000042304
0.00000042188
0.00000042423
0.00000042220
0.00000042418
0.00000042506
0.00000041726
0.00000041240
0.00000039645
0.00000041111
0.00000041712
0.00000039416
0.00000040110
0.00000040760
0.00000041005
0.00000041977
0.00000042087
0.00000042731
0.00000042960
0.00000043043
0.00000041175
0.00000041382
0.00000040981
0.00000041263
0.00000041562
0.00000042590
0.00000043164
0.00000041834
0.00000043599
0.00000042490
0.00000044470
0.00000043381
0.00000042749
0.00000042107
0.00000041027
0.00000043282
0.00000042923
0.00000042174
0.00000041473
0.00000042806
0.00000042074
0.00000040919
0.00000042676
0.00000041074
0.00000039752
0.00000041388
0.00000042430
0.00000040901
0.00000041978
0.00000043128
0.00000041554
0.00000042522
0.00000041051
0.00000041766
0.00000041657
0.00000039272
0.00000039440
0.00000042140
0.00000042758
0.00000043603
0.00000043893
0.00000042118
0.00000042951
0.00000043909
0.00000042606
0.00000043905
0.00000042556
0.00000044170
0.00000043086
0.00000041634
0.00000040489
0.00000042398
0.00000041719
0.00000041766
0.00000043776
0.00000043153
0.00000042732
0.00000042337
0.00000041631
0.00000041259
0.00000042988
0.00000042192
0.00000041894
0.00000040981
0.00000040393
0.00000042652
0.00000041327
0.00000040568
0.00000041772
0.00000040914
0.00000042762
0.00000041088
0.00000042600
0.00000041298
0.00000042421
0.00000041002
0.00000042217
0.00000041852
0.00000043188
0.00000042271
0.00000041307
0.00000043091
0.00000042339
0.00000041826
0.00000043414
0.00000042979
0.00000042600
0.00000042611
0.00000043059
0.00000043123
0.00000044090
0.00000042755
0.00000043784
0.00000045470
0.00000043958
0.00000043263
0.00000039666
0.00000039118
0.00000040866
0.00000040394
0.00000042062
0.00000041273
0.00000043476
0.00000039888
0.00000029078
0.00000028843
0.00000033060
0.00000035304
0.00000040445
0.00000045427
0.00000043329
0.00000044119
0.00000042141
0.00000043309
0.00000042244
0.00000043975
0.00000043268
0.00000041941
0.00000043566
0.00000042373
0.00000041069
0.00000042179
0.00000040433
0.00000041221
0.00000041576
0.00000041657
0.00000041253
0.00000040533
0.00000039927
0.00000041063
0.00000039980
0.00000041117
0.00000041226
0.00000041564
0.00000041545
0.00000041804
0.00000041466
0.00000041600
0.00000041228
0.00000041050
0.00000040058
0.00000042113
0.00000041069
0.00000043261
0.00000042618
0.00000041380
0.00000040549
0.00000042541
0.00000041159
0.00000042771
0.00000041013
0.00000042277
0.00000040682
0.00000041374
0.00000041603
0.00000041973
0.00000042109
0.00000042571
0.00000042327
0.00000040406
0.00000039405
0.00000041514
0.00000041004
0.00000043503
0.00000043361
0.00000043586
0.00000042915
0.00000043230
0.00000042856
0.00000042459
0.00000041816
0.00000041812
0.00000041860
0.00000042313
0.00000042398
0.00000042914
0.00000043661
0.00000044654
0.00000043903
0.00000045900
0.00000045112
0.00000042285
0.00000042231
0.00000041911
0.00000044515
0.00000041894
0.00000041926
0.00000041416
0.00000041549
0.00000041601
0.00000041628
0.00000041715
0.00000042139
0.00000042238
0.00000042381
0.00000042886
0.00000043316
0.00000043083
0.00000043306
0.00000043480
0.00000041151
0.00000041475
0.00000041914
0.00000042563
0.00000043029
0.00000043396
0.00000043802
0.00000042174
0.00000043030
0.00000044450
0.00000042969
0.00000042204
0.00000041849
0.00000044210
0.00000044426
0.00000044143
0.00000041987
0.00000042487
0.00000043063
0.00000043414
0.00000041755
0.00000042304
0.00000043704
0.00000042004
0.00000043525
0.00000042068
0.00000043110
0.00000042150
0.00000040804
0.00000042709
0.00000041868
0.00000041774
0.00000044557
0.00000044111
0.00000044312
0.00000043721
0.00000044102
0.00000044482
0.00000041858
0.00000042340
0.00000042582
0.00000042228
0.00000042321
0.00000042440
0.00000042760
0.00000042583
0.00000042987
0.00000043345
0.00000040346
0.00000040644
0.00000040432
0.00000041078
0.00000041125
0.00000044711
0.00000042399
0.00000043278
0.00000043728
0.00000041673
0.00000042572
0.00000042479
0.00000042331
0.00000039746
0.00000042214
0.00000042408
0.00000041990
0.00000041681
0.00000041472
0.00000041074
0.00000040924
0.00000043068
0.00000042632
0.00000042099
0.00000041284
0.00000040532
0.00000041899
0.00000040658
0.00000042353
0.00000041005
0.00000042482
0.00000041913
0.00000043517
0.00000042613
0.00000041136
0.00000042935
0.00000041631
0.00000043334
0.00000042646
0.00000041328
0.00000043401
0.00000043054
0.00000042337
0.00000042121
0.00000042060
0.00000041905
0.00000042032
0.00000042047
0.00000041499
0.00000041610
0.00000041096
0.00000041060
0.00000041138
0.00000040953
0.00000041691
0.00000042534
0.00000043348
0.00000044112
0.00000041780
0.00000042566
0.00000043040
0.00000041506
0.00000041908
0.00000040037
0.00000037553
0.00000038349
0.00000039141
0.00000037060
0.00000038077
0.00000038434
0.00000039494
0.00000040273
0.00000044385
0.00000045286
0.00000044460
0.00000043109
0.00000042380
0.00000043815
0.00000042708
0.00000041657
0.00000043323
0.00000042966
0.00000042189
0.00000044305
0.00000044243
0.00000043687
0.00000043045
0.00000043234
0.00000043148
0.00000043077
0.00000043380
0.00000043123
0.00000040353
0.00000040788
0.00000040485
0.00000040039
0.00000042338
0.00000041364
0.00000040219
0.00000041950
0.00000040749
0.00000042218
0.00000041647
0.00000040468
0.00000042152
0.00000041482
0.00000043328
0.00000042686
0.00000042800
0.00000042408
0.00000041732
0.00000041159
0.00000041273
0.00000043680
0.00000043284
0.00000043250
0.00000043324
0.00000042619
0.00000041694
0.00000041279
0.00000040901
0.00000040050
0.00000042374
0.00000041856
0.00000041163
0.00000043549
0.00000043099
0.00000041876
0.00000041386
0.00000040856
0.00000042732
0.00000041504
0.00000040855
0.00000040316
0.00000042667
0.00000042059
0.00000040371
0.00000041751
0.00000040502
0.00000041791
0.00000042477
0.00000040988
0.00000041909
0.00000041843
0.00000042257
0.00000041958
0.00000041582
0.00000040919
0.00000040961
0.00000040631
0.00000043247
0.00000043045
0.00000043198
0.00000042383
0.00000042369
0.00000041876
0.00000041810
0.00000041604
0.00000043367
0.00000042590
0.00000040667
0.00000039458
0.00000040083
0.00000041192
0.00000041685
0.00000040074
0.00000040452
0.00000040991
0.00000041698
0.00000041904
0.00000042511
0.00000043247
0.00000040572
0.00000040855
0.00000041103
0.00000041231
0.00000040925
0.00000041136
0.00000040752
0.00000040705
0.00000040566
0.00000040030
0.00000042681
0.00000042763
0.00000042563
0.00000043035
0.00000043405
0.00000044016
0.00000041907
0.00000043392
0.00000042654
0.00000044261
0.00000044008
0.00000043546
0.00000044045
0.00000044410
0.00000043062
0.00000043834
0.00000042136
0.00000040705
0.00000041684
0.00000043017
0.00000041946
0.00000043279
0.00000042078
0.00000041446
0.00000042771
0.00000041874
0.00000043107
0.00000041570
0.00000042399
0.00000041407
0.00000042295
0.00000040658
0.00000041926
0.00000039964
0.00000040575
0.00000041238
0.00000042203
0.00000042460
0.00000043147
0.00000040803
0.00000041341
0.00000041201
0.00000041799
0.00000042668
0.00000043014
0.00000041402
0.00000042213
0.00000043562
0.00000044459
0.00000043101
0.00000041305
0.00000042426
0.00000040959
0.00000041503
0.00000042734
0.00000041263
0.00000041461
0.00000041594
0.00000041283
0.00000041652
0.00000041638
0.00000042001
0.00000041865
0.00000042379
0.00000042959
0.00000042909
0.00000043311
0.00000040651
0.00000040527
0.00000040349
0.00000039806
0.00000039851
0.00000039939
0.00000042271
0.00000042206
0.00000041904
0.00000042066
0.00000041777
0.00000041667
0.00000040630
0.00000039816
0.00000041779
0.00000041750
0.00000041177
0.00000040957
0.00000043919
0.00000043900
0.00000041102
0.00000040769
0.00000041335
0.00000041447
0.00000041524
0.00000042443
0.00000043148
0.00000044365
0.00000044032
0.00000043870
0.00000044410
0.00000045938
0.00000044908
0.00000044754
0.00000044514
0.00000044835
0.00000043667
0.00000045170
0.00000044742
0.00000045100
0.00000045561
0.00000043847
0.00000045694
0.00000044611
0.00000043794
0.00000043965
0.00000044281
0.00000045009
0.00000044297
0.00000043814
0.00000043756
0.00000044427
0.00000045277
0.00000044197
0.00000045081
0.00000043480
0.00000042397
0.00000043520
0.00000042056
0.00000040980
0.00000042102
0.00000041163
0.00000042035
0.00000043445
0.00000041757
0.00000042362
0.00000040566
0.00000041052
0.00000041186
0.00000042011
0.00000042457
0.00000043469
0.00000041465
0.00000042465
0.00000042557
0.00000040669
0.00000040950
0.00000041785
0.00000042328
0.00000042951
0.00000041481
0.00000041863
0.00000042533
0.00000042720
0.00000042876
0.00000041095
0.00000041226
0.00000041243
0.00000041517
0.00000041155
0.00000041093
0.00000040624
0.00000040719
0.00000040020
0.00000042490
0.00000041701
0.00000041318
0.00000040473
0.00000041834
0.00000041169
0.00000043037
0.00000042090
0.00000041365
0.00000042882
0.00000042065
0.00000041519
0.00000042947
0.00000042417
0.00000041226
0.00000042730
0.00000041807
0.00000039981
0.00000041378
0.00000039865
0.00000041053
0.00000041522
0.00000042047
0.00000041890
0.00000042111
0.00000041153
0.00000040498
0.00000039599
0.00000040833
0.00000038957
0.00000040159
0.00000040383
0.00000040712
0.00000040794
0.00000039900
0.00000041698
0.00000040672
0.00000041818
0.00000039546
0.00000040006
0.00000040555
0.00000041035
0.00000041157
0.00000041606
0.00000042352
0.00000043280
0.00000043722
0.00000042087
0.00000043430
0.00000041379
0.00000042269
0.00000043029
0.00000040536
0.00000041454
0.00000042264
0.00000042504
0.00000040265
0.00000040130
0.00000040379
0.00000040060
0.00000039845
0.00000041908
0.00000041444
0.00000040918
0.00000042205
0.00000040863
0.00000039973
0.00000041341
0.00000043101
0.00000041971
0.00000041107
0.00000042503
0.00000041762
0.00000043004
0.00000041251
0.00000039463
0.00000040938
0.00000042022
0.00000040259
0.00000041573
0.00000042617
0.00000041000
0.00000042465
0.00000043639
0.00000042869
0.00000044005
0.00000042533
0.00000041561
0.00000042414
0.00000040977
0.00000041691
0.00000040033
0.00000040105
0.00000039969
0.00000040538
0.00000040963
0.00000041542
0.00000041695
0.00000041028
0.00000040673
0.00000039701
0.00000041641
0.00000039992
0.00000041426
0.00000042639
0.00000041182
0.00000041457
0.00000041995
0.00000041971
0.00000042599
0.00000042420
0.00000042820
0.00000043109
0.00000042749
0.00000042737
0.00000042123
0.00000042088
0.00000042124
0.00000041546
0.00000041546
0.00000041294
0.00000040761
0.00000043602
0.00000044332
0.00000044472
0.00000042843
0.00000043877
0.00000041493
0.00000041954
0.00000039697
0.00000039896
0.00000041039
0.00000041496
0.00000042490
0.00000042907
0.00000043831
0.00000041936
0.00000043161
0.00000043764
0.00000041303
0.00000041650
0.00000042527
0.00000040058
0.00000040851
0.00000041114
0.00000041487
0.00000042551
0.00000043071
0.00000043369
0.00000041279
0.00000041948
0.00000042149
0.00000043350
0.00000041356
0.00000043005
0.00000044652
0.00000044535
0.00000044019
0.00000044363
0.00000042358
0.00000042753
0.00000044149
0.00000042693
0.00000044862
0.00000044133
0.00000043903
0.00000044125
0.00000041123
0.00000041266
0.00000041209
0.00000041486
0.00000041125
0.00000040707
0.00000040766
0.00000040515
0.00000040712
0.00000043432
0.00000043836
0.00000043791
0.00000044420
0.00000042220
0.00000043482
0.00000043918
0.00000042347
0.00000042661
0.00000040620
0.00000041174
0.00000041531
0.00000042222
0.00000042734
0.00000043130
0.00000040277
0.00000040647
0.00000040980
0.00000040671
0.00000040662
0.00000040601
0.00000042227
0.00000041582
0.00000040289
0.00000042105
0.00000041591
0.00000043362
0.00000042738
0.00000041516
0.00000040634
0.00000041920
0.00000041020
0.00000042671
0.00000041021
0.00000042448
0.00000040641
0.00000041842
0.00000042694
0.00000040941
0.00000041451
0.00000042550
0.00000041197
0.00000041953
0.00000043445
0.00000042479
0.00000043669
0.00000042774
0.00000044370
0.00000043673
0.00000042671
0.00000042515
0.00000042602
0.00000042913
0.00000042753
0.00000043561
0.00000044463
0.00000042436
0.00000043416
0.00000042017
0.00000043083
0.00000042112
0.00000043890
0.00000042886
0.00000041782
0.00000040484
0.00000041863
0.00000042655
0.00000041369
0.00000042577
0.00000041313
0.00000041884
0.00000043314
0.00000042034
0.00000042971
0.00000042109
0.00000044169
0.00000043046
0.00000042219
0.00000043356
0.00000042726
0.00000042695
0.00000042398
0.00000042657
0.00000042947
0.00000042647
0.00000042552
0.00000042033
0.00000041886
0.00000041431
0.00000040501
0.00000042602
0.00000042417
0.00000041867
0.00000040873
0.00000039907
0.00000040652
0.00000041948
0.00000039802
0.00000040724
0.00000041525
0.00000041674
0.00000042093
0.00000041755
0.00000041456
0.00000040834
0.00000040610
0.00000042309
0.00000040856
0.00000039988
0.00000041380
0.00000043077
0.00000041443
0.00000039576
0.00000040977
0.00000041931
0.00000042843
0.00000041450
0.00000042009
0.00000042631
0.00000041185
0.00000041745
0.00000042509
0.00000043464
0.00000042583
0.00000043623
0.00000042588
0.00000043647
0.00000042115
0.00000041113
0.00000042407
0.00000041011
0.00000041582
0.00000039786
0.00000041016
0.00000041656
0.00000043091
0.00000041334
0.00000042775
0.00000041077
0.00000042091
0.00000043951
0.00000042588
0.00000043673
0.00000042805
0.00000041496
0.00000043688
0.00000042964
0.00000043144
0.00000042906
0.00000043236
0.00000043027
0.00000043555
0.00000043700
0.00000042083
0.00000043079
0.00000044011
0.00000043036
0.00000044477
0.00000043875
0.00000042585
0.00000041628
0.00000040476
0.00000042395
0.00000041083
0.00000042545
0.00000040611
0.00000042005
0.00000040315
0.00000041966
0.00000040394
0.00000041935
0.00000043068
0.00000042136
0.00000043262
0.00000041822
0.00000042290
0.00000040611
0.00000041791
0.00000039981
0.00000041337
0.00000041728
0.00000042687
0.00000041091
0.00000041958
0.00000042775
0.00000041146
0.00000041367
0.00000042250
0.00000042798
0.00000043016
0.00000040564
0.00000041007
0.00000041112
0.00000041495
0.00000041891
0.00000042757
0.00000043704
0.00000043775
0.00000041866
0.00000042431
0.00000042852
0.00000042595
0.00000040130
0.00000040441
0.00000040901
0.00000041317
0.00000041484
0.00000042533
0.00000043727
0.00000045206
0.00000043818
0.00000043354
0.00000042842
0.00000043323
0.00000043783
0.00000044646
0.00000042457
0.00000042954
0.00000040871
0.00000041620
0.00000041600
0.00000041661
0.00000041743
0.00000041653
0.00000041982
0.00000041754
0.00000041733
0.00000041305
0.00000040645
0.00000042597
0.00000041400
0.00000039766
0.00000040566
0.00000040980
0.00000038958
0.00000042331
0.00000043349
0.00000042300
0.00000043526
0.00000042274
0.00000043976
0.00000043146
0.00000042601
0.00000042013
0.00000042322
0.00000042493
0.00000042602
0.00000043431
0.00000045139
0.00000045244
0.00000045420
0.00000043805
0.00000044999
0.00000044408
0.00000043539
0.00000043172
0.00000043272
0.00000043889
0.00000045183
0.00000043835
0.00000042868
0.00000042414
0.00000045387
0.00000043624
0.00000044632
0.00000043919
0.00000043142
0.00000044871
0.00000044072
0.00000043033
0.00000042173
0.00000040714
0.00000041629
0.00000039664
0.00000040792
0.00000041062
0.00000041680
0.00000041155
0.00000040379
0.00000039954
0.00000041933
0.00000040922
0.00000042942
0.00000041930
0.00000041269
0.00000040782
0.00000042519
0.00000042301
0.00000041538
0.00000041656
0.00000044397
0.00000044708
0.00000042187
0.00000042866
0.00000043149
0.00000044380
0.00000043275
0.00000042128
0.00000042946
0.00000041795
0.00000043587
0.00000043024
0.00000042094
0.00000044490
0.00000044437
0.00000044349
0.00000043812
0.00000043516
0.00000041078
0.00000040763
0.00000043421
0.00000043442
0.00000043447
0.00000043350
0.00000043228
0.00000042198
0.00000041229
0.00000039822
0.00000040552
0.00000041234
0.00000039170
0.00000042453
0.00000042607
0.00000042610
0.00000042203
0.00000041293
0.00000041386
0.00000040427
0.00000042422
0.00000041537
0.00000040603
0.00000041271
0.00000039869
0.00000041146
0.00000041609
0.00000042445
0.00000040140
0.00000039900
0.00000040167
0.00000040354
0.00000040043
0.00000042026
0.00000042033
0.00000041972
0.00000040911
0.00000039975
0.00000040534
0.00000041475
0.00000038962
0.00000038821
0.00000040996
0.00000040971
0.00000040578
0.00000040774
0.00000042454
0.00000041592
0.00000041216
0.00000042658
0.00000041372
0.00000040106
0.00000040418
0.00000041038
0.00000040814
0.00000040733
0.00000040433
0.00000039559
0.00000041816
0.00000040772
0.00000040220
0.00000042173
0.00000040905
0.00000042425
0.00000041091
0.00000041868
0.00000040622
0.00000041970
0.00000043879
0.00000042974
0.00000042266
0.00000041558
0.00000041175
0.00000042973
0.00000042626
0.00000042200
0.00000042210
0.00000041239
0.00000043368
0.00000042777
0.00000041811
0.00000041157
0.00000040184
0.00000041288
0.00000040098
0.00000041313
0.00000041702
0.00000042210
0.00000039930
0.00000040474
0.00000040958
0.00000041182
0.00000041219
0.00000041685
0.00000041632
0.00000041931
0.00000041758
0.00000041428
0.00000041214
0.00000041450
0.00000041424
0.00000041287
0.00000043756
0.00000040926
0.00000041004
0.00000041588
0.00000041804
0.00000041795
0.00000041749
0.00000041925
0.00000041516
0.00000042037
0.00000041534
0.00000042116
0.00000042707
0.00000043033
0.00000043357
0.00000043873
0.00000042010
0.00000042276
0.00000042283
0.00000042494
0.00000041994
0.00000041907
0.00000041198
0.00000040815
0.00000042567
0.00000042209
0.00000041536
0.00000041300
0.00000042821
0.00000042541
0.00000041974
0.00000041465
0.00000041527
0.00000043585
0.00000043045
0.00000042768
0.00000042405
0.00000041406
0.00000040843
0.00000042653
0.00000042519
0.00000042296
0.00000042734
0.00000043504
0.00000044325
0.00000044624
0.00000043448
0.00000044389
0.00000043184
0.00000041182
0.00000041898
0.00000042191
0.00000040643
0.00000041095
0.00000041788
0.00000042261
0.00000040364
0.00000041853
0.00000042845
0.00000043558
0.00000042080
0.00000042246
0.00000042404
0.00000040299
0.00000039653
0.00000038883
0.00000038051
0.00000040271
0.00000041747
0.00000040488
0.00000041965
0.00000040761
0.00000042193
0.00000041011
0.00000042524
0.00000041322
0.00000043233
0.00000041914
0.00000043110
0.00000041790
0.00000041508
0.00000043758
0.00000044422
0.00000044469
0.00000042556
0.00000043207
0.00000044733
0.00000043300
0.00000042766
0.00000044325
0.00000041096
0.00000042694
0.00000042497
0.00000042051
0.00000041611
0.00000043887
0.00000043006
0.00000042911
0.00000042512
0.00000041972
0.00000041035
0.00000040586
0.00000043039
0.00000042442
0.00000042830
0.00000042966
0.00000043270
0.00000043182
0.00000044014
0.00000042718
0.00000043756
0.00000043467
0.00000043494
0.00000043870
0.00000043676
0.00000043851
0.00000043773
0.00000041855
0.00000042163
0.00000043148
0.00000040902
0.00000041749
0.00000042521
0.00000043956
0.00000042100
0.00000043153
0.00000040771
0.00000040838
0.00000041585
0.00000041412
0.00000041548
0.00000041054
0.00000040884
0.00000040208
0.00000042428
0.00000041586
0.00000040787
0.00000043040
0.00000041953
0.00000041244
0.00000042386
0.00000040759
0.00000041869
0.00000039508
0.00000039354
0.00000039480
0.00000041144
0.00000039902
0.00000041475
0.00000039972
0.00000040868
0.00000041540
0.00000041369
0.00000041283
0.00000040165
0.00000039235
0.00000040012
0.00000041436
0.00000042029
0.00000042421
0.00000040361
0.00000040310
0.00000040394
0.00000040116
0.00000042995
0.00000042706
0.00000042101
0.00000041828
0.00000041290
0.00000040715
0.00000039875
0.00000042056
0.00000041036
0.00000039876
0.00000041776
0.00000043026
0.00000041721
0.00000043149
0.00000041454
0.00000042453
0.00000040783
0.00000042186
0.00000042981
0.00000042035
0.00000043191
0.00000041687
0.00000043033
0.00000042031
0.00000043546
0.00000042100
0.00000040797
0.00000042798
0.00000041402
0.00000042648
0.00000041311
0.00000042444
0.00000040962
0.00000042245
0.00000040828
0.00000041730
0.00000042866
0.00000041761
0.00000043517
0.00000042942
0.00000042759
0.00000043121
0.00000043277
0.00000043915
0.00000042290
0.00000043402
0.00000042272
0.00000043612
0.00000042219
0.00000043176
0.00000041581
0.00000042753
0.00000041760
0.00000042641
0.00000040879
0.00000041648
0.00000042808
0.00000042039
0.00000043595
0.00000042755
0.00000044880
0.00000044425
0.00000043413
0.00000042433
0.00000042197
0.00000041271
0.00000043760
0.00000043116
0.00000043216
0.00000043247
0.00000043915
0.00000043648
0.00000044031
0.00000041465
0.00000041047
0.00000041449
0.00000042078
0.00000042701
0.00000042686
0.00000043160
0.00000043535
0.00000041485
0.00000042283
0.00000042895
0.00000043538
0.00000043736
0.00000042045
0.00000043277
0.00000041719
0.00000043567
0.00000042826
0.00000042856
0.00000043007
0.00000043557
0.00000043971
0.00000042051
0.00000043038
0.00000043906
0.00000042135
0.00000043231
0.00000041345
0.00000042710
0.00000041493
0.00000042918
0.00000041467
0.00000042568
0.00000041133
0.00000041612
0.00000042803
0.00000041238
0.00000042076
0.00000040158
0.00000041418
0.00000042632
0.00000041777
0.00000043153
0.00000042988
0.00000045404
0.00000045957
0.00000043955
0.00000045165
0.00000043363
0.00000042163
0.00000043392
0.00000042150
0.00000044170
0.00000043216
0.00000042259
0.00000041641
0.00000043082
0.00000042296
0.00000040746
0.00000041928
0.00000039690
0.00000039884
0.00000040242
0.00000039683
0.00000041824
0.00000040650
0.00000039137
0.00000040362
0.00000040866
0.00000041807
0.00000039730
0.00000040621
0.00000040782
0.00000041571
0.00000041862
0.00000042638
0.00000042671
0.00000042568
0.00000041466
0.00000039951
0.00000038574
0.00000039271
0.00000040067
0.00000040261
0.00000040169
0.00000040390
0.00000039981
0.00000041866
0.00000041749
0.00000041454
0.00000040803
0.00000040311
0.00000041638
0.00000040362
0.00000042316
0.00000040853
0.00000041650
0.00000040200
0.00000040771
0.00000041058
0.00000041255
0.00000040518
0.00000040357
0.00000042089
0.00000041656
0.00000040742
0.00000042803
0.00000041927
0.00000041475
0.00000040483
0.00000042351
0.00000041574
0.00000041061
0.00000042942
0.00000042816
0.00000042681
0.00000042083
0.00000042077
0.00000041910
0.00000041134
0.00000040813
0.00000039987
0.00000041939
0.00000041153
0.00000042390
0.00000041385
0.00000040697
0.00000041929
0.00000041463
0.00000043157
0.00000042210
0.00000041475
0.00000042939
0.00000042044
0.00000041887
0.00000043966
0.00000043322
0.00000042938
0.00000043226
0.00000043039
0.00000043366
0.00000043045
0.00000043496
0.00000041400
0.00000041006
0.00000040981
0.00000040730
0.00000041381
0.00000041969
0.00000041938
0.00000042668
0.00000043082
0.00000041493
0.00000042533
0.00000043589
0.00000041857
0.00000043501
0.00000042701
0.00000044194
0.00000043680
0.00000043477
0.00000043029
0.00000042618
0.00000040101
0.00000039720
0.00000039835
0.00000042685
0.00000042653
0.00000041987
0.00000041980
0.00000041255
0.00000041206
0.00000040676
0.00000040737
0.00000042985
0.00000043227
0.00000042698
0.00000042483
0.00000042860
0.00000042797
0.00000042761
0.00000043414
0.00000043413
0.00000043106
0.00000040670
0.00000040463
0.00000040518
0.00000043328
0.00000044137
0.00000044536
0.00000042504
0.00000043630
0.00000044386
0.00000042469
0.00000041448
0.00000042306
0.00000043030
0.00000041776
0.00000043037
0.00000041800
0.00000043585
0.00000042153
0.00000040603
0.00000041903
0.00000042527
0.00000040893
0.00000041375
0.00000041941
0.00000041987
0.00000042123
0.00000039708
0.00000039366
0.00000041817
0.00000041016
0.00000040477
0.00000042515
0.00000041258
0.00000040843
0.00000042970
0.00000042328
0.00000041317
0.00000043559
0.00000043412
0.00000042964
0.00000042000
0.00000041350
0.00000040881
0.00000042618
0.00000041976
0.00000044109
0.00000042815
0.00000042337
0.00000041907
0.00000041591
0.00000043873
0.00000043040
0.00000042244
0.00000040818
0.00000040402
0.00000042090
0.00000040687
0.00000042532
0.00000041844
0.00000043863
0.00000043081
0.00000042215
0.00000041120
0.00000042529
0.00000041279
0.00000040181
0.00000041451
0.00000042068
0.00000042964
0.00000041092
0.00000041067
0.00000041421
0.00000041505
0.00000041049
0.00000041051
0.00000040487
0.00000042950
0.00000042987
0.00000042987
0.00000043796
0.00000044338
0.00000043092
0.00000044812
0.00000043603
0.00000043339
0.00000043358
0.00000043773
0.00000044317
0.00000043241
0.00000045154
0.00000044373
0.00000047146
0.00000045394
0.00000043754
0.00000046038
0.00000046109
0.00000045994
0.00000044296
0.00000042800
0.00000044321
0.00000044563
0.00000044810
0.00000045494
0.00000043896
0.00000043256
0.00000045296
0.00000045607
0.00000043789
0.00000045097
0.00000044058
0.00000043539
0.00000043682
0.00000043553
0.00000043498
0.00000043969
0.00000044489
0.00000043060
0.00000041180
0.00000039343
0.00000040573
0.00000041333
0.00000042231
0.00000043602
0.00000044362
0.00000042395
0.00000040878
0.00000041482
0.00000039464
0.00000040612
0.00000041544
0.00000043254
0.00000042070
0.00000043385
0.00000045217
0.00000044068
0.00000040800
0.00000039600
0.00000041628
0.00000040613
0.00000042140
0.00000041405
0.00000039953
0.00000041054
0.00000041830
0.00000042117
0.00000039538
0.00000041873
0.00000041291
0.00000040056
0.00000041049
0.00000038985
0.00000039117
0.00000041354
0.00000041052
0.00000037783
0.00000039483
0.00000038520
0.00000039894
0.00000041120
0.00000040151
0.00000038617
0.00000039793
0.00000040438
0.00000041930
0.00000042562
0.00000043596
0.00000041794
0.00000040457
0.00000041940
0.00000043703
0.00000043746
0.00000043722
0.00000038663
0.00000041920
0.00000043031
0.00000044161
0.00000043398
0.00000045791
0.00000044727
0.00000046917
0.00000046396
0.00000045962
0.00000040305
0.00000039459
0.00000038574
0.00000039934
0.00000040663
0.00000038843
0.00000039691
0.00000040275
0.00000040698
0.00000040737
0.00000040654
0.00000040589
0.00000042357
0.00000041020
0.00000039447
0.00000040928
0.00000042567
0.00000041957
0.00000044140
0.00000043933
0.00000044084
0.00000042122
0.00000043299
0.00000044993
0.00000044684
0.00000044980
0.00000045821
0.00000044310
0.00000045764
0.00000045263
0.00000045414
0.00000045896
0.00000043618
0.00000044790
0.00000043895
0.00000043880
0.00000044433
0.00000045211
0.00000044080
0.00000046185
0.00000042828
0.00000042014
0.00000043351
0.00000042090
0.00000040799
0.00000042385
0.00000041748
0.00000043739
0.00000043116
0.00000043011
0.00000043610
0.00000044531
0.00000043960
0.00000044480
0.00000044536
0.00000046026
0.00000044591
0.00000042879
0.00000042404
0.00000044969
0.00000045124
0.00000043400
0.00000044938
0.00000044132
0.00000043466
0.00000042581
0.00000042216
0.00000041197
0.00000043109
0.00000042900
0.00000042634
0.00000041973
0.00000041652
0.00000044020
0.00000044034
0.00000043748
0.00000043673
0.00000040658
0.00000040934
0.00000043265
0.00000042896
0.00000042116
0.00000041550
0.00000040592
0.00000042399
0.00000041058
0.00000040328
0.00000041906
0.00000041451
0.00000042828
0.00000042741
0.00000042641
0.00000042644
0.00000042527
0.00000043191
0.00000044056
0.00000042339
0.00000043053
0.00000043635
0.00000041512
0.00000041681
0.00000041554
0.00000040600
0.00000039978
0.00000041847
0.00000040616
0.00000041170
0.00000039918
0.00000041381
0.00000042225
0.00000039690
0.00000040107
0.00000040379
0.00000040289
0.00000042180
0.00000041608
0.00000040447
0.00000040670
0.00000038573
0.00000040788
0.00000040939
0.00000040396
0.00000042963
0.00000042517
0.00000042117
0.00000042317
0.00000041259
0.00000040022
0.00000041902
0.00000040473
0.00000041716
0.00000042686
0.00000040695
0.00000040919
0.00000040572
0.00000040232
0.00000039939
0.00000042622
0.00000042999
0.00000043860
0.00000042906
0.00000044732
0.00000044229
0.00000044028
0.00000044319
0.00000042933
0.00000044687
0.00000044736
0.00000045726
0.00000047084
0.00000046025
0.00000046166
0.00000044111
0.00000045433
0.00000045015
0.00000044725
0.00000045583
0.00000044128
0.00000045720
0.00000044835
0.00000044137
0.00000043402
0.00000042593
0.00000041658
0.00000043378
0.00000042348
0.00000041368
0.00000043818
0.00000043299
0.00000042578
0.00000041590
0.00000040992
0.00000042528
0.00000041418
0.00000043235
0.00000041931
0.00000040786
0.00000042843
0.00000042237
0.00000041219
0.00000043619
0.00000042951
0.00000042516
0.00000041490
0.00000041431
0.00000043720
0.00000043322
0.00000042027
0.00000041165
0.00000039640
0.00000041112
0.00000042142
0.00000041065
0.00000042667
0.00000041146
0.00000042235
0.00000041090
0.00000042917
0.00000042041
0.00000042999
0.00000041622
0.00000042033
0.00000040241
0.00000040641
0.00000040231
0.00000039998
0.00000039601
0.00000041555
0.00000039975
0.00000041010
0.00000039048
0.00000039302
0.00000038942
0.00000040118
0.00000038902
0.00000040047
0.00000040952
0.00000041061
0.00000040766
0.00000040202
0.00000039320
0.00000040500
0.00000039232
0.00000038839
0.00000038879
0.00000040855
0.00000039349
0.00000041131
0.00000038923
0.00000039638
0.00000040124
0.00000040150
0.00000040403
0.00000039764
0.00000038734
0.00000040777
0.00000039458
0.00000041511
0.00000040452
0.00000041811
0.00000040202
0.00000041576
0.00000041897
0.00000041993
0.00000041960
0.00000041781
0.00000041239
0.00000040953
0.00000039639
0.00000041890
0.00000041077
0.00000042375
0.00000040537
0.00000041378
0.00000042097
0.00000040106
0.00000040590
0.00000041312
0.00000040966
0.00000041670
0.00000041732
0.00000041366
0.00000040412
0.00000040201
0.00000042266
0.00000041794
0.00000041325
0.00000043999
0.00000043473
0.00000043424
0.00000042975
0.00000042894
0.00000042896
0.00000043015
0.00000042374
0.00000042252
0.00000041965
0.00000041581
0.00000040482
0.00000042397
0.00000041758
0.00000041152
0.00000042389
0.00000041550
0.00000040444
0.00000042005
0.00000040095
0.00000040970
0.00000041316
0.00000042182
0.00000039935
0.00000039851
0.00000038850
0.00000040633
0.00000039476
0.00000039946
0.00000040556
0.00000041032
0.00000041334
0.00000041033
0.00000040913
0.00000040800
0.00000042633
0.00000042112
0.00000041190
0.00000040184
0.00000041498
0.00000039695
0.00000040812
0.00000041787
0.00000042648
0.00000040194
0.00000040550
0.00000040826
0.00000040801
0.00000040555
0.00000039974
0.00000041506
0.00000040430
0.00000041962
0.00000040690
0.00000041963
0.00000040526
0.00000041884
0.00000042988
0.00000041855
0.00000040014
0.00000041338
0.00000042073
0.00000040484
0.00000041668
0.00000039569
0.00000040720
0.00000041554
0.00000043183
0.00000041559
0.00000042973
0.00000041458
0.00000043109
0.00000041730
0.00000043336
0.00000042789
0.00000044258
0.00000042783
0.00000043938
0.00000043251
0.00000041140
0.00000042578
0.00000040945
0.00000041955
0.00000040498
0.00000041545
0.00000042191
0.00000042868
0.00000040742
0.00000040546
0.00000040408
0.00000040233
0.00000042461
0.00000041892
0.00000040832
0.00000040366
0.00000042753
0.00000042550
0.00000041788
0.00000041627
0.00000040924
0.00000043224
0.00000042431
0.00000041715
0.00000041459
0.00000043755
0.00000044144
0.00000044157
0.00000041545
0.00000041589
0.00000042079
0.00000042029
0.00000042363
0.00000042744
0.00000043652
0.00000044316
0.00000042521
0.00000043672
0.00000041326
0.00000041205
0.00000041012
0.00000040857
0.00000041143
0.00000043459
0.00000040475
0.00000042375
0.00000041289
0.00000039956
0.00000041432
0.00000039315
0.00000040715
0.00000041595
0.00000042163
0.00000042536
0.00000039974
0.00000039877
0.00000039844
0.00000042023
0.00000042102
0.00000041582
0.00000041223
0.00000040970
0.00000041482
0.00000041493
0.00000041203
0.00000040805
0.00000040095
0.00000042079
0.00000041010
0.00000042526
0.00000041558
0.00000041346
0.00000042569
0.00000042545
0.00000041963
0.00000041215
0.00000042924
0.00000041876
0.00000041079
0.00000042486
0.00000041329
0.00000042477
0.00000041011
0.00000042772
0.00000041289
0.00000042431
0.00000041338
0.00000042659
0.00000041998
0.00000043248
0.00000042277
0.00000040219
0.00000041010
0.00000042032
0.00000039720
0.00000040060
0.00000041293
0.00000042562
0.00000043531
0.00000042149
0.00000042736
0.00000041161
0.00000042083
0.00000042507
0.00000041061
0.00000042295
0.00000042501
0.00000042860
0.00000041084
0.00000041935
0.00000042810
0.00000043198
0.00000041612
0.00000042199
0.00000042908
0.00000041711
0.00000042249
0.00000043263
0.00000043955
0.00000042637
0.00000043475
0.00000042169
0.00000043108
0.00000041828
0.00000042907
0.00000040680
0.00000041482
0.00000042349
0.00000039719
0.00000040580
0.00000041599
0.00000041737
0.00000041817
0.00000041631
0.00000040550
0.00000039837
0.00000041392
0.00000040496
0.00000041864
0.00000040481
0.00000040938
0.00000041891
0.00000040041
0.00000040663
0.00000041201
0.00000042154
0.00000043151
0.00000044043
0.00000042271
0.00000043241
0.00000041954
0.00000043369
0.00000042204
0.00000043644
0.00000042392
0.00000043851
0.00000042743
0.00000041862
0.00000043653
0.00000042294
0.00000041796
0.00000043005
0.00000042070
0.00000041239
0.00000043010
0.00000041976
0.00000040857
0.00000039783
0.00000041372
0.00000042194
0.00000041686
0.00000043106
0.00000042449
0.00000044304
0.00000043664
0.00000042697
0.00000042278
0.00000041481
0.00000040799
0.00000042125
0.00000041240
0.00000040783
0.00000042734
0.00000041577
0.00000043136
0.00000041916
0.00000040566
0.00000042526
0.00000041538
0.00000043640
0.00000043217
0.00000042783
0.00000042022
0.00000041669
0.00000041636
0.00000042216
0.00000042502
0.00000043648
0.00000045234
0.00000044174
0.00000043897
0.00000043814
0.00000044067
0.00000044269
0.00000044088
0.00000042356
0.00000043740
0.00000045200
0.00000044386
0.00000043063
0.00000042063
0.00000041209
0.00000042881
0.00000041698
0.00000043078
0.00000041397
0.00000043124
0.00000042285
0.00000044045
0.00000043300
0.00000042562
0.00000044482
0.00000043899
0.00000042979
0.00000041541
0.00000040543
0.00000041682
0.00000042562
0.00000040947
0.00000041840
0.00000042332
0.00000039595
0.00000039933
0.00000040375
0.00000040667
0.00000040795
0.00000040606
0.00000040600
0.00000040504
0.00000042343
0.00000042247
0.00000042498
0.00000042434
0.00000042800
0.00000043218
0.00000043864
0.00000044218
0.00000042217
0.00000042152
0.00000042415
0.00000042044
0.00000041598
0.00000040328
0.00000039362
0.00000040283
0.00000040770
0.00000040926
0.00000040742
0.00000040120
0.00000039225
0.00000041178
0.00000039845
0.00000041021
0.00000039593
0.00000040410
0.00000041332
0.00000042423
0.00000041016
0.00000043008
0.00000044412
0.00000043418
0.00000042254
0.00000041180
0.00000042666
0.00000041908
0.00000043242
0.00000042297
0.00000042190
0.00000044416
0.00000043557
0.00000043066
0.00000042631
0.00000041688
0.00000041653
0.00000041691
0.00000041047
0.00000043715
0.00000044258
0.00000044111
0.00000042042
0.00000042871
0.00000043417
0.00000043230
0.00000040708
0.00000040533
0.00000040612
0.00000042475
0.00000042397
0.00000042323
0.00000041927
0.00000041237
0.00000041099
0.00000041124
0.00000043318
0.00000043817
0.00000042016
0.00000042700
0.00000042857
0.00000043963
0.00000042413
0.00000043399
0.00000041351
0.00000042236
0.00000040619
0.00000041605
0.00000042443
0.00000042863
0.00000040950
0.00000041504
0.00000042268
0.00000042579
0.00000043042
0.00000043327
0.00000041536
0.00000042821
0.00000044629
0.00000044175
0.00000043852
0.00000043222
0.00000043494
0.00000044259
0.00000045189
0.00000044731
0.00000044549
0.00000045260
0.00000043081
0.00000044038
0.00000042076
0.00000043455
0.00000042180
0.00000043558
0.00000042436
0.00000044770
0.00000044349
0.00000043886
0.00000043581
0.00000043414
0.00000041138
0.00000041092
0.00000041670
0.00000041757
0.00000042141
0.00000043240
0.00000044711
0.00000043207
0.00000042788
0.00000042522
0.00000043450
0.00000044899
0.00000043513
0.00000045458
0.00000044464
0.00000043906
0.00000043242
0.00000043666
0.00000044239
0.00000042953
0.00000044779
0.00000044046
0.00000044203
0.00000044351
0.00000043157
0.00000044392
0.00000044564
0.00000044734
0.00000045140
0.00000043803
0.00000045120
0.00000044695
0.00000044528
0.00000044589
0.00000042942
0.00000044100
0.00000043242
0.00000046126
0.00000046690
0.00000046013
0.00000045401
0.00000045411
0.00000043065
0.00000044069
0.00000046060
0.00000045323
0.00000044905
0.00000042743
0.00000042725
0.00000043441
0.00000042512
0.00000043908
0.00000043003
0.00000043174
0.00000043056
0.00000043294
0.00000044152
0.00000042391
0.00000044058
0.00000042427
0.00000044272
0.00000043106
0.00000041739
0.00000043464
0.00000041468
0.00000039090
0.00000038871
0.00000041244
0.00000039924
0.00000040779
0.00000038709
0.00000039286
0.00000039305
0.00000041521
0.00000040870
0.00000040493
0.00000042064
0.00000040426
0.00000038409
0.00000038934
0.00000039230
0.00000038964
0.00000041356
0.00000040506
0.00000039197
0.00000040832
0.00000041766
0.00000040038
0.00000041080
0.00000041294
0.00000041219
0.00000041638
0.00000041436
0.00000040956
0.00000040914
0.00000039990
0.00000041648
0.00000040088
0.00000040924
0.00000042288
0.00000040640
0.00000041909
0.00000042704
0.00000040809
0.00000041708
0.00000041621
0.00000041624
0.00000041912
0.00000041249
0.00000041094
0.00000040176
0.00000041767
0.00000041064
0.00000042824
0.00000041319
0.00000042779
0.00000040794
0.00000041718
0.00000039657
0.00000039194
0.00000038998
0.00000040902
0.00000040756
0.00000042249
0.00000041712
0.00000040316
0.00000041875
0.00000040227
0.00000040794
0.00000040969
0.00000041107
0.00000041263
0.00000040789
0.00000040173
0.00000042158
0.00000041441
0.00000039905
0.00000041285
0.00000040202
0.00000041576
0.00000043146
0.00000041840
0.00000043348
0.00000042101
0.00000040716
0.00000042187
0.00000041316
0.00000042491
0.00000041424
0.00000043640
0.00000042278
0.00000042868
0.00000040613
0.00000040672
0.00000040550
0.00000040209
0.00000042673
0.00000042331
0.00000041672
0.00000040992
0.00000039867
0.00000041466
0.00000041062
0.00000042616
0.00000041321
0.00000043254
0.00000042305
0.00000041163
0.00000043049
0.00000041744
0.00000039901
0.00000040587
0.00000040924
0.00000041492
0.00000041352
0.00000041065
0.00000041267
0.00000040952
0.00000040995
0.00000042812
0.00000042093
0.00000041630
0.00000041010
0.00000043297
0.00000042288
0.00000041587
0.00000041357
0.00000042946
0.00000042331
0.00000041361
0.00000040456
0.00000041413
0.00000040109
0.00000041573
0.00000042780
0.00000042189
0.00000043203
0.00000041847
0.00000040407
0.00000041522
0.00000041721
0.00000039897
0.00000040118
0.00000040497
0.00000040831
0.00000040686
0.00000040980
0.00000041141
0.00000041343
0.00000041584
0.00000041646
0.00000041642
0.00000042647
0.00000043922
0.00000042783
0.00000044669
0.00000044074
0.00000043652
0.00000042727
0.00000042275
0.00000042280
0.00000041920
0.00000042118
0.00000041812
0.00000041604
0.00000041744
0.00000041214
0.00000040843
0.00000041339
0.00000041171
0.00000040880
0.00000040604
0.00000040226
0.00000042982
0.00000042716
0.00000043312
0.00000043885
0.00000041819
0.00000042867
0.00000043507
0.00000042005
0.00000043433
0.00000041609
0.00000042624
0.00000040822
0.00000042521
0.00000041357
0.00000043284
0.00000042109
0.00000041346
0.00000043232
0.00000042172
0.00000041060
0.00000042764
0.00000041044
0.00000042683
0.00000041681
0.00000042423
0.00000041284
0.00000042169
0.00000043349
0.00000041913
0.00000042692
0.00000040198
0.00000040322
0.00000040346
0.00000039724
0.00000042039
0.00000041851
0.00000040955
0.00000040339
0.00000042350
0.00000041416
0.00000040173
0.00000041449
0.00000039947
0.00000041341
0.00000042561
0.00000040803
0.00000041311
0.00000042616
0.00000042643
0.00000040374
0.00000040550
0.00000039570
0.00000039024
0.00000041282
0.00000040592
0.00000042391
0.00000041406
0.00000039732
0.00000040855
0.00000041975
0.00000040303
0.00000040611
0.00000040714
0.00000041038
0.00000041415
0.00000041093
0.00000041000
0.00000040343
0.00000042211
0.00000042112
0.00000041745
0.00000041563
0.00000043253
0.00000043200
0.00000042760
0.00000043028
0.00000042459
0.00000042124
0.00000041480
0.00000041003
0.00000043314
0.00000043413
0.00000043364
0.00000044199
0.00000044632
0.00000045515
0.00000043304
0.00000041799
0.00000042942
0.00000045128
0.00000044692
0.00000044595
0.00000044478
0.00000044124
0.00000043699
0.00000042654
0.00000041666
0.00000040806
0.00000039467
0.00000040573
0.00000041629
0.00000040000
0.00000040885
0.00000041743
0.00000042409
0.00000040492
0.00000040945
0.00000041351
0.00000041777
0.00000042882
0.00000042498
0.00000042876
0.00000040243
0.00000040349
0.00000042914
0.00000042845
0.00000043004
0.00000043244
0.00000043736
0.00000042393
0.00000043295
0.00000044632
0.00000043917
0.00000043845
0.00000044929
0.00000043247
0.00000044373
0.00000042954
0.00000044385
0.00000043639
0.00000043022
0.00000042972
0.00000042282
0.00000042003
0.00000041841
0.00000041492
0.00000041747
0.00000040908
0.00000043064
0.00000042813
0.00000042209
0.00000041454
0.00000041220
0.00000040465
0.00000042318
0.00000041619
0.00000041387
0.00000040724
0.00000043293
0.00000043010
0.00000043154
0.00000042740
0.00000042173
0.00000041176
0.00000042185
0.00000040928
0.00000041447
0.00000039097
0.00000039397
0.00000042530
0.00000042257
0.00000041890
0.00000041748
0.00000040987
0.00000040118
0.00000041990
0.00000040715
0.00000039471
0.00000041032
0.00000042042
0.00000040505
0.00000042104
0.00000040807
0.00000042572
0.00000040881
0.00000042214
0.00000040659
0.00000042112
0.00000043294
0.00000042475
0.00000043514
0.00000042578
0.00000041612
0.00000042819
0.00000041959
0.00000040821
0.00000041405
0.00000039176
0.00000038726
0.00000038774
0.00000041365
0.00000041385
0.00000040988
0.00000042677
0.00000042043
0.00000041053
0.00000042424
0.00000041205
0.00000042914
0.00000041556
0.00000043313
0.00000041736
0.00000040741
0.00000041805
0.00000040700
0.00000041577
0.00000043298
0.00000042400
0.00000043691
0.00000043087
0.00000041975
0.00000043839
0.00000043135
0.00000041815
0.00000043593
0.00000041907
0.00000040652
0.00000042037
0.00000040638
0.00000042175
0.00000041325
0.00000042517
0.00000042377
0.00000043961
0.00000043583
0.00000043798
0.00000043885
0.00000043417
0.00000044166
0.00000042005
0.00000041940
0.00000042247
0.00000042422
0.00000043008
0.00000043192
0.00000043278
0.00000043359
0.00000042806
0.00000042599
0.00000042078
0.00000041676
0.00000041186
0.00000040446
0.00000042130
0.00000040852
0.00000042285
0.00000040577
0.00000041698
0.00000042784
0.00000043694
0.00000042198
0.00000043390
0.00000042187
0.00000043976
0.00000043540
0.00000043117
0.00000042752
0.00000043135
0.00000043217
0.00000044189
0.00000042886
0.00000044283
0.00000042305
0.00000040823
0.00000041890
0.00000042687
0.00000040686
0.00000041967
0.00000043348
0.00000040986
0.00000041596
0.00000041896
0.00000038989
0.00000041709
0.00000041110
0.00000041066
0.00000040076
0.00000039352
0.00000040810
0.00000042500
0.00000041129
0.00000040093
0.00000041141
0.00000043032
0.00000042213
0.00000041351
0.00000042767
0.00000042329
0.00000044265
0.00000044310
0.00000044181
0.00000043451
0.00000043313
0.00000042867
0.00000042992
0.00000042908
0.00000042466
0.00000042374
0.00000042087
0.00000042528
0.00000042325
0.00000042435
0.00000041962
0.00000042058
0.00000041634
0.00000041810
0.00000041874
0.00000041150
0.00000041032
0.00000040996
0.00000040857
0.00000040695
0.00000040154
0.00000042982
0.00000043271
0.00000043294
0.00000042929
0.00000043053
0.00000042913
0.00000042309
0.00000042055
0.00000041851
0.00000041044
0.00000040535
0.00000039083
0.00000040851
0.00000042309
0.00000041589
0.00000040850
0.00000042089
0.00000041123
0.00000042822
0.00000041298
0.00000042837
0.00000041532
0.00000042568
0.00000040872
0.00000041676
0.00000037367
0.00000038169
0.00000039828
0.00000042039
0.00000043439
0.00000045734
0.00000043530
0.00000044602
0.00000043443
0.00000044621
0.00000042977
0.00000040737
0.00000041525
0.00000042665
0.00000040486
0.00000041291
0.00000042055
0.00000043191
0.00000041971
0.00000043331
0.00000041826
0.00000043493
0.00000042055
0.00000041225
0.00000042820
0.00000041863
0.00000043437
0.00000042150
0.00000040434
0.00000041773
0.00000040275
0.00000042077
0.00000043018
0.00000041677
0.00000043202
0.00000041645
0.00000043122
0.00000041276
0.00000042534
0.00000040914
0.00000042396
0.00000043836
0.00000042505
0.00000044496
0.00000043993
0.00000043039
0.00000041663
0.00000040934
0.00000042589
0.00000041195
0.00000039857
0.00000040799
0.00000041816
0.00000042949
0.00000040820
0.00000041556
0.00000042259
0.00000042236
0.00000040292
0.00000040099
0.00000042801
0.00000042174
0.00000042056
0.00000042187
0.00000041601
0.00000041292
0.00000040598
0.00000042351
0.00000041935
0.00000040737
0.00000041953
0.00000040468
0.00000041424
0.00000039867
0.00000040203
0.00000040402
0.00000040481
0.00000043357
0.00000040947
0.00000041988
0.00000042371
0.00000042961
0.00000043772
0.00000041864
0.00000042743
0.00000044009
0.00000042204
0.00000043140
0.00000041552
0.00000043306
0.00000042179
0.00000043820
0.00000043184
0.00000042118
0.00000043720
0.00000043362
0.00000043085
0.00000042757
0.00000042894
0.00000043176
0.00000043286
0.00000041430
0.00000041756
0.00000042590
0.00000043611
0.00000041680
0.00000042911
0.00000041472
0.00000043033
0.00000041587
0.00000043328
0.00000042043
0.00000043541
0.00000043094
0.00000042230
0.00000043641
0.00000042842
0.00000041766
0.00000040556
0.00000042585
0.00000041686
0.00000043643
0.00000043459
0.00000043874
0.00000043710
0.00000043732
0.00000041545
0.00000041607
0.00000041403
0.00000041716
0.00000042035
0.00000041753
0.00000041242
0.00000041159
0.00000040646
0.00000043594
0.00000043404
0.00000043391
0.00000042822
0.00000042566
0.00000041457
0.00000040993
0.00000040081
0.00000042034
0.00000040828
0.00000039751
0.00000041657
0.00000040350
0.00000036506
0.00000038101
0.00000039878
0.00000041361
0.00000043478
0.00000045126
0.00000041888
0.00000040703
0.00000040004
0.00000042113
0.00000041139
0.00000040661
0.00000042816
0.00000041746
0.00000040277
0.00000041410
0.00000039374
0.00000040135
0.00000040321
0.00000038645
0.00000042017
0.00000042051
0.00000042336
0.00000042807
0.00000043346
0.00000040724
0.00000041049
0.00000041403
0.00000041464
0.00000041110
0.00000041391
0.00000041342
0.00000041579
0.00000039059
0.00000039044
0.00000039190
0.00000042040
0.00000041732
0.00000044619
0.00000042556
0.00000042587
0.00000043308
0.00000041764
0.00000041921
0.00000042670
0.00000040820
0.00000041159
0.00000041168
0.00000041796
0.00000042323
0.00000042025
0.00000042459
0.00000042951
0.00000043387
0.00000044436
0.00000042748
0.00000043161
0.00000041286
0.00000038973
0.00000038756
0.00000039014
0.00000042020
0.00000042341
0.00000042720
0.00000043460
0.00000041725
0.00000042270
0.00000043169
0.00000044454
0.00000043231
0.00000041399
0.00000042653
0.00000044032
0.00000041827
0.00000042470
0.00000040129
0.00000041146
0.00000041934
0.00000042542
0.00000040945
0.00000041215
0.00000042005
0.00000042662
0.00000041260
0.00000041720
0.00000042698
0.00000040392
0.00000041775
0.00000042743
0.00000043780
0.00000042636
0.00000044206
0.00000042693
0.00000044265
0.00000043121
0.00000042488
0.00000041598
0.00000043711
0.00000042498
0.00000041153
0.00000042941
0.00000041681
0.00000039747
0.00000040545
0.00000040919
0.00000042024
0.00000042495
0.00000043811
0.00000042746
0.00000044080
0.00000043394
0.00000042654
0.00000042072
0.00000041869
0.00000041692
0.00000041322
0.00000041231
0.00000044196
0.00000041937
0.00000041444
0.00000041262
0.00000041539
0.00000041221
0.00000041004
0.00000041446
0.00000041439
0.00000041946
0.00000042984
0.00000043494
0.00000041490
0.00000042590
0.00000043014
0.00000041103
0.00000041923
0.00000043191
0.00000041521
0.00000043725
0.00000043381
0.00000043242
0.00000043742
0.00000044289
0.00000042329
0.00000043466
0.00000041245
0.00000041701
0.00000043139
0.00000041640
0.00000042743
0.00000041672
0.00000043112
0.00000042094
0.00000044537
0.00000044215
0.00000044366
0.00000045316
0.00000043954
0.00000043241
0.00000044385
0.00000043228
0.00000042947
0.00000041939
0.00000040721
0.00000042662
0.00000041577
0.00000040667
0.00000042653
0.00000041254
0.00000042616
0.00000041387
0.00000043429
0.00000042199
0.00000040401
0.00000041660
0.00000039578
0.00000040278
0.00000041849
0.00000043015
0.00000042188
0.00000043125
0.00000041811
0.00000042688
0.00000041588
0.00000043381
0.00000042237
0.00000043724
0.00000042618
0.00000041636
0.00000042774
0.00000041797
0.00000040608
0.00000041354
0.00000039972
0.00000041167
0.00000042024
0.00000043340
0.00000041372
0.00000042203
0.00000043254
0.00000040814
0.00000041366
0.00000041943
0.00000042436
0.00000043112
0.00000041050
0.00000042464
0.00000044292
0.00000043607
0.00000042228
0.00000041487
0.00000043241
0.00000041586
0.00000040591
0.00000041889
0.00000040855
0.00000042586
0.00000041179
0.00000042668
0.00000041226
0.00000041673
0.00000039839
0.00000040301
0.00000040687
0.00000040617
0.00000040820
0.00000040561
0.00000039605
0.00000041579
0.00000040213
0.00000041860
0.00000039925
0.00000041168
0.00000041670
0.00000042183
0.00000040829
0.00000041565
0.00000042640
0.00000040673
0.00000041585
0.00000043107
0.00000042026
0.00000043793
0.00000043412
0.00000043538
0.00000043039
0.00000042979
0.00000043167
0.00000044146
0.00000042240
0.00000043608
0.00000042404
0.00000043874
0.00000043418
0.00000043351
0.00000043639
0.00000044859
0.00000043405
0.00000045279
0.00000045374
0.00000044123
0.00000045137
0.00000043671
0.00000042640
0.00000043184
0.00000043380
0.00000044207
0.00000046053
0.00000045354
0.00000045014
0.00000044918
0.00000042594
0.00000043989
0.00000044876
0.00000043705
0.00000043118
0.00000042636
0.00000042549
0.00000042120
0.00000041703
0.00000041087
0.00000041068
0.00000040349
0.00000042712
0.00000042124
0.00000041698
0.00000041465
0.00000040667
0.00000043017
0.00000042448
0.00000042437
0.00000041897
0.00000041811
0.00000041010
0.00000040423
0.00000042257
0.00000040946
0.00000039334
0.00000040766
0.00000041380
0.00000041878
0.00000042504
0.00000041058
0.00000041379
0.00000041731
0.00000042415
0.00000042595
0.00000040340
0.00000040640
0.00000040913
0.00000041631
0.00000041918
0.00000042740
0.00000042890
0.00000041214
0.00000041686
0.00000042325
0.00000043293
0.00000040979
0.00000041706
0.00000041498
0.00000041320
0.00000041545
0.00000041126
0.00000040852
0.00000040186
0.00000042415
0.00000041691
0.00000040461
0.00000041926
0.00000041260
0.00000042274
0.00000040851
0.00000041451
0.00000041778
0.00000040065
0.00000041141
0.00000042471
0.00000044702
0.00000044311
0.00000045185
0.00000043796
0.00000045704
0.00000045930
0.00000047276
0.00000045783
0.00000044790
0.00000044322
0.00000044379
0.00000042505
0.00000044096
0.00000043529
0.00000042964
0.00000042685
0.00000042140
0.00000041314
0.00000043049
0.00000041946
0.00000040551
0.00000041930
0.00000040720
0.00000041988
0.00000041238
0.00000042836
0.00000042475
0.00000041190
0.00000042430
0.00000041152
0.00000042434
0.00000041526
0.00000042700
0.00000041737
0.00000042860
0.00000042083
0.00000043813
0.00000042370
0.00000041560
0.00000043280
0.00000041788
0.00000043621
0.00000042636
0.00000041423
0.00000042618
0.00000041439
0.00000042688
0.00000041255
0.00000042405
0.00000041276
0.00000042701
0.00000041436
0.00000042949
0.00000041942
0.00000043402
0.00000042552
0.00000041638
0.00000042793
0.00000041173
0.00000042375
0.00000040811
0.00000041620
0.00000042135
0.00000041752
0.00000041794
0.00000041929
0.00000042013
0.00000041970
0.00000041189
0.00000040851
0.00000043122
0.00000042692
0.00000041531
0.00000041011
0.00000042709
0.00000042529
0.00000042987
0.00000043171
0.00000044248
0.00000045043
0.00000044110
0.00000042810
0.00000042090
0.00000043511
0.00000043086
0.00000042463
0.00000042248
0.00000041947
0.00000042071
0.00000041655
0.00000042016
0.00000041818
0.00000041637
0.00000041782
0.00000041714
0.00000042061
0.00000041711
0.00000041601
0.00000040402
0.00000039277
0.00000041554
0.00000040563
0.00000042350
0.00000040687
0.00000042244
0.00000040876
0.00000042596
0.00000041169
0.00000042847
0.00000041747
0.00000040317
0.00000041305
0.00000040342
0.00000042005
0.00000040388
0.00000041123
0.00000042124
0.00000040088
0.00000041437
0.00000042731
0.00000043553
0.00000042406
0.00000041023
0.00000041817
0.00000043025
0.00000041499
0.00000042315
0.00000040158
0.00000040968
0.00000041446
0.00000042686
0.00000043944
0.00000042510
0.00000041994
0.00000044505
0.00000043783
0.00000043416
0.00000042777
0.00000042571
0.00000043478
0.00000044723
0.00000043295
0.00000044430
0.00000043439
0.00000043005
0.00000042531
0.00000042793
0.00000043163
0.00000043620
0.00000041646
0.00000042287
0.00000043170
0.00000041338
0.00000042168
0.00000043505
0.00000042060
0.00000043574
0.00000045175
0.00000044202
0.00000043436
0.00000042666
0.00000042069
0.00000040856
0.00000041761
0.00000040020
0.00000040635
0.00000041084
0.00000038568
0.00000041257
0.00000041150
0.00000041618
0.00000042647
0.00000043614
0.00000042327
0.00000044102
0.00000043932
0.00000043470
0.00000043074
0.00000042796
0.00000042920
0.00000043439
0.00000043532
0.00000043923
0.00000041408
0.00000041211
0.00000041057
0.00000042008
0.00000042476
0.00000043117
0.00000043614
0.00000041602
0.00000042323
0.00000043003
0.00000040453
0.00000040450
0.00000040075
0.00000042209
0.00000041577
0.00000040697
0.00000039626
0.00000041148
0.00000039968
0.00000040780
0.00000041390
0.00000042442
0.00000041311
0.00000042222
0.00000043441
0.00000041668
0.00000043208
0.00000041663
0.00000043029
0.00000041068
0.00000042134
0.00000039902
0.00000040708
0.00000041478
0.00000041260
0.00000041553
0.00000041250
0.00000041514
0.00000041853
0.00000042157
0.00000041936
0.00000042130
0.00000042389
0.00000041898
0.00000041802
0.00000041551
0.00000040621
0.00000040114
0.00000041516
0.00000040509
0.00000041739
0.00000040258
0.00000041966
0.00000040498
0.00000042166
0.00000043074
0.00000041233
0.00000042570
0.00000040685
0.00000041932
0.00000042522
0.00000040691
0.00000040663
0.00000040560
0.00000040647
0.00000041197
0.00000041160
0.00000041709
0.00000041525
0.00000041919
0.00000041998
0.00000042201
0.00000042810
0.00000042601
0.00000043193
0.00000040457
0.00000043750
0.00000041350
0.00000042041
0.00000042311
0.00000042824
0.00000042921
0.00000043156
0.00000043622
0.00000043350
0.00000041159
0.00000041145
0.00000040985
0.00000040782
0.00000040197
0.00000042585
0.00000042241
0.00000041431
0.00000040430
0.00000041519
0.00000040334
0.00000041728
0.00000043333
0.00000042022
0.00000040591
0.00000041720
0.00000039789
0.00000040082
0.00000042641
0.00000041566
0.00000040855
0.00000039492
0.00000040374
0.00000040681
0.00000040076
0.00000039483
0.00000040918
0.00000039477
0.00000040310
0.00000040939
0.00000041576
0.00000041926
0.00000041937
0.00000040984
0.00000040464
0.00000040249
0.00000042483
0.00000041061
0.00000039734
0.00000040771
0.00000040769
0.00000040461
0.00000040039
0.00000041408
0.00000040629
0.00000042309
0.00000041823
0.00000040408
0.00000041585
0.00000039635
0.00000039951
0.00000040338
0.00000039936
0.00000042573
0.00000041410
0.00000040238
0.00000041503
0.00000039007
0.00000039434
0.00000039406
0.00000041624
0.00000041286
0.00000039925
0.00000041280
0.00000038983
0.00000039315
0.00000040039
0.00000040141
0.00000039921
0.00000039698
0.00000042352
0.00000041962
0.00000041598
0.00000041218
0.00000040885
0.00000043272
0.00000043218
0.00000042971
0.00000043561
0.00000043627
0.00000043487
0.00000043449
0.00000041162
0.00000041412
0.00000041865
0.00000042606
0.00000042969
0.00000043568
0.00000041602
0.00000042699
0.00000043436
0.00000041492
0.00000042567
0.00000043222
0.00000041459
0.00000042475
0.00000043133
0.00000041803
0.00000042715
0.00000043596
0.00000042819
0.00000044300
0.00000043280
0.00000042390
0.00000042372
0.00000041921
0.00000041800
0.00000041939
0.00000042785
0.00000043242
0.00000041663
0.00000041987
0.00000043105
0.00000041546
0.00000042996
0.00000042090
0.00000043340
0.00000042632
0.00000044347
0.00000043462
0.00000042737
0.00000042041
0.00000043470
0.00000042855
0.00000042608
0.00000042447
0.00000042267
0.00000041793
0.00000041750
0.00000041703
0.00000041925
0.00000042381
0.00000042919
0.00000043185
0.00000041219
0.00000041594
0.00000041965
0.00000042066
0.00000042244
0.00000041973
0.00000042094
0.00000042123
0.00000042171
0.00000041260
0.00000041104
0.00000043404
0.00000042949
0.00000042039
0.00000041561
0.00000041365
0.00000041559
0.00000041884
0.00000041891
0.00000041968
0.00000042015
0.00000041671
0.00000040812
0.00000040065
0.00000041532
0.00000041283
0.00000043302
0.00000043083
0.00000043152
0.00000043491
0.00000041725
0.00000042286
0.00000042942
0.00000043913
0.00000042174
0.00000042663
0.00000043074
0.00000041079
0.00000041849
0.00000042251
0.00000039804
0.00000039590
0.00000041698
0.00000041617
0.00000041563
0.00000041877
0.00000042114
0.00000042408
0.00000042710
0.00000042784
0.00000042799
0.00000040256
0.00000040617
0.00000043127
0.00000042928
0.00000043306
0.00000043161
0.00000043004
0.00000043329
0.00000040544
0.00000043571
0.00000043975
0.00000044958
0.00000042662
0.00000042817
0.00000043597
0.00000041089
0.00000041878
0.00000042158
0.00000042413
0.00000043363
0.00000041316
0.00000042595
0.00000043532
0.00000044646
0.00000044026
0.00000042794
0.00000041490
0.00000043015
0.00000041684
0.00000043261
0.00000042380
0.00000044017
0.00000043436
0.00000043665
0.00000043396
0.00000043219
0.00000043002
0.00000043072
0.00000043224
0.00000041340
0.00000041526
0.00000042139
0.00000042287
0.00000042629
0.00000043578
0.00000041655
0.00000042756
0.00000044294
0.00000042647
0.00000041691
0.00000043151
0.00000042760
0.00000044826
0.00000044993
0.00000042310
0.00000043510
0.00000044456
0.00000044030
0.00000043340
0.00000043678
0.00000044201
0.00000042691
0.00000043747
0.00000043025
0.00000045077
0.00000045486
0.00000043096
0.00000043501
0.00000042277
0.00000043736
0.00000043278
0.00000045362
0.00000042725
0.00000043743
0.00000044663
0.00000043015
0.00000044095
0.00000042529
0.00000041372
0.00000042070
0.00000040435
0.00000041640
0.00000041983
0.00000043097
0.00000041266
0.00000042327
0.00000042655
0.00000040759
0.00000040512
0.00000040749
0.00000040701
0.00000040260
0.00000039718
0.00000041423
0.00000040428
0.00000041995
0.00000040912
0.00000042037
0.00000040753
0.00000041970
0.00000040698
0.00000041463
0.00000039761
0.00000040241
0.00000041240
0.00000042004
0.00000042650
0.00000042945
0.00000040870
0.00000040835
0.00000040833
0.00000040520
0.00000040703
0.00000040426
0.00000042830
0.00000041980
0.00000041554
0.00000043010
0.00000042067
0.00000040362
0.00000041942
0.00000040153
0.00000041435
0.00000042008
0.00000040180
0.00000040188
0.00000040379
0.00000040090
0.00000040289
0.00000039554
0.00000041965
0.00000041623
0.00000040933
0.00000043147
0.00000042241
0.00000041652
0.00000039906
0.00000040751
0.00000038975
0.00000040054
0.00000040675
0.00000040856
0.00000040600
0.00000039760
0.00000038686
0.00000039965
0.00000041090
0.00000039260
0.00000040504
0.00000041336
0.00000041435
0.00000042288
0.00000042412
0.00000042282
0.00000042162
0.00000042329
0.00000042164
0.00000039250
0.00000036355
0.00000036257
0.00000038089
0.00000040281
0.00000042187
0.00000044578
0.00000041282
0.00000040691
0.00000042274
0.00000041812
0.00000041594
0.00000041039
0.00000043042
0.00000042077
0.00000041918
0.00000041884
0.00000042317
0.00000042122
0.00000042460
0.00000042809
0.00000043286
0.00000043812
0.00000041163
0.00000041629
0.00000042321
0.00000043220
0.00000041485
0.00000041984
0.00000043576
0.00000041642
0.00000042822
0.00000041102
0.00000042010
0.00000042853
0.00000040737
0.00000041514
0.00000042209
0.00000042787
0.00000044009
0.00000042618
0.00000043283
0.00000041648
0.00000043089
0.00000042101
0.00000043191
0.00000041767
0.00000042856
0.00000041965
0.00000043368
0.00000042484
0.00000043446
0.00000041748
0.00000042056
0.00000040123
0.00000040269
0.00000040464
0.00000039741
0.00000041243
0.00000040134
0.00000040824
0.00000038618
0.00000039550
0.00000039813
0.00000040616
0.00000040571
0.00000040668
0.00000039859
0.00000041693
0.00000040707
0.00000041585
0.00000040022
0.00000040370
0.00000040345
0.00000040594
0.00000040300
0.00000040724
0.00000040926
0.00000040463
0.00000040369
0.00000040884
0.00000041301
0.00000041226
0.00000041852
0.00000042169
0.00000043402
0.00000041848
0.00000043794
0.00000043014
0.00000045298
0.00000044493
0.00000043746
0.00000043674
0.00000043060
0.00000043140
0.00000042673
0.00000042210
0.00000042190
0.00000041577
0.00000040589
0.00000042473
0.00000041163
0.00000040449
0.00000042267
0.00000043623
0.00000042718
0.00000041061
0.00000042613
0.00000041624
0.00000042390
0.00000041334
0.00000042578
0.00000041945
0.00000043973
0.00000043062
0.00000042635
0.00000045361
0.00000043193
0.00000043101
0.00000043864
0.00000043875
0.00000041810
0.00000041813
0.00000042210
0.00000041685
0.00000041606
0.00000040898
0.00000040527
0.00000042065
0.00000041477
0.00000040485
0.00000041975
0.00000040657
0.00000042275
0.00000040567
0.00000041834
0.00000042564
0.00000040673
0.00000040686
0.00000040220
0.00000039976
0.00000041437
0.00000040242
0.00000041619
0.00000039492
0.00000039652
0.00000039879
0.00000040089
0.00000041882
0.00000041429
0.00000040594
0.00000039543
0.00000041030
0.00000038766
0.00000038604
0.00000038562
0.00000040156
0.00000039010
0.00000040624
0.00000041489
0.00000039442
0.00000040150
0.00000040254
0.00000040009
0.00000039489
0.00000041278
0.00000040678
0.00000039227
0.00000040327
0.00000041169
0.00000041827
0.00000040305
0.00000040118
0.00000039769
0.00000039214
0.00000041556
0.00000040656
0.00000041965
0.00000040601
0.00000041141
0.00000041237
0.00000041437
0.00000041154
0.00000040853
0.00000039977
0.00000039507
0.00000041062
0.00000040578
0.00000042257
0.00000041846
0.00000040792
0.00000042706
0.00000041271
0.00000040267
0.00000041254
0.00000039849
0.00000040727
0.00000041081
0.00000041884
0.00000042851
0.00000040601
0.00000041509
0.00000041873
0.00000042810
0.00000041223
0.00000042098
0.00000043550
0.00000042141
0.00000043875
0.00000042475
0.00000041800
0.00000043230
0.00000042219
0.00000041100
0.00000043252
0.00000042358
0.00000041658
0.00000040691
0.00000042549
0.00000042034
0.00000042498
0.00000041786
0.00000042500
0.00000042316
0.00000042341
0.00000042613
0.00000043827
0.00000044462
0.00000042652
0.00000043697
0.00000044972
0.00000043586
0.00000042999
0.00000042553
0.00000044441
0.00000043852
0.00000043740
0.00000043773
0.00000043388
0.00000044105
0.00000044430
0.00000043008
0.00000044141
0.00000043078
0.00000041942
0.00000042546
0.00000041496
0.00000042923
0.00000042342
0.00000043931
0.00000043394
0.00000042324
0.00000041740
0.00000041341
0.00000042941
0.00000042380
0.00000040958
0.00000042543
0.00000040896
0.00000042000
0.00000039715
0.00000040485
0.00000040781
0.00000041601
0.00000041990
0.00000043149
0.00000041053
0.00000041631
0.00000042197
0.00000042828
0.00000040726
0.00000041389
0.00000041511
0.00000041203
0.00000041058
0.00000040129
0.00000039796
0.00000041022
0.00000043554
0.00000043138
0.00000042595
0.00000042347
0.00000042160
0.00000041753
0.00000041530
0.00000041236
0.00000043245
0.00000042808
0.00000041770
0.00000041389
0.00000044169
0.00000043988
0.00000044040
0.00000044731
0.00000042573
0.00000043577
0.00000041914
0.00000043569
0.00000044232
0.00000042280
0.00000043396
0.00000041284
0.00000041856
0.00000040426
0.00000041049
0.00000042188
0.00000042781
0.00000040851
0.00000040693
0.00000040475
0.00000040599
0.00000040698
0.00000040470
0.00000040743
0.00000041556
0.00000042297
0.00000042703
0.00000043589
0.00000041931
0.00000043122
0.00000041426
0.00000042775
0.00000041442
0.00000042158
0.00000040751
0.00000041748
0.00000042103
0.00000043718
0.00000043265
0.00000045246
0.00000042493
0.00000042519
0.00000043158
0.00000044372
0.00000045404
0.00000044225
0.00000043224
0.00000042226
0.00000040681
0.00000042147
0.00000041228
0.00000042896
0.00000042376
0.00000044706
0.00000044175
0.00000041588
0.00000041839
0.00000042366
0.00000043056
0.00000043745
0.00000042215
0.00000042925
0.00000044487
0.00000043482
0.00000042619
0.00000042282
0.00000041298
0.00000043351
0.00000042401
0.00000041659
0.00000040742
0.00000042529
0.00000041621
0.00000041062
0.00000043418
0.00000043287
0.00000043317
0.00000043528
0.00000040981
0.00000041250
0.00000041783
0.00000044960
0.00000042962
0.00000043999
0.00000042281
0.00000043846
0.00000043210
0.00000043087
0.00000045116
0.00000042494
0.00000041748
0.00000041848
0.00000041419
0.00000041411
0.00000043748
0.00000044151
0.00000044337
0.00000042533
0.00000042967
0.00000043448
0.00000041578
0.00000041768
0.00000041418
0.00000040711
0.00000040259
0.00000041983
0.00000041300
0.00000043315
0.00000043291
0.00000042890
0.00000042650
0.00000041840
0.00000041259
0.00000043006
0.00000042203
0.00000042001
0.00000041510
0.00000040759
0.00000040039
0.00000042300
0.00000041592
0.00000040844
0.00000042452
0.00000041357
0.00000040196
0.00000041424
0.00000040526
0.00000041614
0.00000042608
0.00000041093
0.00000041928
0.00000042515
0.00000040704
0.00000042282
0.00000043610
0.00000042709
0.00000044591
0.00000044823
0.00000045125
0.00000043166
0.00000044424
0.00000043123
0.00000045431
0.00000044687
0.00000044314
0.00000044679
0.00000042640
0.00000043976
0.00000045267
0.00000044770
0.00000045371
0.00000043212
0.00000044333
0.00000043410
0.00000043464
0.00000043743
0.00000044272
0.00000045423
0.00000044826
0.00000044332
0.00000044629
0.00000044930
0.00000042493
0.00000043120
0.00000043905
0.00000042510
0.00000044271
0.00000042885
0.00000043933
0.00000043187
0.00000041735
0.00000040486
0.00000041138
0.00000041121
0.00000041044
0.00000039766
0.00000038742
0.00000039722
0.00000039505
0.00000039234
0.00000037983
0.00000039047
0.00000038787
0.00000038424
0.00000040211
0.00000038289
0.00000039284
0.00000039910
0.00000039927
0.00000039163
0.00000040936
0.00000039887
0.00000041260
0.00000039874
0.00000041238
0.00000041913
0.00000040234
0.00000040668
0.00000041395
0.00000042140
0.00000042602
0.00000042846
0.00000043243
0.00000040892
0.00000040429
0.00000040314
0.00000039844
0.00000041517
0.00000040828
0.00000043004
0.00000042564
0.00000041535
0.00000041107
0.00000040674
0.00000042519
0.00000041522
0.00000040753
0.00000042160
0.00000041218
0.00000042089
0.00000040179
0.00000041363
0.00000039374
0.00000040331
0.00000040682
0.00000041248
0.00000041321
0.00000041089
0.00000040836
0.00000040558
0.00000040252
0.00000039678
0.00000041567
0.00000040586
0.00000042035
0.00000040992
0.00000042439
0.00000040970
0.00000041786
0.00000042649
0.00000040776
0.00000041708
0.00000042590
0.00000043316
0.00000041489
0.00000042015
0.00000042313
0.00000040271
0.00000041523
0.00000042125
0.00000042667
0.00000044064
0.00000042709
0.00000041350
0.00000040618
0.00000042364
0.00000041807
0.00000043731
0.00000043481
0.00000044090
0.00000044252
0.00000041937
0.00000042750
0.00000043317
0.00000044032
0.00000042495
0.00000042998
0.00000043537
0.00000041911
0.00000042566
0.00000043746
0.00000041748
0.00000042589
0.00000043198
0.00000042166
0.00000043590
0.00000043118
0.00000045299
0.00000044470
0.00000044260
0.00000044167
0.00000043747
0.00000043709
0.00000044063
0.00000041518
0.00000041861
0.00000041888
0.00000042272
0.00000042259
0.00000042801
0.00000043164
0.00000040551
0.00000041077
0.00000041338
0.00000042245
0.00000042926
0.00000043756
0.00000041930
0.00000042166
0.00000043004
0.00000041347
0.00000042612
0.00000044242
0.00000043522
0.00000045115
0.00000044457
0.00000044123
0.00000043816
0.00000043669
0.00000041085
0.00000041294
0.00000041593
0.00000043978
0.00000041778
0.00000042570
0.00000042424
0.00000043060
0.00000043361
0.00000041541
0.00000042334
0.00000043489
0.00000042391
0.00000043308
0.00000042281
0.00000043833
0.00000042833
0.00000043725
0.00000042510
0.00000040885
0.00000042246
0.00000040449
0.00000042077
0.00000041134
0.00000042294
0.00000041395
0.00000042437
0.00000041434
0.00000042170
0.00000040666
0.00000041089
0.00000041777
0.00000041955
0.00000040430
0.00000041371
0.00000042956
0.00000044215
0.00000043425
0.00000042488
0.00000044280
0.00000044052
0.00000043696
0.00000044026
0.00000043812
0.00000041684
0.00000041328
0.00000041330
0.00000040846
0.00000040633
0.00000043105
0.00000042328
0.00000042690
0.00000042481
0.00000042781
0.00000043224
0.00000043798
0.00000044050
0.00000042612
0.00000043959
0.00000042747
0.00000041737
0.00000042777
0.00000041733
0.00000043014
0.00000041816
0.00000042925
0.00000041935
0.00000043450
0.00000042527
0.00000043331
0.00000041761
0.00000042781
0.00000040800
0.00000041941
0.00000040253
0.00000040817
0.00000041767
0.00000042254
0.00000043180
0.00000041358
0.00000042042
0.00000043304
0.00000041760
0.00000042125
0.00000043299
0.00000042231
0.00000043758
0.00000041975
0.00000043226
0.00000042305
0.00000041271
0.00000042839
0.00000042361
0.00000044934
0.00000041968
0.00000040709
0.00000040194
0.00000042168
0.00000041254
0.00000040697
0.00000041978
0.00000041252
0.00000040539
0.00000041878
0.00000040042
0.00000041300
0.00000042008
0.00000043000
0.00000040776
0.00000041593
0.00000041890
0.00000042007
0.00000042407
0.00000042114
0.00000041965
0.00000040941
0.00000040392
0.00000039405
0.00000041245
0.00000040430
0.00000041609
0.00000039959
0.00000041448
0.00000042692
0.00000040435
0.00000040088
0.00000039947
0.00000039327
0.00000041461
0.00000040245
0.00000041954
0.00000040646
0.00000041756
0.00000040305
0.00000040676
0.00000041375
0.00000041350
0.00000041548
0.00000041158
0.00000040274
0.00000039834
0.00000041485
0.00000040618
0.00000042840
0.00000041878
0.00000041339
0.00000040270
0.00000042055
0.00000040633
0.00000042291
0.00000040389
0.00000041532
0.00000042044
0.00000040040
0.00000040720
0.00000041372
0.00000042564
0.00000043902
0.00000042098
0.00000043287
0.00000041825
0.00000042798
0.00000041400
0.00000043104
0.00000041941
0.00000042805
0.00000041794
0.00000042657
0.00000041238
0.00000042055
0.00000042070
0.00000039821
0.00000039209
0.00000041567
0.00000040473
0.00000039659
0.00000040865
0.00000039777
0.00000041407
0.00000042587
0.00000041385
0.00000042589
0.00000041743
0.00000043089
0.00000041676
0.00000040923
0.00000043012
0.00000041908
0.00000043991
0.00000043139
0.00000042934
0.00000042449
0.00000042356
0.00000041830
0.00000041373
0.00000040558
0.00000040386
0.00000042448
0.00000042590
0.00000042198
0.00000042422
0.00000041959
0.00000041327
0.00000041068
0.00000040195
0.00000039875
0.00000041845
0.00000041923
0.00000041494
0.00000044047
0.00000044065
0.00000040805
0.00000040834
0.00000043432
0.00000043392
0.00000043652
0.00000043474
0.00000043115
0.00000043248
0.00000040831
0.00000041123
0.00000041026
0.00000041362
0.00000041139
0.00000041602
0.00000042021
0.00000041979
0.00000042134
0.00000042905
0.00000043618
0.00000043555
0.00000041501
0.00000041476
0.00000041868
0.00000041697
0.00000041836
0.00000041459
0.00000041428
0.00000040579
0.00000040423
0.00000042232
0.00000042083
0.00000041351
0.00000041102
0.00000043492
0.00000042638
0.00000042120
0.00000041549
0.00000041532
0.00000043529
0.00000043568
0.00000043536
0.00000043104
0.00000043384
0.00000043053
0.00000042981
0.00000042693
0.00000042948
0.00000042762
0.00000042991
0.00000043396
0.00000043413
0.00000040987
0.00000041698
0.00000041545
0.00000041371
0.00000041405
0.00000041419
0.00000042138
0.00000042478
0.00000042649
0.00000042881
0.00000043385
0.00000043969
0.00000042688
0.00000044031
0.00000043112
0.00000044550
0.00000043479
0.00000042688
0.00000041686
0.00000040761
0.00000042328
0.00000041610
0.00000043238
0.00000042070
0.00000043774
0.00000043338
0.00000042463
0.00000042186
0.00000041586
0.00000041528
0.00000041091
0.00000041187
0.00000041559
0.00000041978
0.00000042476
0.00000042615
0.00000043375
0.00000041630
0.00000042681
0.00000040609
0.00000041710
0.00000042691
0.00000040519
0.00000041924
0.00000043330
0.00000042045
0.00000044155
0.00000043798
0.00000043082
0.00000042871
0.00000043528
0.00000043813
0.00000044589
0.00000043572
0.00000042697
0.00000042658
0.00000042888
0.00000043431
0.00000044308
0.00000045162
0.00000044128
0.00000042402
0.00000043788
0.00000041802
0.00000043046
0.00000041241
0.00000042654
0.00000041472
0.00000042422
0.00000043139
0.00000042026
0.00000043653
0.00000041995
0.00000043854
0.00000042667
0.00000042180
0.00000040850
0.00000042255
0.00000041158
0.00000041983
0.00000041080
0.00000041889
0.00000040663
0.00000041931
0.00000042833
0.00000041698
0.00000043105
0.00000041716
0.00000043277
0.00000042182
0.00000043789
0.00000042738
0.00000044992
0.00000044974
0.00000044971
0.00000043112
0.00000043762
0.00000042492
0.00000043048
0.00000044170
0.00000042055
0.00000042660
0.00000040029
0.00000040239
0.00000039794
0.00000039773
0.00000041521
0.00000040902
0.00000039390
0.00000041062
0.00000042418
0.00000040923
0.00000042489
0.00000040993
0.00000041512
0.00000041752
0.00000039985
0.00000040309
0.00000040095
0.00000040530
0.00000040040
0.00000039317
0.00000041136
0.00000039548
0.00000040510
0.00000041595
0.00000041981
0.00000039453
0.00000038824
0.00000041157
0.00000040004
0.00000041030
0.00000039312
0.00000039781
0.00000040534
0.00000040321
0.00000039603
0.00000041188
0.00000040190
0.00000039704
0.00000041180
0.00000042348
0.00000040653
0.00000041093
0.00000041339
0.00000041186
0.00000040728
0.00000040839
0.00000043183
0.00000043008
0.00000042645
0.00000042413
0.00000042233
0.00000042693
0.00000042451
0.00000042259
0.00000042567
0.00000042278
0.00000042587
0.00000042823
0.00000043428
0.00000043525
0.00000043851
0.00000040927
0.00000041425
0.00000041216
0.00000040938
0.00000041347
0.00000041172
0.00000043817
0.00000043755
0.00000043292
0.00000042751
0.00000042371
0.00000041776
0.00000040373
0.00000041966
0.00000040576
0.00000041810
0.00000039856
0.00000040882
0.00000041948
0.00000042248
0.00000040081
0.00000040101
0.00000039615
0.00000041909
0.00000041117
0.00000040850
0.00000039801
0.00000041769
0.00000040527
0.00000042251
0.00000040523
0.00000041418
0.00000039575
0.00000040504
0.00000041602
0.00000042105
0.00000043177
0.00000041436
0.00000042399
0.00000043247
0.00000041224
0.00000041913
0.00000042493
0.00000040203
0.00000040062
0.00000039555
0.00000041581
0.00000040998
0.00000042935
0.00000042666
0.00000042298
0.00000041765
0.00000040941
0.00000039804
0.00000041347
0.00000040219
0.00000041764
0.00000040504
0.00000042316
0.00000041147
0.00000042287
0.00000041044
0.00000042492
0.00000041382
0.00000043095
0.00000042238
0.00000043872
0.00000043151
0.00000042791
0.00000045154
0.00000045025
0.00000043150
0.00000043497
0.00000043972
0.00000042186
0.00000042962
0.00000041461
0.00000043145
0.00000044431
0.00000043073
0.00000041796
0.00000041044
0.00000042424
0.00000041203
0.00000043285
0.00000042436
0.00000041391
0.00000043242
0.00000043059
0.00000042572
0.00000042784
0.00000042641
0.00000042617
0.00000043252
0.00000043522
0.00000041389
0.00000042405
0.00000042694
0.00000042823
0.00000040081
0.00000040364
0.00000040429
0.00000040638
0.00000040834
0.00000041700
0.00000041993
0.00000042253
0.00000043067
0.00000043443
0.00000041659
0.00000042431
0.00000043622
0.00000042367
0.00000043390
0.00000042397
0.00000043952
0.00000042912
0.00000042340
0.00000043361
0.00000042576
0.00000041394
0.00000042551
0.00000041327
0.00000042440
0.00000040186
0.00000040626
0.00000038216
0.00000041201
0.00000041109
0.00000040610
0.00000039461
0.00000041332
0.00000043239
0.00000042220
0.00000040571
0.00000041255
0.00000038982
0.00000039136
0.00000042192
0.00000041898
0.00000041970
0.00000041800
0.00000041748
0.00000041461
0.00000041108
0.00000040956
0.00000043371
0.00000043986
0.00000045552
0.00000044797
0.00000044564
0.00000044872
0.00000045668
0.00000044595
0.00000043305
0.00000043151
0.00000043806
0.00000044387
0.00000045952
0.00000044981
0.00000044550
0.00000045019
0.00000045698
0.00000044152
0.00000043534
0.00000042620
0.00000044502
0.00000043969
0.00000043680
0.00000043360
0.00000043898
0.00000044464
0.00000042563
0.00000042981
0.00000043492
0.00000041515
0.00000042228
0.00000042224
0.00000042224
0.00000041936
0.00000041948
0.00000041695
0.00000041647
0.00000042117
0.00000041953
0.00000041485
0.00000041722
0.00000041857
0.00000042270
0.00000042830
0.00000044329
0.00000042985
0.00000044300
0.00000042975
0.00000041489
0.00000042486
0.00000040710
0.00000041362
0.00000041838
0.00000042526
0.00000040384
0.00000041024
0.00000041676
0.00000042457
0.00000043949
0.00000042635
0.00000043918
0.00000043086
0.00000041841
0.00000043080
0.00000042173
0.00000040894
0.00000042856
0.00000041536
0.00000043067
0.00000041143
0.00000041960
0.00000039433
0.00000039478
0.00000038866
0.00000041208
0.00000040282
0.00000041869
0.00000040152
0.00000040657
0.00000041549
0.00000041782
0.00000041952
0.00000042498
0.00000042383
0.00000042747
0.00000042889
0.00000043523
0.00000043670
0.00000044302
0.00000042215
0.00000043065
0.00000043771
0.00000042731
0.00000043557
0.00000041981
0.00000042985
0.00000041585
0.00000042656
0.00000043791
0.00000042601
0.00000041655
0.00000043463
0.00000043181
0.00000042861
0.00000042591
0.00000042166
0.00000041713
0.00000041608
0.00000044309
0.00000044461
0.00000041953
0.00000042723
0.00000043669
0.00000042062
0.00000043199
0.00000041792
0.00000043271
0.00000042257
0.00000043123
0.00000041952
0.00000043474
0.00000042016
0.00000043567
0.00000042237
0.00000043166
0.00000042414
0.00000043987
0.00000043380
0.00000042788
0.00000044280
0.00000043915
0.00000043293
0.00000043191
0.00000042691
0.00000042443
0.00000043308
0.00000044211
0.00000042821
0.00000044391
0.00000043619
0.00000042157
0.00000043196
0.00000042186
0.00000042980
0.00000041433
0.00000042691
0.00000040712
0.00000041537
0.00000042633
0.00000041716
0.00000043560
0.00000043078
0.00000046112
0.00000043451
0.00000043789
0.00000041792
0.00000042591
0.00000043494
0.00000041948
0.00000043311
0.00000042207
0.00000041237
0.00000043022
0.00000042809
0.00000042244
0.00000041797
0.00000041153
0.00000043139
0.00000042520
0.00000042180
0.00000041871
0.00000044243
0.00000043367
0.00000043242
0.00000043586
0.00000043657
0.00000043500
0.00000040521
0.00000042559
0.00000041852
0.00000041547
0.00000041054
0.00000040452
0.00000039940
0.00000041993
0.00000041116
0.00000040763
0.00000042487
0.00000041501
0.00000040697
0.00000043144
0.00000043090
0.00000042394
0.00000041980
0.00000041112
0.00000043842
0.00000043893
0.00000043122
0.00000043155
0.00000043224
0.00000042841
0.00000043054
0.00000043028
0.00000042765
0.00000041880
0.00000041505
0.00000041110
0.00000040624
0.00000042719
0.00000041797
0.00000040656
0.00000042144
0.00000041339
0.00000043388
0.00000042857
0.00000042060
0.00000044198
0.00000043311
0.00000042793
0.00000041963
0.00000041286
0.00000040737
0.00000042763
0.00000041391
0.00000040316
0.00000041760
0.00000040417
0.00000042260
0.00000043762
0.00000043205
0.00000043136
0.00000042395
0.00000041820
0.00000041167
0.00000040048
0.00000041720
0.00000041326
0.00000043667
0.00000042849
0.00000042223
0.00000042202
0.00000041603
0.00000041339
0.00000041479
0.00000044237
0.00000042497
0.00000042794
0.00000042840
0.00000040444
0.00000041546
0.00000042149
0.00000043017
0.00000044272
0.00000042737
0.00000041470
0.00000042927
0.00000041581
0.00000043424
0.00000042167
0.00000041089
0.00000042682
0.00000041556
0.00000042770
0.00000041276
0.00000042100
0.00000040316
0.00000041625
0.00000041844
0.00000039789
0.00000039930
0.00000042243
0.00000042055
0.00000041838
0.00000042251
0.00000041754
0.00000042309
0.00000043096
0.00000043719
0.00000042418
0.00000043004
0.00000041776
0.00000043317
0.00000042509
0.00000044311
0.00000043761
0.00000044093
0.00000044447
0.00000045380
0.00000044186
0.00000046151
0.00000043311
0.00000044578
0.00000045969
0.00000045197
0.00000045407
0.00000045764
0.00000044748
0.00000046129
0.00000046162
0.00000045917
0.00000043725
0.00000045152
0.00000043553
0.00000043033
0.00000045088
0.00000042953
0.00000043317
0.00000044728
0.00000046213
0.00000045808
0.00000046511
0.00000044709
0.00000043510
0.00000045635
0.00000045218
0.00000045408
0.00000043434
0.00000044724
0.00000043799
0.00000043596
0.00000044413
0.00000044718
0.00000045680
0.00000043799
0.00000042181
0.00000043873
0.00000042134
0.00000042926
0.00000041094
0.00000042050
0.00000042214
0.00000039833
0.00000040424
0.00000040520
0.00000041232
0.00000041116
0.00000041480
0.00000041259
0.00000041467
0.00000040890
0.00000040218
0.00000042997
0.00000042526
0.00000042773
0.00000042554
0.00000042398
0.00000042078
0.00000042430
0.00000042349
0.00000041975
0.00000041237
0.00000040572
0.00000039117
0.00000041366
0.00000040152
0.00000041417
0.00000042641
0.00000041104
0.00000042187
0.00000040225
0.00000040808
0.00000041016
0.00000041376
0.00000040823
0.00000039951
0.00000039345
0.00000040931
0.00000039579
0.00000040625
0.00000041933
0.00000042392
0.00000040067
0.00000040151
0.00000039555
0.00000041328
0.00000040944
0.00000042492
0.00000041621
0.00000042459
0.00000041104
0.00000041334
0.00000039095
0.00000041023
0.00000040674
0.00000039782
0.00000042090
0.00000041657
0.00000040505
0.00000042315
0.00000041575
0.00000040292
0.00000041863
0.00000040117
0.00000041046
0.00000041461
0.00000042149
0.00000042362
0.00000043066
0.00000041080
0.00000041089
0.00000041182
0.00000041776
0.00000041582
0.00000041586
0.00000041242
0.00000042698
0.00000042028
0.00000043594
0.00000043013
0.00000041969
0.00000040942
0.00000040907
0.00000043554
0.00000043198
0.00000043133
0.00000043792
0.00000044672
0.00000042740
0.00000044111
0.00000042588
0.00000044496
0.00000043582
0.00000042353
0.00000044317
0.00000043095
0.00000042300
0.00000041330
0.00000042243
0.00000041047
0.00000042009
0.00000043265
0.00000041266
0.00000042202
0.00000042239
0.00000039732
0.00000040111
0.00000040357
0.00000040504
0.00000041403
0.00000041549
0.00000041384
0.00000041868
0.00000041952
0.00000041693
0.00000041237
0.00000040358
0.00000039652
0.00000042064
0.00000041330
0.00000040333
0.00000041553
0.00000039931
0.00000040706
0.00000041301
0.00000041901
0.00000040499
0.00000040960
0.00000040820
0.00000040780
0.00000041009
0.00000040578
0.00000039919
0.00000041490
0.00000040492
0.00000041981
0.00000040801
0.00000040265
0.00000041594
0.00000039969
0.00000040515
0.00000040847
0.00000040703
0.00000040344
0.00000040028
0.00000039195
0.00000040695
0.00000040128
0.00000041715
0.00000040874
0.00000042690
0.00000042312
0.00000041992
0.00000043442
0.00000042146
0.00000041484
0.00000042910
0.00000041428
0.00000040074
0.00000040543
0.00000040925
0.00000041556
0.00000041259
0.00000041217
0.00000040150
0.00000038880
0.00000039720
0.00000041156
0.00000042098
0.00000039906
0.00000040812
0.00000040975
0.00000041185
0.00000041861
0.00000042096
0.00000042718
0.00000042684
0.00000043309
0.00000040742
0.00000041796
0.00000042626
0.00000043159
0.00000043771
0.00000041616
0.00000042682
0.00000044016
0.00000043136
0.00000043100
0.00000043661
0.00000044753
0.00000046098
0.00000045345
0.00000042240
0.00000042052
0.00000042172
0.00000042634
0.00000043589
0.00000045043
0.00000044847
0.00000044937
0.00000042578
0.00000043355
0.00000044936
0.00000044442
0.00000044256
0.00000044429
0.00000045613
0.00000044581
0.00000043455
0.00000043064
0.00000042294
0.00000044750
0.00000042124
0.00000042637
0.00000042863
0.00000042307
0.00000041659
0.00000041395
0.00000040527
0.00000042226
0.00000041494
0.00000040010
0.00000040910
0.00000042390
0.00000040743
0.00000041915
0.00000043475
0.00000041896
0.00000043083
0.00000042411
0.00000044000
0.00000042804
0.00000041719
0.00000043426
0.00000043275
0.00000042925
0.00000042896
0.00000043161
0.00000043662
0.00000044430
0.00000043080
0.00000044505
0.00000043564
0.00000042422
0.00000041791
0.00000043540
0.00000042816
0.00000042136
0.00000041698
0.00000041559
0.00000044884
0.00000042555
0.00000043355
0.00000043982
0.00000042711
0.00000043886
0.00000042962
0.00000045647
0.00000045499
0.00000042829
0.00000043220
0.00000041815
0.00000043764
0.00000045344
0.00000044330
0.00000044026
0.00000044740
0.00000045477
0.00000044050
0.00000045943
0.00000045714
0.00000046536
0.00000044670
0.00000045809
0.00000044766
0.00000044963
0.00000045033
0.00000045352
0.00000043384
0.00000044301
0.00000043242
0.00000043086
0.00000045398
0.00000042509
0.00000042297
0.00000041787
0.00000041278
0.00000041146
0.00000040247
0.00000042056
0.00000041310
0.00000043614
0.00000043094
0.00000042267
0.00000041261
0.00000040004
0.00000041721
0.00000040406
0.00000041775
0.00000040850
0.00000042716
0.00000041555
0.00000043230
0.00000042222
0.00000042122
0.00000044126
0.00000043593
0.00000043484
0.00000042728
0.00000042601
0.00000041525
0.00000040259
0.00000041620
0.00000039078
0.00000039455
0.00000038909
0.00000040481
0.00000039144
0.00000040464
0.00000040752
0.00000040580
0.00000040509
0.00000040395
0.00000041776
0.00000040675
0.00000038789
0.00000039639
0.00000039682
0.00000039725
0.00000041234
0.00000040129
0.00000038284
0.00000039153
0.00000039120
0.00000039113
0.00000041139
0.00000040978
0.00000039994
0.00000041826
0.00000040317
0.00000040946
0.00000041521
0.00000041327
0.00000040923
0.00000040164
0.00000042325
0.00000041455
0.00000040865
0.00000042744
0.00000042560
0.00000042009
0.00000044138
0.00000043418
0.00000041985
