# 
# TAPR TICC Timestamping Counter
# Copyright 2016-2025 N8UR, K9TRV, NH6Z, WA8YWQ
# 
# #####################
# TICC Configuration: 
# Software Version: 20251215.1 (RELEASE)
# EEPROM Version: 13, Board Version: D
# Board Serial Number: 46F08E3E
# Measurement Mode: Time Interval ch0->ch1
# Timestamp Wrap: 0 (no wrap)
# Output Decimal Places: 11
# SyncMode: P
# Serial Baud Rate: 115200
# Channel Names: A/B (C)
# Poll Character: none
# Clock Speed: 10.000000 MHz
# Coarse tick: 100.000000 usec
# Cal Periods: 20
# Propagation Delay ps: 0 (ch0), 0 (ch1)
# Timeout: 0x05
# Time Dilation ps: 2500 (ch0), 2500 (ch1)
# fixedTime2 ps: 0 (ch0), 0 (ch1)
# FUDGE0 ps: 0 (ch0), 0 (ch1)
# #####################
# 
# Type any character for config menu
# ............................
# 
# time interval ch0->ch1 (seconds with 11 decimal places)
0.00000007441
0.00000007612
0.00000005716
0.00000006765
0.00000004968
0.00000006559
0.00000005497
0.00000007196
0.00000005990
0.00000005322
0.00000004549
0.00000003144
0.00000004783
0.00000004113
0.00000005568
0.00000004775
0.00000003467
0.00000004999
0.00000003434
0.00000004909
0.00000003053
0.00000004130
0.00000002312
0.00000002148
0.00000002099
0.00000001204
0.00000002896
0.00000001713
0.00000002630
0.00000002988
0.00000002932
0.00000002062
0.00000001215
0.00000001803
0.00000002649
0.00000000513
0.00000003245
0.00000003483
0.00000003434
0.00000003006
0.00000003073
0.00000005809
0.00000005858
0.00000005941
0.00000006299
0.00000006987
0.00000005317
0.00000006682
0.00000008179
0.00000007188
0.00000006107
0.00000005220
0.00000004440
0.00000005601
0.00000004975
0.00000003606
0.00000004716
0.00000002948
0.00000003638
0.00000004063
0.00000004328
0.00000004254
0.00000003674
0.00000003271
0.00000002809
0.00000004844
0.00000004308
0.00000003098
0.00000004761
0.00000003883
0.00000004980
0.00000004487
0.00000004203
0.00000006918
0.00000007039
0.00000007094
0.00000004668
0.00000005128
0.00000005486
0.00000005646
0.00000006140
0.00000004389
0.00000005280
0.00000006357
0.00000004979
0.00000006692
0.00000005861
0.00000005502
0.00000005571
0.00000005750
0.00000005792
0.00000005903
0.00000005558
0.00000005745
0.00000006097
0.00000003839
0.00000003768
0.00000003356
0.00000002475
0.00000001912
0.00000004028
0.00000003855
0.00000006021
0.00000004657
0.00000003835
0.00000002825
0.00000004370
0.00000003044
0.00000004241
0.00000002260
0.00000003493
0.00000004971
0.00000003033
0.00000003649
0.00000004390
0.00000004545
0.00000002232
0.00000002747
0.00000002845
0.00000006968
0.00000005659
0.00000007883
0.00000007332
0.00000007693
0.00000007776
0.00000006229
0.00000007278
0.00000006867
0.00000005976
0.00000008105
0.00000006079
0.00000006423
0.00000007747
0.00000006096
0.00000007316
0.00000006940
0.00000005976
0.00000005365
0.00000005177
0.00000004619
0.00000004093
0.00000006219
0.00000005878
0.00000006130
0.00000006092
0.00000006389
0.00000004190
0.00000005166
0.00000005867
0.00000007491
0.00000006067
0.00000005156
0.00000007510
0.00000007407
0.00000007551
0.00000006214
0.00000008105
0.00000007833
0.00000007418
0.00000007685
0.00000005832
0.00000006646
0.00000007805
0.00000006994
0.00000006266
0.00000006423
0.00000006821
0.00000007492
0.00000006014
0.00000007180
0.00000005652
0.00000007852
0.00000007700
0.00000007695
0.00000007867
0.00000006007
0.00000007146
0.00000005393
0.00000007009
0.00000006373
0.00000005655
0.00000005715
0.00000005883
0.00000006701
0.00000007871
0.00000006650
0.00000005270
0.00000007231
0.00000006183
0.00000005084
0.00000003839
0.00000004634
0.00000003339
0.00000004468
0.00000002599
0.00000003049
0.00000002906
0.00000002214
0.00000001121
0.00000002078
0.00000003366
0.00000002091
0.00000002577
0.00000003270
0.00000003946
0.00000004347
0.00000004324
0.00000004192
0.00000003245
0.00000002698
0.00000001557
0.00000002810
0.00000003541
0.00000004573
0.00000003151
0.00000003925
0.00000005353
0.00000004053
0.00000004849
0.00000003332
0.00000004704
0.00000006096
0.00000005745
0.00000005144
0.00000008242
0.00000008973
0.00000006641
0.00000007622
0.00000006618
0.00000005592
0.00000007725
0.00000007503
0.00000007487
0.00000008339
0.00000006068
0.00000007346
0.00000005846
0.00000007342
0.00000005760
0.00000004817
0.00000006326
0.00000005099
0.00000004514
0.00000006042
0.00000005582
0.00000004682
0.00000004111
0.00000003165
0.00000005316
0.00000004075
0.00000003265
0.00000005113
0.00000003941
0.00000003187
0.00000004717
0.00000003826
0.00000005056
0.00000004335
0.00000003783
0.00000005384
0.00000005089
0.00000004655
0.00000007673
0.00000005725
0.00000006221
0.00000007332
0.00000005706
0.00000007027
0.00000005459
0.00000004527
0.00000005572
0.00000004029
0.00000005759
0.00000004614
0.00000006835
0.00000006243
0.00000005960
0.00000005508
0.00000005732
0.00000005582
0.00000006218
0.00000006532
0.00000004559
0.00000004590
0.00000005165
0.00000005139
0.00000005213
0.00000004606
0.00000004422
0.00000003474
0.00000002806
0.00000004209
0.00000002573
0.00000003672
0.00000004028
0.00000001615
0.00000001012
0.00000002998
0.00000002216
0.00000003464
0.00000001234
0.00000001783
0.00000001362
0.00000001210
0.00000003298
0.00000001802
0.00000002821
0.00000001149
0.00000001890
0.00000002173
0.00000003141
0.00000004072
0.00000005098
0.00000006328
0.00000004323
0.00000005696
0.00000004769
0.00000006492
0.00000005948
0.00000005140
0.00000004372
0.00000005728
0.00000004959
0.00000004295
0.00000002860
0.00000004246
0.00000003178
0.00000004271
0.00000002722
0.00000003425
0.00000004615
0.00000002520
0.00000003571
0.00000004156
0.00000004156
0.00000004735
0.00000005462
0.00000002485
0.00000002437
0.00000002424
0.00000004421
0.00000004038
0.00000003343
0.00000003061
0.00000005604
0.00000004929
0.00000004631
0.00000004120
0.00000002923
0.00000004787
0.00000003471
0.00000004944
0.00000003392
0.00000005031
0.00000003599
0.00000005158
0.00000003786
0.00000005523
0.00000004380
0.00000006327
0.00000004877
0.00000003604
0.00000005720
0.00000004991
0.00000004779
0.00000006876
0.00000007009
0.00000006651
0.00000004058
0.00000003476
0.00000003261
0.00000005054
0.00000004856
0.00000003882
0.00000003098
0.00000004004
0.00000002691
0.00000003401
0.00000001623
0.00000001620
0.00000002147
0.00000005298
0.00000002770
0.00000003112
0.00000003189
0.00000002539
0.00000002481
0.00000004639
0.00000003768
0.00000003609
0.00000003498
0.00000005516
0.00000005536
0.00000005610
0.00000005259
0.00000005362
0.00000005320
0.00000005311
0.00000005867
0.00000006648
0.00000004514
0.00000005376
0.00000006744
0.00000005673
0.00000008241
0.00000008920
0.00000009634
0.00000008446
0.00000007685
0.00000006805
0.00000007116
0.00000007765
0.00000007744
0.00000005813
0.00000006300
0.00000004990
0.00000006833
0.00000005797
0.00000008046
0.00000007242
0.00000007027
0.00000006123
0.00000005686
0.00000004502
0.00000003386
0.00000003071
0.00000004779
0.00000004387
0.00000003210
0.00000004644
0.00000002673
0.00000002410
0.00000002185
0.00000001591
0.00000000855
0.00000002184
0.00000003870
0.00000002779
0.00000003477
0.00000004333
0.00000002571
0.00000003215
0.00000003604
0.00000003807
0.00000003245
0.00000003226
0.00000002827
0.00000002362
0.00000004329
0.00000003490
0.00000002685
0.00000004621
0.00000003284
0.00000004678
0.00000003496
0.00000004775
0.00000003729
0.00000004876
0.00000003986
0.00000005419
0.00000003881
0.00000005188
0.00000003661
0.00000004271
0.00000002525
0.00000003662
0.00000003936
0.00000004961
0.00000003425
0.00000004558
0.00000005707
0.00000003212
0.00000003622
0.00000003657
0.00000003601
0.00000003556
0.00000003331
0.00000003884
0.00000004497
0.00000005469
0.00000006743
0.00000005162
0.00000006671
0.00000005993
0.00000005751
0.00000005646
0.00000005575
0.00000006312
0.00000007464
0.00000005514
0.00000006977
0.00000005995
0.00000004394
0.00000006065
0.00000005009
0.00000004268
0.00000005908
0.00000005514
0.00000005209
0.00000004542
0.00000004645
0.00000004964
0.00000004695
0.00000005226
0.00000005986
0.00000007070
0.00000006033
0.00000007365
0.00000006934
0.00000007333
0.00000007713
0.00000007748
0.00000006065
0.00000007341
0.00000006468
0.00000007908
0.00000007571
0.00000007216
0.00000006618
0.00000006737
0.00000007124
0.00000004919
0.00000004910
0.00000005454
0.00000005743
0.00000002466
0.00000002206
0.00000004572
0.00000003930
0.00000003076
0.00000005637
0.00000006074
0.00000006423
0.00000007334
0.00000005924
0.00000007337
0.00000005729
0.00000004732
0.00000006888
0.00000006878
0.00000006650
0.00000007424
0.00000008500
0.00000006732
0.00000005703
0.00000007111
0.00000005513
0.00000004558
0.00000005867
0.00000005180
0.00000004797
0.00000006847
0.00000006789
0.00000006114
0.00000006021
0.00000006259
0.00000006362
0.00000007379
0.00000005449
0.00000006997
0.00000005842
0.00000005458
0.00000008168
0.00000008330
0.00000005809
0.00000006439
0.00000006807
0.00000004940
0.00000005766
0.00000006623
0.00000005767
0.00000006758
0.00000005603
0.00000004149
0.00000005341
0.00000003484
0.00000004779
0.00000005588
0.00000004491
0.00000006202
0.00000004783
0.00000003704
0.00000005001
0.00000004337
0.00000006218
0.00000005413
0.00000004679
0.00000003577
0.00000005729
0.00000005023
0.00000004540
0.00000004324
0.00000006257
0.00000005931
0.00000005811
0.00000005664
0.00000005423
0.00000005039
0.00000004360
0.00000003822
0.00000002822
0.00000004556
0.00000003508
0.00000002245
0.00000003491
0.00000004543
0.00000002636
0.00000003378
0.00000003824
0.00000004887
0.00000005916
0.00000004287
0.00000005150
0.00000003513
0.00000004868
0.00000005739
0.00000004064
0.00000004988
0.00000002886
0.00000004087
0.00000004763
0.00000002406
0.00000002867
0.00000003229
0.00000003181
0.00000002861
0.00000002862
0.00000002438
0.00000004340
0.00000003191
0.00000000738
0.00000001190
0.00000001969
0.00000002737
0.00000003295
0.00000003354
0.00000004012
0.00000004547
0.00000005014
0.00000005277
0.00000003515
0.00000004097
0.00000004098
0.00000004617
0.00000004438
0.00000004521
0.00000003611
0.00000003226
0.00000002664
0.00000004946
0.00000004656
0.00000005459
0.00000006248
0.00000006476
0.00000004550
0.00000004626
0.00000005168
0.00000004844
0.00000005140
0.00000004424
0.00000004085
0.00000002988
0.00000002365
0.00000004463
0.00000003774
0.00000006138
0.00000005253
0.00000004924
0.00000004136
0.00000003851
0.00000003081
0.00000005276
0.00000004481
0.00000004231
0.00000003327
0.00000005495
0.00000004946
0.00000004355
0.00000004146
0.00000003196
0.00000005153
0.00000003826
0.00000002879
0.00000003702
0.00000004280
0.00000002468
0.00000002771
0.00000002884
0.00000002471
0.00000001402
0.00000003232
0.00000002413
0.00000003525
0.00000004997
0.00000002953
0.00000003805
0.00000001196
0.00000001205
0.00000003729
0.00000002809
0.00000002299
0.00000003675
0.00000002651
0.00000003448
0.00000001742
0.00000002586
0.00000002696
0.00000002848
0.00000003049
0.00000002844
0.00000002522
0.00000004197
0.00000003329
0.00000001984
0.00000002550
0.00000003208
0.00000003828
0.00000004379
0.00000004295
0.00000004576
0.00000004337
0.00000004864
0.00000005295
0.00000005477
0.00000003584
0.00000004310
0.00000004716
0.00000005690
0.00000006875
0.00000004656
0.00000005886
0.00000004357
0.00000005055
0.00000003318
0.00000003395
0.00000003885
0.00000004543
0.00000004373
0.00000004601
0.00000004309
0.00000004614
0.00000004661
0.00000004956
0.00000005157
0.00000004759
0.00000004708
0.00000003769
0.00000003222
0.00000002633
0.00000004112
0.00000003702
0.00000005573
0.00000005420
0.00000005856
0.00000006124
0.00000007351
0.00000006327
0.00000007226
0.00000006288
0.00000005779
0.00000005379
0.00000007690
0.00000008171
0.00000005962
0.00000007287
0.00000006118
0.00000008148
0.00000007382
0.00000007245
0.00000006941
0.00000006157
0.00000006118
0.00000005610
0.00000005563
0.00000005073
0.00000005316
0.00000005134
0.00000005860
0.00000006499
0.00000006651
0.00000004271
0.00000004131
0.00000004728
0.00000005372
0.00000005520
0.00000006406
0.00000004633
0.00000005412
0.00000007135
0.00000006672
0.00000006404
0.00000005975
0.00000005454
0.00000005696
0.00000006726
0.00000007476
0.00000005864
0.00000006498
0.00000005474
0.00000006912
0.00000006457
0.00000005910
0.00000006119
0.00000006404
0.00000007486
0.00000006113
0.00000007624
0.00000007380
0.00000006758
0.00000006850
0.00000007975
0.00000006379
0.00000007352
0.00000005787
0.00000005282
0.00000007418
0.00000007475
0.00000007788
0.00000008837
0.00000007097
0.00000005632
0.00000007191
0.00000007018
0.00000006248
0.00000005691
0.00000005877
0.00000005571
0.00000005462
0.00000005824
0.00000005668
0.00000005909
0.00000002985
0.00000006188
0.00000006661
0.00000005223
0.00000005908
0.00000007168
0.00000005525
0.00000004878
0.00000007001
0.00000006168
0.00000005775
0.00000004985
0.00000005411
0.00000005788
0.00000006401
0.00000006827
0.00000005385
0.00000006217
0.00000005048
0.00000006139
0.00000005559
0.00000004589
0.00000007099
0.00000007333
0.00000007328
0.00000007901
0.00000005424
0.00000006279
0.00000004090
0.00000004837
0.00000005112
0.00000005884
0.00000003075
0.00000002825
0.00000002007
0.00000000909
0.00000002647
0.00000004433
0.00000003420
0.00000004292
0.00000002654
0.00000003279
0.00000003893
0.00000003492
0.00000003447
0.00000002883
0.00000002812
0.00000004900
0.00000004252
0.00000003741
0.00000002754
0.00000004277
0.00000002326
0.00000002230
0.00000002260
0.00000001731
0.00000000742
0.00000001727
0.00000002091
0.00000001996
0.00000001557
0.00000001301
0.00000003186
0.00000002469
0.00000003992
0.00000002585
0.00000003355
0.00000000950
0.00000001082
0.00000001016
0.00000003356
0.00000003015
0.00000001925
0.00000003625
0.00000002385
0.00000002968
0.00000003709
0.00000001724
0.00000002027
0.00000001146
0.00000003287
0.00000002709
0.00000001938
0.00000003950
0.00000002365
0.00000003403
0.00000001383
0.00000002026
0.00000002231
0.00000001808
0.00000004445
0.00000004752
0.00000005270
0.00000005174
0.00000005554
0.00000006262
0.00000004148
0.00000004121
0.00000005009
0.00000005882
0.00000006590
0.00000005628
0.00000006942
0.00000005227
0.00000004279
0.00000005581
0.00000003413
0.00000003832
0.00000001279
0.00000001054
0.00000002792
0.00000002266
0.00000004491
0.00000003432
0.00000005577
0.00000005061
0.00000003765
0.00000002934
0.00000004613
0.00000002863
0.00000004232
0.00000003022
0.00000004319
0.00000004924
0.00000003332
0.00000004470
0.00000002594
0.00000003374
0.00000003221
0.00000003565
0.00000003878
0.00000003830
0.00000003429
0.00000003153
0.00000002197
0.00000004492
0.00000003915
0.00000003001
0.00000004652
0.00000003769
0.00000002991
0.00000004707
0.00000003722
0.00000005276
0.00000004487
0.00000003636
0.00000005984
0.00000005872
0.00000005770
0.00000006026
0.00000006299
0.00000007101
0.00000005278
0.00000006727
0.00000006103
0.00000008601
0.00000008754
0.00000006117
0.00000006743
0.00000008072
0.00000006623
0.00000005808
0.00000007965
0.00000007474
0.00000007377
0.00000004621
0.00000005145
0.00000005674
0.00000005995
0.00000004856
0.00000006730
0.00000005759
0.00000008129
0.00000008011
0.00000005548
0.00000005931
0.00000006046
0.00000006767
0.00000004768
0.00000004774
0.00000005465
0.00000006011
0.00000004174
0.00000004670
0.00000005406
0.00000003971
0.00000004582
0.00000006028
0.00000007777
0.00000006989
0.00000006416
0.00000005164
0.00000004513
0.00000003902
0.00000005904
0.00000004627
0.00000004048
0.00000006123
0.00000004880
0.00000003856
0.00000002204
0.00000003458
0.00000001703
0.00000002036
0.00000003057
0.00000003123
0.00000003020
0.00000003339
0.00000003674
0.00000003949
0.00000004027
0.00000004623
0.00000004686
0.00000005186
0.00000005893
0.00000005949
0.00000003797
0.00000003944
0.00000003895
0.00000003059
0.00000002530
0.00000001538
0.00000002832
0.00000003626
0.00000002395
0.00000003739
0.00000005339
0.00000003627
0.00000004708
0.00000003477
0.00000004909
0.00000003977
0.00000005550
0.00000004218
0.00000005343
0.00000004349
0.00000006069
0.00000004834
0.00000003056
0.00000004221
0.00000002611
0.00000003357
0.00000003780
0.00000003499
0.00000003475
0.00000002974
0.00000001958
0.00000002522
0.00000000697
0.00000001172
0.00000001431
0.00000001532
0.00000004310
0.00000004476
0.00000003720
0.00000003322
0.00000002884
0.00000002437
0.00000004785
0.00000003252
0.00000002075
0.00000003274
0.00000001959
0.00000002074
0.00000002220
0.00000002205
0.00000002181
0.00000002358
0.00000004354
0.00000004284
0.00000004257
0.00000004698
0.00000004780
0.00000005556
0.00000006768
0.00000005570
0.00000007129
0.00000006067
0.00000005545
0.00000005246
0.00000005181
0.00000005512
0.00000005431
0.00000005832
0.00000006282
0.00000005777
0.00000002976
0.00000002634
0.00000005009
0.00000004309
0.00000004004
0.00000003683
0.00000003310
0.00000006065
0.00000005841
0.00000006014
0.00000006211
0.00000006287
0.00000003443
0.00000002307
0.00000004281
0.00000003299
0.00000002419
0.00000003236
0.00000003923
0.00000001897
0.00000002103
0.00000002159
0.00000002213
0.00000001847
0.00000004794
0.00000005005
0.00000005566
0.00000006432
0.00000005074
0.00000005916
0.00000006893
0.00000005530
0.00000006127
0.00000004662
0.00000005640
0.00000003946
0.00000004058
0.00000004635
0.00000003078
0.00000003130
0.00000003599
0.00000003589
0.00000003252
0.00000002972
0.00000002430
0.00000004022
0.00000004027
0.00000005284
0.00000004383
0.00000003235
0.00000004698
0.00000003417
0.00000004839
0.00000003163
0.00000003507
0.00000004016
0.00000004345
0.00000001829
0.00000004287
0.00000004298
0.00000003952
0.00000003687
0.00000003288
0.00000002678
0.00000004493
0.00000002848
0.00000001345
0.00000002339
0.00000002906
0.00000003026
0.00000002740
0.00000001754
0.00000001324
0.00000003483
0.00000002742
0.00000004550
0.00000003372
0.00000004230
0.00000002657
0.00000003997
0.00000005900
0.00000004680
0.00000006805
0.00000006656
0.00000006606
0.00000006112
0.00000006222
0.00000006083
0.00000003138
0.00000002829
0.00000005293
0.00000004500
0.00000004048
0.00000003476
0.00000003026
0.00000005111
0.00000004100
0.00000002458
0.00000003783
0.00000002578
0.00000003735
0.00000004504
0.00000003028
0.00000003499
0.00000003589
0.00000003096
0.00000002961
0.00000002908
0.00000002814
0.00000005662
0.00000005785
0.00000006368
0.00000004712
0.00000005771
0.00000007002
0.00000005938
0.00000004592
0.00000006568
0.00000006399
0.00000006439
0.00000007011
0.00000007386
0.00000005690
0.00000006943
0.00000005781
0.00000003891
0.00000005561
0.00000005093
0.00000007292
0.00000007119
0.00000006566
0.00000006878
0.00000004458
0.00000004104
0.00000004514
0.00000005043
0.00000005941
0.00000006252
0.00000004192
0.00000004504
0.00000005138
0.00000005726
0.00000003671
0.00000003924
0.00000004413
0.00000005341
0.00000005467
0.00000003461
0.00000003325
0.00000003467
0.00000002967
0.00000002798
0.00000002189
0.00000004792
0.00000003772
0.00000002710
0.00000003758
0.00000002891
0.00000004117
0.00000003365
0.00000004680
0.00000003517
0.00000005042
0.00000003128
0.00000003833
0.00000004720
0.00000003066
0.00000003641
0.00000004793
0.00000006390
0.00000005378
0.00000008108
0.00000008638
0.00000008940
0.00000007440
0.00000005435
0.00000006764
0.00000005252
0.00000007168
0.00000006029
0.00000005458
0.00000004251
0.00000003633
0.00000004946
0.00000004080
0.00000002388
0.00000003919
0.00000005537
0.00000004221
0.00000005900
0.00000004596
0.00000003893
0.00000005725
0.00000005192
0.00000005105
0.00000004758
0.00000007928
0.00000005917
0.00000006754
0.00000005267
0.00000006629
0.00000005281
0.00000007236
0.00000006745
0.00000006208
0.00000004979
0.00000004638
0.00000004112
0.00000003746
0.00000005613
0.00000005317
0.00000004920
0.00000004164
0.00000002561
0.00000003574
0.00000000973
0.00000001411
0.00000001611
0.00000001435
0.00000002944
0.00000002254
0.00000004203
0.00000003404
0.00000004770
0.00000004231
0.00000003436
0.00000005141
0.00000004146
0.00000003240
0.00000005201
0.00000004773
0.00000004796
0.00000007135
0.00000005011
0.00000005742
0.00000006555
0.00000007727
0.00000006525
0.00000005543
0.00000007111
0.00000005363
0.00000004088
0.00000005277
0.00000003686
0.00000004247
0.00000002272
0.00000002521
0.00000002458
0.00000001677
0.00000001255
0.00000003225
0.00000002268
0.00000004152
0.00000003943
0.00000006474
0.00000006513
0.00000006847
0.00000006917
0.00000004645
0.00000004854
0.00000004804
0.00000005318
0.00000006125
0.00000004744
0.00000006568
0.00000006269
0.00000008437
0.00000007709
0.00000005128
0.00000005146
0.00000005141
0.00000005607
0.00000006150
0.00000007879
0.00000007288
0.00000007139
0.00000006992
0.00000007835
0.00000006022
0.00000007053
0.00000005097
0.00000006434
0.00000005566
0.00000006929
0.00000006403
0.00000006460
0.00000005812
0.00000005636
0.00000005512
0.00000004821
0.00000004912
0.00000004932
0.00000004777
0.00000004425
0.00000004469
0.00000003771
0.00000003393
0.00000002194
0.00000004246
0.00000003394
0.00000005479
0.00000004444
0.00000004161
0.00000003683
0.00000006516
0.00000006181
0.00000006288
0.00000005987
0.00000006312
0.00000006453
0.00000004685
0.00000004924
0.00000005386
0.00000006407
0.00000004971
0.00000005928
0.00000004581
0.00000006541
0.00000006193
0.00000005503
0.00000004859
0.00000004831
0.00000004369
0.00000004621
0.00000004531
0.00000005032
0.00000005285
0.00000006476
0.00000004911
0.00000006013
0.00000005230
0.00000006706
0.00000005091
0.00000003311
0.00000004799
0.00000003251
0.00000004428
0.00000005084
0.00000003646
0.00000004784
0.00000002731
0.00000004381
0.00000005590
0.00000004810
0.00000006333
0.00000005601
0.00000004776
0.00000004100
0.00000005313
0.00000004298
0.00000002498
0.00000003476
0.00000004619
0.00000002438
0.00000003192
0.00000002841
0.00000002483
0.00000001778
0.00000000182
0.00000001589
0.00000002306
0.00000003163
0.00000003769
0.00000003752
0.00000003849
0.00000003748
0.00000002736
0.00000002025
0.00000003742
0.00000002075
0.00000003330
0.00000001803
0.00000002875
0.00000003655
0.00000004742
0.00000003384
0.00000004814
0.00000005796
0.00000004842
0.00000006287
0.00000005504
0.00000004743
0.00000004094
0.00000005816
0.00000004816
0.00000003745
0.00000004877
0.00000003729
0.00000005462
0.00000004571
0.00000003338
0.00000004292
0.00000003463
0.00000005077
0.00000004171
0.00000005072
0.00000003627
0.00000004515
0.00000002479
0.00000003450
0.00000003849
0.00000004666
0.00000005452
0.00000003372
0.00000004055
0.00000004729
0.00000005038
0.00000003186
0.00000003500
0.00000004171
0.00000004907
0.00000005184
0.00000005684
0.00000003749
0.00000003761
0.00000003291
0.00000002208
0.00000001324
0.00000002744
0.00000001228
0.00000002415
0.00000002843
0.00000004502
0.00000004907
0.00000002975
0.00000003130
0.00000003346
0.00000003170
0.00000003140
0.00000002275
0.00000004411
0.00000003708
0.00000002770
0.00000003954
0.00000001538
0.00000001876
0.00000002199
0.00000002400
0.00000001894
0.00000004271
0.00000003747
0.00000002538
0.00000001755
0.00000003465
0.00000004849
0.00000003940
0.00000005731
0.00000004959
0.00000005288
0.00000008004
0.00000006215
0.00000006821
0.00000007402
0.00000006006
0.00000004784
0.00000005757
0.00000004931
0.00000006292
0.00000005668
0.00000004533
0.00000005970
0.00000005097
0.00000003911
0.00000005266
0.00000004241
0.00000002393
0.00000002925
0.00000003758
0.00000004857
0.00000002742
0.00000003757
0.00000004612
0.00000006231
0.00000005028
0.00000007231
0.00000006404
0.00000006190
0.00000006149
0.00000005980
0.00000005757
0.00000005345
0.00000005194
0.00000004982
0.00000004015
0.00000003720
0.00000003021
0.00000004434
0.00000002536
0.00000003417
0.00000001493
0.00000001435
0.00000003267
0.00000002317
0.00000000640
0.00000000879
0.00000000531
0.00000000352
0.00000002185
0.00000000658
0.00000001963
0.00000003084
0.00000004298
0.00000002104
0.00000002923
0.00000003622
0.00000004336
0.00000004203
0.00000004370
0.00000004405
0.00000004694
0.00000004530
0.00000004923
0.00000005319
0.00000005952
0.00000006039
0.00000004660
0.00000005822
0.00000007138
0.00000005223
0.00000003727
0.00000004847
0.00000003253
0.00000004306
0.00000004869
0.00000002992
0.00000003549
0.00000004425
0.00000005168
0.00000003328
0.00000004070
0.00000004551
0.00000005255
0.00000003593
0.00000004457
0.00000005523
0.00000004470
0.00000006294
0.00000005900
0.00000005795
0.00000005895
0.00000006093
0.00000007028
0.00000008032
0.00000006558
0.00000005373
0.00000006663
0.00000006305
0.00000005960
0.00000006180
0.00000006512
0.00000007332
0.00000005887
0.00000006708
0.00000005497
0.00000003832
0.00000005474
0.00000005016
0.00000007049
0.00000006507
0.00000006861
0.00000007111
0.00000004490
0.00000004619
0.00000005468
0.00000006334
0.00000004024
0.00000004192
0.00000004891
0.00000005593
0.00000003337
0.00000003430
0.00000003616
0.00000002968
0.00000002127
0.00000000931
0.00000002793
0.00000004225
0.00000003492
0.00000004752
0.00000004126
0.00000005673
0.00000005016
0.00000003487
0.00000004985
0.00000003568
0.00000004435
0.00000002392
0.00000003326
0.00000004417
0.00000004606
0.00000005110
0.00000003032
0.00000003455
0.00000004607
0.00000006236
0.00000004773
0.00000006593
0.00000005990
0.00000005298
0.00000004044
0.00000003740
0.00000006000
0.00000005436
0.00000004453
0.00000003755
0.00000003020
0.00000004284
0.00000003373
0.00000005145
0.00000003793
0.00000005536
0.00000004340
0.00000002683
0.00000003974
0.00000005260
0.00000003325
0.00000004634
0.00000006293
0.00000004912
0.00000006828
0.00000006328
0.00000005928
0.00000005653
0.00000005165
0.00000004116
0.00000003592
0.00000005600
0.00000004725
0.00000004309
0.00000003792
0.00000005846
0.00000004958
0.00000003574
0.00000002477
0.00000004117
0.00000003042
0.00000004674
0.00000002980
0.00000004389
0.00000003220
0.00000004554
0.00000003596
0.00000004562
0.00000003494
0.00000005014
0.00000003377
0.00000004873
0.00000003879
0.00000005544
0.00000004228
0.00000006310
0.00000005889
0.00000005583
0.00000005255
0.00000004584
0.00000004834
0.00000005147
0.00000005712
0.00000005951
0.00000007516
0.00000006788
0.00000006334
0.00000006062
0.00000006028
0.00000006425
0.00000007284
0.00000007941
0.00000006793
0.00000005997
0.00000008178
0.00000008039
0.00000007728
0.00000005844
0.00000006566
0.00000007910
0.00000006707
0.00000006138
0.00000006056
0.00000005947
0.00000006248
0.00000006286
0.00000007062
0.00000005210
0.00000005891
0.00000004532
0.00000005969
0.00000007125
0.00000006437
0.00000005908
0.00000005299
0.00000003861
0.00000002527
0.00000003849
0.00000002018
0.00000003275
0.00000004657
0.00000005546
0.00000004177
0.00000005348
0.00000003159
0.00000003762
0.00000004025
0.00000003440
0.00000003083
0.00000002442
0.00000003414
0.00000002239
0.00000002823
0.00000003713
0.00000001810
0.00000004457
0.00000005370
0.00000005641
0.00000003865
0.00000004651
0.00000005322
0.00000006557
0.00000005378
0.00000006323
0.00000005608
0.00000007995
0.00000007993
0.00000005593
0.00000005423
0.00000006077
0.00000006477
0.00000007900
0.00000006843
0.00000005517
0.00000007508
0.00000007015
0.00000006751
0.00000007108
0.00000006989
0.00000005091
0.00000006013
0.00000006875
0.00000006118
0.00000007832
0.00000006675
0.00000005897
0.00000005421
0.00000005044
0.00000004394
0.00000006942
0.00000007078
0.00000004341
0.00000004970
0.00000005891
0.00000006826
0.00000005227
0.00000006106
0.00000005262
0.00000006787
0.00000005948
0.00000005008
0.00000004027
0.00000005222
0.00000004135
0.00000005725
0.00000004519
0.00000003048
0.00000003404
0.00000004135
0.00000001833
0.00000001515
0.00000001552
0.00000004053
0.00000004030
0.00000004032
0.00000003418
0.00000003265
0.00000002781
0.00000004245
0.00000003550
0.00000002290
0.00000003492
0.00000001229
0.00000001969
0.00000002748
0.00000002634
0.00000003197
0.00000003774
0.00000005144
0.00000006177
0.00000003993
0.00000005079
0.00000005778
0.00000004681
0.00000005929
0.00000004867
0.00000006450
0.00000004943
0.00000003173
0.00000004652
0.00000003203
0.00000003735
0.00000004860
0.00000002411
0.00000003395
0.00000003735
0.00000004381
0.00000004509
0.00000003985
0.00000004022
0.00000003520
0.00000003551
0.00000003696
0.00000003467
0.00000006337
0.00000006733
0.00000004595
0.00000004904
0.00000005772
0.00000006482
0.00000005266
0.00000006094
0.00000004788
0.00000006252
0.00000004759
0.00000006127
0.00000004514
0.00000005924
0.00000004004
0.00000005546
0.00000004491
0.00000005740
0.00000005021
0.00000006588
0.00000006044
0.00000005717
0.00000004909
0.00000004906
0.00000005145
0.00000005168
0.00000005458
0.00000005221
0.00000004995
0.00000004313
0.00000004389
0.00000003717
0.00000003493
0.00000005295
0.00000004900
0.00000004482
0.00000003707
0.00000006072
0.00000005298
0.00000005013
0.00000004878
0.00000004211
0.00000004141
0.00000006230
0.00000005866
0.00000005332
0.00000004875
0.00000003475
0.00000002458
0.00000003493
0.00000002572
0.00000003670
0.00000005405
0.00000004668
0.00000006795
0.00000005689
0.00000004885
0.00000003954
0.00000006184
0.00000005173
0.00000005134
0.00000005069
0.00000004411
0.00000004169
0.00000003845
0.00000003418
0.00000005088
0.00000004832
0.00000004444
0.00000004200
0.00000003626
0.00000006435
0.00000006427
0.00000007233
0.00000005588
0.00000006421
0.00000004390
0.00000005581
0.00000004174
0.00000004504
0.00000005204
0.00000003242
0.00000004425
0.00000005719
0.00000003775
0.00000005083
0.00000006644
0.00000005296
0.00000007418
0.00000006345
0.00000006225
0.00000006378
0.00000006239
0.00000006588
0.00000006937
0.00000005425
0.00000006333
0.00000005543
0.00000007061
0.00000006546
0.00000005175
0.00000004142
0.00000002363
0.00000003471
0.00000003652
0.00000004100
0.00000003990
0.00000003931
0.00000002672
0.00000001130
0.00000002650
0.00000001120
0.00000002088
0.00000002424
0.00000002981
0.00000002783
0.00000002232
0.00000002355
0.00000004437
0.00000003639
0.00000002474
0.00000004039
0.00000002289
0.00000003943
0.00000005033
0.00000003990
0.00000004959
0.00000003970
0.00000004829
0.00000003887
0.00000005566
0.00000004469
0.00000006556
0.00000005664
0.00000005534
0.00000005143
0.00000005722
0.00000005963
0.00000006890
0.00000007369
0.00000005926
0.00000006683
0.00000005472
0.00000006588
0.00000005991
0.00000004830
0.00000006987
0.00000006232
0.00000005980
0.00000005546
0.00000005867
0.00000006185
0.00000007694
0.00000006920
0.00000008315
0.00000008104
0.00000007804
0.00000005599
0.00000006225
0.00000006601
0.00000004868
0.00000005834
0.00000006318
0.00000004741
0.00000005704
0.00000003265
0.00000003884
0.00000004247
0.00000004237
0.00000003100
0.00000001980
0.00000003096
0.00000001244
0.00000001739
0.00000001772
0.00000001957
0.00000004214
0.00000004237
0.00000003761
0.00000003498
0.00000002626
0.00000004547
0.00000003787
0.00000002936
0.00000004682
0.00000003299
0.00000004051
0.00000002186
0.00000002698
0.00000003084
0.00000003878
0.00000004327
0.00000004659
0.00000004969
0.00000005429
0.00000005382
0.00000003082
0.00000003380
0.00000003940
0.00000004733
0.00000005832
0.00000007027
0.00000005311
0.00000006844
0.00000005725
0.00000003952
0.00000005274
0.00000003960
0.00000005225
0.00000003526
0.00000003894
0.00000004721
0.00000002738
0.00000003539
0.00000003382
0.00000003756
0.00000003821
0.00000004122
0.00000004095
0.00000004436
0.00000004709
0.00000005061
0.00000005241
0.00000004526
0.00000004301
0.00000003782
0.00000003335
0.00000002742
0.00000004605
0.00000003487
0.00000004273
0.00000002561
0.00000002809
0.00000002877
0.00000002644
0.00000001436
0.00000003065
0.00000002043
0.00000003124
0.00000001942
0.00000002953
0.00000003290
0.00000004028
0.00000004566
0.00000002539
0.00000002543
0.00000003046
0.00000003913
0.00000004610
0.00000004713
0.00000005475
0.00000003684
0.00000004249
0.00000005685
0.00000007196
0.00000005787
0.00000004945
0.00000006695
0.00000005845
0.00000005271
0.00000004720
0.00000003498
0.00000005523
0.00000004660
0.00000003165
0.00000004726
0.00000003833
0.00000004498
0.00000002629
0.00000002362
0.00000002392
0.00000002163
0.00000001068
0.00000002822
0.00000001655
0.00000002133
0.00000002892
0.00000003391
0.00000003537
0.00000002704
0.00000002233
0.00000003265
0.00000001555
0.00000002284
0.00000002209
0.00000002965
0.00000003405
0.00000004389
0.00000005475
0.00000006613
0.00000004533
0.00000005690
0.00000004563
0.00000005623
0.00000004777
0.00000006178
0.00000005795
0.00000005568
0.00000005306
0.00000005479
0.00000006395
0.00000007195
0.00000005470
0.00000005710
0.00000004245
0.00000004962
0.00000006081
0.00000004380
0.00000006093
0.00000004775
0.00000006048
0.00000004950
0.00000005899
0.00000004621
0.00000002796
0.00000003830
0.00000004349
0.00000005351
0.00000002772
0.00000002971
0.00000002403
0.00000002328
0.00000004606
0.00000003511
0.00000002663
0.00000003693
0.00000002811
0.00000003872
0.00000002664
0.00000003531
0.00000005015
0.00000003424
0.00000005080
0.00000004000
0.00000005566
0.00000004246
0.00000005122
0.00000004322
0.00000005893
0.00000005602
0.00000005929
0.00000006002
0.00000007078
0.00000008540
0.00000008016
0.00000007068
0.00000007397
0.00000008059
0.00000009008
0.00000006865
0.00000005552
0.00000006726
0.00000006038
0.00000005028
0.00000007518
0.00000007261
0.00000006319
0.00000005825
0.00000004836
0.00000004422
0.00000003504
0.00000005891
0.00000005791
0.00000005746
0.00000005122
0.00000004906
0.00000003799
0.00000003494
0.00000002441
0.00000004369
0.00000002847
0.00000004032
0.00000001676
0.00000001804
0.00000000877
-0.00000000053
0.00000001416
0.00000002369
0.00000003534
0.00000003884
0.00000002300
0.00000003037
0.00000004505
0.00000006072
0.00000004464
0.00000006217
0.00000005220
0.00000004464
0.00000006556
0.00000005898
0.00000005963
0.00000005702
0.00000005907
0.00000005482
0.00000005556
0.00000005117
0.00000005393
0.00000006150
0.00000006639
0.00000004952
0.00000005697
0.00000003452
0.00000004658
0.00000005300
0.00000003822
0.00000004946
0.00000005941
0.00000004083
0.00000005560
0.00000003636
0.00000005248
0.00000004702
0.00000007013
0.00000006520
0.00000006901
0.00000007480
0.00000005838
0.00000006759
0.00000005734
0.00000007150
0.00000005769
0.00000005037
0.00000004844
0.00000007380
0.00000008075
0.00000006514
0.00000008338
0.00000007341
0.00000006969
0.00000006933
0.00000006521
0.00000006418
0.00000006254
0.00000005455
0.00000004778
0.00000003681
0.00000003349
0.00000005635
0.00000004532
0.00000004018
0.00000003015
0.00000003897
0.00000001317
0.00000001578
0.00000001590
0.00000003145
0.00000002367
0.00000001583
0.00000003579
0.00000004930
0.00000003136
0.00000004752
0.00000002773
0.00000004229
0.00000004629
0.00000002798
0.00000003420
0.00000003936
0.00000004294
0.00000004625
0.00000004877
0.00000005669
0.00000005988
0.00000003789
0.00000004030
0.00000003728
0.00000003248
0.00000002247
0.00000001315
0.00000003327
0.00000004493
0.00000003213
0.00000004482
0.00000003069
0.00000004569
0.00000006487
0.00000006359
0.00000005794
0.00000005412
0.00000005089
0.00000004879
0.00000004780
0.00000004894
0.00000005126
0.00000005754
0.00000006433
0.00000005030
0.00000006513
0.00000005135
0.00000006432
0.00000005248
0.00000006245
0.00000005256
0.00000004253
0.00000005668
0.00000004361
0.00000003069
0.00000004867
0.00000003532
0.00000005215
0.00000004176
0.00000005790
0.00000005036
0.00000003641
0.00000005486
0.00000004639
0.00000003173
0.00000004862
0.00000003797
0.00000005530
0.00000004636
0.00000002972
0.00000004542
0.00000003844
0.00000005641
0.00000004708
0.00000003795
0.00000004962
0.00000004676
0.00000002910
0.00000004021
0.00000002610
0.00000004060
0.00000004289
0.00000002407
0.00000002494
0.00000002278
0.00000001999
0.00000001408
0.00000003257
0.00000002019
0.00000003262
0.00000001628
0.00000002509
0.00000003168
0.00000003578
0.00000003114
0.00000003044
0.00000002965
0.00000002996
0.00000002764
0.00000005141
0.00000005014
0.00000004431
0.00000004005
0.00000003699
0.00000003250
0.00000004968
0.00000004981
0.00000005373
0.00000005643
0.00000005846
0.00000005699
0.00000004886
0.00000004583
0.00000004281
0.00000004167
0.00000003401
0.00000003463
0.00000005175
0.00000004794
0.00000004603
0.00000004076
0.00000003335
0.00000005199
0.00000003622
0.00000002287
0.00000003531
0.00000004818
0.00000002704
0.00000003487
0.00000003984
0.00000004565
0.00000002356
0.00000003180
0.00000003788
0.00000003988
0.00000004865
0.00000006085
0.00000004553
0.00000006178
0.00000005458
0.00000007113
0.00000006551
0.00000005894
0.00000005574
0.00000004961
0.00000004933
0.00000003864
0.00000003387
0.00000005241
0.00000004214
0.00000002710
0.00000004107
0.00000002912
0.00000003944
0.00000002216
0.00000002971
0.00000003838
0.00000004527
0.00000004464
0.00000005186
0.00000005297
0.00000003224
0.00000003768
0.00000004079
0.00000004593
0.00000005346
0.00000005885
0.00000003976
0.00000004584
0.00000005027
0.00000005721
0.00000003880
0.00000004582
0.00000005142
0.00000003287
0.00000003611
0.00000004440
0.00000005301
0.00000006319
0.00000003653
0.00000004064
0.00000004421
0.00000004019
0.00000003482
0.00000002132
0.00000003794
0.00000002827
0.00000004518
0.00000003314
0.00000005355
0.00000004526
0.00000005572
0.00000004550
0.00000003679
0.00000005511
0.00000004797
0.00000004169
0.00000005849
0.00000005475
0.00000004995
0.00000004714
0.00000004653
0.00000004626
0.00000004910
0.00000004939
0.00000006015
0.00000007497
0.00000006724
0.00000005539
0.00000007584
0.00000007428
0.00000007025
0.00000007298
0.00000005145
0.00000005015
0.00000005355
0.00000005642
0.00000005587
0.00000005884
0.00000004443
0.00000005467
0.00000006220
0.00000004843
0.00000005823
0.00000004946
0.00000006387
0.00000004454
0.00000003127
0.00000004009
0.00000005463
0.00000004425
0.00000005322
0.00000004244
0.00000005895
0.00000004778
0.00000003695
0.00000004820
0.00000003414
0.00000004380
0.00000004731
0.00000003042
0.00000003788
0.00000004140
0.00000004227
0.00000004019
0.00000003265
0.00000002487
0.00000001445
0.00000003101
0.00000004868
0.00000004128
0.00000006315
0.00000005763
0.00000005144
0.00000004742
0.00000004211
0.00000003911
0.00000006619
0.00000006772
0.00000007050
0.00000004871
0.00000005564
0.00000006530
0.00000005326
0.00000006486
0.00000005803
0.00000005399
0.00000005278
0.00000005350
0.00000004834
0.00000005429
0.00000005259
0.00000005468
0.00000005879
0.00000005612
0.00000003596
0.00000004386
0.00000005461
0.00000006165
0.00000004871
0.00000006120
0.00000004508
0.00000006675
0.00000006284
0.00000005278
0.00000004977
0.00000004608
0.00000003873
0.00000003445
0.00000005361
0.00000005129
0.00000004230
0.00000004072
0.00000003467
0.00000006092
0.00000005709
0.00000005272
0.00000005500
0.00000005303
0.00000005446
0.00000004862
0.00000004866
0.00000004350
0.00000004187
0.00000003658
0.00000003628
0.00000006088
0.00000005349
0.00000004951
0.00000003581
0.00000002918
0.00000004432
0.00000003133
0.00000004407
0.00000003263
0.00000004828
0.00000003826
0.00000005424
0.00000004299
0.00000006084
0.00000005045
0.00000004551
0.00000007137
0.00000007688
0.00000005752
0.00000006511
0.00000007396
0.00000005945
0.00000004744
0.00000006179
0.00000005193
0.00000004013
0.00000005430
0.00000004354
0.00000005442
0.00000004743
0.00000004242
0.00000006458
0.00000005986
0.00000005094
0.00000004862
0.00000004487
0.00000004310
0.00000003776
0.00000005618
0.00000005270
0.00000004924
0.00000004600
0.00000004414
0.00000003636
0.00000003253
0.00000005521
0.00000005140
0.00000004516
0.00000003536
0.00000002397
0.00000003720
0.00000004698
0.00000002800
0.00000002846
0.00000002615
0.00000002250
0.00000001893
0.00000003905
0.00000003219
0.00000004522
0.00000004215
0.00000003401
0.00000004939
0.00000003653
0.00000005288
0.00000004610
0.00000003238
0.00000005917
0.00000004699
0.00000004129
0.00000006333
0.00000006018
0.00000006149
0.00000006365
0.00000006805
0.00000004475
0.00000004470
0.00000003948
0.00000004229
0.00000003573
0.00000003468
0.00000003177
0.00000005703
0.00000005446
0.00000005174
0.00000004854
0.00000003816
0.00000003061
0.00000004840
0.00000003692
0.00000002141
0.00000003273
0.00000004373
0.00000002531
0.00000003326
0.00000003594
0.00000004112
0.00000004714
0.00000005156
0.00000003254
0.00000003108
0.00000003587
0.00000003752
0.00000003769
0.00000004198
0.00000004831
0.00000004952
0.00000005796
0.00000006958
0.00000005543
0.00000007278
0.00000005957
0.00000005325
0.00000004264
0.00000006198
0.00000005362
0.00000004595
0.00000004492
0.00000006439
0.00000006411
0.00000006145
0.00000005916
0.00000006351
0.00000006561
0.00000005034
0.00000005722
0.00000007441
0.00000005930
0.00000004981
0.00000006771
0.00000005649
0.00000005205
0.00000004515
0.00000006983
0.00000006529
0.00000006443
0.00000003942
0.00000003954
0.00000004554
0.00000004996
0.00000004872
0.00000005058
0.00000005252
0.00000005476
0.00000005338
0.00000005487
0.00000005181
0.00000004187
0.00000003377
0.00000002059
0.00000002646
0.00000002566
0.00000002691
0.00000001788
0.00000000985
0.00000002142
0.00000002901
0.00000000311
0.00000000631
0.00000003225
0.00000002634
0.00000002640
0.00000005263
0.00000004549
0.00000004485
0.00000004185
0.00000003238
0.00000005539
0.00000004702
0.00000004852
0.00000004844
0.00000004326
0.00000003933
0.00000003702
0.00000003878
0.00000006386
0.00000006599
0.00000005911
0.00000003650
0.00000004311
0.00000005624
0.00000006640
0.00000007421
0.00000006268
0.00000005041
0.00000006419
0.00000005700
0.00000004987
0.00000005372
0.00000005936
0.00000006769
0.00000008257
0.00000007212
0.00000006794
0.00000006731
0.00000006987
0.00000007112
0.00000005363
0.00000006646
0.00000007831
0.00000007233
0.00000006707
0.00000005532
0.00000004840
0.00000003832
0.00000004792
0.00000003651
0.00000003986
0.00000001692
0.00000001127
0.00000000686
0.00000001843
0.00000000620
0.00000001333
0.00000002448
0.00000002867
0.00000003292
0.00000003500
0.00000002627
0.00000002168
0.00000000975
0.00000002832
0.00000004553
0.00000003109
0.00000005025
0.00000004406
0.00000005720
0.00000004993
0.00000004324
0.00000006014
0.00000005495
0.00000004590
0.00000004356
0.00000004460
0.00000004048
0.00000004602
0.00000005297
0.00000005718
0.00000005535
0.00000003040
0.00000002896
0.00000001878
0.00000002974
0.00000001964
0.00000003500
0.00000004856
0.00000004224
0.00000006549
0.00000006059
0.00000005222
0.00000005049
0.00000005323
0.00000006094
0.00000006622
0.00000008060
0.00000007162
0.00000005788
0.00000007703
0.00000007456
0.00000007003
0.00000007571
0.00000008248
0.00000006139
0.00000007039
0.00000005221
0.00000006646
0.00000005547
0.00000006579
0.00000005593
0.00000004326
0.00000005197
0.00000003691
0.00000005011
0.00000003766
0.00000004513
0.00000005821
0.00000004574
0.00000005364
0.00000004232
0.00000006039
0.00000005137
0.00000006357
0.00000005793
0.00000005228
0.00000004442
0.00000007078
0.00000007834
0.00000008455
0.00000007447
0.00000006689
0.00000005797
0.00000006122
0.00000006786
0.00000007545
0.00000006463
0.00000007665
0.00000007354
0.00000007315
0.00000007140
0.00000007911
0.00000006091
0.00000007471
0.00000006131
0.00000005330
0.00000006884
0.00000006844
0.00000006703
0.00000007340
0.00000008661
0.00000007106
0.00000006154
0.00000007616
0.00000007345
0.00000007316
0.00000006918
0.00000007227
0.00000004714
0.00000005060
0.00000005064
0.00000004731
0.00000004109
0.00000003932
0.00000003429
0.00000004605
0.00000003197
0.00000000951
0.00000001533
0.00000001085
0.00000000636
0.00000002332
0.00000000589
0.00000001390
0.00000001768
0.00000001556
0.00000001488
0.00000003657
0.00000002303
0.00000004044
0.00000002573
0.00000003321
0.00000004033
0.00000001339
0.00000001369
0.00000002961
0.00000002143
0.00000000134
0.00000000759
0.00000000379
0.00000000261
0.00000002418
0.00000001007
0.00000002297
0.00000002782
0.00000003484
0.00000003294
0.00000003110
0.00000002040
0.00000001019
0.00000001944
0.00000002930
0.00000002657
0.00000002636
0.00000002191
0.00000001353
0.00000003213
0.00000001844
0.00000002971
0.00000003190
0.00000001147
0.00000001684
0.00000002296
0.00000004980
0.00000002759
0.00000003310
0.00000004096
0.00000005149
0.00000006615
0.00000005459
0.00000007036
0.00000006072
0.00000004929
0.00000005833
0.00000004902
0.00000004162
0.00000006207
0.00000005576
0.00000004291
0.00000003336
0.00000005380
0.00000004352
0.00000004051
0.00000006429
0.00000006383
0.00000006786
0.00000006971
0.00000007765
0.00000005758
0.00000006657
0.00000004812
0.00000006202
0.00000004982
0.00000006488
0.00000005838
0.00000005304
0.00000004441
0.00000004584
0.00000004800
0.00000005102
0.00000005345
0.00000006427
0.00000007383
0.00000005725
0.00000006033
0.00000004031
0.00000004874
0.00000005705
0.00000003660
0.00000004763
0.00000005857
0.00000004367
0.00000005093
0.00000003880
0.00000005045
0.00000005439
0.00000003870
0.00000004797
0.00000002963
0.00000003711
0.00000003895
0.00000004302
0.00000004399
0.00000004330
0.00000004011
0.00000004155
0.00000004445
0.00000005089
0.00000005282
0.00000005236
0.00000005834
0.00000006627
0.00000005228
0.00000006195
0.00000004747
0.00000005434
0.00000003608
0.00000004419
0.00000004957
0.00000002535
0.00000002884
0.00000002447
0.00000002454
0.00000005326
0.00000005327
0.00000005140
0.00000004971
0.00000004230
0.00000003521
0.00000003004
0.00000005252
0.00000005126
0.00000004700
0.00000003969
0.00000003713
0.00000003791
0.00000006469
0.00000003913
0.00000004610
0.00000005520
0.00000006224
0.00000004706
0.00000005810
0.00000004109
0.00000004306
0.00000004740
0.00000002564
0.00000002363
0.00000002316
0.00000002322
0.00000004065
0.00000003111
0.00000001760
0.00000002698
0.00000003011
0.00000003684
0.00000004311
0.00000004196
0.00000004270
0.00000004207
0.00000003347
0.00000002834
0.00000002375
0.00000004847
0.00000004474
0.00000004327
0.00000004360
0.00000004034
0.00000004606
0.00000005474
0.00000006164
0.00000007951
0.00000007129
0.00000006130
0.00000005215
0.00000004170
0.00000006217
0.00000005806
0.00000005292
0.00000004650
0.00000004396
0.00000003765
0.00000006682
0.00000007315
0.00000005467
0.00000006530
0.00000004837
0.00000006769
0.00000006100
0.00000004981
0.00000007419
0.00000007294
0.00000006636
0.00000007224
0.00000007435
0.00000005651
0.00000005981
0.00000004470
0.00000005168
0.00000006319
0.00000004400
0.00000005708
0.00000003984
0.00000005259
0.00000003618
0.00000005326
0.00000004489
0.00000005941
0.00000005549
0.00000004646
0.00000004817
0.00000005351
0.00000005694
0.00000006879
0.00000008118
0.00000006555
0.00000005863
0.00000005678
0.00000007852
0.00000007939
0.00000004965
0.00000005085
0.00000004501
0.00000004395
0.00000004219
0.00000003136
0.00000002333
0.00000004152
0.00000002249
0.00000003032
0.00000002802
0.00000002695
0.00000001929
0.00000000889
0.00000001670
0.00000001459
0.00000001328
0.00000000744
0.00000003121
0.00000002316
0.00000004998
0.00000004577
0.00000005005
0.00000005499
0.00000005519
0.00000006198
0.00000006375
0.00000004637
0.00000005146
0.00000006173
0.00000003974
0.00000005299
0.00000006312
0.00000005313
0.00000006475
0.00000005111
0.00000003281
0.00000004615
0.00000002732
0.00000004184
0.00000004863
0.00000003066
0.00000004111
0.00000004886
0.00000003218
0.00000003356
0.00000004061
0.00000004210
0.00000004360
0.00000004663
0.00000004673
0.00000004985
0.00000005022
0.00000005456
0.00000005588
0.00000006234
0.00000003802
0.00000004732
0.00000005562
0.00000006852
0.00000005258
0.00000006385
0.00000005451
0.00000003896
0.00000005719
0.00000004312
0.00000006097
0.00000004856
0.00000004069
0.00000005429
0.00000004133
0.00000003337
0.00000004396
0.00000003361
0.00000004595
0.00000003365
0.00000004496
0.00000002172
0.00000002792
0.00000003408
0.00000004088
0.00000004407
0.00000005214
0.00000006235
0.00000004247
0.00000005526
0.00000006892
0.00000005715
0.00000004157
0.00000005939
0.00000004945
0.00000003767
0.00000005215
0.00000004105
0.00000005544
0.00000003493
0.00000004465
0.00000003198
0.00000004632
0.00000006157
0.00000005250
0.00000004285
0.00000006184
0.00000005074
0.00000005333
0.00000005208
0.00000005108
0.00000005298
0.00000005848
0.00000006529
0.00000004647
0.00000005310
0.00000005884
0.00000003622
0.00000003832
0.00000003525
0.00000003121
0.00000002350
0.00000001505
0.00000003317
0.00000002505
0.00000003979
0.00000002995
0.00000004373
0.00000002463
0.00000003020
0.00000002958
0.00000002573
0.00000002078
0.00000001328
0.00000002864
0.00000001372
0.00000002294
0.00000002956
0.00000003356
0.00000003742
0.00000004288
0.00000004935
0.00000005691
0.00000003800
0.00000004962
0.00000005975
0.00000004406
0.00000005628
0.00000004025
0.00000005033
0.00000003549
0.00000004720
0.00000006327
0.00000005480
0.00000004696
0.00000006770
0.00000005987
0.00000005576
0.00000005261
0.00000005087
0.00000005011
0.00000004777
0.00000005290
0.00000006229
0.00000006992
0.00000005755
0.00000007386
0.00000006583
0.00000005643
0.00000005450
0.00000004627
0.00000004660
0.00000004293
0.00000004367
0.00000004635
0.00000004455
0.00000004958
0.00000004904
0.00000004997
0.00000004632
0.00000003894
0.00000002571
0.00000001197
0.00000001725
0.00000002424
0.00000002894
0.00000003024
0.00000002751
0.00000001465
0.00000003316
0.00000002362
0.00000003583
0.00000001805
0.00000002994
0.00000003620
0.00000005144
0.00000003275
0.00000004626
0.00000005853
0.00000004774
0.00000006151
0.00000005546
0.00000005066
0.00000007291
0.00000007124
0.00000006970
0.00000007164
0.00000005117
0.00000005682
0.00000005995
0.00000007537
0.00000006018
0.00000007839
0.00000007589
0.00000007713
0.00000007266
0.00000004629
0.00000004838
0.00000004866
0.00000004775
0.00000004112
0.00000003549
0.00000002436
0.00000000507
0.00000001132
0.00000001157
0.00000001572
0.00000004365
0.00000004038
0.00000004284
0.00000004069
0.00000003867
0.00000003008
0.00000002545
0.00000004535
0.00000003284
0.00000004874
0.00000003577
0.00000002063
0.00000002570
0.00000003563
0.00000004562
0.00000002934
0.00000003830
0.00000004367
0.00000005021
0.00000002866
0.00000003367
0.00000003690
0.00000003659
0.00000003851
0.00000003978
0.00000004268
0.00000004627
0.00000005049
0.00000005197
0.00000006124
0.00000004250
0.00000005170
0.00000005658
0.00000004331
0.00000005673
0.00000004571
0.00000005641
0.00000004391
0.00000005631
0.00000003896
0.00000004727
0.00000002226
0.00000002437
0.00000002376
0.00000001919
0.00000003866
0.00000002737
0.00000002092
0.00000003592
0.00000004945
0.00000002907
0.00000003474
0.00000001398
0.00000001288
0.00000004198
0.00000004084
0.00000003534
0.00000002073
0.00000001002
0.00000002333
0.00000003361
0.00000004228
0.00000004254
0.00000002189
0.00000002498
0.00000002189
0.00000004793
0.00000004804
0.00000004123
0.00000003923
0.00000003705
0.00000003254
0.00000004734
0.00000004241
0.00000003984
0.00000005765
0.00000005230
0.00000004538
0.00000003725
0.00000005627
0.00000004933
0.00000003935
0.00000006273
0.00000006005
0.00000006015
0.00000005843
0.00000005425
0.00000005921
0.00000006694
0.00000005003
0.00000005797
0.00000007426
0.00000006677
0.00000006351
0.00000005828
0.00000005000
0.00000004934
0.00000004869
0.00000004081
0.00000004258
0.00000004408
0.00000004015
0.00000004084
0.00000004134
0.00000003357
0.00000002909
0.00000001927
0.00000002441
0.00000000782
0.00000002077
0.00000002844
0.00000003875
0.00000005173
0.00000005952
0.00000004602
0.00000005964
0.00000004042
0.00000005198
0.00000003736
0.00000004607
0.00000003229
0.00000004570
0.00000005623
0.00000004700
0.00000006229
0.00000004671
0.00000003512
0.00000004112
0.00000002539
0.00000003525
0.00000004724
0.00000005731
0.00000005063
0.00000007098
0.00000006209
0.00000005890
0.00000005696
0.00000005124
0.00000005389
0.00000006157
0.00000006763
0.00000008355
0.00000007099
0.00000006464
0.00000006141
0.00000006852
0.00000007461
0.00000009026
0.00000008062
0.00000007844
0.00000007491
0.00000007926
0.00000005373
0.00000005970
0.00000007413
0.00000006018
0.00000007994
0.00000006914
0.00000006720
0.00000007639
0.00000008686
0.00000008288
0.00000007468
0.00000006846
0.00000006707
0.00000007585
0.00000008292
0.00000006714
0.00000005743
0.00000006978
0.00000005489
0.00000004771
0.00000006387
0.00000005956
0.00000004706
0.00000004004
0.00000005670
0.00000004639
0.00000003777
0.00000004908
0.00000003938
0.00000002003
0.00000002758
0.00000002582
0.00000002138
0.00000000629
0.00000001784
0.00000002353
0.00000002962
0.00000003510
0.00000003479
0.00000003562
0.00000003600
0.00000003392
0.00000003782
0.00000004410
0.00000004655
0.00000005577
0.00000005863
0.00000004421
0.00000005440
0.00000007049
0.00000006353
0.00000005579
0.00000005241
0.00000004738
0.00000004781
0.00000004378
0.00000004822
0.00000005492
0.00000005696
0.00000006752
0.00000005352
0.00000006842
0.00000005079
0.00000003617
0.00000005011
0.00000006282
0.00000005645
0.00000004999
0.00000008047
0.00000008669
0.00000006822
0.00000008248
0.00000006611
0.00000005519
0.00000004761
0.00000006071
0.00000005245
0.00000004517
0.00000007275
0.00000007294
0.00000006803
0.00000007021
0.00000005221
0.00000005581
0.00000006242
0.00000004659
0.00000005969
0.00000004644
0.00000006059
0.00000004561
0.00000005914
0.00000004715
0.00000002980
0.00000003471
0.00000003461
0.00000002276
0.00000001677
0.00000000806
0.00000002299
0.00000003237
0.00000004150
0.00000001801
0.00000002409
0.00000002713
0.00000002821
0.00000001855
0.00000001529
0.00000003355
0.00000001414
0.00000002067
0.00000002145
0.00000001347
0.00000000238
0.00000001047
0.00000001492
0.00000001181
0.00000001242
0.00000001046
0.00000002704
0.00000002034
0.00000003838
0.00000003134
0.00000004345
0.00000003128
0.00000004347
0.00000003053
0.00000003608
0.00000004774
0.00000003168
0.00000003845
0.00000003841
0.00000004250
0.00000005132
0.00000006121
0.00000004084
0.00000005252
0.00000006619
0.00000004742
0.00000006585
0.00000005288
0.00000004242
0.00000006304
0.00000005556
0.00000005611
0.00000005315
0.00000005556
0.00000006053
0.00000006313
0.00000007191
0.00000004979
0.00000005698
0.00000004306
0.00000005522
0.00000007486
0.00000006648
0.00000006856
0.00000006807
0.00000007010
0.00000006572
0.00000003909
0.00000003329
0.00000003422
0.00000003582
0.00000005493
0.00000005175
0.00000004874
0.00000003950
0.00000003277
0.00000001787
0.00000003686
0.00000002517
0.00000004563
0.00000003982
0.00000005896
0.00000005628
0.00000005048
0.00000004690
0.00000003816
0.00000003033
0.00000002463
0.00000003507
0.00000002073
0.00000002417
0.00000003296
0.00000004024
0.00000004081
0.00000004316
0.00000004284
0.00000003516
0.00000002917
0.00000002346
0.00000003906
0.00000003282
0.00000005562
0.00000004562
0.00000004101
0.00000006301
0.00000005480
0.00000005142
0.00000005168
0.00000004916
0.00000005289
0.00000005330
0.00000006129
0.00000007145
0.00000005064
0.00000006368
0.00000004894
0.00000006879
0.00000006293
0.00000005649
0.00000005715
0.00000005592
0.00000005737
0.00000006548
0.00000006921
0.00000005183
0.00000005777
0.00000004505
0.00000005338
0.00000004113
0.00000004815
0.00000005260
0.00000004038
0.00000004331
0.00000005163
0.00000003048
0.00000003671
0.00000003480
0.00000003588
0.00000002897
0.00000002360
0.00000001538
0.00000002660
0.00000003975
0.00000002440
0.00000002745
0.00000003824
0.00000004545
0.00000004611
0.00000002728
0.00000003316
0.00000003769
0.00000004181
0.00000004469
0.00000004154
0.00000004015
0.00000004781
0.00000005725
0.00000006879
0.00000006102
0.00000007411
0.00000006873
0.00000006266
0.00000005563
0.00000004385
0.00000004385
0.00000007346
0.00000007434
0.00000008137
0.00000006428
0.00000007093
0.00000005623
0.00000004239
0.00000005486
0.00000004680
0.00000006512
0.00000005101
0.00000004365
0.00000005456
0.00000004269
0.00000002440
0.00000003736
0.00000005379
0.00000004221
0.00000004699
0.00000003005
0.00000003521
0.00000003750
0.00000003551
0.00000002471
0.00000001849
0.00000002649
0.00000001094
0.00000001605
0.00000002510
0.00000001921
0.00000001460
0.00000000585
0.00000001608
0.00000002059
0.00000002169
0.00000001837
0.00000001128
0.00000002346
0.00000001366
0.00000002765
0.00000003491
0.00000001340
0.00000001548
0.00000001354
0.00000004054
0.00000004006
0.00000004003
0.00000003586
0.00000002785
0.00000004445
0.00000002623
0.00000000860
0.00000001785
0.00000002720
0.00000003383
0.00000003389
0.00000003665
0.00000003620
0.00000002707
0.00000001967
0.00000003651
0.00000001558
0.00000002504
0.00000003261
0.00000003947
0.00000004503
0.00000005653
0.00000003982
0.00000005455
0.00000006754
0.00000004832
0.00000006362
0.00000004861
0.00000006664
0.00000005721
0.00000004857
0.00000004834
0.00000007354
0.00000007925
0.00000006214
0.00000007023
0.00000005428
0.00000007183
0.00000005811
0.00000005449
0.00000005011
0.00000005866
0.00000006507
0.00000008179
0.00000007224
0.00000007009
0.00000006605
0.00000006902
0.00000007468
0.00000006189
0.00000007267
0.00000006711
0.00000005600
0.00000008410
0.00000005847
0.00000006916
0.00000007812
0.00000006528
0.00000008449
0.00000007597
0.00000007140
0.00000006325
0.00000005837
0.00000004765
0.00000004224
0.00000003504
0.00000004687
0.00000003310
0.00000004136
0.00000001749
0.00000002285
0.00000002823
0.00000003207
0.00000003486
0.00000003849
0.00000003437
0.00000003384
0.00000002922
0.00000002390
0.00000003977
0.00000003542
0.00000002881
0.00000004777
0.00000003974
0.00000002977
0.00000004385
0.00000003010
0.00000004005
0.00000001651
0.00000001886
0.00000002041
0.00000002098
0.00000002044
0.00000003971
0.00000002946
0.00000001776
0.00000002737
0.00000003488
0.00000001368
0.00000001817
0.00000002371
0.00000003206
0.00000003923
0.00000004851
0.00000006119
0.00000004839
0.00000005696
0.00000003664
0.00000004207
0.00000004599
0.00000005244
0.00000005612
0.00000003384
0.00000003248
0.00000003821
0.00000004318
0.00000004377
0.00000003927
0.00000003251
0.00000002370
0.00000001256
0.00000002678
0.00000004177
0.00000003048
0.00000004797
0.00000003844
0.00000005481
0.00000003985
0.00000004899
0.00000002863
0.00000004382
0.00000002765
0.00000003418
0.00000004840
0.00000006042
0.00000004455
0.00000005567
0.00000004580
0.00000005925
0.00000004208
0.00000005368
0.00000003969
0.00000005689
0.00000004854
0.00000006052
0.00000005237
0.00000004825
0.00000004366
0.00000005966
0.00000005636
0.00000005313
0.00000004724
0.00000003809
0.00000003281
0.00000005483
0.00000005438
0.00000004546
0.00000004521
0.00000004692
0.00000005748
0.00000006586
0.00000007937
0.00000006978
0.00000006353
0.00000005527
0.00000005334
0.00000004418
0.00000004284
0.00000004308
0.00000004076
0.00000004431
0.00000004388
0.00000003590
0.00000003224
0.00000002908
0.00000005226
0.00000004707
0.00000004390
0.00000004184
0.00000003326
0.00000005260
0.00000004529
0.00000003674
0.00000004769
0.00000003758
0.00000005428
0.00000004829
0.00000004616
0.00000006672
0.00000006904
0.00000007070
0.00000005029
0.00000005785
0.00000005890
0.00000004286
0.00000005206
0.00000005890
0.00000003697
0.00000004579
0.00000005228
0.00000005170
0.00000002365
0.00000001745
0.00000000486
0.00000002154
0.00000003207
0.00000002000
0.00000002822
0.00000002995
0.00000003436
0.00000003002
0.00000002777
0.00000002197
0.00000001785
0.00000003659
0.00000002297
0.00000003684
0.00000001769
0.00000003151
0.00000003611
0.00000004631
0.00000002347
0.00000002719
0.00000002908
0.00000002354
0.00000002003
0.00000004162
0.00000002820
0.00000004516
0.00000002916
0.00000004275
0.00000002963
0.00000003398
0.00000004048
0.00000004604
0.00000004758
0.00000002939
0.00000003818
0.00000004524
0.00000006129
0.00000005200
0.00000006585
0.00000005924
0.00000005672
0.00000005656
0.00000005038
0.00000005670
0.00000006878
0.00000007886
0.00000007180
0.00000006837
0.00000006454
0.00000007032
0.00000007857
0.00000005844
0.00000007347
0.00000006594
0.00000005836
0.00000009169
0.00000007643
0.00000008840
0.00000008337
0.00000008282
0.00000008115
0.00000006246
0.00000007101
0.00000007832
0.00000006653
0.00000005788
0.00000007129
0.00000006394
0.00000005867
0.00000004814
0.00000004247
0.00000003522
0.00000005196
0.00000004930
0.00000004845
0.00000004096
0.00000003705
0.00000005580
0.00000004924
0.00000003518
0.00000002634
0.00000004172
0.00000002614
0.00000003344
0.00000004430
0.00000003088
0.00000003506
0.00000004111
0.00000004538
0.00000002481
0.00000002186
0.00000002356
0.00000004815
0.00000004382
0.00000003243
0.00000001934
0.00000002334
0.00000002970
0.00000003393
0.00000003708
0.00000003496
0.00000003817
0.00000004083
0.00000004152
0.00000004821
0.00000005941
0.00000006647
0.00000005187
0.00000006092
0.00000003980
0.00000005051
0.00000002935
0.00000002703
0.00000003009
0.00000003632
0.00000004601
0.00000005019
0.00000005857
0.00000004254
0.00000005197
0.00000006925
0.00000006664
0.00000006492
0.00000007006
0.00000007731
0.00000005945
0.00000006555
0.00000005235
0.00000006874
0.00000006053
0.00000005454
0.00000007052
0.00000007150
0.00000007647
0.00000005741
0.00000007214
0.00000005599
0.00000007039
0.00000006125
0.00000005268
0.00000004712
0.00000007052
0.00000006429
0.00000006275
0.00000006226
0.00000006129
0.00000005694
0.00000005861
0.00000005869
0.00000006075
0.00000006147
0.00000005564
0.00000005262
0.00000005020
0.00000004992
0.00000005371
0.00000005678
0.00000006752
0.00000005346
0.00000006459
0.00000005042
0.00000005640
0.00000004527
0.00000006004
0.00000004620
0.00000006436
0.00000005885
0.00000004646
0.00000004042
0.00000005426
0.00000004732
0.00000004212
0.00000005809
0.00000005047
0.00000004013
0.00000005654
0.00000004848
0.00000003895
0.00000005346
0.00000004853
0.00000004340
0.00000005991
0.00000005446
0.00000004152
0.00000003565
0.00000005283
0.00000004305
0.00000002736
0.00000004008
0.00000001645
0.00000002179
0.00000002230
0.00000002611
0.00000002504
0.00000002881
0.00000005362
0.00000003140
0.00000003672
0.00000003765
0.00000004640
0.00000005602
0.00000005928
0.00000003950
0.00000004476
0.00000004301
0.00000004774
0.00000004760
0.00000004933
0.00000005387
0.00000005465
0.00000005791
0.00000003384
0.00000003235
0.00000003528
0.00000003463
0.00000002723
0.00000002077
0.00000003523
0.00000002513
0.00000003770
0.00000002271
0.00000002752
0.00000002440
0.00000002538
0.00000002209
0.00000001783
0.00000004073
0.00000003513
0.00000004702
0.00000003639
0.00000002561
0.00000004078
0.00000002674
0.00000004380
0.00000003465
0.00000004843
0.00000003364
0.00000004747
0.00000003687
0.00000004250
0.00000002303
0.00000002975
0.00000003544
0.00000003634
0.00000004081
0.00000004033
0.00000003662
0.00000003328
0.00000002657
0.00000003962
0.00000002884
0.00000003984
0.00000002300
0.00000003176
0.00000003892
0.00000004463
0.00000004981
0.00000002292
0.00000002246
0.00000001782
0.00000003643
0.00000002130
0.00000003582
0.00000002083
0.00000002992
0.00000003739
0.00000003801
0.00000004163
0.00000004766
0.00000005364
0.00000005793
0.00000004228
0.00000005031
0.00000005825
0.00000003919
0.00000004330
0.00000005314
0.00000006464
0.00000005041
0.00000005676
0.00000003952
0.00000004949
0.00000003515
0.00000004945
0.00000006270
0.00000005463
0.00000004931
0.00000006859
0.00000006346
0.00000005710
0.00000004410
0.00000003800
0.00000005232
0.00000004834
0.00000003492
0.00000005385
0.00000003857
0.00000002982
0.00000004225
0.00000003502
0.00000005106
0.00000003651
0.00000004793
0.00000002714
0.00000003779
0.00000004077
0.00000004569
0.00000001865
0.00000002406
0.00000002904
0.00000002850
0.00000003091
0.00000002807
0.00000002780
0.00000004902
0.00000004616
0.00000003973
0.00000003418
0.00000004844
0.00000003801
0.00000002092
0.00000002666
0.00000003553
0.00000003772
0.00000004304
0.00000003870
0.00000003390
0.00000002026
0.00000001523
0.00000002661
0.00000004400
0.00000002668
0.00000003927
0.00000004793
0.00000003688
0.00000004996
0.00000004184
0.00000005897
0.00000005333
0.00000005489
0.00000005557
0.00000006467
0.00000006987
0.00000005768
0.00000006532
0.00000005351
0.00000003671
0.00000004969
0.00000003888
0.00000004853
0.00000003833
0.00000005710
0.00000005515
0.00000007278
0.00000007227
0.00000007257
0.00000004635
0.00000004321
0.00000004167
0.00000003680
0.00000003526
0.00000003075
0.00000005478
0.00000005203
0.00000005081
0.00000004704
0.00000003860
0.00000003244
0.00000005179
0.00000004380
0.00000003994
0.00000005819
0.00000005783
0.00000005861
0.00000005941
0.00000007364
0.00000008234
0.00000007135
0.00000006977
0.00000006981
0.00000006977
0.00000007276
0.00000007899
0.00000006163
0.00000007104
0.00000005727
0.00000006681
0.00000004181
0.00000005439
0.00000003577
0.00000004196
0.00000005725
0.00000004298
0.00000005153
0.00000003360
0.00000003996
0.00000004759
0.00000002838
0.00000003846
0.00000004907
0.00000006088
0.00000004626
0.00000005312
0.00000003600
0.00000004495
0.00000005153
0.00000003070
0.00000003500
0.00000003657
0.00000003516
0.00000003072
0.00000002583
0.00000001778
0.00000003234
0.00000001710
0.00000002785
0.00000003969
0.00000004952
0.00000002984
0.00000003430
0.00000003915
0.00000004339
0.00000005075
0.00000006026
0.00000004789
0.00000006124
0.00000004679
0.00000005795
0.00000004509
0.00000005871
0.00000004423
0.00000005267
0.00000002924
0.00000004177
0.00000004539
0.00000002947
0.00000004272
0.00000005783
0.00000007728
0.00000007055
0.00000006783
0.00000006719
0.00000005871
0.00000005793
0.00000005771
0.00000006216
0.00000006638
0.00000007010
0.00000005253
0.00000005521
0.00000006247
0.00000004309
0.00000004987
0.00000005094
0.00000002613
0.00000002684
0.00000001730
0.00000004064
0.00000003002
0.00000002576
0.00000004354
0.00000002880
0.00000004452
0.00000003540
0.00000005247
0.00000003791
0.00000005402
0.00000003975
0.00000003145
0.00000004696
0.00000003391
0.00000005007
0.00000003587
0.00000005265
0.00000004182
0.00000005431
0.00000004510
0.00000003323
0.00000003850
0.00000002369
0.00000003465
0.00000004299
0.00000005567
0.00000003533
0.00000004807
0.00000006102
0.00000004519
0.00000006436
0.00000005600
0.00000004745
0.00000007184
0.00000007050
0.00000006565
0.00000006990
0.00000005217
0.00000006221
0.00000007185
0.00000006654
0.00000006318
0.00000005876
0.00000006239
0.00000006805
0.00000007683
0.00000005869
0.00000007327
0.00000006585
0.00000005448
0.00000004776
0.00000006033
0.00000004744
0.00000003539
0.00000004485
0.00000003145
0.00000004348
0.00000005317
0.00000004101
0.00000004678
0.00000003021
0.00000004159
0.00000004927
0.00000003622
0.00000005079
0.00000005798
0.00000004375
0.00000005539
0.00000003879
0.00000005142
0.00000004111
0.00000005192
0.00000003879
0.00000005172
0.00000003520
0.00000005011
0.00000003884
0.00000005349
0.00000003418
0.00000004316
0.00000002248
0.00000002977
0.00000003405
0.00000004531
0.00000005850
0.00000004492
0.00000005732
0.00000004478
0.00000006423
0.00000005972
0.00000005661
0.00000004905
0.00000004121
0.00000003064
0.00000005096
0.00000004599
0.00000004004
0.00000006003
0.00000005542
0.00000004426
0.00000003796
0.00000005953
0.00000004702
0.00000003919
0.00000003309
0.00000005147
0.00000004297
0.00000002605
0.00000003861
0.00000002059
0.00000002833
0.00000002815
0.00000002971
0.00000002878
0.00000002508
0.00000001782
0.00000003483
0.00000001788
0.00000002945
0.00000004152
0.00000002775
0.00000003675
0.00000003800
0.00000004530
0.00000002832
0.00000003985
0.00000005281
0.00000005958
0.00000004892
0.00000006536
0.00000005364
0.00000004855
0.00000007201
0.00000006407
0.00000006166
0.00000005715
0.00000005927
0.00000005811
0.00000006594
0.00000007090
0.00000005551
0.00000006065
0.00000004181
0.00000005289
0.00000005790
0.00000003980
0.00000004732
0.00000004863
0.00000002917
0.00000003214
0.00000004271
0.00000005625
0.00000006212
0.00000004531
0.00000005344
0.00000004199
0.00000005469
0.00000006279
0.00000004671
0.00000002736
0.00000003206
0.00000002830
0.00000002770
0.00000002642
0.00000002456
0.00000004804
0.00000004431
0.00000004750
0.00000005327
0.00000006143
0.00000006805
0.00000004816
0.00000005505
0.00000006288
0.00000004640
0.00000005556
0.00000004023
0.00000005428
0.00000006961
0.00000005954
0.00000004569
0.00000005471
0.00000004310
0.00000005852
0.00000004569
0.00000005491
0.00000003346
0.00000003866
0.00000004141
0.00000003695
0.00000003253
0.00000002401
0.00000001217
0.00000001920
0.00000002737
0.00000003584
0.00000003848
0.00000004603
0.00000004883
0.00000005913
0.00000004374
0.00000004912
0.00000005795
0.00000003855
0.00000004073
0.00000004635
0.00000004320
0.00000004205
0.00000003491
0.00000002971
0.00000001661
0.00000002825
0.00000001764
0.00000002525
0.00000003748
0.00000004740
0.00000003375
0.00000004264
0.00000005494
0.00000003271
0.00000004369
0.00000004929
0.00000005259
0.00000003014
0.00000002747
0.00000002787
0.00000001810
0.00000003332
0.00000001488
0.00000002764
0.00000003249
0.00000004386
0.00000005001
0.00000002163
0.00000002557
0.00000002789
0.00000003775
0.00000004297
0.00000005662
0.00000006979
0.00000005671
0.00000004870
0.00000006464
0.00000006270
0.00000006306
0.00000005749
0.00000006203
0.00000006021
0.00000006664
0.00000004566
0.00000006267
0.00000007864
0.00000007565
0.00000007057
0.00000007566
0.00000007998
0.00000006868
0.00000008597
0.00000007700
0.00000007542
0.00000007905
0.00000008408
0.00000007484
0.00000006631
0.00000009063
0.00000006272
0.00000005915
0.00000006624
0.00000007583
0.00000006058
0.00000006839
0.00000005922
0.00000005511
0.00000007411
0.00000007189
0.00000007363
0.00000008025
0.00000006473
0.00000007494
0.00000006840
0.00000006321
0.00000006069
0.00000005656
0.00000005949
0.00000005974
0.00000005353
0.00000005231
0.00000003957
0.00000003162
0.00000002162
0.00000003029
0.00000004140
0.00000001951
0.00000002900
0.00000003280
0.00000004446
0.00000005111
0.00000003452
0.00000004286
0.00000005149
0.00000005639
0.00000003793
0.00000004785
0.00000005372
0.00000003885
0.00000004524
0.00000005969
0.00000005020
0.00000006436
0.00000006086
0.00000005838
0.00000005352
0.00000005552
0.00000005854
0.00000005793
0.00000006158
0.00000005704
0.00000003361
0.00000003505
0.00000004168
0.00000004631
0.00000005669
0.00000006725
0.00000004271
0.00000004691
0.00000005005
0.00000002003
0.00000004875
0.00000004966
0.00000004571
0.00000004443
0.00000004184
0.00000003455
0.00000003300
0.00000005316
0.00000004841
0.00000003668
0.00000003217
0.00000005502
0.00000004509
0.00000003952
0.00000003412
0.00000004805
0.00000003988
0.00000003317
0.00000005130
0.00000004081
0.00000004970
0.00000003562
0.00000004646
0.00000002618
0.00000002317
0.00000002300
0.00000001949
0.00000003812
0.00000002819
0.00000001327
0.00000001971
0.00000002202
0.00000002515
0.00000002499
0.00000003263
0.00000004090
0.00000005186
0.00000006653
0.00000005720
0.00000005169
0.00000007133
0.00000007108
0.00000007043
0.00000007235
0.00000005288
0.00000006190
0.00000007049
0.00000005866
0.00000007693
0.00000007570
0.00000007415
0.00000007477
0.00000005228
0.00000005289
0.00000006422
0.00000007422
0.00000006452
0.00000006248
0.00000006067
0.00000006980
0.00000008277
0.00000006635
0.00000008375
0.00000007123
0.00000006903
0.00000006273
0.00000006318
0.00000006256
0.00000006749
0.00000006799
0.00000004397
0.00000004977
0.00000005102
0.00000005638
0.00000002652
0.00000002600
0.00000001559
0.00000003521
0.00000002207
0.00000003680
0.00000002263
0.00000003778
0.00000004567
0.00000003130
0.00000003812
0.00000005145
0.00000003762
0.00000004432
0.00000005198
0.00000002730
0.00000003168
0.00000003361
0.00000003035
0.00000002985
0.00000002439
0.00000003740
0.00000002367
0.00000003233
0.00000001964
0.00000003473
0.00000004523
0.00000006222
0.00000004932
0.00000004116
0.00000005676
0.00000004367
0.00000002749
0.00000004020
0.00000005321
0.00000003037
0.00000003486
0.00000003396
0.00000003934
0.00000004447
0.00000005446
0.00000005888
0.00000007147
0.00000005127
0.00000006812
0.00000005738
0.00000004280
0.00000005878
0.00000004243
0.00000005476
0.00000003813
0.00000003971
0.00000001707
0.00000001538
0.00000003310
0.00000002893
0.00000002392
0.00000003830
0.00000003268
0.00000005377
0.00000004609
0.00000003764
0.00000002680
0.00000003982
0.00000002305
0.00000003324
0.00000004252
0.00000004454
0.00000002003
0.00000001800
0.00000001344
0.00000003166
0.00000001816
0.00000002528
0.00000000152
0.00000000114
0.00000002209
0.00000001355
0.00000002996
0.00000001963
0.00000002992
0.00000003895
0.00000002128
0.00000002669
0.00000002929
0.00000002893
0.00000002723
0.00000002433
0.00000004934
0.00000004357
0.00000004106
0.00000004231
0.00000004725
0.00000004648
0.00000003727
0.00000003167
0.00000002774
0.00000004811
0.00000004687
0.00000004504
0.00000003604
0.00000003371
0.00000005760
0.00000005192
0.00000005185
0.00000005244
0.00000004593
0.00000004423
0.00000004437
0.00000004746
0.00000004516
0.00000004599
0.00000004380
0.00000004195
0.00000003812
0.00000002969
0.00000005183
0.00000004710
0.00000004002
0.00000003162
0.00000004493
0.00000003421
0.00000004824
0.00000003090
0.00000003647
0.00000003981
0.00000001613
0.00000001855
0.00000004594
0.00000005560
0.00000006401
0.00000004579
0.00000005550
0.00000006595
0.00000004548
0.00000005743
0.00000004111
0.00000005433
0.00000004112
0.00000004848
0.00000003437
0.00000004652
0.00000005511
0.00000004338
0.00000006061
0.00000004783
0.00000006227
0.00000005255
0.00000004357
0.00000005641
0.00000004900
0.00000004301
0.00000006021
0.00000004580
0.00000003827
0.00000005369
0.00000003370
0.00000004340
0.00000002857
0.00000003407
0.00000004579
0.00000005875
0.00000004671
0.00000005873
0.00000005332
0.00000007072
0.00000006736
0.00000006323
0.00000005460
0.00000004870
0.00000004818
0.00000004232
0.00000004608
0.00000005272
0.00000005704
0.00000006666
0.00000005354
0.00000006572
0.00000005694
0.00000007323
0.00000007129
0.00000007499
0.00000007859
0.00000006719
0.00000007902
0.00000007264
0.00000006642
0.00000006712
0.00000007165
0.00000007609
0.00000005888
0.00000007469
0.00000006653
0.00000007056
0.00000007395
0.00000008329
0.00000006093
0.00000007493
0.00000006515
0.00000006149
0.00000005131
0.00000006780
0.00000006534
0.00000005632
0.00000004933
0.00000003494
0.00000004922
0.00000003057
0.00000003714
0.00000002097
0.00000002464
0.00000003443
0.00000003913
0.00000004952
0.00000005182
0.00000003071
0.00000003864
0.00000004181
0.00000004943
0.00000005516
0.00000003529
0.00000004331
0.00000004469
0.00000005109
0.00000003010
0.00000003340
0.00000002869
0.00000002529
0.00000002373
0.00000004314
0.00000002840
0.00000001741
0.00000003255
0.00000004462
0.00000002550
0.00000002715
0.00000003463
0.00000003698
0.00000003446
0.00000002644
0.00000002907
0.00000001752
0.00000003345
0.00000002290
0.00000003368
0.00000004524
0.00000002806
0.00000002634
0.00000002828
0.00000002714
0.00000001852
0.00000003424
0.00000001531
0.00000002090
0.00000001764
0.00000001845
0.00000001197
0.00000003428
0.00000002276
0.00000003246
0.00000001377
0.00000002282
0.00000002626
0.00000002850
0.00000002865
0.00000002449
0.00000002015
0.00000004289
0.00000003483
0.00000002956
0.00000005829
0.00000005866
0.00000006711
0.00000007327
0.00000006517
0.00000008038
0.00000008243
0.00000008324
0.00000009163
0.00000007438
0.00000005757
0.00000007218
0.00000006015
0.00000005781
0.00000005205
0.00000007495
0.00000007620
0.00000005469
0.00000006344
0.00000008022
0.00000007103
0.00000006390
0.00000005879
0.00000005542
0.00000005688
0.00000006407
0.00000007682
0.00000006123
0.00000006990
0.00000006044
0.00000005157
0.00000004420
0.00000006691
0.00000005797
0.00000004931
0.00000004184
0.00000004043
0.00000006070
0.00000005474
0.00000005078
0.00000004116
0.00000003738
0.00000005520
0.00000004777
0.00000004555
0.00000003242
0.00000004737
0.00000002980
0.00000003949
0.00000001140
0.00000001234
0.00000003380
0.00000003637
0.00000003060
0.00000002985
0.00000005092
0.00000005313
0.00000005454
0.00000005077
0.00000005261
0.00000004829
0.00000005019
0.00000004681
0.00000004497
0.00000004368
0.00000003861
0.00000003698
0.00000002508
0.00000004047
0.00000002993
0.00000003781
0.00000002295
0.00000002958
0.00000003953
0.00000004442
0.00000001672
0.00000001805
0.00000001474
0.00000002972
0.00000002271
0.00000003775
0.00000002198
0.00000002928
0.00000004461
0.00000005741
0.00000003578
0.00000004424
0.00000004924
0.00000002477
0.00000002695
0.00000002205
0.00000001992
0.00000004235
0.00000003067
0.00000002389
0.00000003962
0.00000002888
0.00000004438
0.00000002798
0.00000004344
0.00000003163
0.00000004553
0.00000003094
0.00000004414
0.00000006016
0.00000004417
0.00000006368
0.00000004911
0.00000006937
0.00000006527
0.00000006381
0.00000006329
0.00000006616
0.00000006683
0.00000004929
0.00000006187
0.00000007608
0.00000006226
0.00000005607
0.00000008010
0.00000008072
0.00000007839
0.00000005684
0.00000005518
0.00000006073
0.00000003923
0.00000003579
0.00000003789
0.00000004046
0.00000004248
0.00000004740
0.00000005511
0.00000006058
0.00000003847
0.00000003719
0.00000004108
0.00000004123
0.00000003853
0.00000002659
0.00000001637
0.00000003000
0.00000001702
0.00000002557
0.00000003140
0.00000003250
0.00000003947
0.00000004491
0.00000004869
0.00000004816
0.00000003558
0.00000002685
0.00000001992
0.00000004043
0.00000002768
0.00000004614
0.00000003775
0.00000005317
0.00000005225
0.00000005093
0.00000004413
0.00000004529
0.00000004746
0.00000005360
0.00000005630
0.00000006485
0.00000005073
0.00000006195
0.00000005392
0.00000007555
0.00000006398
0.00000006352
0.00000006048
0.00000006558
0.00000006878
0.00000007592
0.00000005298
0.00000006324
0.00000005249
0.00000006546
0.00000006112
0.00000005146
0.00000007323
0.00000007350
0.00000007156
0.00000007304
0.00000004316
0.00000005045
0.00000005623
0.00000005680
0.00000006085
0.00000003270
0.00000003448
0.00000002941
0.00000002616
0.00000004083
0.00000003171
0.00000002084
0.00000004382
0.00000003389
0.00000005469
0.00000004767
0.00000004407
0.00000004016
0.00000007209
0.00000007100
0.00000005637
0.00000006241
0.00000008035
0.00000007104
0.00000006631
0.00000006731
0.00000006600
0.00000007227
0.00000004919
0.00000006042
0.00000006873
0.00000005637
0.00000006498
0.00000004632
0.00000006052
0.00000004640
0.00000005426
0.00000003755
0.00000004352
0.00000001567
0.00000001364
0.00000001028
0.00000002395
0.00000001419
0.00000002935
0.00000004262
0.00000002870
0.00000004638
0.00000003658
0.00000005117
0.00000004088
0.00000005751
0.00000004834
0.00000003958
0.00000005706
0.00000004446
0.00000006177
0.00000005177
0.00000004137
0.00000003427
0.00000005565
0.00000005079
0.00000004988
0.00000004723
0.00000005270
0.00000005917
0.00000006850
0.00000005452
0.00000007029
0.00000006173
0.00000005249
0.00000004270
0.00000005912
0.00000004969
0.00000003587
0.00000005335
0.00000004407
0.00000003211
0.00000004216
0.00000002440
0.00000003016
0.00000003978
0.00000004769
0.00000003001
0.00000003811
0.00000004116
0.00000004413
0.00000004726
0.00000002424
0.00000002373
0.00000004355
0.00000003996
0.00000003412
0.00000002544
0.00000004474
0.00000003806
0.00000005042
0.00000004337
0.00000002978
0.00000004006
0.00000002095
0.00000001860
0.00000001809
0.00000001753
0.00000003981
0.00000002771
0.00000001731
0.00000003074
0.00000001699
0.00000002623
0.00000003598
0.00000003931
0.00000004811
0.00000003143
0.00000004041
0.00000005210
0.00000006231
0.00000004803
0.00000006164
0.00000005003
0.00000006584
0.00000005565
0.00000004984
0.00000006958
0.00000006217
0.00000006618
0.00000005693
0.00000005066
0.00000004366
0.00000003504
0.00000002650
0.00000004467
0.00000002640
0.00000004035
0.00000003153
0.00000004899
0.00000003801
0.00000005184
0.00000003805
0.00000005769
0.00000005642
0.00000005270
0.00000004660
0.00000004547
0.00000004547
0.00000003874
0.00000003838
0.00000003340
0.00000006266
0.00000006001
0.00000006325
0.00000006253
0.00000004333
0.00000004840
0.00000005431
0.00000006534
0.00000004423
0.00000005461
0.00000006511
0.00000005505
0.00000007434
0.00000006361
0.00000006066
0.00000006199
0.00000005892
0.00000006071
0.00000005728
0.00000006186
0.00000006928
0.00000004791
0.00000005683
0.00000006474
0.00000004168
0.00000004726
0.00000005356
0.00000002876
0.00000003146
0.00000002882
0.00000002671
0.00000001300
0.00000003229
0.00000002435
0.00000003717
0.00000002639
0.00000004064
0.00000002356
0.00000002485
0.00000002666
0.00000002679
0.00000002233
0.00000005344
0.00000005312
0.00000005649
0.00000005855
0.00000006231
0.00000003541
0.00000004011
0.00000004715
0.00000005022
0.00000005880
0.00000005892
0.00000003634
0.00000003664
0.00000002824
0.00000002196
0.00000000885
0.00000001964
0.00000003597
0.00000002267
0.00000002859
0.00000003435
0.00000003054
0.00000002533
0.00000001355
0.00000002197
0.00000000686
0.00000000553
0.00000000502
0.00000002326
0.00000001595
0.00000003002
0.00000001213
0.00000001187
0.00000001047
0.00000000591
0.00000002117
0.00000001247
0.00000002548
0.00000003366
0.00000003156
0.00000001008
0.00000001631
0.00000004075
0.00000004482
0.00000004656
0.00000004601
0.00000004886
0.00000004916
0.00000005230
0.00000005109
0.00000005703
0.00000006394
0.00000004057
0.00000004642
0.00000005672
0.00000006673
0.00000006017
0.00000007558
0.00000007104
0.00000006938
0.00000006400
0.00000006608
0.00000006833
0.00000006809
0.00000005148
0.00000006162
0.00000006652
0.00000005485
0.00000007027
0.00000006168
0.00000004682
0.00000006406
0.00000004622
0.00000003380
0.00000004338
0.00000003187
0.00000004773
0.00000005881
0.00000004977
0.00000006440
0.00000006266
0.00000005697
0.00000005813
0.00000005877
0.00000005746
0.00000006051
0.00000006699
0.00000004623
0.00000005999
0.00000004606
0.00000006486
0.00000005070
0.00000006642
0.00000006348
0.00000005995
0.00000006055
0.00000005631
0.00000005863
0.00000005202
0.00000005052
0.00000004804
0.00000003893
0.00000003329
0.00000002714
0.00000004350
0.00000003523
0.00000004625
0.00000003081
0.00000003834
0.00000001100
0.00000001632
0.00000002334
0.00000004899
0.00000005175
0.00000005349
0.00000003058
0.00000006773
0.00000004996
0.00000006713
0.00000008726
0.00000007749
0.00000007583
0.00000007834
0.00000007911
0.00000005887
0.00000006549
0.00000005396
0.00000006965
0.00000005633
0.00000005096
0.00000006644
0.00000006426
0.00000005572
0.00000005444
0.00000005542
0.00000005024
0.00000004885
0.00000004049
0.00000003625
0.00000002426
0.00000003846
0.00000002599
0.00000003428
0.00000004685
0.00000002838
0.00000003900
0.00000004420
0.00000002478
0.00000003165
0.00000003684
0.00000004921
0.00000005780
0.00000004379
0.00000005538
0.00000003683
0.00000004884
0.00000003609
0.00000004476
0.00000006278
0.00000005429
0.00000004468
0.00000005791
0.00000005564
0.00000005553
0.00000004789
0.00000005282
0.00000005511
0.00000006516
0.00000005137
0.00000006038
0.00000007756
0.00000006472
0.00000006148
0.00000005272
0.00000005315
0.00000004920
0.00000005061
0.00000004854
0.00000005149
0.00000005066
0.00000005542
0.00000006251
0.00000007360
0.00000005915
0.00000007794
0.00000007103
0.00000006050
0.00000005634
0.00000005316
0.00000004229
0.00000003403
0.00000005179
0.00000004267
0.00000002793
0.00000004049
0.00000002522
0.00000003926
0.00000004914
0.00000003951
0.00000005754
0.00000005059
0.00000004500
0.00000006045
0.00000005749
0.00000005544
0.00000005557
0.00000005840
0.00000006059
0.00000005676
0.00000005582
0.00000005347
0.00000004243
0.00000004025
0.00000002370
0.00000003603
0.00000002232
0.00000003458
0.00000004181
0.00000004683
0.00000002405
0.00000001901
0.00000001556
0.00000003675
0.00000002871
0.00000004498
0.00000003673
0.00000002756
0.00000004084
0.00000002768
0.00000003930
0.00000004350
0.00000002818
0.00000003701
0.00000003612
0.00000003941
0.00000003239
0.00000002799
0.00000002387
0.00000004541
0.00000003316
0.00000004948
0.00000003729
0.00000002161
0.00000002599
0.00000003084
0.00000003417
0.00000003686
0.00000003900
0.00000003394
0.00000002869
0.00000001780
0.00000002954
0.00000001526
0.00000001938
0.00000003055
0.00000004063
0.00000005198
0.00000003621
0.00000004581
0.00000005088
0.00000003813
0.00000005636
0.00000004680
0.00000006431
0.00000005552
0.00000004539
0.00000006918
0.00000007101
0.00000007615
0.00000008062
0.00000005505
0.00000006244
0.00000004640
0.00000005670
0.00000007113
0.00000005490
0.00000004671
0.00000006643
0.00000006209
0.00000005634
0.00000005386
0.00000005059
0.00000004916
0.00000004518
0.00000004963
0.00000005093
0.00000005192
0.00000004812
0.00000004972
0.00000004742
0.00000004533
0.00000003945
0.00000003664
0.00000003401
0.00000005573
0.00000004969
0.00000003674
0.00000002397
0.00000003223
0.00000001255
0.00000001711
0.00000001614
0.00000000793
0.00000002554
0.00000001317
0.00000002464
0.00000002832
0.00000003286
0.00000003242
0.00000002833
0.00000002861
0.00000002844
0.00000005177
0.00000004910
0.00000004748
0.00000004613
0.00000004691
0.00000004580
0.00000004729
0.00000005028
0.00000005401
0.00000005726
0.00000005623
0.00000003546
0.00000004302
0.00000005206
0.00000005989
0.00000004848
0.00000006577
0.00000006323
0.00000006394
0.00000006214
0.00000007019
0.00000007977
0.00000006203
0.00000004949
0.00000006152
0.00000005240
0.00000006715
0.00000006429
0.00000006494
0.00000007108
0.00000007535
0.00000006191
0.00000007394
0.00000005823
0.00000005194
0.00000007288
0.00000006327
0.00000006102
0.00000006041
0.00000005692
0.00000006294
0.00000007193
0.00000004594
0.00000005150
0.00000005481
0.00000006321
0.00000004485
0.00000006015
0.00000007321
0.00000006812
0.00000006066
0.00000005955
0.00000005519
0.00000004898
0.00000004753
0.00000003782
0.00000003223
0.00000004151
0.00000003124
0.00000001469
0.00000002960
0.00000003674
0.00000004815
0.00000002285
0.00000002639
0.00000002269
0.00000001783
0.00000003814
0.00000002509
0.00000002756
0.00000000598
0.00000000621
0.00000002503
0.00000001901
0.00000003582
0.00000002475
0.00000003082
0.00000003887
0.00000001983
0.00000002213
0.00000003008
0.00000004010
0.00000004407
0.00000005197
0.00000006265
0.00000004660
0.00000005136
0.00000003945
0.00000005658
0.00000003821
0.00000005397
0.00000004215
0.00000006290
0.00000005397
0.00000005174
0.00000005001
0.00000005244
0.00000005517
0.00000005691
0.00000006300
0.00000004771
0.00000006031
0.00000007721
0.00000006994
0.00000006119
0.00000005692
0.00000005235
0.00000004235
0.00000003777
0.00000006183
0.00000006179
0.00000006033
0.00000005842
0.00000005380
0.00000005464
0.00000005538
0.00000005236
0.00000004598
0.00000004617
0.00000004080
0.00000003505
0.00000002065
0.00000003443
0.00000001697
0.00000002104
0.00000002175
0.00000001430
0.00000000700
0.00000002543
0.00000004028
0.00000002242
0.00000003102
0.00000003919
0.00000001884
0.00000002188
0.00000002360
0.00000002277
0.00000002326
0.00000004459
0.00000004015
0.00000003790
0.00000003374
0.00000002853
0.00000005074
0.00000004934
0.00000005153
0.00000005456
0.00000005897
0.00000006694
0.00000007331
0.00000004897
0.00000005677
0.00000004122
0.00000005541
0.00000007363
0.00000007046
0.00000007165
0.00000007179
0.00000008084
0.00000006349
0.00000007145
0.00000006254
0.00000005422
0.00000007243
0.00000006112
0.00000005894
0.00000005801
0.00000005843
0.00000005343
0.00000005566
0.00000006034
0.00000005878
0.00000006414
0.00000004372
0.00000004379
0.00000005328
0.00000005962
0.00000004189
0.00000005372
0.00000003358
0.00000004161
0.00000004233
0.00000004635
0.00000004149
0.00000003940
0.00000003088
0.00000001923
0.00000003742
0.00000002338
0.00000003378
0.00000004815
0.00000002902
0.00000004288
0.00000004766
0.00000002612
0.00000002098
0.00000001876
0.00000001129
0.00000003567
0.00000002697
0.00000004835
0.00000003982
0.00000003796
0.00000005710
0.00000004952
0.00000004278
0.00000004452
0.00000004007
0.00000006978
0.00000007133
0.00000005239
0.00000005587
0.00000006499
0.00000004340
0.00000005750
0.00000007060
0.00000006603
0.00000006460
0.00000005866
0.00000006087
0.00000006418
0.00000007254
0.00000004855
0.00000005474
0.00000005828
0.00000004356
0.00000004988
0.00000005640
0.00000003239
0.00000003645
0.00000004007
0.00000004811
0.00000005020
0.00000005609
0.00000003751
0.00000004298
0.00000004229
0.00000004352
0.00000004563
0.00000004518
0.00000004228
0.00000003934
0.00000003743
0.00000002878
0.00000004867
0.00000003992
0.00000003058
0.00000004358
0.00000003552
0.00000005422
0.00000004862
0.00000004041
0.00000005556
0.00000004909
0.00000004418
0.00000006581
0.00000006204
0.00000006580
0.00000006816
0.00000007538
0.00000005906
0.00000006317
0.00000004672
0.00000005358
0.00000004019
0.00000004554
0.00000005404
0.00000003972
0.00000004744
0.00000006077
0.00000004615
0.00000006032
0.00000005329
0.00000006941
0.00000006528
0.00000005483
0.00000005229
0.00000005063
0.00000004781
0.00000004961
0.00000004939
0.00000004969
0.00000004852
0.00000004990
0.00000005588
0.00000006144
0.00000006351
0.00000005084
0.00000006580
0.00000005925
0.00000008000
0.00000007173
0.00000006154
0.00000004925
0.00000003694
0.00000005214
0.00000004086
0.00000005193
0.00000003980
0.00000005499
0.00000004295
0.00000005858
0.00000004948
0.00000003443
0.00000005149
0.00000004269
0.00000006442
0.00000006481
0.00000006705
0.00000006708
0.00000007495
0.00000005748
0.00000006546
0.00000005129
0.00000006781
0.00000005836
0.00000005242
0.00000004881
0.00000004679
0.00000004291
0.00000004037
0.00000003616
0.00000006050
0.00000005916
0.00000005970
0.00000006196
0.00000006373
0.00000003829
0.00000003908
0.00000004519
0.00000005240
0.00000006062
0.00000007315
0.00000005966
0.00000004639
0.00000006193
0.00000005423
0.00000005126
0.00000004103
0.00000006020
0.00000005571
0.00000005411
0.00000005384
0.00000005349
0.00000005336
0.00000005399
0.00000005189
0.00000006265
0.00000006046
0.00000003646
0.00000003878
0.00000004000
0.00000004207
0.00000004350
0.00000003635
0.00000002895
0.00000001988
0.00000003109
0.00000001117
0.00000001403
0.00000001336
0.00000000713
0.00000003204
0.00000003101
0.00000003163
0.00000005992
0.00000005752
0.00000005692
0.00000005989
0.00000005966
0.00000006338
0.00000006354
0.00000004112
0.00000004275
0.00000004037
0.00000004194
0.00000004540
0.00000004342
0.00000004558
0.00000004651
0.00000004343
0.00000004523
0.00000004623
0.00000004431
0.00000004911
0.00000005012
0.00000005795
0.00000006524
0.00000004109
0.00000004588
0.00000005011
0.00000002412
0.00000001772
0.00000004038
0.00000003621
0.00000002534
0.00000004126
0.00000002056
0.00000002943
0.00000003467
0.00000003117
0.00000003015
0.00000002454
0.00000000942
0.00000002080
0.00000002871
0.00000003006
0.00000003336
0.00000003395
0.00000002976
0.00000003030
0.00000002935
0.00000004744
0.00000003530
0.00000001412
0.00000002170
0.00000002128
0.00000002382
0.00000002454
0.00000002429
0.00000004388
0.00000004264
0.00000004063
0.00000003509
0.00000002740
0.00000004325
0.00000003670
0.00000002755
0.00000003762
0.00000002834
0.00000004338
0.00000002618
0.00000004201
0.00000005752
0.00000004184
0.00000003350
0.00000004879
0.00000004384
0.00000006733
0.00000006095
0.00000006110
0.00000006241
0.00000006344
0.00000006375
0.00000004161
0.00000003854
0.00000003776
0.00000003495
0.00000002760
0.00000004182
0.00000002969
0.00000003782
0.00000001512
0.00000001111
0.00000001246
0.00000003839
0.00000003753
0.00000003078
0.00000005043
0.00000004180
0.00000002985
0.00000004260
0.00000001941
0.00000002271
0.00000002384
0.00000002316
0.00000001709
0.00000003821
0.00000003265
0.00000002360
0.00000004076
0.00000002725
0.00000004261
0.00000003123
0.00000004516
0.00000003040
0.00000004023
0.00000005072
0.00000002833
0.00000003323
0.00000004175
0.00000004614
0.00000005400
0.00000003523
0.00000004163
0.00000004677
0.00000004915
0.00000003225
0.00000004333
0.00000005384
0.00000007148
0.00000006618
0.00000006389
0.00000005807
0.00000005997
0.00000005567
0.00000005742
0.00000005985
0.00000006849
0.00000004871
0.00000006227
0.00000007171
0.00000006177
0.00000005059
0.00000005967
0.00000004856
0.00000003167
0.00000005011
0.00000004347
0.00000005559
0.00000004809
0.00000003466
0.00000004852
0.00000003740
0.00000005181
0.00000003537
0.00000004938
0.00000003123
0.00000003971
0.00000004872
0.00000001997
0.00000002274
0.00000001632
0.00000000103
0.00000001707
0.00000002881
0.00000003676
0.00000000969
0.00000000738
0.00000002741
0.00000002084
0.00000003996
0.00000003110
0.00000004521
0.00000003537
0.00000004978
0.00000003592
0.00000005067
0.00000003882
0.00000005477
0.00000004407
0.00000006376
0.00000005520
0.00000005720
0.00000006305
0.00000007064
0.00000008210
0.00000006689
0.00000006164
0.00000008513
0.00000008684
0.00000006346
0.00000007007
0.00000008027
0.00000006479
0.00000008761
0.00000008898
0.00000009176
0.00000006758
0.00000007961
0.00000007169
0.00000006575
0.00000006379
0.00000006790
0.00000007880
0.00000009187
0.00000008147
0.00000007567
0.00000007490
0.00000007742
0.00000005533
0.00000005772
0.00000006639
0.00000005179
0.00000006899
0.00000006541
0.00000006126
0.00000006505
0.00000007219
0.00000008140
0.00000006056
0.00000007534
0.00000006926
0.00000006652
0.00000006933
0.00000007100
0.00000007947
0.00000006532
0.00000006955
0.00000005681
0.00000007011
0.00000004970
0.00000006371
0.00000004670
0.00000005814
0.00000004225
0.00000004603
0.00000002980
0.00000003005
0.00000003532
0.00000003647
0.00000003463
0.00000003631
0.00000003144
0.00000003237
0.00000003172
0.00000005641
0.00000005648
0.00000005420
0.00000005782
0.00000005845
0.00000006286
0.00000003467
0.00000003703
0.00000002871
0.00000002348
0.00000004070
0.00000002629
0.00000001275
0.00000001999
0.00000002390
0.00000001789
0.00000001529
0.00000002797
0.00000001715
0.00000003019
0.00000003770
0.00000002380
0.00000003590
0.00000004902
0.00000005647
0.00000003770
0.00000004440
0.00000002396
0.00000002129
0.00000002231
0.00000002299
0.00000004741
0.00000004188
0.00000003161
0.00000001460
0.00000003185
0.00000004477
0.00000002277
0.00000003256
0.00000004136
0.00000004972
0.00000005587
0.00000003481
0.00000003894
0.00000004655
0.00000005098
0.00000002867
0.00000003091
0.00000003118
0.00000003040
0.00000003213
0.00000005643
0.00000005473
0.00000005264
0.00000005226
0.00000004799
0.00000004433
0.00000003806
0.00000003039
0.00000002119
0.00000003065
0.00000001820
0.00000003384
0.00000005136
0.00000004203
0.00000006000
0.00000005578
0.00000005414
0.00000005676
0.00000006444
0.00000007159
0.00000004965
0.00000006322
0.00000005747
0.00000007677
0.00000007198
0.00000006633
0.00000006222
0.00000005363
0.00000004965
0.00000004327
0.00000003728
0.00000004811
0.00000003935
0.00000003230
0.00000004506
0.00000003700
0.00000005327
0.00000004318
0.00000002766
0.00000004332
0.00000003589
0.00000005365
0.00000003937
0.00000005783
0.00000005137
0.00000004129
0.00000006691
0.00000007073
0.00000007423
0.00000005109
0.00000005586
0.00000005642
0.00000006253
0.00000004345
0.00000005297
0.00000006300
0.00000004908
0.00000006392
0.00000005544
0.00000007785
0.00000007852
0.00000008191
0.00000005740
0.00000006957
0.00000005833
0.00000007395
0.00000006637
0.00000006062
0.00000005582
0.00000004903
0.00000005100
0.00000005728
0.00000006343
0.00000007441
0.00000006231
0.00000007836
0.00000006676
0.00000005145
0.00000003097
0.00000004253
0.00000002932
0.00000003910
0.00000005366
0.00000003786
0.00000004518
0.00000004461
0.00000002049
0.00000001839
0.00000003511
0.00000002710
0.00000001834
0.00000002899
0.00000003955
0.00000001503
0.00000002034
0.00000001992
0.00000001322
0.00000002907
0.00000001074
0.00000002301
0.00000003206
0.00000004026
0.00000002189
0.00000002339
0.00000002764
0.00000003367
0.00000004311
0.00000004645
0.00000005204
0.00000006043
0.00000004871
0.00000006520
0.00000005365
0.00000007088
0.00000006480
0.00000005482
0.00000005031
0.00000004697
0.00000003944
0.00000003429
0.00000005355
0.00000004693
0.00000003593
0.00000002217
0.00000003386
0.00000004316
0.00000001874
0.00000003178
0.00000003574
0.00000004452
0.00000005388
0.00000003692
0.00000004664
0.00000005696
0.00000003787
0.00000004373
0.00000004769
0.00000002521
0.00000002922
0.00000003592
0.00000003816
0.00000004405
0.00000005203
0.00000006087
0.00000004226
0.00000004063
0.00000004838
0.00000004876
0.00000003063
0.00000003719
0.00000004649
0.00000004977
0.00000005729
0.00000004046
0.00000004854
0.00000005070
0.00000002936
0.00000003438
0.00000003912
0.00000004502
0.00000005449
0.00000006383
0.00000005135
0.00000006821
0.00000004605
0.00000005732
0.00000004491
0.00000005726
0.00000004857
0.00000006789
0.00000006519
0.00000005858
0.00000005662
0.00000004956
0.00000004701
0.00000004366
0.00000003680
0.00000002307
0.00000004140
0.00000003036
0.00000004165
0.00000002548
0.00000003072
0.00000003589
0.00000004184
0.00000004545
0.00000004148
0.00000003594
0.00000003018
0.00000001811
0.00000003292
0.00000001976
0.00000002902
0.00000003381
0.00000004140
0.00000004842
0.00000005589
0.00000003117
0.00000003944
0.00000004781
0.00000004630
0.00000004841
0.00000002621
0.00000002682
0.00000003535
0.00000004812
0.00000005569
0.00000006628
0.00000005188
0.00000006205
0.00000005207
0.00000006616
0.00000005659
0.00000004980
0.00000006437
0.00000006032
0.00000005468
0.00000005697
0.00000006178
0.00000006434
0.00000007690
0.00000006172
0.00000008435
0.00000008409
0.00000008744
0.00000006296
0.00000007329
0.00000005979
0.00000007368
0.00000006578
0.00000005512
0.00000005448
0.00000005453
0.00000005954
0.00000006422
0.00000006847
0.00000005015
0.00000005148
0.00000005846
0.00000003603
0.00000003731
0.00000003302
0.00000003406
0.00000003790
0.00000003671
0.00000004145
0.00000005057
0.00000005612
0.00000006880
0.00000005762
0.00000006928
0.00000006290
0.00000006082
0.00000005595
0.00000005586
0.00000005329
0.00000005864
0.00000005593
0.00000005618
0.00000004775
0.00000004637
0.00000003974
0.00000003851
0.00000003090
0.00000005185
0.00000004444
0.00000004292
0.00000003649
0.00000005921
0.00000005011
0.00000004574
0.00000003400
0.00000002536
0.00000003339
0.00000001922
0.00000002107
0.00000002874
0.00000003000
0.00000003366
0.00000002845
0.00000002860
0.00000002237
0.00000004450
0.00000003574
0.00000001824
0.00000002963
0.00000003424
0.00000001583
0.00000004178
0.00000004773
0.00000005030
0.00000005704
0.00000003667
0.00000004751
0.00000005436
0.00000006059
0.00000004427
0.00000005237
0.00000003571
0.00000004407
0.00000005800
0.00000003760
0.00000004695
0.00000006465
0.00000004797
0.00000006012
0.00000003878
0.00000005256
0.00000004129
0.00000004935
0.00000003426
0.00000004474
0.00000005143
0.00000003440
0.00000004550
0.00000005518
0.00000003644
0.00000005208
0.00000006985
0.00000006103
0.00000004685
0.00000003570
0.00000004606
0.00000002848
0.00000003561
0.00000003871
0.00000004169
0.00000004157
0.00000003927
0.00000003553
0.00000003164
0.00000002520
0.00000003930
0.00000003257
0.00000004740
0.00000003344
0.00000004574
0.00000003473
0.00000004897
0.00000003123
0.00000004578
0.00000006171
0.00000005265
0.00000004035
0.00000005925
0.00000005070
0.00000003877
0.00000006028
0.00000005140
0.00000004534
0.00000004104
0.00000006449
0.00000005485
0.00000005102
0.00000004272
0.00000003869
0.00000003740
0.00000005728
0.00000005722
0.00000005662
0.00000005007
0.00000004695
0.00000003793
0.00000003032
0.00000004207
0.00000003430
0.00000004668
0.00000003964
0.00000005115
0.00000004181
0.00000005867
0.00000005057
0.00000003636
0.00000005332
0.00000004081
0.00000005527
0.00000004086
0.00000004947
0.00000002121
0.00000002269
0.00000001900
0.00000001442
0.00000003270
0.00000001779
0.00000003181
0.00000001626
0.00000002753
0.00000003397
0.00000003210
0.00000003235
0.00000003139
0.00000002180
0.00000001590
0.00000003646
0.00000002862
0.00000004273
0.00000003297
0.00000004966
0.00000003871
0.00000005110
0.00000004674
0.00000003398
0.00000005169
0.00000004229
0.00000006015
0.00000005621
0.00000005260
0.00000005081
0.00000004804
0.00000005346
0.00000006239
0.00000007345
0.00000005888
0.00000007272
0.00000006444
0.00000005665
0.00000005719
0.00000006302
0.00000007003
0.00000008150
0.00000006369
0.00000004983
0.00000006265
0.00000004803
0.00000005967
0.00000005070
0.00000004425
0.00000006248
0.00000005106
0.00000004551
0.00000006503
0.00000005508
0.00000005305
0.00000005212
0.00000004899
0.00000005217
0.00000005742
0.00000005769
0.00000005892
0.00000005500
0.00000003289
0.00000003503
0.00000003087
0.00000002510
0.00000003857
0.00000003299
0.00000002372
0.00000004693
0.00000004164
0.00000006073
0.00000005660
0.00000004335
0.00000003428
0.00000004901
0.00000003167
0.00000004350
0.00000002098
0.00000002944
0.00000003660
0.00000003566
0.00000004064
0.00000004505
0.00000004378
0.00000004891
0.00000005246
0.00000004775
0.00000004807
0.00000005002
0.00000005217
0.00000004866
0.00000005117
0.00000004491
0.00000004570
0.00000004744
0.00000004280
0.00000004335
0.00000004111
0.00000004161
0.00000004571
0.00000004033
0.00000003807
0.00000003008
0.00000002114
0.00000003412
0.00000001349
0.00000002128
0.00000002601
0.00000002225
0.00000001190
0.00000002373
0.00000000855
0.00000001664
0.00000002217
0.00000003258
0.00000004401
0.00000005443
0.00000003682
0.00000004684
0.00000005288
0.00000003024
0.00000003436
0.00000003997
0.00000003943
0.00000004253
0.00000004318
0.00000004203
0.00000003892
0.00000003182
0.00000002847
0.00000005072
0.00000004878
0.00000004852
0.00000004719
0.00000005162
0.00000005860
0.00000006727
0.00000005310
0.00000006060
0.00000005294
0.00000007444
0.00000007159
0.00000007100
0.00000007019
0.00000007766
0.00000005918
0.00000007022
0.00000005474
0.00000007183
0.00000006178
0.00000004921
0.00000006428
0.00000005494
0.00000004465
0.00000005765
0.00000005039
0.00000004259
0.00000006263
0.00000005353
0.00000005324
0.00000005623
0.00000005659
0.00000005495
0.00000005536
0.00000005449
0.00000005392
0.00000005245
0.00000005013
0.00000003927
0.00000003096
0.00000002279
0.00000004063
0.00000003177
0.00000005017
0.00000004231
0.00000005650
0.00000004942
0.00000004336
0.00000003568
0.00000004866
0.00000003948
0.00000002957
0.00000004175
0.00000003385
0.00000005397
0.00000005175
0.00000005179
0.00000005154
0.00000004997
0.00000005467
0.00000006090
0.00000006885
0.00000004954
0.00000006098
0.00000004267
0.00000005646
0.00000004613
0.00000006528
0.00000005728
0.00000005438
0.00000005012
0.00000004588
0.00000004239
0.00000003503
0.00000005549
0.00000004779
0.00000003663
0.00000002262
0.00000003936
0.00000002606
0.00000003794
0.00000004663
0.00000003501
0.00000005160
0.00000004198
0.00000005866
0.00000003904
0.00000005362
0.00000004245
0.00000005385
0.00000003099
0.00000004033
0.00000005319
0.00000003204
0.00000004417
0.00000005443
0.00000004113
0.00000005826
0.00000005705
0.00000008419
0.00000008211
0.00000006658
0.00000007706
0.00000006611
0.00000005432
0.00000007158
0.00000006014
0.00000005200
0.00000004679
0.00000006837
0.00000006729
0.00000006398
0.00000006500
0.00000003790
0.00000003892
0.00000003314
0.00000005664
0.00000005257
0.00000004639
0.00000004630
0.00000004388
0.00000003940
0.00000003262
0.00000001959
0.00000003674
0.00000002925
0.00000004799
0.00000003453
0.00000005305
0.00000004665
0.00000003827
0.00000005763
0.00000004203
0.00000003339
0.00000004991
0.00000003685
0.00000004629
0.00000002312
0.00000002809
0.00000002865
0.00000002235
0.00000001740
0.00000003794
0.00000002716
0.00000003862
0.00000001764
0.00000003011
0.00000004041
0.00000004864
0.00000002735
0.00000002942
0.00000002873
0.00000002620
0.00000001413
0.00000002972
0.00000002084
0.00000003870
0.00000003106
0.00000004780
0.00000003807
0.00000005205
0.00000004243
0.00000003265
0.00000004618
0.00000002986
0.00000004326
0.00000003159
0.00000004547
0.00000003204
0.00000004154
0.00000003242
0.00000005030
0.00000007098
0.00000006896
0.00000006959
0.00000006467
0.00000006398
0.00000006398
0.00000004275
0.00000004027
0.00000004192
0.00000004427
0.00000004790
0.00000005566
0.00000006455
0.00000004913
0.00000005590
0.00000004514
0.00000006020
0.00000004585
0.00000006580
0.00000005966
0.00000005044
0.00000004903
0.00000005248
0.00000005188
0.00000005658
0.00000005814
0.00000005289
0.00000002577
0.00000005109
0.00000004350
0.00000004084
0.00000003649
0.00000002981
0.00000005198
0.00000004039
0.00000002952
0.00000004055
0.00000001578
0.00000001755
0.00000001903
0.00000001502
0.00000004303
0.00000004484
0.00000004817
0.00000004630
0.00000004955
0.00000005499
0.00000005528
0.00000005780
0.00000003235
0.00000002762
0.00000001676
0.00000003907
0.00000003604
0.00000003372
0.00000005104
0.00000004187
0.00000003223
0.00000004887
0.00000003735
0.00000003147
0.00000005325
0.00000005345
0.00000004925
0.00000005148
0.00000005454
0.00000006162
0.00000006285
0.00000004293
0.00000004965
0.00000004726
0.00000005200
0.00000006206
0.00000004264
0.00000005608
0.00000006991
0.00000005114
0.00000003960
0.00000005283
0.00000003646
0.00000005275
0.00000004590
0.00000006793
0.00000005859
0.00000005640
0.00000005313
0.00000005573
0.00000005871
0.00000005851
0.00000005579
0.00000004482
0.00000003550
0.00000002628
0.00000004500
0.00000002966
0.00000004314
0.00000002064
0.00000002552
0.00000002624
0.00000002738
0.00000002196
0.00000002078
0.00000004351
0.00000003667
0.00000003342
0.00000005271
0.00000003745
0.00000002345
0.00000003167
0.00000001136
0.00000001219
0.00000004443
0.00000004662
0.00000005386
0.00000003851
0.00000005030
0.00000006265
0.00000004341
0.00000005568
0.00000004316
0.00000005257
0.00000004601
0.00000006785
0.00000006332
0.00000005618
0.00000005690
0.00000005902
0.00000006511
0.00000006788
0.00000005153
0.00000006536
0.00000005324
0.00000006481
0.00000006037
0.00000005408
0.00000004890
0.00000003977
0.00000006205
0.00000005713
0.00000004763
0.00000004309
0.00000004062
0.00000003645
0.00000005668
0.00000005808
0.00000006211
0.00000006254
0.00000006285
0.00000005584
0.00000005230
0.00000004901
0.00000004502
0.00000003322
0.00000002367
0.00000003535
0.00000002488
0.00000003967
0.00000004788
0.00000003529
0.00000004813
0.00000003293
0.00000003751
0.00000004906
0.00000002438
0.00000002590
0.00000002461
0.00000002253
0.00000003804
0.00000002918
0.00000001612
0.00000001910
0.00000002267
0.00000002234
0.00000001341
0.00000003225
0.00000002009
0.00000002926
0.00000003216
0.00000003952
0.00000002011
0.00000002087
0.00000003069
0.00000004010
0.00000005354
0.00000006608
0.00000004757
0.00000006131
0.00000004960
0.00000006020
0.00000005152
0.00000003838
0.00000005698
0.00000004905
0.00000004148
0.00000005441
0.00000004559
0.00000003283
0.00000003815
0.00000002145
0.00000002888
0.00000002299
0.00000001988
0.00000000773
0.00000002435
0.00000001042
0.00000001782
0.00000002429
0.00000002618
0.00000003215
0.00000003581
0.00000003504
0.00000004057
0.00000004567
0.00000004843
0.00000005181
0.00000004981
0.00000005437
0.00000003065
0.00000005388
0.00000006023
0.00000004286
0.00000005387
0.00000006591
0.00000004430
0.00000005406
0.00000003977
0.00000005623
0.00000004618
0.00000006116
0.00000005833
0.00000005708
0.00000005757
0.00000005690
0.00000004924
0.00000004795
0.00000004702
0.00000004754
0.00000004868
0.00000006374
0.00000008161
0.00000007621
0.00000007500
0.00000007174
0.00000006712
0.00000007255
0.00000005248
0.00000006074
0.00000006730
0.00000005339
0.00000006809
0.00000005346
0.00000004727
0.00000006923
0.00000005949
0.00000005812
0.00000006091
0.00000006055
0.00000006767
0.00000007131
0.00000005304
0.00000006187
0.00000003855
0.00000004711
0.00000005866
0.00000003944
0.00000005430
0.00000007449
0.00000006671
0.00000005468
0.00000004812
0.00000004089
0.00000005547
0.00000004933
0.00000004325
0.00000003299
0.00000005569
0.00000005416
0.00000005010
0.00000005186
0.00000005660
0.00000006142
0.00000006272
0.00000004268
0.00000005016
0.00000005539
0.00000006710
0.00000005370
0.00000006085
0.00000005070
0.00000006581
0.00000004584
0.00000005556
0.00000003218
0.00000003396
0.00000002396
0.00000001716
0.00000002777
0.00000001048
0.00000002373
0.00000003268
0.00000004659
0.00000002841
0.00000004275
0.00000005321
0.00000004601
0.00000006242
0.00000006062
0.00000005382
0.00000005558
0.00000005619
0.00000006419
0.00000007091
0.00000005835
0.00000006796
0.00000005909
0.00000005054
0.00000007715
0.00000007268
0.00000007204
0.00000006692
0.00000004401
0.00000004397
0.00000004252
0.00000004737
0.00000005304
0.00000005453
0.00000006155
0.00000003711
0.00000004404
0.00000004258
0.00000004436
0.00000004004
0.00000004268
0.00000004213
0.00000003540
0.00000003307
0.00000002608
0.00000004144
0.00000003235
0.00000001857
0.00000002856
0.00000004300
0.00000003330
0.00000005114
0.00000006635
0.00000005656
0.00000004861
0.00000004185
0.00000006658
0.00000006825
0.00000006845
0.00000006462
0.00000004746
0.00000005556
0.00000006764
0.00000005953
0.00000007825
0.00000007131
0.00000006717
0.00000005914
0.00000006418
0.00000006060
0.00000006397
0.00000006712
0.00000004350
0.00000004518
0.00000004767
0.00000004877
0.00000004777
0.00000004757
0.00000004147
0.00000003613
0.00000002808
0.00000001716
0.00000002718
0.00000003801
0.00000001861
0.00000002382
0.00000002833
0.00000002777
0.00000002907
0.00000002921
0.00000002949
0.00000005173
0.00000005314
0.00000005143
0.00000005345
0.00000004828
0.00000004525
0.00000003942
0.00000002542
0.00000001327
0.00000002651
0.00000003316
0.00000004019
0.00000002175
0.00000002426
0.00000003071
0.00000004025
0.00000005232
0.00000006402
0.00000004361
0.00000005638
0.00000004676
0.00000006553
0.00000004935
0.00000004075
0.00000005898
0.00000005158
0.00000003260
0.00000004026
0.00000002194
0.00000002420
0.00000003165
0.00000003887
0.00000003515
0.00000003206
0.00000002936
0.00000002696
0.00000005612
0.00000006178
0.00000006460
0.00000004888
0.00000006142
0.00000006771
0.00000005269
0.00000004153
0.00000005332
0.00000004379
0.00000006305
0.00000005899
0.00000005736
0.00000005280
0.00000005743
0.00000006151
0.00000006777
0.00000004887
0.00000006626
0.00000005852
0.00000008768
0.00000009237
0.00000007391
0.00000007607
0.00000005992
0.00000006374
0.00000004365
0.00000005627
0.00000003579
0.00000004557
0.00000004756
0.00000002461
0.00000002486
0.00000002117
0.00000004748
0.00000003515
0.00000002380
0.00000004199
0.00000003064
0.00000003718
0.00000001816
0.00000002074
0.00000002310
0.00000002062
0.00000001839
0.00000003770
0.00000003178
0.00000002230
0.00000003009
0.00000001384
0.00000001597
0.00000000614
-0.00000000055
0.00000001527
0.00000002903
0.00000000581
0.00000001048
0.00000001306
0.00000003881
0.00000003024
0.00000002472
0.00000004280
0.00000003263
0.00000004258
0.00000003157
0.00000004597
0.00000003014
0.00000004551
0.00000005926
0.00000004466
0.00000003293
0.00000004316
0.00000002634
0.00000003653
0.00000004788
0.00000003178
0.00000004090
0.00000004679
0.00000003057
0.00000003389
0.00000004256
0.00000004837
0.00000005281
0.00000002463
0.00000002519
0.00000002352
0.00000004219
0.00000002577
0.00000001044
0.00000002000
0.00000002556
0.00000003440
0.00000004176
0.00000004831
0.00000005063
0.00000003049
0.00000003701
0.00000004040
0.00000004956
0.00000005936
0.00000004458
0.00000004994
0.00000006139
0.00000004557
0.00000005986
0.00000005109
0.00000007539
0.00000007139
0.00000007608
0.00000008004
0.00000006001
0.00000006783
0.00000005398
0.00000006932
0.00000005882
0.00000005711
0.00000008154
0.00000005789
0.00000005678
0.00000006245
0.00000007135
0.00000005682
0.00000006947
0.00000005407
0.00000007297
0.00000006479
0.00000006130
0.00000005782
0.00000005199
0.00000004356
0.00000004658
0.00000004964
0.00000004792
0.00000005228
0.00000005696
0.00000005799
0.00000003922
0.00000004455
0.00000005105
0.00000005571
0.00000006319
0.00000005303
0.00000006444
0.00000005748
0.00000004755
0.00000007199
0.00000006726
0.00000007023
0.00000006868
0.00000007285
0.00000004811
0.00000005468
0.00000005422
0.00000005752
0.00000005170
0.00000002305
0.00000003762
0.00000003078
0.00000001683
0.00000003147
0.00000003769
0.00000001893
0.00000002123
0.00000002511
0.00000003064
0.00000002821
0.00000003319
0.00000003513
0.00000004107
0.00000004875
0.00000004902
0.00000005500
0.00000005936
0.00000003437
0.00000004399
0.00000004867
0.00000006158
0.00000007470
0.00000007148
0.00000006371
0.00000005888
0.00000006198
0.00000006129
0.00000006106
0.00000006127
0.00000006602
0.00000004958
0.00000005783
0.00000006976
0.00000006422
0.00000005853
0.00000005358
0.00000005041
0.00000005263
0.00000005555
0.00000005652
0.00000005702
0.00000005887
0.00000004133
0.00000005085
0.00000005931
0.00000004586
0.00000005336
0.00000003588
0.00000004338
0.00000005914
0.00000004331
0.00000005761
0.00000003610
0.00000004818
0.00000002787
0.00000003734
0.00000004048
0.00000004229
0.00000004116
0.00000004480
0.00000004653
0.00000005652
0.00000006895
0.00000004978
0.00000006016
0.00000004353
0.00000005810
0.00000004537
0.00000005743
0.00000004804
0.00000006550
0.00000005739
0.00000004500
0.00000006211
0.00000004439
0.00000002878
0.00000003590
0.00000003810
0.00000004273
0.00000004387
0.00000004125
0.00000003958
0.00000003525
0.00000002710
0.00000001407
0.00000002557
0.00000002805
0.00000003257
0.00000003489
0.00000003374
0.00000003361
0.00000003150
0.00000002243
0.00000004469
0.00000004494
0.00000004594
0.00000004086
0.00000003877
0.00000003309
0.00000002440
0.00000003889
0.00000003183
0.00000004915
0.00000003986
0.00000005565
0.00000004410
0.00000002998
0.00000003536
0.00000004379
0.00000002060
0.00000002880
0.00000003515
0.00000004079
0.00000004466
0.00000004562
0.00000004154
0.00000002998
0.00000002317
0.00000003839
0.00000002845
0.00000004049
0.00000001964
0.00000003231
0.00000004591
0.00000005837
0.00000005135
0.00000004465
0.00000006331
0.00000005322
0.00000005023
0.00000004241
0.00000004175
0.00000006890
0.00000007048
0.00000005647
0.00000006548
0.00000005886
0.00000007607
0.00000007568
0.00000007792
0.00000005445
0.00000005607
0.00000006387
0.00000007641
0.00000006059
0.00000007711
0.00000006742
0.00000006710
0.00000006965
0.00000007737
0.00000008255
0.00000006677
0.00000005330
0.00000006373
0.00000005269
0.00000004337
0.00000005665
0.00000004599
0.00000005256
0.00000003806
0.00000003883
0.00000002054
0.00000003019
0.00000003661
0.00000003641
0.00000004240
0.00000005201
0.00000005546
0.00000003881
0.00000004338
0.00000004755
0.00000005078
0.00000003283
0.00000003745
0.00000004373
0.00000004489
0.00000004956
0.00000005483
0.00000003792
0.00000004363
0.00000005566
0.00000007146
0.00000006137
0.00000007102
0.00000006341
0.00000005627
0.00000005351
0.00000005269
0.00000004871
0.00000005737
0.00000006461
0.00000007040
0.00000005251
0.00000006379
0.00000004366
0.00000005712
0.00000004798
0.00000006874
0.00000006532
0.00000006122
0.00000005352
0.00000004845
0.00000004749
0.00000004487
0.00000004109
0.00000003463
0.00000006157
0.00000005946
0.00000005598
0.00000005036
0.00000004201
0.00000002985
0.00000001792
0.00000002973
0.00000003794
0.00000004335
0.00000001578
0.00000001515
0.00000004123
0.00000004080
0.00000003675
0.00000003269
0.00000002910
0.00000004821
0.00000003725
0.00000002522
0.00000003052
0.00000003739
0.00000001865
0.00000002603
0.00000003321
0.00000003944
0.00000004462
0.00000004884
0.00000005261
0.00000002926
0.00000003279
0.00000003400
0.00000002879
0.00000002640
0.00000002358
0.00000004689
0.00000004390
0.00000004514
0.00000004820
0.00000004919
0.00000005647
0.00000006394
0.00000004359
0.00000005396
0.00000005949
0.00000004187
0.00000004336
0.00000005142
0.00000003427
0.00000003798
0.00000004876
0.00000005580
0.00000003403
0.00000004104
0.00000004673
0.00000005061
0.00000002479
0.00000003443
0.00000004090
0.00000004955
0.00000005629
0.00000007204
0.00000005931
0.00000004262
0.00000006153
0.00000005534
0.00000004836
0.00000006469
0.00000005988
0.00000005800
0.00000006093
0.00000006653
0.00000007065
0.00000005179
0.00000005948
0.00000003494
0.00000004254
0.00000004616
0.00000005008
0.00000002838
0.00000002695
0.00000003394
0.00000004441
0.00000005538
0.00000006212
0.00000004214
0.00000005377
0.00000004023
0.00000004866
0.00000006518
0.00000005680
0.00000005289
0.00000007390
0.00000007163
0.00000007056
0.00000003906
0.00000003977
0.00000003929
0.00000004239
0.00000004350
0.00000003961
0.00000004472
0.00000004713
0.00000005510
0.00000006480
0.00000004440
0.00000006130
0.00000005018
0.00000007259
0.00000006535
0.00000006523
0.00000006945
0.00000006553
0.00000003895
0.00000003276
0.00000003293
0.00000002637
0.00000005023
0.00000004030
0.00000003543
0.00000002448
0.00000003880
0.00000003290
0.00000004822
0.00000004221
0.00000005700
0.00000004983
0.00000003294
0.00000004678
0.00000002935
0.00000003509
0.00000004447
0.00000002437
0.00000003647
0.00000004288
0.00000004305
0.00000004567
0.00000001202
0.00000003054
0.00000001459
0.00000002637
0.00000003155
0.00000003621
0.00000003371
0.00000003241
0.00000002700
0.00000001602
0.00000003300
0.00000001551
0.00000002792
0.00000003389
0.00000004618
0.00000003086
0.00000003766
0.00000005098
0.00000003807
0.00000004722
0.00000006085
0.00000004651
0.00000006220
0.00000004839
0.00000004159
0.00000005738
0.00000005947
0.00000006031
0.00000006850
0.00000007428
0.00000004780
0.00000004900
0.00000005580
0.00000003321
0.00000003177
0.00000002991
0.00000003027
0.00000002890
0.00000004784
0.00000004839
0.00000004287
0.00000004149
0.00000003764
0.00000003129
0.00000005244
0.00000004805
0.00000004368
0.00000003359
0.00000005375
0.00000005111
0.00000004922
0.00000004360
0.00000004914
0.00000004743
0.00000004972
0.00000005477
0.00000005848
0.00000006078
0.00000003486
0.00000002812
0.00000002339
0.00000001374
0.00000002278
0.00000000594
0.00000001325
0.00000001514
0.00000003836
0.00000003492
0.00000002784
0.00000001294
0.00000002558
0.00000003617
0.00000001202
0.00000001657
0.00000002337
0.00000003012
0.00000003204
0.00000003990
0.00000004175
0.00000004513
0.00000004362
0.00000004668
0.00000004631
0.00000004118
0.00000003775
0.00000003257
0.00000003350
0.00000005397
0.00000004508
0.00000004317
0.00000003292
0.00000005525
0.00000005222
0.00000005498
0.00000005806
0.00000006920
0.00000007581
0.00000006186
0.00000004854
0.00000005867
0.00000004912
0.00000006231
0.00000005622
0.00000004317
0.00000006406
0.00000005616
0.00000004982
0.00000003572
0.00000005516
0.00000004661
0.00000004324
0.00000006089
0.00000005020
0.00000004262
0.00000002878
0.00000004337
0.00000003253
0.00000004226
0.00000002998
0.00000003826
0.00000005007
0.00000002946
0.00000003679
0.00000004374
0.00000004594
0.00000002568
0.00000002801
0.00000003277
0.00000003564
0.00000004342
0.00000004782
0.00000005198
0.00000005183
0.00000002889
0.00000003391
0.00000003361
0.00000003122
0.00000002623
0.00000004369
0.00000004298
0.00000004439
0.00000004857
0.00000005444
0.00000006510
0.00000007103
0.00000005954
0.00000007867
0.00000006740
0.00000006459
0.00000006398
0.00000006384
0.00000006310
0.00000006528
0.00000003958
0.00000004579
0.00000005494
0.00000005635
0.00000006719
0.00000004887
0.00000006823
0.00000006405
0.00000006256
0.00000005646
0.00000005550
0.00000005755
0.00000005957
0.00000005873
0.00000006394
0.00000004428
0.00000004345
0.00000004739
0.00000004679
0.00000004848
0.00000004464
0.00000004415
0.00000004370
0.00000003485
0.00000002971
0.00000004909
0.00000004028
0.00000002880
0.00000004491
0.00000003602
0.00000004503
0.00000003481
0.00000005203
0.00000003981
0.00000005956
0.00000005262
0.00000004425
0.00000005555
0.00000004591
0.00000003605
0.00000005470
0.00000004005
0.00000005193
0.00000003725
0.00000004961
0.00000003090
0.00000004293
0.00000005794
0.00000003959
0.00000005227
0.00000003988
0.00000004910
0.00000003698
0.00000004956
0.00000004364
0.00000006390
0.00000006199
0.00000005812
0.00000005834
0.00000005425
0.00000005810
0.00000006074
0.00000006134
0.00000004299
0.00000004955
0.00000006326
0.00000007477
0.00000006518
0.00000005132
0.00000004271
0.00000005462
0.00000004720
0.00000003490
0.00000005283
0.00000003882
0.00000005978
0.00000005099
0.00000004995
0.00000007067
0.00000006760
0.00000006977
0.00000004203
0.00000004758
0.00000005087
0.00000005967
0.00000006936
0.00000004632
0.00000005136
0.00000005225
0.00000003213
0.00000003408
0.00000002961
0.00000002749
0.00000001433
0.00000003160
0.00000002560
0.00000003838
0.00000003266
0.00000004546
0.00000003558
0.00000004579
0.00000002874
0.00000004350
0.00000005726
0.00000004485
0.00000005185
0.00000004461
0.00000005195
0.00000003760
0.00000004843
0.00000003651
0.00000004934
0.00000003438
0.00000004663
0.00000005722
0.00000003940
0.00000003966
0.00000001881
0.00000002232
0.00000002898
0.00000003583
0.00000004137
0.00000004674
0.00000005157
0.00000005289
0.00000005809
0.00000003984
0.00000004848
0.00000004889
0.00000005158
0.00000002596
0.00000002162
0.00000001863
0.00000004324
0.00000004120
0.00000003315
0.00000003195
0.00000005610
0.00000005469
0.00000005118
0.00000005076
0.00000004697
0.00000004196
0.00000003454
0.00000002186
0.00000003844
0.00000002540
0.00000003736
0.00000002017
0.00000002804
0.00000003470
0.00000003534
0.00000004228
0.00000004948
0.00000005406
0.00000003388
0.00000003691
0.00000003672
0.00000004248
0.00000004352
0.00000004205
0.00000004518
0.00000004750
0.00000004623
0.00000004616
0.00000004089
0.00000004129
0.00000003953
0.00000003908
0.00000004137
0.00000004462
0.00000004736
0.00000005196
0.00000005608
0.00000006263
0.00000004102
0.00000004790
0.00000005370
0.00000003248
0.00000003262
0.00000003667
0.00000003939
0.00000004249
0.00000004725
0.00000005155
0.00000005982
0.00000006712
0.00000004277
0.00000004814
0.00000005693
0.00000003514
0.00000003644
0.00000003389
0.00000002638
0.00000002372
0.00000002097
0.00000004244
0.00000003643
0.00000003291
0.00000006070
0.00000006330
0.00000006813
0.00000007528
0.00000005510
0.00000006790
0.00000005693
0.00000006971
0.00000005149
0.00000003493
0.00000003847
0.00000004814
0.00000002950
0.00000003516
0.00000004826
0.00000005919
0.00000004066
0.00000005536
0.00000003673
0.00000004831
0.00000003495
0.00000004229
0.00000005664
0.00000004582
0.00000006324
0.00000005196
0.00000003661
0.00000005518
0.00000004501
0.00000005408
0.00000004531
0.00000003495
0.00000004990
0.00000004118
0.00000005582
0.00000005478
0.00000005339
0.00000004745
0.00000004625
0.00000004650
0.00000004366
0.00000004901
0.00000005198
0.00000005295
0.00000004695
0.00000004527
0.00000003514
0.00000002862
0.00000005028
0.00000003685
0.00000002395
0.00000004234
0.00000002677
0.00000004116
0.00000002394
0.00000003304
0.00000003676
0.00000004031
0.00000004849
0.00000003214
0.00000003530
0.00000003682
0.00000004524
0.00000005028
0.00000005919
0.00000004195
0.00000004660
0.00000005584
0.00000003781
0.00000004402
0.00000004473
0.00000004939
0.00000002541
0.00000002234
0.00000005269
0.00000005517
0.00000005633
0.00000005390
0.00000005783
0.00000006314
0.00000004307
0.00000004281
0.00000004722
0.00000005295
0.00000005771
0.00000005709
0.00000003608
0.00000003840
0.00000003678
0.00000003760
0.00000003808
0.00000003158
0.00000002838
0.00000004306
0.00000003714
0.00000003092
0.00000004471
0.00000003462
0.00000004312
0.00000002611
0.00000003221
0.00000003007
0.00000003090
0.00000003034
0.00000002235
0.00000004335
0.00000003150
0.00000002421
0.00000004124
0.00000003063
0.00000004505
0.00000003001
0.00000004578
0.00000003587
0.00000005244
0.00000003934
0.00000004590
0.00000003084
0.00000004298
0.00000002798
0.00000003656
0.00000004655
0.00000005502
0.00000004052
0.00000004816
0.00000005778
0.00000004510
0.00000005948
0.00000004989
0.00000006835
0.00000006121
0.00000005364
0.00000004838
0.00000004548
0.00000004539
0.00000004394
0.00000003871
0.00000005785
0.00000004864
0.00000003841
0.00000002736
0.00000003584
0.00000002235
0.00000001869
0.00000002282
0.00000001517
0.00000001476
0.00000002523
0.00000001328
0.00000001604
0.00000002507
0.00000002230
0.00000002339
0.00000001914
0.00000004818
0.00000005319
0.00000005285
0.00000005328
0.00000005307
0.00000005603
0.00000006158
0.00000004215
0.00000004639
0.00000005459
0.00000006272
0.00000004291
0.00000004862
0.00000005246
0.00000003766
0.00000004916
0.00000005363
0.00000003510
0.00000004246
0.00000004594
0.00000005628
0.00000003956
0.00000004361
0.00000005209
0.00000003017
0.00000003676
0.00000003522
0.00000003871
0.00000004108
0.00000003293
0.00000002641
0.00000002614
0.00000005244
0.00000004871
0.00000004729
0.00000004738
0.00000004293
0.00000004254
0.00000004046
0.00000003558
0.00000003626
0.00000003092
0.00000005436
0.00000005281
0.00000004713
0.00000004162
0.00000003052
0.00000002329
0.00000003622
0.00000003087
0.00000004710
0.00000004147
0.00000005755
0.00000005024
0.00000004312
0.00000003053
0.00000004868
0.00000004400
0.00000003349
0.00000004993
0.00000003727
0.00000003001
0.00000005083
0.00000003591
0.00000005116
0.00000003217
0.00000004174
0.00000002556
0.00000003471
0.00000003433
0.00000004040
0.00000004574
0.00000004611
0.00000005208
0.00000005806
0.00000004033
0.00000004796
0.00000005240
0.00000006559
0.00000005371
0.00000006363
0.00000005680
0.00000005009
0.00000004390
0.00000006239
0.00000005927
0.00000005420
0.00000005281
0.00000005513
0.00000005889
0.00000006727
0.00000007549
0.00000005419
0.00000006847
0.00000005764
0.00000005371
0.00000007812
0.00000008070
0.00000005969
0.00000006911
0.00000007947
0.00000006325
0.00000004437
0.00000005734
0.00000004420
0.00000005744
0.00000003817
0.00000005001
0.00000003113
0.00000003150
0.00000003422
0.00000003534
0.00000002864
0.00000002718
0.00000002224
0.00000004004
0.00000003918
0.00000003295
0.00000005783
0.00000005833
0.00000005828
0.00000006553
0.00000007715
0.00000006037
0.00000007805
0.00000006750
0.00000006189
0.00000005636
0.00000005693
0.00000006079
0.00000006230
0.00000006649
0.00000005182
0.00000006082
0.00000005053
0.00000006522
0.00000004896
0.00000006163
0.00000004221
0.00000004259
0.00000002098
0.00000002052
0.00000002316
0.00000004719
0.00000005209
0.00000005053
0.00000005199
0.00000004635
0.00000004400
0.00000003522
0.00000003061
0.00000005391
0.00000004778
0.00000004783
0.00000004969
0.00000004809
0.00000005348
0.00000006026
0.00000005970
0.00000003582
0.00000003759
0.00000003884
0.00000003405
0.00000003531
0.00000003126
0.00000003710
0.00000003626
0.00000003824
0.00000003896
0.00000004779
0.00000005362
0.00000006612
0.00000005078
0.00000006802
0.00000006057
0.00000004972
0.00000006874
0.00000005798
0.00000004704
0.00000003852
0.00000005196
0.00000003197
0.00000001838
0.00000003026
0.00000004830
0.00000006751
0.00000005521
0.00000004406
0.00000006534
0.00000005953
0.00000004700
0.00000003618
0.00000004440
0.00000003211
0.00000004435
0.00000006005
0.00000005016
0.00000003476
0.00000004566
0.00000002888
0.00000003359
0.00000003995
0.00000004279
0.00000003935
0.00000003564
0.00000001929
0.00000000635
0.00000001219
0.00000002250
0.00000002783
0.00000002417
0.00000002767
0.00000002991
0.00000002552
0.00000002482
0.00000005013
0.00000004301
0.00000003810
0.00000003071
0.00000005230
0.00000003866
0.00000002629
0.00000003860
0.00000002533
0.00000003160
0.00000003754
0.00000003730
0.00000003132
0.00000002055
0.00000001147
0.00000002482
0.00000003212
0.00000004666
0.00000003367
0.00000004488
0.00000005579
0.00000003995
0.00000004569
0.00000003173
0.00000004008
0.00000004783
0.00000003318
0.00000004718
0.00000005819
0.00000004994
0.00000007097
0.00000006840
0.00000006704
0.00000006693
0.00000006992
0.00000004965
0.00000005763
0.00000006224
0.00000005124
0.00000006679
0.00000005964
0.00000005522
0.00000005551
0.00000005954
0.00000006723
0.00000007617
0.00000005369
0.00000006226
0.00000004442
0.00000005458
0.00000003178
0.00000003784
0.00000004656
0.00000005580
0.00000003635
0.00000003628
0.00000003940
0.00000004028
0.00000004003
0.00000003284
0.00000003193
0.00000003274
0.00000006404
0.00000006753
0.00000005278
0.00000006782
0.00000007927
0.00000006825
0.00000005933
0.00000004961
0.00000004654
0.00000007227
0.00000007077
0.00000005232
0.00000006385
0.00000007195
0.00000006490
0.00000005929
0.00000007653
0.00000007498
0.00000007166
0.00000004682
0.00000004961
0.00000004745
0.00000005195
0.00000005529
0.00000006601
0.00000005342
0.00000006164
0.00000004620
0.00000005735
0.00000004991
0.00000006588
0.00000006406
0.00000005627
0.00000005154
0.00000004997
0.00000004101
0.00000003316
0.00000005154
0.00000004619
0.00000003170
0.00000004636
0.00000002741
0.00000004036
0.00000002191
0.00000003458
0.00000004077
0.00000005187
0.00000003001
0.00000003882
0.00000004075
0.00000004509
0.00000005095
0.00000004634
0.00000004192
0.00000003049
0.00000002184
0.00000003155
0.00000002072
0.00000003179
0.00000004841
0.00000006365
0.00000004699
0.00000003394
0.00000004467
0.00000003633
0.00000005561
0.00000004151
0.00000006140
0.00000004766
0.00000003942
0.00000005973
0.00000005096
0.00000004778
0.00000003855
0.00000005931
0.00000005397
0.00000004247
0.00000003453
0.00000005278
0.00000003875
0.00000002812
0.00000004229
0.00000002226
0.00000003166
0.00000004020
0.00000004161
0.00000002001
0.00000002236
0.00000002206
0.00000004643
0.00000004506
0.00000003960
0.00000003877
0.00000003750
0.00000003481
0.00000003342
0.00000006106
0.00000006633
0.00000006686
0.00000004609
0.00000005127
0.00000005821
0.00000003610
0.00000003730
0.00000004307
0.00000004831
0.00000005554
0.00000005671
0.00000006042
0.00000003784
0.00000003656
0.00000003619
0.00000003232
0.00000002651
0.00000004321
0.00000003637
0.00000003273
0.00000005378
0.00000005104
0.00000004553
0.00000003986
0.00000005458
0.00000004517
0.00000003555
0.00000002514
0.00000004271
0.00000003377
0.00000005266
0.00000004708
0.00000003160
0.00000004784
0.00000003902
0.00000005643
0.00000004700
0.00000003960
0.00000005814
0.00000005870
0.00000006105
0.00000005955
0.00000006619
0.00000007613
0.00000006136
0.00000007178
0.00000005892
0.00000004866
0.00000006160
0.00000005395
0.00000004956
0.00000007338
0.00000007117
0.00000006754
0.00000007253
0.00000005388
0.00000005650
0.00000006601
0.00000004997
0.00000005262
0.00000003123
0.00000003384
0.00000003017
0.00000003423
0.00000003904
0.00000003692
0.00000003456
0.00000002880
0.00000002574
0.00000004251
0.00000003693
0.00000002818
0.00000004690
0.00000003444
0.00000003076
0.00000005451
0.00000004943
0.00000005024
0.00000005556
0.00000006189
0.00000006745
0.00000005510
0.00000006452
0.00000005442
0.00000007329
0.00000006892
0.00000006249
0.00000006040
0.00000005919
0.00000005875
0.00000005426
0.00000005726
0.00000005960
0.00000006415
0.00000006472
0.00000004106
0.00000003978
0.00000004447
0.00000004600
0.00000004745
0.00000004211
0.00000004357
0.00000003929
0.00000004302
0.00000004328
0.00000005180
0.00000005470
0.00000006052
0.00000003628
0.00000003729
0.00000004727
0.00000005259
0.00000005937
0.00000004607
0.00000004902
0.00000005648
0.00000004562
0.00000005942
0.00000005551
0.00000007370
0.00000006797
0.00000006565
0.00000005772
0.00000005465
0.00000004954
0.00000004687
0.00000005104
0.00000005572
0.00000006362
0.00000007629
0.00000005742
0.00000006199
0.00000004273
0.00000004604
0.00000005490
0.00000005482
0.00000002617
0.00000002283
0.00000001984
0.00000003450
0.00000002503
0.00000003196
0.00000000845
0.00000001367
0.00000001210
0.00000003752
0.00000002435
0.00000001173
0.00000002256
0.00000003083
0.00000004138
0.00000002380
0.00000001890
0.00000001526
0.00000000739
0.00000001689
0.00000002799
0.00000001263
0.00000002180
0.00000002902
0.00000003124
0.00000004031
0.00000005098
0.00000006309
0.00000004939
0.00000005766
0.00000004682
0.00000006521
0.00000005710
0.00000004392
0.00000006403
0.00000006108
0.00000006031
0.00000006226
0.00000006068
0.00000006250
0.00000006416
0.00000003871
0.00000003546
0.00000003763
0.00000003934
0.00000003943
0.00000003530
0.00000002980
0.00000001938
0.00000003948
0.00000003268
0.00000004552
0.00000003400
0.00000004932
0.00000003379
0.00000004831
0.00000003695
0.00000004847
0.00000003408
0.00000004236
0.00000005034
0.00000003287
0.00000004065
0.00000004861
0.00000005868
0.00000003569
0.00000004422
0.00000005192
0.00000003444
0.00000003847
0.00000004413
0.00000005308
0.00000003594
0.00000004625
0.00000005867
0.00000004280
0.00000006239
0.00000005963
0.00000008152
0.00000008640
0.00000006990
0.00000007699
0.00000006496
0.00000005056
0.00000006489
0.00000005399
0.00000004122
0.00000005454
0.00000005179
0.00000006954
0.00000006665
0.00000006348
0.00000006405
0.00000005872
0.00000006159
0.00000006982
0.00000004879
0.00000005347
0.00000006507
0.00000005296
0.00000006716
0.00000005121
0.00000006793
0.00000006081
0.00000005346
0.00000004171
0.00000006647
0.00000006792
0.00000006631
0.00000007147
0.00000005284
0.00000005776
0.00000006675
0.00000004530
0.00000005484
0.00000006620
0.00000005070
0.00000006752
0.00000005034
0.00000003780
0.00000004687
0.00000005953
0.00000004075
0.00000005290
0.00000003465
0.00000004902
0.00000003898
0.00000004775
0.00000006365
0.00000005135
0.00000004639
0.00000006750
0.00000005942
0.00000005580
0.00000005205
0.00000004626
0.00000004432
0.00000004184
0.00000003478
0.00000005884
0.00000004763
0.00000004069
0.00000002990
0.00000004023
0.00000001770
0.00000002248
0.00000002816
0.00000003297
0.00000003238
0.00000003560
0.00000003614
0.00000003480
0.00000003309
0.00000002628
0.00000004858
0.00000003822
0.00000002475
0.00000002926
0.00000003575
0.00000004384
0.00000002684
0.00000002790
0.00000003458
0.00000004056
0.00000004686
0.00000004409
0.00000005569
0.00000003280
0.00000004268
0.00000005387
0.00000006707
0.00000005721
0.00000007537
0.00000006241
0.00000005490
0.00000004694
0.00000004212
0.00000007291
0.00000007453
0.00000007885
0.00000005913
0.00000005871
0.00000003916
0.00000004712
0.00000005456
0.00000006764
0.00000005675
0.00000007089
0.00000005299
0.00000003773
0.00000005041
0.00000003636
0.00000004587
0.00000002773
0.00000003202
0.00000002998
0.00000003242
0.00000003808
0.00000003378
0.00000002432
0.00000000914
0.00000001457
0.00000000941
0.00000000730
0.00000003354
0.00000002304
0.00000003204
0.00000000743
0.00000000641
0.00000000402
0.00000002075
0.00000000859
0.00000001831
0.00000002215
0.00000002388
0.00000002665
0.00000002896
0.00000002983
0.00000003114
0.00000003177
0.00000003265
0.00000003557
0.00000004065
0.00000004297
0.00000004859
0.00000005421
0.00000006006
0.00000003910
0.00000004302
0.00000003994
0.00000004034
0.00000004013
0.00000003768
0.00000003519
0.00000002960
0.00000005404
0.00000005117
0.00000004642
0.00000003021
0.00000001714
0.00000003005
0.00000003395
0.00000001120
0.00000000982
0.00000002563
0.00000001779
0.00000002632
0.00000001159
0.00000002207
0.00000003501
0.00000004155
0.00000005155
0.00000003255
0.00000003171
0.00000003143
0.00000002973
0.00000001990
0.00000001288
0.00000002704
0.00000003533
0.00000001012
0.00000001238
0.00000001252
0.00000003036
0.00000002419
0.00000001934
0.00000004119
0.00000002911
0.00000004824
0.00000004428
0.00000003875
0.00000006413
0.00000006375
0.00000006446
0.00000006653
0.00000006414
0.00000004062
0.00000004625
0.00000005036
0.00000005869
0.00000007010
0.00000006146
0.00000007510
0.00000006812
0.00000006732
0.00000007089
0.00000007902
0.00000006163
0.00000007630
0.00000006614
0.00000005592
0.00000006849
0.00000006200
0.00000005511
0.00000004811
0.00000003838
0.00000006237
0.00000005771
0.00000005103
0.00000004612
0.00000003605
0.00000005343
0.00000004471
0.00000003440
0.00000004721
0.00000003204
0.00000005135
0.00000004581
0.00000006968
0.00000006867
0.00000006593
0.00000006399
0.00000005944
0.00000004856
0.00000003976
0.00000002898
0.00000004310
0.00000002615
0.00000003882
0.00000002865
0.00000004307
0.00000005862
0.00000004795
0.00000006327
0.00000005217
0.00000003670
0.00000005796
0.00000004261
0.00000006147
0.00000005498
0.00000004799
0.00000003835
0.00000005034
0.00000003345
0.00000003626
0.00000001643
0.00000002651
0.00000003530
0.00000004787
0.00000005767
0.00000003830
0.00000004995
0.00000003467
0.00000004504
0.00000005313
0.00000003199
0.00000003570
0.00000003616
0.00000003655
0.00000003579
0.00000003134
0.00000002681
0.00000004232
0.00000003746
0.00000002489
0.00000003377
0.00000001611
0.00000002157
0.00000002141
0.00000003015
0.00000002775
0.00000003320
0.00000002280
0.00000001617
0.00000003234
0.00000001714
0.00000003389
0.00000004617
0.00000002992
0.00000003490
0.00000003935
0.00000003807
0.00000003333
0.00000002762
0.00000002962
0.00000004785
0.00000003636
0.00000002337
0.00000003434
0.00000004460
0.00000003024
0.00000003943
0.00000005045
0.00000002930
0.00000003401
0.00000004210
0.00000004938
0.00000005670
0.00000003797
0.00000004635
0.00000005833
0.00000004462
0.00000006316
0.00000005909
0.00000008317
0.00000005533
0.00000005531
0.00000005287
0.00000005548
0.00000006226
0.00000004681
0.00000006444
0.00000008008
0.00000007846
0.00000008173
0.00000008481
0.00000007282
0.00000008322
0.00000008033
0.00000007474
0.00000007591
0.00000007558
0.00000005620
0.00000006890
0.00000005704
0.00000007937
0.00000007266
0.00000006863
0.00000007093
0.00000007212
0.00000005286
0.00000007087
0.00000006425
0.00000008718
0.00000008978
0.00000006303
0.00000006158
0.00000006549
0.00000003711
0.00000003323
0.00000002679
0.00000002394
0.00000004111
0.00000002892
0.00000004102
0.00000003127
0.00000004297
0.00000002799
0.00000004426
0.00000005807
0.00000005436
0.00000004467
0.00000006390
0.00000004965
0.00000003511
0.00000002245
0.00000002766
0.00000003387
0.00000003076
0.00000003145
0.00000003077
0.00000002838
0.00000005949
0.00000006498
0.00000007958
0.00000007102
0.00000005663
0.00000007520
0.00000006804
0.00000005796
0.00000005471
0.00000005072
0.00000003965
0.00000006082
0.00000005376
0.00000004077
0.00000002808
0.00000004544
0.00000003540
0.00000004404
0.00000003259
0.00000005116
0.00000004361
0.00000007061
0.00000006965
0.00000006240
0.00000006495
0.00000006417
0.00000004414
0.00000005363
0.00000006229
0.00000007816
0.00000007418
0.00000006954
0.00000006968
0.00000006619
0.00000007027
0.00000004456
0.00000004907
0.00000006774
0.00000008528
0.00000008469
0.00000008286
0.00000008520
0.00000006984
0.00000007976
0.00000007328
0.00000006118
0.00000006069
0.00000008499
0.00000006488
0.00000006392
0.00000006391
0.00000004299
0.00000005074
0.00000006298
0.00000004466
0.00000005663
0.00000003648
0.00000004806
0.00000004984
0.00000002931
0.00000003009
0.00000003448
0.00000003159
0.00000003324
0.00000003062
0.00000003521
0.00000005892
0.00000003344
0.00000002607
0.00000002373
0.00000004570
0.00000003409
0.00000002644
0.00000003617
0.00000002106
0.00000002562
0.00000002566
0.00000002879
0.00000003364
0.00000003855
0.00000003702
0.00000003605
0.00000003181
0.00000002266
0.00000004625
0.00000004625
0.00000004331
0.00000003323
0.00000002382
0.00000003910
0.00000001913
0.00000003090
0.00000004233
0.00000002461
0.00000002860
0.00000003719
0.00000004454
0.00000005164
0.00000002812
0.00000002555
0.00000001820
0.00000000459
0.00000002156
0.00000003938
0.00000002565
0.00000003716
0.00000004935
0.00000003529
0.00000004684
0.00000003001
0.00000004225
0.00000005906
0.00000005025
0.00000006814
0.00000005745
0.00000004894
0.00000003744
0.00000005834
0.00000005297
0.00000004876
0.00000003882
0.00000006090
0.00000005616
0.00000005421
0.00000004759
0.00000004454
0.00000004585
0.00000004059
0.00000003885
0.00000003843
0.00000003666
0.00000003310
0.00000002195
0.00000004276
0.00000003621
0.00000002426
0.00000003484
0.00000001535
0.00000001587
0.00000001743
0.00000000953
0.00000002708
0.00000001624
0.00000002818
0.00000000756
0.00000001122
0.00000000995
0.00000002877
0.00000001720
0.00000002317
0.00000000083
-0.00000000154
0.00000001923
0.00000001499
0.00000002906
0.00000001423
0.00000002235
0.00000002766
0.00000003072
0.00000002911
0.00000003159
0.00000003405
0.00000003958
0.00000004395
0.00000005114
0.00000005172
0.00000005825
0.00000004093
0.00000005006
0.00000005673
0.00000004457
0.00000005927
0.00000004218
0.00000006164
0.00000005668
0.00000007441
0.00000007351
0.00000006665
0.00000006972
0.00000003918
0.00000004312
0.00000004071
0.00000004268
0.00000004434
0.00000004087
0.00000004045
0.00000003173
0.00000002707
0.00000004334
0.00000003857
0.00000002703
0.00000004405
0.00000002934
0.00000004673
0.00000003395
0.00000005088
0.00000003358
0.00000004663
0.00000002809
0.00000003698
0.00000004467
0.00000004805
0.00000003204
0.00000003545
0.00000004445
0.00000005529
0.00000003885
0.00000004916
0.00000005436
0.00000003746
0.00000004188
0.00000005119
0.00000003757
0.00000005101
0.00000006348
0.00000005035
0.00000006060
0.00000004783
0.00000003679
0.00000005454
0.00000004782
0.00000006905
0.00000007057
0.00000007088
0.00000007824
0.00000006006
0.00000006943
0.00000004827
0.00000006040
0.00000004777
0.00000005552
0.00000004462
0.00000006336
0.00000005786
0.00000006096
0.00000006000
0.00000006562
0.00000006782
0.00000005050
0.00000005647
0.00000006745
0.00000005429
0.00000006642
0.00000005180
0.00000004053
0.00000004779
0.00000003615
0.00000004388
0.00000003288
0.00000004143
0.00000005447
0.00000003388
0.00000004702
0.00000006072
0.00000004244
0.00000005704
0.00000004450
0.00000005319
0.00000003762
0.00000004926
0.00000003121
0.00000003990
0.00000004962
0.00000002920
0.00000003899
0.00000004849
0.00000005694
0.00000003542
0.00000004714
0.00000006351
0.00000005342
0.00000006966
0.00000005775
0.00000004448
0.00000003054
0.00000003949
0.00000005168
0.00000003694
0.00000004770
0.00000003631
0.00000005085
0.00000004131
0.00000006039
0.00000005096
0.00000003690
0.00000005532
0.00000005022
0.00000004930
0.00000007076
0.00000007403
0.00000005361
0.00000006347
0.00000007479
0.00000005841
0.00000007458
0.00000006904
0.00000006157
0.00000005552
0.00000004317
0.00000003363
0.00000005131
0.00000003791
0.00000002767
0.00000004072
0.00000002664
0.00000003010
0.00000003598
0.00000004136
0.00000004778
0.00000004813
0.00000002515
0.00000002855
0.00000003578
0.00000004380
0.00000005057
0.00000005183
0.00000005721
0.00000003462
0.00000003550
0.00000003043
0.00000002314
0.00000001458
0.00000002841
0.00000004762
0.00000003990
0.00000005357
0.00000004435
0.00000003188
0.00000003777
0.00000001965
0.00000002011
0.00000002375
0.00000001933
0.00000001583
0.00000003366
0.00000002968
0.00000004476
0.00000003985
0.00000003427
0.00000004733
0.00000003764
0.00000002454
0.00000004250
0.00000003432
0.00000004607
0.00000003962
0.00000005489
0.00000004491
0.00000002800
0.00000004061
0.00000002249
0.00000002408
0.00000002677
0.00000002756
0.00000002145
0.00000001597
0.00000003118
0.00000001067
0.00000001868
0.00000002330
0.00000002664
0.00000002860
0.00000002398
0.00000002367
0.00000004817
0.00000004651
0.00000004641
0.00000004051
0.00000003656
0.00000003441
0.00000003019
0.00000005040
0.00000004492
0.00000003092
0.00000004623
0.00000003448
0.00000004215
0.00000002316
0.00000002303
0.00000002593
0.00000002728
0.00000002601
0.00000002404
0.00000005170
0.00000004906
0.00000005307
0.00000005560
0.00000005695
0.00000002577
0.00000003105
0.00000006432
0.00000004356
0.00000004896
0.00000006123
0.00000004620
0.00000006158
0.00000005084
0.00000007624
0.00000007338
0.00000007942
0.00000006285
0.00000007851
0.00000006727
0.00000006901
0.00000007356
0.00000007696
0.00000008692
0.00000007185
0.00000006511
0.00000005815
0.00000008323
0.00000005681
0.00000004954
0.00000004533
0.00000004120
0.00000004144
0.00000006515
0.00000006488
0.00000006069
0.00000002802
0.00000002751
0.00000005042
0.00000005206
0.00000005056
0.00000005500
0.00000005567
0.00000006307
0.00000006705
0.00000005218
0.00000006319
0.00000005454
0.00000006876
0.00000006034
0.00000005803
0.00000005102
0.00000004814
0.00000003941
0.00000006074
0.00000005693
0.00000004960
0.00000004207
0.00000004094
0.00000006591
0.00000003329
0.00000005696
0.00000005388
0.00000005666
0.00000005365
0.00000005402
0.00000005089
0.00000004199
0.00000002838
0.00000001839
0.00000003398
0.00000004501
0.00000002306
0.00000002958
0.00000003051
0.00000004389
0.00000005384
0.00000005465
0.00000003149
0.00000003248
0.00000002787
0.00000002645
0.00000002293
0.00000003465
0.00000002596
0.00000004450
0.00000003234
0.00000004992
0.00000004399
0.00000006168
0.00000005740
0.00000005777
0.00000005603
0.00000006648
0.00000007266
0.00000005469
0.00000005920
0.00000004290
0.00000004550
0.00000005618
0.00000003926
0.00000004866
0.00000004860
0.00000002287
0.00000002436
0.00000001708
0.00000003801
0.00000002920
0.00000001746
0.00000003094
0.00000003780
0.00000002353
0.00000003787
0.00000005374
0.00000004459
0.00000006335
0.00000005732
0.00000005467
0.00000004941
0.00000004348
0.00000003761
0.00000005873
0.00000005619
0.00000005335
0.00000004650
0.00000003511
0.00000002129
0.00000003248
0.00000001842
0.00000003070
0.00000004259
0.00000005484
0.00000004043
0.00000005240
0.00000004135
0.00000005601
0.00000004331
0.00000005300
0.00000004024
0.00000005416
0.00000004451
0.00000006414
0.00000006075
0.00000005762
0.00000005988
0.00000006464
0.00000006749
0.00000006903
0.00000004843
0.00000005733
0.00000006625
0.00000004870
0.00000006420
0.00000005662
0.00000005313
0.00000007813
0.00000008283
0.00000005734
0.00000006464
0.00000007600
0.00000006331
0.00000004949
0.00000006915
0.00000006404
0.00000005427
0.00000005602
0.00000005541
0.00000005251
0.00000005619
0.00000005454
0.00000005440
0.00000005556
0.00000005393
0.00000004413
0.00000003706
0.00000002344
0.00000004108
0.00000003396
0.00000004651
0.00000003689
0.00000005082
0.00000003240
0.00000004389
0.00000002960
0.00000003522
0.00000003381
0.00000003780
0.00000003905
0.00000004165
0.00000004540
0.00000004460
0.00000005130
0.00000006019
0.00000007108
0.00000005837
0.00000007244
0.00000006093
0.00000004892
0.00000005714
0.00000004776
0.00000003668
0.00000005228
0.00000004377
0.00000006156
0.00000005387
0.00000004717
0.00000004499
0.00000006818
0.00000006630
0.00000007209
0.00000005505
0.00000006403
0.00000007398
0.00000005352
0.00000003985
0.00000005188
0.00000003736
0.00000004687
0.00000005034
0.00000003267
0.00000003957
0.00000004002
0.00000004365
0.00000004293
0.00000004043
0.00000003502
0.00000002391
0.00000004175
0.00000002943
0.00000004086
0.00000001848
0.00000002457
0.00000002748
0.00000003047
0.00000003070
0.00000002276
0.00000002062
0.00000003853
0.00000002442
0.00000003075
0.00000001533
0.00000002168
0.00000002414
0.00000002685
0.00000002558
0.00000001783
0.00000003910
0.00000003457
0.00000002860
0.00000004843
0.00000003996
0.00000002882
0.00000003864
0.00000002673
0.00000004188
0.00000005384
0.00000004252
0.00000005648
0.00000004143
0.00000005112
0.00000003776
0.00000005177
0.00000004127
0.00000005373
0.00000004849
0.00000007234
0.00000006586
0.00000006116
0.00000005250
0.00000005387
0.00000005547
0.00000005252
0.00000005660
0.00000005903
0.00000006983
0.00000005573
0.00000006188
0.00000004564
0.00000006347
0.00000005712
0.00000005097
0.00000006995
0.00000006675
0.00000006510
0.00000005768
0.00000005547
0.00000004854
0.00000004728
0.00000004029
0.00000004219
0.00000003762
0.00000004094
0.00000004449
0.00000004794
0.00000006073
0.00000006991
0.00000006165
0.00000007999
0.00000007272
0.00000007157
0.00000006746
0.00000007237
0.00000004773
0.00000004436
0.00000004723
0.00000004705
0.00000004475
0.00000004723
0.00000004873
0.00000004908
0.00000004346
0.00000004069
0.00000002769
0.00000001940
0.00000003837
0.00000003230
0.00000004510
0.00000003617
0.00000005394
0.00000004564
0.00000003428
0.00000005251
0.00000004462
0.00000004018
0.00000006458
0.00000006055
0.00000006141
0.00000005988
0.00000005676
0.00000004858
0.00000004399
0.00000003900
0.00000002596
0.00000003810
0.00000002196
0.00000002646
0.00000002871
0.00000002664
0.00000001571
0.00000001831
-0.00000000717
-0.00000001217
0.00000000623
0.00000002007
0.00000003247
0.00000001547
0.00000002275
0.00000002683
0.00000003097
0.00000003462
0.00000003873
0.00000003848
0.00000004100
0.00000004318
0.00000004612
0.00000005051
0.00000005496
0.00000005739
0.00000003303
0.00000003837
0.00000004376
0.00000005204
0.00000006408
0.00000007171
0.00000005784
0.00000004348
0.00000005979
0.00000004479
0.00000006080
0.00000004639
0.00000003442
0.00000004895
0.00000003074
0.00000004580
0.00000003873
0.00000005863
0.00000004674
0.00000006864
0.00000006590
0.00000006065
0.00000006386
0.00000007295
0.00000007496
0.00000005768
0.00000006432
0.00000003905
0.00000004912
0.00000006297
0.00000004549
0.00000005865
0.00000004547
0.00000005233
0.00000003847
0.00000004342
0.00000004949
0.00000003125
0.00000003375
0.00000004503
0.00000005638
0.00000006765
0.00000005053
0.00000006089
0.00000003942
0.00000005096
0.00000003816
0.00000005211
0.00000004394
0.00000006405
0.00000005566
0.00000004608
0.00000004000
0.00000005711
0.00000004931
0.00000003593
0.00000004786
0.00000002996
0.00000003535
0.00000002277
0.00000003646
0.00000005269
0.00000004393
0.00000006152
0.00000005479
0.00000004717
0.00000004172
0.00000005673
0.00000005408
0.00000005279
0.00000005286
0.00000005445
0.00000005727
0.00000005914
0.00000005613
0.00000005681
0.00000005488
0.00000004607
0.00000003069
0.00000001399
0.00000002051
0.00000001926
0.00000001969
0.00000001644
0.00000003879
0.00000003331
0.00000002119
0.00000003855
0.00000002836
0.00000004138
0.00000001857
0.00000002402
0.00000002757
0.00000003219
0.00000003168
0.00000003268
0.00000003002
0.00000002614
0.00000001980
0.00000003523
0.00000003082
0.00000005431
0.00000004627
0.00000004121
0.00000003453
0.00000005148
0.00000004433
0.00000003765
0.00000005360
0.00000004697
0.00000004261
0.00000006006
0.00000006030
0.00000005636
0.00000005812
0.00000006078
0.00000006374
0.00000006171
0.00000006600
0.00000004128
0.00000005013
0.00000005593
0.00000005562
0.00000003287
0.00000003369
0.00000003181
0.00000003354
0.00000003732
0.00000003662
0.00000004149
0.00000004714
0.00000005077
0.00000005521
0.00000004991
0.00000004757
0.00000004375
0.00000003943
0.00000003337
0.00000005471
0.00000004265
0.00000003607
0.00000005310
0.00000003849
0.00000001750
0.00000001796
0.00000001265
0.00000000599
0.00000001722
0.00000003122
0.00000001409
0.00000001766
0.00000001638
0.00000001278
0.00000003434
0.00000003051
0.00000004809
0.00000004655
0.00000004856
0.00000004644
0.00000005233
0.00000005730
0.00000006578
0.00000004514
0.00000005889
0.00000007301
0.00000005569
0.00000004642
0.00000005327
0.00000004081
0.00000005650
0.00000004634
0.00000006946
0.00000006516
0.00000006070
0.00000006175
0.00000006120
0.00000006736
0.00000004495
0.00000004406
0.00000004598
0.00000005401
0.00000006188
0.00000004138
0.00000005361
0.00000005866
0.00000004161
0.00000004467
0.00000005341
0.00000003613
0.00000004067
0.00000005100
0.00000005762
0.00000003191
0.00000003233
0.00000003329
0.00000003086
0.00000002855
0.00000002358
0.00000003611
0.00000002498
0.00000003869
0.00000002867
0.00000004774
0.00000007066
0.00000006139
0.00000005899
0.00000005712
0.00000006124
0.00000006412
0.00000007205
0.00000005427
0.00000006336
0.00000005087
0.00000005968
0.00000004790
0.00000006337
0.00000005512
0.00000004640
0.00000006857
0.00000005964
0.00000005819
0.00000005783
0.00000005675
0.00000005109
0.00000005394
0.00000005546
0.00000005667
0.00000005600
0.00000005059
0.00000004799
0.00000004743
0.00000004489
0.00000003721
0.00000003645
0.00000005831
0.00000005586
0.00000005057
0.00000004101
0.00000003584
0.00000002971
0.00000004501
0.00000003163
0.00000004065
0.00000002938
0.00000004349
0.00000005501
0.00000004149
0.00000004802
0.00000003494
0.00000004556
0.00000003059
0.00000004378
0.00000005647
0.00000003988
0.00000004735
0.00000002913
0.00000004279
0.00000006058
0.00000005144
0.00000006575
0.00000006377
0.00000006273
0.00000006698
0.00000006596
0.00000006944
0.00000004620
0.00000004756
0.00000005560
0.00000006487
0.00000004450
0.00000005544
0.00000004063
0.00000004342
0.00000005625
0.00000003741
0.00000005267
0.00000006392
0.00000005347
0.00000004404
0.00000005597
0.00000004979
0.00000004586
0.00000006492
0.00000006554
0.00000006688
0.00000007982
0.00000006892
0.00000008938
0.00000008314
0.00000008396
0.00000006600
0.00000007380
0.00000006340
0.00000007316
0.00000006511
0.00000005838
0.00000005484
0.00000005203
0.00000005825
0.00000006932
0.00000008616
0.00000007778
0.00000007746
0.00000008075
0.00000008549
0.00000005813
0.00000006704
0.00000004416
0.00000005597
0.00000006989
0.00000005876
0.00000006874
0.00000005908
0.00000004893
0.00000006153
0.00000005482
0.00000004733
0.00000004268
0.00000006060
0.00000004871
0.00000004263
0.00000003596
0.00000005067
0.00000004244
0.00000003119
0.00000005148
0.00000004660
0.00000004515
0.00000006892
0.00000006408
0.00000006586
0.00000007056
0.00000005467
0.00000005836
0.00000007078
0.00000005991
0.00000004934
0.00000006442
0.00000005338
0.00000003917
0.00000005812
0.00000005405
0.00000004878
0.00000006727
0.00000005807
0.00000004833
0.00000002908
0.00000003452
0.00000001230
0.00000001210
0.00000003678
0.00000003680
0.00000003553
0.00000002862
0.00000005180
0.00000004689
0.00000003889
0.00000003240
0.00000005021
0.00000003991
0.00000002392
0.00000003973
0.00000003098
0.00000004711
0.00000004021
0.00000005252
0.00000003887
0.00000002626
0.00000003775
0.00000004727
0.00000002395
0.00000002811
0.00000002805
0.00000002536
0.00000001919
0.00000003352
0.00000002057
0.00000003185
0.00000003546
0.00000000191
0.00000002276
0.00000001634
0.00000000554
0.00000001772
0.00000002648
0.00000003459
0.00000004256
0.00000001810
0.00000001524
0.00000001252
0.00000003582
0.00000003535
0.00000003333
0.00000003553
0.00000005132
0.00000005103
0.00000004592
0.00000005076
0.00000004715
0.00000005190
0.00000004772
0.00000005469
0.00000005897
0.00000006555
0.00000004906
0.00000006022
0.00000007789
0.00000007023
0.00000006862
0.00000007233
0.00000008060
0.00000006486
0.00000007806
0.00000006695
0.00000005523
0.00000003927
0.00000005913
0.00000005422
0.00000005046
0.00000004395
0.00000006899
0.00000006596
0.00000005898
0.00000004815
0.00000003661
0.00000002434
0.00000003263
0.00000003472
0.00000003951
0.00000001429
0.00000003827
0.00000003782
0.00000003887
0.00000004211
0.00000003798
0.00000003629
0.00000003633
0.00000003917
0.00000003866
0.00000003098
0.00000002630
0.00000002186
0.00000004451
0.00000003309
0.00000002809
0.00000004974
0.00000004093
0.00000003520
0.00000005227
0.00000004139
0.00000002994
0.00000005211
0.00000004874
0.00000006954
0.00000007073
0.00000007034
0.00000004769
0.00000004951
0.00000005634
0.00000006289
0.00000003414
0.00000002815
0.00000002660
0.00000001934
0.00000004365
0.00000004077
0.00000003648
0.00000006623
0.00000006602
0.00000007448
0.00000005917
0.00000006943
0.00000005655
0.00000007755
0.00000006952
0.00000006637
0.00000005977
0.00000006137
0.00000005854
0.00000006138
0.00000006083
0.00000006631
0.00000003699
0.00000004003
0.00000003757
0.00000003796
0.00000002718
0.00000002044
0.00000003612
0.00000003148
0.00000004686
0.00000003898
0.00000003199
0.00000004474
0.00000003833
0.00000005248
0.00000004604
0.00000003742
0.00000004784
0.00000003611
0.00000004748
0.00000003889
0.00000004872
0.00000003733
0.00000005551
0.00000004837
0.00000004110
0.00000006588
0.00000006332
0.00000005677
0.00000005581
0.00000005046
0.00000005120
0.00000005024
0.00000005128
0.00000005065
0.00000005517
0.00000006016
0.00000006715
0.00000004699
0.00000006341
0.00000005479
0.00000007422
0.00000006649
0.00000006590
0.00000006749
0.00000006781
0.00000006578
0.00000004274
0.00000004574
0.00000005235
0.00000005684
0.00000006564
0.00000004781
0.00000005664
0.00000004148
0.00000004830
0.00000006093
0.00000004400
0.00000005400
0.00000003074
0.00000003606
0.00000003795
0.00000003914
0.00000003336
0.00000003148
0.00000003019
0.00000005473
0.00000005487
0.00000004924
0.00000005056
0.00000004620
0.00000004745
0.00000004818
0.00000004494
0.00000003446
0.00000002722
0.00000003990
0.00000003122
0.00000004631
0.00000002752
0.00000004360
0.00000003048
0.00000004903
0.00000006618
0.00000005550
0.00000005456
0.00000004920
0.00000005453
0.00000005551
0.00000006078
0.00000006176
0.00000004521
0.00000005551
0.00000006059
0.00000004689
0.00000005497
0.00000007228
0.00000005971
0.00000005131
0.00000004677
0.00000006082
0.00000005409
0.00000004781
0.00000003474
0.00000005412
0.00000004734
0.00000004344
0.00000005937
0.00000005093
0.00000003798
0.00000002233
0.00000003384
0.00000004625
0.00000002505
0.00000003716
0.00000004966
0.00000006215
0.00000004017
0.00000004856
0.00000003444
0.00000004675
0.00000005408
0.00000003753
0.00000004130
0.00000004830
0.00000002906
0.00000003678
0.00000003776
0.00000004369
0.00000005004
0.00000005024
0.00000005409
0.00000002911
0.00000003086
0.00000003241
0.00000002907
0.00000005807
0.00000006466
0.00000004632
0.00000004840
0.00000005676
0.00000006747
0.00000004576
0.00000006247
0.00000005236
0.00000006551
0.00000004683
0.00000003409
0.00000003989
0.00000002504
0.00000003866
0.00000006032
0.00000005010
0.00000007393
0.00000006825
0.00000006835
0.00000007272
0.00000005161
0.00000005152
0.00000005743
0.00000005780
0.00000003564
0.00000003814
0.00000003732
0.00000003082
0.00000002779
0.00000002589
0.00000004983
0.00000004896
0.00000004797
0.00000004925
0.00000004689
0.00000004381
0.00000004468
0.00000004886
0.00000005702
0.00000006009
0.00000006776
0.00000004909
0.00000005955
0.00000004443
0.00000005630
0.00000004318
0.00000006097
0.00000004959
0.00000007004
0.00000006510
0.00000006152
0.00000005420
0.00000005450
0.00000005512
0.00000004968
0.00000005365
0.00000005922
0.00000006118
0.00000004494
0.00000005939
0.00000006973
0.00000006185
0.00000005606
0.00000007487
0.00000007478
0.00000007090
0.00000004545
0.00000004307
0.00000003929
0.00000003187
0.00000001889
0.00000003646
0.00000002759
0.00000004745
0.00000003353
0.00000005218
0.00000004313
0.00000002771
0.00000004201
0.00000003066
0.00000003773
0.00000004841
0.00000003099
0.00000003446
0.00000003945
0.00000004511
0.00000004615
0.00000004164
0.00000004069
0.00000003889
0.00000003385
0.00000002063
0.00000003917
0.00000003526
0.00000005136
0.00000004518
0.00000003866
0.00000005233
0.00000004121
0.00000002574
0.00000003337
0.00000003716
0.00000004400
0.00000001581
0.00000004649
0.00000005045
0.00000004917
0.00000005201
0.00000005569
0.00000005526
0.00000005750
0.00000002953
0.00000002775
0.00000002865
0.00000005013
0.00000005184
0.00000005724
0.00000005746
0.00000006243
0.00000003838
0.00000004649
0.00000005013
0.00000006290
0.00000004275
0.00000005280
0.00000006920
0.00000005295
0.00000004190
0.00000005287
0.00000004711
0.00000006472
0.00000006373
0.00000006064
0.00000006250
0.00000005807
0.00000005503
0.00000005271
0.00000004563
0.00000004416
0.00000004142
0.00000003633
0.00000005695
0.00000005973
0.00000006535
0.00000007561
0.00000008739
0.00000007182
0.00000006216
0.00000004950
0.00000006726
0.00000005974
0.00000004890
0.00000004476
0.00000006988
0.00000006699
0.00000006829
0.00000006408
0.00000006461
0.00000006108
0.00000003215
0.00000002759
0.00000004144
0.00000002926
0.00000001582
0.00000002264
0.00000003179
0.00000003674
0.00000004631
0.00000003304
0.00000003729
0.00000004397
0.00000004774
0.00000002974
0.00000003830
0.00000003970
0.00000004734
0.00000005341
0.00000004985
0.00000002368
0.00000002230
0.00000004130
0.00000003955
0.00000003290
0.00000002182
0.00000004240
0.00000003336
0.00000004484
0.00000003274
0.00000004281
0.00000001832
0.00000002465
0.00000002882
0.00000002984
0.00000003183
0.00000002947
0.00000003219
0.00000003463
0.00000003624
0.00000003279
0.00000003296
0.00000003370
0.00000002411
0.00000004539
0.00000003719
0.00000002730
0.00000004340
0.00000002516
0.00000003649
0.00000002251
0.00000003172
0.00000004129
0.00000004060
0.00000004328
0.00000001896
0.00000001281
0.00000003279
0.00000002622
0.00000004272
0.00000002560
0.00000003750
0.00000004570
0.00000002983
0.00000003680
0.00000003899
0.00000003474
0.00000003525
0.00000003936
0.00000004685
0.00000004778
0.00000005580
0.00000006546
0.00000004611
0.00000005064
0.00000005047
0.00000001862
0.00000001767
0.00000004224
0.00000003523
0.00000002088
0.00000003622
0.00000001866
0.00000003030
0.00000004111
0.00000002177
0.00000002569
0.00000003268
0.00000003899
0.00000004132
0.00000005013
0.00000005797
0.00000003934
0.00000004762
0.00000005283
0.00000002740
0.00000003370
0.00000004348
0.00000005376
0.00000005612
0.00000003528
0.00000003822
0.00000004904
0.00000005981
0.00000004632
0.00000005477
0.00000004515
0.00000006451
0.00000005817
0.00000004841
0.00000004722
0.00000007263
0.00000004597
0.00000004354
0.00000003790
0.00000004048
0.00000004058
0.00000004077
0.00000003545
0.00000003474
0.00000003558
0.00000003988
0.00000004031
0.00000004571
0.00000004942
0.00000005568
0.00000005715
0.00000003966
0.00000004723
0.00000005722
0.00000006568
0.00000005899
0.00000008043
0.00000007278
0.00000006859
0.00000006283
0.00000005281
0.00000004308
0.00000003222
0.00000004542
0.00000003548
0.00000005417
0.00000004885
0.00000004279
0.00000006001
0.00000006030
0.00000006121
0.00000006650
0.00000007472
0.00000005791
0.00000006670
0.00000005941
0.00000007960
0.00000007404
0.00000006688
0.00000006643
0.00000006565
0.00000006559
0.00000006516
0.00000003628
0.00000003668
0.00000006132
0.00000006097
0.00000005625
0.00000005690
0.00000005491
0.00000005529
0.00000005672
0.00000005501
0.00000005450
0.00000005241
0.00000005057
0.00000004501
0.00000003289
0.00000002242
0.00000003540
0.00000001930
0.00000002906
0.00000003628
0.00000003775
0.00000003075
0.00000002400
0.00000001283
0.00000002435
0.00000003254
0.00000000959
0.00000003682
0.00000003101
0.00000002673
0.00000002451
0.00000004673
0.00000003746
0.00000003282
0.00000002881
0.00000005161
0.00000004217
0.00000003977
0.00000003889
0.00000006466
0.00000005716
0.00000005403
0.00000004462
0.00000004406
0.00000004808
0.00000004508
0.00000005086
0.00000005656
0.00000005592
0.00000003251
0.00000003109
0.00000003765
0.00000004685
0.00000005327
0.00000006633
0.00000004931
0.00000006420
0.00000005258
0.00000006405
0.00000005463
0.00000004049
0.00000006238
0.00000005810
0.00000005705
0.00000005470
0.00000005000
0.00000003985
0.00000003667
0.00000005175
0.00000004499
0.00000003739
0.00000002509
0.00000004585
0.00000004139
0.00000004224
0.00000006693
0.00000007016
0.00000006893
0.00000004799
0.00000005478
0.00000006216
0.00000004183
0.00000005558
0.00000007200
0.00000006658
0.00000005739
0.00000005906
0.00000005964
0.00000005932
0.00000006279
0.00000006499
0.00000006503
0.00000003451
0.00000003884
0.00000004557
0.00000004778
0.00000005336
0.00000005859
0.00000006422
0.00000003779
0.00000003769
0.00000003632
0.00000003254
0.00000002602
0.00000004903
0.00000004348
0.00000003972
0.00000003535
0.00000002854
0.00000004383
0.00000003507
0.00000004835
0.00000003700
0.00000002635
0.00000004085
0.00000003050
0.00000004472
0.00000003355
0.00000004431
0.00000003271
0.00000004751
0.00000003137
0.00000003417
0.00000004064
0.00000004802
0.00000002179
0.00000002595
0.00000002823
0.00000003289
0.00000003744
0.00000004961
0.00000005801
0.00000006571
0.00000005447
0.00000004709
0.00000006133
0.00000005085
0.00000003848
0.00000005836
0.00000004662
0.00000004083
0.00000006158
0.00000005131
0.00000004512
0.00000003807
0.00000005631
0.00000005652
0.00000005156
0.00000005164
0.00000004507
0.00000004529
0.00000004195
0.00000003543
0.00000002923
0.00000005436
0.00000005503
0.00000005187
0.00000003954
0.00000003228
0.00000002666
0.00000004873
0.00000003906
0.00000003600
0.00000006062
0.00000006329
0.00000006324
0.00000006403
0.00000003830
0.00000003973
0.00000003888
0.00000002995
0.00000002384
0.00000004547
0.00000004120
0.00000003750
0.00000005357
0.00000004989
0.00000004686
0.00000004735
0.00000004702
0.00000004841
0.00000004592
0.00000005097
0.00000005769
0.00000006745
0.00000004904
0.00000005694
0.00000005949
0.00000003943
0.00000004310
0.00000004317
0.00000004008
0.00000003619
0.00000003418
0.00000002463
0.00000004475
0.00000003724
0.00000002490
0.00000003583
0.00000001870
0.00000002543
0.00000002722
0.00000003526
0.00000004246
0.00000004786
0.00000005304
0.00000003141
0.00000003526
0.00000003678
0.00000003867
0.00000003502
0.00000003656
0.00000004070
0.00000004422
0.00000004598
0.00000004806
0.00000004228
0.00000003887
0.00000003710
0.00000003319
0.00000002885
0.00000004531
0.00000004166
0.00000003883
0.00000003763
0.00000006584
0.00000006592
0.00000005983
0.00000005917
0.00000006194
0.00000004219
0.00000005087
0.00000005902
0.00000006115
0.00000004741
0.00000005847
0.00000003671
0.00000004406
0.00000005484
0.00000003587
0.00000004733
0.00000006129
0.00000004404
0.00000005660
0.00000004400
0.00000005136
0.00000003812
0.00000004629
0.00000003364
0.00000004121
0.00000005621
0.00000004520
0.00000005649
0.00000004726
0.00000005850
0.00000005261
0.00000004347
0.00000005489
0.00000004314
0.00000002650
0.00000004027
0.00000004853
0.00000002355
0.00000002384
0.00000002010
0.00000001185
0.00000003177
0.00000002531
0.00000004606
0.00000003935
0.00000002636
0.00000004329
0.00000003002
0.00000004010
0.00000001554
0.00000002270
0.00000003024
0.00000003164
0.00000003614
0.00000003273
0.00000003434
0.00000003427
0.00000002933
0.00000002656
0.00000005026
0.00000004229
0.00000002698
0.00000004445
0.00000003427
0.00000004341
0.00000002803
0.00000003635
0.00000004338
0.00000001616
0.00000001702
0.00000001393
0.00000003565
0.00000002626
0.00000004389
0.00000003157
0.00000004462
0.00000002578
0.00000003616
0.00000004982
0.00000003784
0.00000004810
0.00000003702
0.00000005329
0.00000003869
0.00000005430
0.00000004101
0.00000005337
0.00000003650
0.00000003883
0.00000001655
0.00000001805
0.00000001555
0.00000003830
0.00000002640
0.00000001675
0.00000002905
0.00000001526
0.00000002451
0.00000003039
0.00000002816
0.00000003169
0.00000003174
0.00000003030
0.00000003050
0.00000002893
0.00000005625
0.00000005555
0.00000005925
0.00000006471
0.00000004267
0.00000004406
0.00000004456
0.00000004598
0.00000004733
0.00000004590
0.00000004293
0.00000003930
0.00000003480
0.00000002554
0.00000004682
0.00000004086
0.00000003551
0.00000005727
0.00000005480
0.00000005142
0.00000005923
0.00000007051
0.00000008277
0.00000007352
0.00000006295
0.00000005728
0.00000005395
0.00000005003
0.00000003917
0.00000003310
0.00000005397
0.00000004700
0.00000003661
0.00000003359
0.00000005859
0.00000006115
0.00000005789
0.00000006245
0.00000007060
0.00000004825
0.00000005656
0.00000006698
0.00000004466
0.00000005431
0.00000003917
0.00000005045
0.00000005471
0.00000003275
0.00000003591
0.00000002980
0.00000002740
0.00000002401
0.00000003844
0.00000002920
0.00000001360
0.00000002259
0.00000002712
0.00000003096
0.00000003359
0.00000003546
0.00000003208
0.00000003270
0.00000003347
0.00000003546
0.00000003700
0.00000003536
0.00000003910
0.00000004104
0.00000004037
0.00000003833
0.00000003204
0.00000003053
0.00000002914
0.00000005533
0.00000005307
0.00000005144
0.00000005297
0.00000005706
0.00000006585
0.00000007144
0.00000005734
0.00000007085
0.00000005909
0.00000004676
0.00000006341
0.00000005042
0.00000005900
0.00000004787
0.00000003761
0.00000005247
0.00000004070
0.00000005251
0.00000004615
0.00000006483
0.00000005700
0.00000006125
0.00000006568
0.00000007077
0.00000004553
0.00000005395
0.00000006545
0.00000004593
0.00000005726
0.00000006364
0.00000005422
0.00000007057
0.00000006000
0.00000005556
0.00000005116
0.00000005404
0.00000005252
0.00000006051
0.00000006718
0.00000005494
0.00000007292
0.00000006111
0.00000005705
0.00000004876
0.00000004506
0.00000006433
0.00000006194
0.00000005354
0.00000005021
0.00000004464
0.00000004227
0.00000003263
0.00000005772
0.00000005137
0.00000005453
0.00000005997
0.00000006180
0.00000006995
0.00000004888
0.00000006103
0.00000004705
0.00000005512
0.00000004526
0.00000006173
0.00000005340
0.00000007173
0.00000006096
0.00000005756
0.00000005695
0.00000005730
0.00000005099
0.00000004777
0.00000004562
0.00000004974
0.00000005046
0.00000005132
0.00000004263
0.00000003973
0.00000003565
0.00000002969
0.00000004664
0.00000003001
0.00000003392
0.00000001103
0.00000000988
0.00000003274
0.00000002644
0.00000001508
0.00000002217
0.00000002618
-0.00000000164
0.00000001770
0.00000000768
0.00000002134
0.00000003205
0.00000001634
0.00000002252
0.00000002433
0.00000002503
0.00000002605
0.00000002504
0.00000004847
0.00000004246
0.00000004200
0.00000004202
0.00000004196
0.00000004025
0.00000003945
0.00000004158
0.00000003684
0.00000003653
0.00000003515
0.00000003582
0.00000003912
0.00000004650
0.00000004588
0.00000004568
0.00000004300
0.00000004319
0.00000004246
0.00000003977
0.00000003003
0.00000004603
0.00000003712
0.00000002655
0.00000004352
0.00000003110
0.00000004955
0.00000004397
0.00000006439
0.00000006050
0.00000005782
0.00000005521
0.00000004651
0.00000004621
0.00000005003
0.00000005227
0.00000005624
0.00000006125
0.00000005870
0.00000004031
0.00000005283
0.00000006703
0.00000005755
0.00000007596
0.00000007080
0.00000006892
0.00000006666
0.00000006663
0.00000007081
0.00000005471
0.00000006443
0.00000007421
0.00000005410
0.00000004255
0.00000005985
0.00000005411
0.00000007103
0.00000006962
0.00000006969
0.00000007137
0.00000005028
0.00000004905
0.00000004827
0.00000004954
0.00000005262
0.00000005325
0.00000004892
0.00000004542
0.00000003958
0.00000003104
0.00000001838
0.00000003395
0.00000004580
0.00000003709
0.00000005505
0.00000004510
0.00000003573
0.00000005194
0.00000004337
0.00000005910
0.00000005661
0.00000005302
0.00000005122
0.00000004717
0.00000004898
0.00000005161
0.00000005109
0.00000006103
0.00000007186
0.00000005286
0.00000006501
0.00000004811
0.00000006464
0.00000005092
0.00000003685
0.00000005534
0.00000004806
0.00000004435
0.00000005994
0.00000005227
0.00000004088
0.00000002968
0.00000003678
0.00000001961
0.00000002180
0.00000002694
0.00000002369
0.00000002268
0.00000001592
0.00000004009
0.00000003572
0.00000002708
0.00000005092
0.00000004548
0.00000004368
0.00000003991
0.00000004325
0.00000007265
0.00000004332
0.00000004900
0.00000005212
0.00000006298
0.00000007092
0.00000006429
0.00000008309
0.00000007441
0.00000007239
0.00000006847
0.00000006832
0.00000003808
0.00000003378
0.00000003039
0.00000005087
0.00000005104
0.00000004855
0.00000004423
0.00000004611
0.00000004277
0.00000004210
0.00000003612
0.00000003126
0.00000006086
0.00000006460
0.00000006688
0.00000004462
0.00000005593
0.00000006444
0.00000005372
0.00000006592
0.00000005998
0.00000005537
0.00000007488
0.00000006859
0.00000004309
0.00000004479
0.00000004395
0.00000004954
0.00000005157
0.00000006000
0.00000006502
0.00000004818
0.00000006046
0.00000004774
0.00000005567
0.00000004278
0.00000005339
0.00000003343
0.00000004269
0.00000004923
0.00000002687
0.00000002339
0.00000002375
0.00000002361
0.00000004663
0.00000004318
0.00000003358
0.00000002922
0.00000004860
0.00000004223
0.00000003321
0.00000004353
0.00000003626
0.00000005143
0.00000003455
0.00000004798
0.00000003802
0.00000004966
0.00000004109
0.00000005556
0.00000005234
0.00000005136
0.00000007296
0.00000007511
0.00000004822
0.00000004971
0.00000004703
0.00000005045
0.00000004903
0.00000004143
0.00000003998
0.00000003848
0.00000004281
0.00000004385
0.00000004091
0.00000004244
0.00000004308
0.00000004120
0.00000004678
0.00000004833
0.00000005344
0.00000005204
0.00000005333
0.00000005408
0.00000005012
0.00000005104
0.00000004689
0.00000004533
0.00000004232
0.00000003512
0.00000003592
0.00000005654
0.00000005787
0.00000005608
0.00000006011
0.00000005889
0.00000006489
0.00000004085
0.00000004585
0.00000005270
0.00000005196
0.00000005733
0.00000003116
0.00000003566
0.00000003966
0.00000004038
0.00000004822
0.00000005295
0.00000006475
0.00000005108
0.00000006533
0.00000005150
0.00000007000
0.00000006177
0.00000004614
0.00000003475
0.00000005265
0.00000004237
0.00000006348
0.00000005534
0.00000003899
0.00000002679
0.00000004150
0.00000002693
0.00000004295
0.00000005925
0.00000004965
0.00000003529
0.00000005111
0.00000004242
0.00000005884
0.00000004443
0.00000003842
0.00000005966
0.00000005130
0.00000004877
0.00000004347
0.00000003799
0.00000005507
0.00000003737
0.00000002356
0.00000003392
0.00000004471
0.00000002810
0.00000003994
0.00000004809
0.00000006302
0.00000005338
0.00000004617
0.00000006453
0.00000005012
0.00000004321
0.00000003994
0.00000006631
0.00000006009
0.00000006025
0.00000006351
0.00000006577
0.00000003701
0.00000004064
0.00000004711
0.00000005278
0.00000005535
0.00000006634
0.00000004620
0.00000005812
0.00000004097
0.00000005240
0.00000003711
0.00000005232
0.00000006527
0.00000005255
0.00000003940
0.00000006067
0.00000005451
0.00000004729
0.00000006075
0.00000005603
0.00000005177
0.00000004786
0.00000004953
0.00000005150
0.00000004899
0.00000005856
0.00000006127
0.00000007214
0.00000005610
0.00000006098
0.00000003727
0.00000004290
0.00000005270
0.00000003266
0.00000004127
0.00000004926
0.00000005847
0.00000004317
0.00000004609
0.00000005165
0.00000002696
0.00000002737
0.00000002602
0.00000002228
0.00000001496
0.00000003187
0.00000002208
0.00000002929
0.00000001463
0.00000002564
0.00000003579
0.00000004421
0.00000005307
0.00000003296
0.00000003864
0.00000004733
0.00000005706
0.00000003776
0.00000004431
0.00000004715
0.00000003341
0.00000004760
0.00000006325
0.00000005182
0.00000007275
0.00000006679
0.00000006163
0.00000005946
0.00000005786
0.00000004670
0.00000003870
0.00000003155
0.00000004252
0.00000003588
0.00000005469
0.00000004721
0.00000004136
0.00000005596
0.00000004853
0.00000004348
0.00000004014
0.00000005929
0.00000006067
0.00000006293
0.00000006477
0.00000006391
0.00000003672
0.00000003677
0.00000003974
0.00000004542
0.00000004691
0.00000005520
0.00000006174
0.00000004288
0.00000004749
0.00000005211
0.00000003088
0.00000003166
0.00000002440
0.00000001617
0.00000003481
0.00000002803
0.00000004316
0.00000002919
0.00000004125
0.00000002655
0.00000003540
0.00000004426
0.00000004808
0.00000003218
0.00000004256
0.00000005699
0.00000004524
0.00000005648
0.00000004392
0.00000005843
0.00000004939
0.00000006224
0.00000005406
0.00000004643
0.00000006654
0.00000006585
0.00000006802
0.00000006759
0.00000004575
0.00000004372
0.00000004346
0.00000004273
0.00000003676
0.00000003598
0.00000003332
0.00000006141
0.00000006019
0.00000005719
0.00000005642
0.00000004770
0.00000004269
0.00000003820
0.00000002699
0.00000004717
0.00000004438
0.00000004345
0.00000006726
0.00000006182
0.00000006533
0.00000006859
0.00000004826
0.00000005451
0.00000006180
0.00000003815
0.00000004501
0.00000004937
0.00000005285
0.00000004799
0.00000002208
0.00000002099
0.00000004305
0.00000003621
0.00000002429
0.00000004128
0.00000002866
0.00000004061
0.00000002502
0.00000004025
0.00000005381
0.00000004221
0.00000005713
0.00000004455
0.00000005905
0.00000004189
0.00000005296
0.00000003451
0.00000004137
0.00000004628
0.00000002672
0.00000002448
0.00000002553
0.00000002039
0.00000003836
0.00000002614
0.00000000815
0.00000002011
0.00000003048
0.00000003823
0.00000003597
0.00000003603
0.00000003519
0.00000003576
0.00000003603
0.00000003588
0.00000003407
0.00000003833
0.00000004269
0.00000004524
0.00000004068
0.00000004445
0.00000004632
0.00000004329
0.00000004727
0.00000004379
0.00000004619
0.00000005320
0.00000005636
0.00000006075
0.00000007462
0.00000005500
0.00000006758
0.00000005030
0.00000003877
0.00000004873
0.00000003453
0.00000004655
0.00000003959
0.00000005471
0.00000004605
0.00000006671
0.00000005701
0.00000004642
0.00000003179
0.00000004499
0.00000002480
0.00000003718
0.00000004802
0.00000003438
0.00000003960
0.00000004882
0.00000002575
0.00000002764
0.00000003187
0.00000003169
0.00000003483
0.00000003390
0.00000003076
0.00000003223
0.00000002782
0.00000005553
0.00000005453
0.00000005898
0.00000005852
0.00000005919
0.00000003665
0.00000003522
0.00000003687
0.00000003343
0.00000003381
0.00000002854
0.00000005486
0.00000005611
0.00000004821
0.00000004368
0.00000003620
0.00000002956
0.00000005277
0.00000005014
0.00000004437
0.00000003402
0.00000002829
0.00000004613
0.00000003246
0.00000004019
0.00000001796
0.00000001924
0.00000002951
0.00000003167
0.00000004828
0.00000005528
0.00000007300
0.00000005075
0.00000003608
0.00000005477
0.00000005126
0.00000007784
0.00000008099
0.00000008634
0.00000006279
0.00000007220
0.00000005343
0.00000006034
0.00000004769
0.00000006011
0.00000005156
0.00000007027
0.00000005644
0.00000004584
0.00000003618
0.00000004613
0.00000003304
0.00000004662
0.00000002641
0.00000003446
0.00000004467
0.00000002038
0.00000001211
0.00000003477
0.00000002538
0.00000001605
0.00000002656
0.00000004402
0.00000003226
0.00000004648
0.00000002935
0.00000004200
0.00000005186
0.00000003594
0.00000004423
0.00000005131
0.00000002292
0.00000002197
0.00000001713
0.00000000807
0.00000002109
0.00000003171
0.00000000787
0.00000001927
0.00000001885
0.00000001990
0.00000004494
0.00000004523
0.00000004647
0.00000004500
0.00000004114
0.00000004485
0.00000004596
0.00000004657
0.00000003938
0.00000003695
0.00000003104
0.00000002511
0.00000004348
0.00000003825
0.00000005642
0.00000005247
0.00000004911
0.00000004861
0.00000004932
0.00000004598
0.00000004852
0.00000005129
0.00000005478
0.00000005136
0.00000005429
0.00000005853
0.00000005773
0.00000003644
0.00000003769
0.00000003388
0.00000003548
0.00000003081
0.00000003906
0.00000004228
0.00000005046
0.00000005345
0.00000005885
0.00000004037
0.00000004502
0.00000005541
0.00000006358
0.00000005098
0.00000005933
0.00000005054
0.00000006816
0.00000006752
0.00000006505
0.00000007063
0.00000007540
0.00000006010
0.00000006843
0.00000006007
0.00000007386
0.00000007193
0.00000006518
0.00000006517
0.00000006528
0.00000007358
0.00000005339
0.00000006493
0.00000007086
0.00000005530
0.00000004160
0.00000005218
0.00000006783
0.00000005783
0.00000004279
0.00000005787
0.00000004717
0.00000003118
0.00000004689
0.00000003570
0.00000004760
0.00000003521
0.00000004471
0.00000002502
0.00000003469
0.00000004497
0.00000005587
0.00000003367
0.00000004523
0.00000005586
0.00000003870
0.00000003998
0.00000004745
0.00000002982
0.00000003713
0.00000003914
0.00000003595
0.00000003746
0.00000004045
0.00000003881
0.00000003450
0.00000002189
0.00000003795
0.00000002799
0.00000003880
0.00000002089
0.00000002461
0.00000002846
0.00000002909
0.00000002200
0.00000001554
0.00000003376
0.00000001508
0.00000002584
0.00000003770
0.00000004791
0.00000002536
0.00000003171
0.00000003779
0.00000004101
0.00000004267
0.00000004147
0.00000003669
0.00000003436
0.00000002794
0.00000001561
0.00000002438
0.00000000575
0.00000000657
0.00000000480
0.00000002641
0.00000001923
0.00000003406
0.00000003058
0.00000005385
0.00000004831
0.00000004557
0.00000004213
0.00000003290
0.00000005863
0.00000005710
0.00000005886
0.00000005583
0.00000006085
0.00000006435
0.00000004069
0.00000004634
0.00000004882
0.00000006073
0.00000004801
0.00000006619
0.00000005392
0.00000007450
0.00000006953
0.00000005863
0.00000005504
0.00000004673
0.00000004487
0.00000003786
0.00000003608
0.00000005899
0.00000005448
0.00000005484
0.00000005047
0.00000003936
0.00000003233
0.00000005599
0.00000005292
0.00000005528
0.00000006204
0.00000006343
0.00000007085
0.00000004875
0.00000005437
0.00000003468
0.00000003840
0.00000004369
0.00000004285
0.00000004290
0.00000004125
0.00000003373
0.00000002843
0.00000001723
0.00000003378
0.00000004477
0.00000003351
0.00000004094
0.00000002316
0.00000002196
0.00000002278
0.00000001487
0.00000001174
0.00000002678
0.00000001654
0.00000002722
0.00000004109
0.00000002019
0.00000003537
0.00000005163
0.00000003478
0.00000004838
0.00000003244
0.00000004996
0.00000003889
0.00000005106
0.00000004535
0.00000006743
0.00000006110
0.00000005975
0.00000005441
0.00000005316
0.00000005673
0.00000005357
0.00000005579
0.00000005537
0.00000006289
0.00000003770
0.00000004693
0.00000005288
0.00000006947
0.00000005410
0.00000007242
0.00000006120
0.00000005374
0.00000004223
0.00000005228
0.00000003798
0.00000004391
0.00000002574
0.00000003204
0.00000003520
0.00000002927
0.00000002265
0.00000001367
0.00000003009
0.00000001927
0.00000003841
0.00000005715
0.00000004625
0.00000004273
0.00000006519
0.00000006197
0.00000005830
0.00000004473
0.00000004376
0.00000004527
0.00000004524
0.00000003928
0.00000003555
0.00000003284
0.00000005456
0.00000004477
0.00000003861
0.00000002906
0.00000004830
0.00000003446
0.00000005193
0.00000004528
0.00000003924
0.00000005266
0.00000004803
0.00000004369
0.00000006694
0.00000005909
0.00000005544
0.00000005313
0.00000005550
0.00000005301
0.00000005943
0.00000006732
0.00000004703
0.00000005975
0.00000007510
0.00000006191
0.00000005547
0.00000005010
0.00000004643
0.00000006312
0.00000005959
0.00000005315
0.00000005327
0.00000005680
0.00000006055
0.00000007011
0.00000005267
0.00000005837
0.00000004074
0.00000004322
0.00000004931
0.00000001996
0.00000002077
0.00000004290
0.00000003109
0.00000002364
0.00000004162
0.00000002546
0.00000004260
0.00000003425
0.00000004502
0.00000003149
0.00000004063
0.00000001418
0.00000001949
0.00000002111
0.00000002781
0.00000003330
0.00000003905
0.00000004759
0.00000005481
0.00000006779
0.00000005407
0.00000006038
0.00000004727
0.00000006086
0.00000004545
0.00000006276
0.00000004738
0.00000003315
0.00000004193
0.00000002437
0.00000002864
0.00000003830
0.00000004708
0.00000004787
0.00000002520
0.00000002725
0.00000002231
0.00000000650
0.00000001965
0.00000003484
0.00000002636
0.00000003485
0.00000004562
0.00000002810
0.00000003684
0.00000003735
0.00000004429
0.00000004152
0.00000003838
0.00000003747
0.00000003833
0.00000002966
0.00000002379
0.00000003984
0.00000002069
0.00000003122
0.00000003952
0.00000001747
0.00000001094
0.00000003334
0.00000002193
0.00000001669
0.00000004030
0.00000003841
0.00000005502
0.00000005306
0.00000005335
0.00000005522
0.00000005438
0.00000005944
0.00000006767
0.00000004820
0.00000006142
0.00000007373
0.00000006522
0.00000005875
0.00000004831
0.00000007142
0.00000006710
0.00000006828
0.00000006709
0.00000007438
0.00000005510
0.00000005591
0.00000006125
0.00000003553
0.00000003793
0.00000003658
0.00000004008
0.00000004034
0.00000004423
0.00000004142
0.00000004179
0.00000003842
0.00000004048
0.00000003739
0.00000003892
0.00000003519
0.00000003972
0.00000004037
0.00000004783
0.00000005737
0.00000006392
0.00000004789
0.00000005947
0.00000004392
0.00000005144
0.00000003716
0.00000004820
0.00000005300
0.00000003760
0.00000004285
0.00000004289
0.00000001661
0.00000004089
0.00000003452
0.00000003268
0.00000003003
0.00000005692
0.00000005613
0.00000005365
0.00000004833
0.00000005362
0.00000005989
0.00000006736
0.00000007541
0.00000005993
0.00000006471
0.00000005470
0.00000003484
0.00000004792
0.00000006583
0.00000006301
0.00000005926
0.00000005874
0.00000006086
0.00000006995
0.00000007914
0.00000006342
0.00000007920
0.00000007403
0.00000006683
0.00000006667
0.00000006718
0.00000006834
0.00000004728
0.00000005408
0.00000006190
0.00000006619
0.00000005331
0.00000007445
0.00000006535
0.00000006251
0.00000006696
0.00000007757
0.00000008470
0.00000007456
0.00000006616
0.00000005970
0.00000005305
0.00000006924
0.00000006640
0.00000006760
0.00000007062
0.00000007197
0.00000004588
0.00000003786
0.00000002805
0.00000002031
0.00000003476
0.00000001741
0.00000002632
0.00000003206
0.00000003653
0.00000004298
0.00000004363
0.00000004825
0.00000005109
0.00000005061
0.00000002233
0.00000004539
0.00000004063
0.00000002727
0.00000004174
0.00000003001
0.00000003907
0.00000001875
0.00000002431
0.00000002774
0.00000003220
0.00000003568
0.00000003646
0.00000003145
0.00000002964
0.00000002523
0.00000002227
0.00000004420
0.00000003641
0.00000002489
0.00000003520
0.00000001679
0.00000001935
0.00000001339
0.00000000884
0.00000002828
0.00000001987
0.00000003630
0.00000002733
0.00000004485
0.00000003266
0.00000004479
0.00000003657
0.00000005369
0.00000004735
0.00000004176
0.00000006345
0.00000005449
0.00000005456
0.00000005348
0.00000005504
0.00000005641
0.00000005325
0.00000005448
0.00000005482
0.00000005349
0.00000005546
0.00000005501
0.00000005176
0.00000005435
0.00000005862
0.00000005668
0.00000005667
0.00000005966
0.00000005649
0.00000005615
0.00000005507
0.00000004937
0.00000005005
0.00000004535
0.00000004550
0.00000004695
0.00000004332
0.00000004656
0.00000005011
0.00000005319
0.00000005427
0.00000004852
0.00000004762
0.00000004545
0.00000004001
0.00000003228
0.00000002378
0.00000003812
0.00000002730
0.00000004300
0.00000003183
0.00000004040
0.00000002852
0.00000004361
0.00000005910
0.00000004891
0.00000005810
0.00000004630
0.00000003444
0.00000004989
0.00000003304
0.00000004984
0.00000004411
0.00000006500
0.00000005869
0.00000004636
0.00000004130
0.00000003228
0.00000005008
0.00000004206
0.00000002575
0.00000004036
0.00000003178
0.00000004937
0.00000004242
0.00000005732
0.00000005154
0.00000004507
0.00000003684
0.00000005172
0.00000003891
0.00000001810
0.00000002816
0.00000003167
0.00000002812
0.00000002894
0.00000002928
0.00000003078
0.00000005598
0.00000005503
0.00000005399
0.00000004617
0.00000004695
0.00000004891
0.00000005174
0.00000005059
0.00000004966
0.00000004902
0.00000004782
0.00000003896
0.00000002051
0.00000003012
0.00000001172
0.00000002207
0.00000002535
0.00000003287
0.00000003903
0.00000004249
0.00000004229
0.00000004706
0.00000004979
0.00000004938
0.00000004991
0.00000004323
0.00000004031
0.00000003841
0.00000002845
0.00000004734
0.00000004085
0.00000002594
0.00000004097
0.00000003157
0.00000003933
0.00000002186
0.00000002952
0.00000002977
0.00000003186
0.00000002458
0.00000002527
0.00000002386
0.00000004326
0.00000004121
0.00000003536
0.00000002168
0.00000003482
0.00000002179
0.00000002995
0.00000004088
0.00000004542
0.00000002692
0.00000003417
0.00000003218
0.00000003315
0.00000002730
0.00000002316
0.00000001686
0.00000003232
0.00000002775
0.00000004677
0.00000003270
0.00000004699
0.00000002709
0.00000004178
0.00000003370
0.00000005047
0.00000003752
0.00000005752
0.00000004862
0.00000004500
0.00000006754
0.00000005984
0.00000005759
0.00000005960
0.00000006253
0.00000006387
0.00000007431
0.00000006110
0.00000006812
0.00000005877
0.00000005358
0.00000007565
0.00000007751
0.00000005425
0.00000006144
0.00000006709
0.00000005138
0.00000006562
0.00000005631
0.00000007347
0.00000007417
0.00000007605
0.00000008470
0.00000006355
0.00000007744
0.00000006684
0.00000005541
0.00000005070
0.00000007051
0.00000007499
0.00000007940
0.00000005547
0.00000006335
0.00000007443
0.00000005919
0.00000007539
0.00000006598
0.00000005733
0.00000004539
0.00000004041
0.00000006506
0.00000006661
0.00000006582
0.00000006972
0.00000005210
0.00000006352
0.00000007376
0.00000006573
0.00000005993
0.00000005489
0.00000005304
0.00000005143
0.00000004872
0.00000005000
0.00000005287
0.00000005437
0.00000005346
0.00000006506
0.00000004353
0.00000005330
0.00000006596
0.00000005202
0.00000006334
0.00000005063
0.00000003806
0.00000005664
0.00000004302
0.00000006132
0.00000005433
0.00000004967
0.00000004433
0.00000006385
0.00000005649
0.00000005085
0.00000003620
0.00000002457
0.00000003979
0.00000002445
0.00000003026
0.00000003071
0.00000002470
0.00000001448
0.00000002939
0.00000001585
0.00000002433
0.00000002051
0.00000001701
0.00000001405
0.00000001349
0.00000003835
0.00000003549
0.00000004041
0.00000004701
0.00000005710
0.00000006865
0.00000005175
0.00000006015
0.00000004469
0.00000005293
0.00000004085
0.00000005632
0.00000004542
0.00000007247
0.00000007534
0.00000007593
0.00000005212
0.00000005130
0.00000005557
0.00000005842
0.00000006937
0.00000005025
0.00000006004
0.00000005096
0.00000006785
0.00000005307
0.00000004406
0.00000005581
0.00000004578
0.00000003241
0.00000004772
0.00000003657
0.00000004274
0.00000002941
0.00000003730
0.00000005208
0.00000003837
0.00000004868
0.00000003759
0.00000005382
0.00000004551
0.00000005801
0.00000005214
0.00000004476
0.00000005625
0.00000004393
0.00000002576
0.00000003797
0.00000004923
0.00000003428
0.00000004383
0.00000005174
0.00000002571
0.00000002885
0.00000003373
0.00000004154
0.00000004914
0.00000005938
0.00000004439
0.00000005318
0.00000006269
0.00000004588
0.00000005293
0.00000004303
0.00000004818
0.00000003675
0.00000004075
0.00000004996
0.00000003222
0.00000004912
0.00000006310
0.00000005570
0.00000007740
0.00000007315
0.00000006834
0.00000007521
0.00000007324
0.00000004858
0.00000004938
0.00000005355
0.00000005678
0.00000006078
0.00000003628
0.00000003764
0.00000003988
0.00000004155
0.00000003614
0.00000003404
0.00000002859
0.00000002270
0.00000004094
0.00000002631
0.00000003703
0.00000001314
0.00000001219
0.00000000698
0.00000002862
0.00000001639
0.00000003668
0.00000002865
0.00000004626
0.00000004298
0.00000003966
0.00000005660
0.00000005854
0.00000006398
0.00000006664
0.00000007332
0.00000005633
0.00000006466
0.00000005818
0.00000007546
0.00000007773
0.00000008426
0.00000008916
0.00000007953
0.00000007114
0.00000005944
0.00000005438
0.00000005189
0.00000004956
0.00000004864
0.00000004583
0.00000003877
0.00000003682
0.00000003454
0.00000005197
0.00000004938
0.00000004563
0.00000003641
0.00000003041
0.00000004925
0.00000003932
0.00000002638
0.00000004297
0.00000003190
0.00000004128
0.00000002653
0.00000003451
0.00000004370
0.00000002481
0.00000002893
0.00000003833
0.00000004951
0.00000006000
0.00000003927
0.00000004201
0.00000004230
0.00000003815
0.00000003308
0.00000002134
0.00000000795
0.00000001588
0.00000002362
0.00000003133
0.00000003962
0.00000005071
0.00000006204
0.00000004703
0.00000005722
0.00000004294
0.00000005581
0.00000003530
0.00000004800
0.00000003112
0.00000003800
0.00000004659
0.00000003379
0.00000004377
0.00000005545
0.00000004082
0.00000004959
0.00000002559
0.00000003326
0.00000003713
0.00000003581
0.00000003767
0.00000003387
0.00000002801
0.00000001661
0.00000003437
0.00000002701
0.00000004560
0.00000003175
0.00000004966
0.00000003968
0.00000005414
0.00000003665
0.00000002469
0.00000003841
0.00000004999
0.00000003471
0.00000004541
0.00000001793
0.00000001700
0.00000001593
0.00000003242
0.00000002412
0.00000003975
0.00000002656
0.00000003201
0.00000004278
0.00000002979
0.00000003974
0.00000005552
0.00000004823
0.00000006193
0.00000005811
0.00000005471
0.00000004367
0.00000003815
0.00000005608
0.00000005419
0.00000005375
0.00000004579
0.00000004298
0.00000003230
0.00000002469
0.00000003764
0.00000002490
0.00000004706
0.00000004467
0.00000006018
0.00000005127
0.00000004848
0.00000004825
0.00000004111
0.00000003959
0.00000005682
0.00000004973
0.00000003678
0.00000002896
0.00000004628
0.00000003550
0.00000004706
0.00000003142
0.00000003485
0.00000001149
0.00000001244
0.00000003236
0.00000002852
0.00000002441
0.00000004056
0.00000003699
0.00000003497
0.00000005216
0.00000005069
0.00000004884
0.00000004469
0.00000004545
0.00000004984
0.00000005101
0.00000005746
0.00000006434
0.00000004170
0.00000005247
0.00000006112
0.00000004405
0.00000005597
0.00000003935
0.00000004309
0.00000005322
0.00000003550
0.00000003931
0.00000004940
0.00000003388
0.00000004633
0.00000005219
0.00000006081
0.00000004486
0.00000005427
0.00000003101
0.00000003697
0.00000004149
0.00000004249
0.00000003853
0.00000002860
0.00000002062
0.00000003819
0.00000002872
0.00000004795
0.00000003437
0.00000005829
0.00000006002
0.00000006460
0.00000006855
0.00000007308
0.00000004929
0.00000005169
0.00000004643
0.00000004707
0.00000004402
0.00000003683
0.00000003359
0.00000003372
0.00000005894
0.00000005773
0.00000006173
0.00000007051
0.00000005267
0.00000005885
0.00000006231
0.00000004636
0.00000005926
0.00000004949
0.00000006355
0.00000005602
0.00000005166
0.00000004897
0.00000006674
0.00000006518
0.00000006483
0.00000006578
0.00000006997
0.00000004919
0.00000005156
0.00000005919
0.00000004371
0.00000005027
0.00000004929
0.00000002834
0.00000003469
0.00000004256
0.00000004578
0.00000005199
0.00000006165
0.00000004708
0.00000005290
0.00000003632
0.00000004637
0.00000005775
0.00000003471
0.00000004209
0.00000005057
0.00000003267
0.00000003558
0.00000004022
0.00000004525
0.00000005014
0.00000004903
0.00000002603
0.00000002811
0.00000005466
0.00000005677
0.00000005548
0.00000005790
0.00000006224
0.00000006855
0.00000004595
0.00000005035
0.00000005295
0.00000005358
0.00000003025
0.00000002762
0.00000003503
0.00000004518
0.00000005487
0.00000006619
0.00000004508
0.00000005308
0.00000003395
0.00000003964
0.00000004768
0.00000005656
0.00000003723
0.00000004632
0.00000005604
0.00000006710
0.00000004867
0.00000006240
0.00000004848
0.00000003690
0.00000005665
0.00000005169
0.00000007413
0.00000006709
0.00000007058
0.00000007494
0.00000005671
0.00000006121
0.00000007356
0.00000006337
0.00000004999
0.00000007305
0.00000007324
0.00000007027
0.00000007398
0.00000005265
0.00000005357
0.00000006148
0.00000007059
0.00000005483
0.00000005852
0.00000004547
0.00000006269
0.00000005384
0.00000006375
0.00000005367
0.00000004292
0.00000005375
0.00000003675
0.00000004871
0.00000003596
0.00000004569
0.00000006004
0.00000004711
0.00000003408
0.00000004900
0.00000003775
0.00000005455
0.00000003977
0.00000005859
0.00000005240
0.00000004700
0.00000004287
0.00000006622
0.00000006697
0.00000006398
0.00000006789
0.00000005131
0.00000006251
0.00000007637
0.00000006754
0.00000005924
0.00000005621
0.00000005842
0.00000005712
0.00000006228
0.00000007011
0.00000005161
0.00000005463
0.00000006215
0.00000004698
0.00000005148
0.00000005898
0.00000003388
0.00000003727
0.00000004064
0.00000003594
0.00000003543
0.00000003553
0.00000002887
0.00000002761
0.00000005281
0.00000005151
0.00000004718
0.00000003816
0.00000003443
0.00000002807
0.00000004721
0.00000004068
0.00000003297
0.00000005319
0.00000004053
0.00000003282
0.00000005281
0.00000004550
0.00000003848
0.00000005769
0.00000004314
0.00000003178
0.00000004775
0.00000003428
0.00000004716
0.00000003343
0.00000004182
0.00000005921
0.00000005372
0.00000004944
0.00000007056
0.00000007063
0.00000006801
0.00000006367
0.00000006612
0.00000004415
0.00000004982
0.00000005225
0.00000006297
0.00000004643
0.00000005417
0.00000005770
0.00000004225
0.00000005319
0.00000005875
0.00000003816
0.00000004375
0.00000004530
0.00000003700
0.00000003390
0.00000002374
0.00000004126
0.00000003343
0.00000004704
0.00000003029
0.00000004526
0.00000003309
0.00000004005
0.00000005174
0.00000003874
0.00000004808
0.00000003257
0.00000004349
0.00000005608
0.00000004450
0.00000005705
0.00000004705
0.00000006103
0.00000004771
0.00000002546
0.00000003416
0.00000004189
0.00000005164
0.00000002634
0.00000002863
0.00000003212
0.00000003692
0.00000003979
0.00000003775
0.00000003947
0.00000004069
0.00000004088
0.00000003810
0.00000003999
0.00000004394
0.00000005080
0.00000005223
0.00000005924
0.00000006284
0.00000003975
0.00000003764
0.00000004353
0.00000004818
0.00000004767
0.00000004978
0.00000005320
0.00000005313
0.00000005824
0.00000005591
0.00000005824
0.00000003485
0.00000003115
0.00000002758
0.00000002349
0.00000003956
0.00000003694
0.00000003331
0.00000005575
0.00000004587
0.00000003860
0.00000003474
0.00000005613
0.00000005245
0.00000004748
0.00000003561
0.00000003052
0.00000005156
0.00000004850
0.00000004558
0.00000004490
0.00000004324
0.00000004024
0.00000004045
0.00000004256
0.00000004599
0.00000004966
0.00000005392
0.00000005865
0.00000003695
0.00000003583
0.00000003464
0.00000003414
0.00000003141
0.00000005398
0.00000004501
0.00000004222
0.00000004068
0.00000003927
0.00000003853
0.00000005947
0.00000005251
0.00000005465
0.00000005723
0.00000006398
0.00000006575
0.00000004719
0.00000005653
0.00000006375
0.00000005369
0.00000006289
0.00000005450
0.00000003825
0.00000005468
0.00000004679
0.00000006528
0.00000006352
0.00000005644
0.00000005472
0.00000004746
0.00000004769
0.00000004472
0.00000004995
0.00000005995
0.00000006802
0.00000006029
0.00000007507
0.00000007017
0.00000006042
0.00000005775
0.00000005627
0.00000006311
0.00000006592
0.00000007046
0.00000004502
0.00000005080
0.00000005136
0.00000004884
0.00000004686
0.00000003724
0.00000002512
0.00000004157
0.00000002674
0.00000003822
0.00000004268
0.00000002020
0.00000002278
0.00000001885
0.00000001631
0.00000004040
0.00000003181
0.00000003207
0.00000005579
0.00000005644
0.00000005889
0.00000006045
0.00000006972
0.00000005028
0.00000006451
0.00000005081
0.00000006785
0.00000005865
0.00000004635
0.00000006848
0.00000006122
0.00000006165
0.00000006118
0.00000005543
0.00000005515
0.00000005254
0.00000005189
0.00000004896
0.00000004077
0.00000003922
0.00000003445
0.00000003475
0.00000005658
0.00000004996
0.00000003346
0.00000002153
0.00000002990
0.00000003956
0.00000001997
0.00000001857
0.00000001919
0.00000001751
0.00000003416
0.00000002506
0.00000001368
0.00000001996
0.00000003220
0.00000003690
0.00000004151
0.00000004354
0.00000004620
0.00000004660
0.00000005156
0.00000005314
0.00000005173
0.00000005272
0.00000005477
0.00000005153
0.00000005273
0.00000005641
0.00000005691
0.00000006110
0.00000003273
0.00000003477
0.00000003325
0.00000002469
0.00000004832
0.00000004985
0.00000004309
0.00000004160
0.00000003661
0.00000002320
0.00000004140
0.00000003370
0.00000005418
0.00000004145
0.00000003023
0.00000004599
0.00000003199
0.00000004478
0.00000002950
0.00000004591
0.00000006257
0.00000004978
0.00000003395
0.00000003823
0.00000002116
0.00000002515
0.00000002854
0.00000002661
0.00000001716
0.00000001151
0.00000002860
0.00000001758
0.00000002966
0.00000004865
0.00000004172
0.00000005700
0.00000004881
0.00000003996
0.00000005728
0.00000003982
0.00000002669
0.00000003807
0.00000004565
0.00000002506
0.00000002861
0.00000002683
0.00000003191
0.00000003338
0.00000003501
0.00000003582
0.00000002627
0.00000002136
0.00000004126
0.00000003325
0.00000002201
0.00000003497
0.00000001498
0.00000002279
0.00000002634
0.00000002717
0.00000002337
0.00000001819
0.00000003180
0.00000002048
0.00000003282
0.00000001981
0.00000003124
0.00000003866
0.00000004234
0.00000003865
0.00000003638
0.00000003028
0.00000001821
0.00000003630
0.00000002878
0.00000004067
0.00000003551
0.00000005648
0.00000005013
0.00000004111
0.00000006343
0.00000005909
0.00000005777
0.00000005428
0.00000006295
0.00000006948
0.00000008021
0.00000006597
0.00000005938
0.00000004932
0.00000007563
0.00000007459
0.00000008171
0.00000005913
0.00000007173
0.00000005604
0.00000007058
0.00000006688
0.00000006214
0.00000006040
0.00000006164
0.00000006940
0.00000007336
0.00000005170
0.00000006399
0.00000004389
0.00000005105
0.00000005824
0.00000004051
0.00000004513
0.00000005399
0.00000003260
0.00000003910
0.00000004794
0.00000006358
0.00000004881
0.00000006780
0.00000005761
0.00000005246
0.00000004359
0.00000006319
0.00000006300
0.00000006861
0.00000007313
0.00000008310
0.00000006560
0.00000004687
0.00000005080
0.00000006301
0.00000004699
0.00000005860
0.00000004116
0.00000005569
0.00000004886
0.00000007138
0.00000006609
0.00000006625
0.00000006932
0.00000007038
0.00000004568
0.00000004393
0.00000004742
0.00000005988
0.00000006969
0.00000005593
0.00000006473
0.00000006063
0.00000004745
0.00000006882
0.00000007300
0.00000007524
0.00000008106
0.00000006322
0.00000006962
0.00000004982
0.00000005624
0.00000005983
0.00000003951
0.00000004449
0.00000004643
0.00000005092
0.00000003302
0.00000003932
0.00000004311
0.00000005061
0.00000006149
0.00000004637
0.00000005830
0.00000004984
0.00000007111
0.00000006729
0.00000006619
0.00000006450
0.00000006097
0.00000005747
0.00000005324
0.00000004472
0.00000003503
0.00000002042
0.00000003513
0.00000001986
0.00000003216
0.00000004428
0.00000002752
0.00000003734
0.00000004047
0.00000005285
0.00000003610
0.00000005052
0.00000006090
0.00000004640
0.00000005228
0.00000003585
0.00000004633
0.00000005551
0.00000003516
0.00000004142
0.00000004622
0.00000005279
0.00000002716
0.00000003190
0.00000003227
0.00000002984
0.00000002667
0.00000002257
0.00000004172
0.00000002742
0.00000003929
0.00000002163
0.00000002599
0.00000002763
0.00000003115
0.00000002831
0.00000003159
0.00000003252
0.00000003116
0.00000002266
0.00000001745
0.00000003770
0.00000003268
0.00000004636
0.00000003610
0.00000002388
0.00000003798
0.00000001989
0.00000003424
0.00000004316
0.00000002960
0.00000004268
0.00000005440
0.00000004360
0.00000005594
0.00000004348
0.00000005574
0.00000004632
0.00000006378
0.00000005575
0.00000004451
0.00000006433
0.00000006185
0.00000005321
0.00000005006
0.00000004251
0.00000003995
0.00000003400
0.00000005740
0.00000004899
0.00000004427
0.00000003922
0.00000002990
0.00000005138
0.00000004497
0.00000003319
0.00000004896
0.00000003346
0.00000004538
0.00000003086
0.00000004398
0.00000005382
0.00000003592
0.00000004999
0.00000003591
0.00000004838
0.00000005697
0.00000003748
0.00000003637
0.00000003823
0.00000003638
0.00000003139
0.00000002451
0.00000003566
0.00000002242
0.00000003256
0.00000003992
0.00000001685
0.00000001095
0.00000003206
0.00000002627
0.00000002094
0.00000004148
0.00000003611
0.00000005419
0.00000005284
0.00000004991
0.00000004874
0.00000004956
0.00000005023
0.00000004610
0.00000004706
0.00000005016
0.00000005767
0.00000006897
0.00000005494
0.00000006944
0.00000005725
0.00000004307
0.00000006253
0.00000005878
0.00000005795
0.00000005587
0.00000006222
0.00000007294
0.00000006217
0.00000007306
0.00000006616
0.00000006489
0.00000005836
0.00000006454
0.00000007374
0.00000007860
0.00000006195
0.00000004955
0.00000005591
0.00000006812
0.00000004853
0.00000005797
0.00000003882
0.00000005047
0.00000003624
0.00000004358
0.00000005323
0.00000003501
0.00000003542
0.00000003747
0.00000003467
0.00000003537
0.00000002703
0.00000002261
0.00000003686
0.00000002900
0.00000004769
0.00000003950
0.00000002801
0.00000004707
0.00000003246
0.00000004945
0.00000004093
0.00000005916
0.00000004410
0.00000003548
0.00000005222
0.00000004471
0.00000006131
0.00000005911
0.00000005754
0.00000005012
0.00000005043
0.00000004948
0.00000005589
0.00000006716
0.00000007342
0.00000006425
0.00000007463
0.00000005576
0.00000004388
0.00000005356
0.00000003996
0.00000004761
0.00000003013
0.00000003980
0.00000005501
0.00000004141
0.00000005738
0.00000003921
0.00000005363
0.00000003748
0.00000004964
0.00000004057
0.00000005289
0.00000004448
0.00000005648
0.00000004404
0.00000002523
0.00000003161
0.00000003373
0.00000003786
0.00000003449
0.00000003334
0.00000002025
0.00000001117
0.00000002059
0.00000002114
0.00000002355
0.00000002001
0.00000000750
0.00000002070
0.00000002899
0.00000001542
0.00000002798
0.00000003490
0.00000004379
0.00000005894
0.00000004383
0.00000005895
0.00000004887
0.00000005881
0.00000005232
0.00000004862
0.00000007036
0.00000007217
0.00000007069
0.00000004969
0.00000005514
0.00000006217
0.00000004535
0.00000004900
0.00000005860
0.00000004695
0.00000006096
0.00000004471
0.00000005920
0.00000004517
0.00000006591
0.00000006107
0.00000005597
0.00000004955
0.00000005354
0.00000006212
0.00000007500
0.00000005692
0.00000007001
0.00000005233
0.00000003792
0.00000004957
0.00000002923
0.00000004044
0.00000004984
0.00000002961
0.00000003013
0.00000003320
0.00000003711
0.00000003944
0.00000003669
0.00000004004
0.00000004653
0.00000005445
0.00000005766
0.00000004152
0.00000005201
0.00000005929
0.00000003780
0.00000004515
0.00000005307
0.00000004023
0.00000004700
0.00000005951
0.00000004711
0.00000005819
0.00000003712
0.00000004442
0.00000002053
0.00000001855
0.00000000463
0.00000002246
0.00000000798
0.00000001451
0.00000002434
0.00000003213
0.00000003493
0.00000004125
0.00000004650
0.00000004904
0.00000005211
0.00000002547
0.00000004274
0.00000003626
0.00000002580
0.00000004137
0.00000003181
0.00000004913
0.00000003291
0.00000004543
0.00000003405
0.00000004455
0.00000002561
0.00000003551
0.00000004163
0.00000005409
0.00000004269
0.00000005505
0.00000004332
0.00000005047
0.00000003964
0.00000005620
0.00000004681
0.00000006705
0.00000006170
0.00000005548
0.00000005006
0.00000004570
0.00000004166
0.00000006507
0.00000005858
0.00000005783
0.00000005867
0.00000006325
0.00000006330
0.00000006307
0.00000003831
0.00000003847
0.00000004220
0.00000004589
0.00000004011
0.00000004058
0.00000004062
0.00000003967
0.00000004369
0.00000003464
0.00000003451
0.00000002346
0.00000004268
0.00000003599
0.00000005584
0.00000005170
0.00000005165
0.00000005353
0.00000005645
0.00000005883
0.00000005527
0.00000005633
0.00000003135
0.00000003309
0.00000003608
0.00000004190
0.00000005142
0.00000006722
0.00000008746
0.00000008620
0.00000008918
0.00000007326
0.00000008579
0.00000007595
0.00000006552
0.00000006217
0.00000006148
0.00000006198
0.00000006603
0.00000007070
0.00000004890
0.00000005608
0.00000005864
0.00000004156
0.00000005147
0.00000006120
0.00000004376
0.00000006058
0.00000005206
0.00000007026
0.00000006261
0.00000005047
0.00000004469
0.00000007151
0.00000007422
0.00000007918
0.00000005602
0.00000006708
0.00000005639
0.00000007272
0.00000005813
0.00000005365
0.00000004756
0.00000007082
0.00000006530
0.00000006519
0.00000006835
0.00000007208
0.00000004813
0.00000005632
0.00000006659
0.00000004684
0.00000006325
0.00000005478
0.00000007152
0.00000006266
0.00000005004
0.00000004411
0.00000003989
0.00000005933
0.00000004384
0.00000003188
0.00000004572
0.00000002943
0.00000003152
0.00000003536
0.00000003571
0.00000003468
0.00000002371
0.00000001555
0.00000003151
0.00000001084
0.00000001980
0.00000002617
0.00000002689
0.00000002701
0.00000002395
0.00000001267
0.00000003054
0.00000002036
0.00000003232
0.00000004727
0.00000003061
0.00000003865
0.00000004777
0.00000002838
0.00000003869
0.00000004974
0.00000006574
0.00000005775
0.00000007769
0.00000007262
0.00000007033
0.00000006394
0.00000006499
0.00000006828
0.00000004599
0.00000004961
0.00000005048
0.00000005020
0.00000004934
0.00000004501
0.00000004686
0.00000005240
0.00000006135
0.00000007011
0.00000004955
0.00000005946
0.00000004268
0.00000005183
0.00000005682
0.00000003802
0.00000004736
0.00000005602
0.00000004905
0.00000007064
0.00000006417
0.00000006104
0.00000006259
0.00000006193
0.00000006722
0.00000007303
0.00000005499
0.00000006070
0.00000004189
0.00000004638
0.00000005050
0.00000004655
0.00000002327
0.00000004972
0.00000004542
0.00000004468
0.00000004117
0.00000003899
0.00000002967
0.00000005168
0.00000004663
0.00000003671
0.00000002650
0.00000004001
0.00000003241
0.00000004963
0.00000004388
0.00000006641
0.00000006108
0.00000005506
0.00000004797
0.00000005211
0.00000004917
0.00000005138
0.00000005236
0.00000005716
0.00000006140
0.00000006040
0.00000002717
0.00000002624
0.00000005200
0.00000005160
0.00000004888
0.00000004397
0.00000004133
0.00000003774
0.00000002736
0.00000005114
0.00000004724
0.00000004325
0.00000003533
0.00000002871
0.00000004886
0.00000004592
0.00000004309
0.00000004316
0.00000006923
0.00000007221
0.00000005337
0.00000006375
0.00000007604
0.00000006200
0.00000004477
0.00000006022
0.00000005200
0.00000007238
0.00000006672
0.00000005455
0.00000004287
0.00000003184
0.00000004666
0.00000002924
0.00000004050
0.00000002441
0.00000003274
0.00000004904
0.00000006713
0.00000005848
0.00000004903
0.00000004556
0.00000006853
0.00000006077
0.00000005995
0.00000006006
0.00000005609
0.00000005475
0.00000005143
0.00000004040
0.00000003098
0.00000002626
0.00000004536
0.00000003383
0.00000005025
0.00000003618
0.00000001697
0.00000003161
0.00000004818
0.00000006165
0.00000005854
0.00000005742
0.00000004866
0.00000004506
0.00000003922
0.00000006323
0.00000005631
0.00000005547
0.00000005398
0.00000005074
0.00000005382
0.00000005199
0.00000005830
0.00000006637
0.00000005030
0.00000005507
0.00000006735
0.00000004728
0.00000005937
0.00000004363
0.00000005595
0.00000004148
0.00000004972
0.00000002452
0.00000002707
0.00000002654
0.00000002350
0.00000001183
0.00000002805
0.00000001677
0.00000002865
0.00000003439
0.00000004475
0.00000002686
0.00000003555
0.00000004593
0.00000004971
0.00000003334
0.00000003961
0.00000004581
0.00000005205
0.00000002819
0.00000003536
0.00000004301
0.00000004933
0.00000005817
0.00000004628
0.00000005508
0.00000007162
0.00000006405
0.00000005779
0.00000004682
0.00000004300
0.00000006625
0.00000007169
0.00000007654
0.00000005509
0.00000006827
0.00000005330
0.00000006919
0.00000005595
0.00000004814
0.00000007190
0.00000007023
0.00000007059
0.00000007745
0.00000005393
0.00000005637
0.00000006193
0.00000003539
0.00000003816
0.00000003619
0.00000003784
0.00000003268
0.00000002852
0.00000001651
0.00000003920
0.00000002670
0.00000004415
0.00000002615
0.00000003673
0.00000001165
0.00000001639
0.00000001381
0.00000004195
0.00000003658
0.00000003422
0.00000002355
0.00000004214
0.00000003191
0.00000005007
0.00000003956
0.00000005042
0.00000003985
0.00000004889
0.00000003952
0.00000005342
0.00000004545
0.00000006457
0.00000005960
0.00000005182
0.00000004775
0.00000004442
0.00000003314
0.00000005027
0.00000004367
0.00000003426
0.00000004445
0.00000003352
0.00000004957
0.00000003195
0.00000004362
0.00000002878
0.00000003829
0.00000004052
0.00000004797
0.00000002695
0.00000003138
0.00000002901
0.00000002662
0.00000002249
0.00000001379
0.00000002710
0.00000003751
0.00000001168
0.00000001780
0.00000002115
0.00000002447
0.00000005154
0.00000004918
0.00000005216
0.00000002648
0.00000002668
0.00000004853
0.00000003867
0.00000003138
0.00000002556
0.00000004346
0.00000003255
0.00000005451
0.00000005029
0.00000004683
0.00000004525
0.00000006938
0.00000006832
0.00000006285
0.00000006688
0.00000004784
0.00000005035
0.00000005744
0.00000006643
0.00000005137
0.00000006428
0.00000005937
0.00000007707
0.00000007665
0.00000005654
0.00000005956
0.00000007004
0.00000007606
0.00000006442
0.00000004654
0.00000005915
0.00000003524
0.00000004168
0.00000003597
0.00000002847
0.00000002235
0.00000000768
0.00000002082
0.00000002832
0.00000003201
0.00000003587
0.00000003052
0.00000001590
0.00000000336
0.00000000859
0.00000002054
0.00000002511
0.00000002758
0.00000002712
0.00000002771
0.00000001792
0.00000003563
0.00000002190
0.00000003732
0.00000001697
0.00000002432
0.00000002615
0.00000002308
0.00000000926
0.00000002219
0.00000000432
0.00000000657
-0.00000000381
0.00000000947
-0.00000000554
0.00000000523
0.00000003041
0.00000003463
0.00000003939
0.00000004538
0.00000004505
0.00000004637
0.00000005313
0.00000006307
0.00000004537
0.00000005871
0.00000007434
0.00000006088
0.00000005485
0.00000005224
0.00000004503
0.00000007421
0.00000007755
0.00000005764
0.00000006322
0.00000005089
0.00000006716
0.00000006010
0.00000007789
0.00000007999
0.00000008057
0.00000006157
0.00000007093
0.00000005488
0.00000006573
0.00000005023
0.00000005755
0.00000003280
0.00000003859
0.00000004341
0.00000004895
0.00000004768
0.00000004190
0.00000003499
0.00000002271
0.00000003478
0.00000001493
0.00000001941
0.00000001678
0.00000001894
0.00000001857
0.00000004128
0.00000003974
0.00000002039
0.00000002773
0.00000000691
0.00000001415
0.00000001925
0.00000002309
0.00000002396
0.00000002719
0.00000002797
0.00000003021
0.00000002682
0.00000002567
0.00000004801
0.00000004332
0.00000003906
0.00000003081
0.00000002060
0.00000003040
0.00000005133
0.00000003863
0.00000005842
0.00000005262
0.00000004819
0.00000004309
0.00000003896
0.00000005760
0.00000005347
0.00000005047
0.00000004648
0.00000003963
0.00000002535
0.00000003944
0.00000002650
0.00000003919
0.00000002021
0.00000002898
0.00000003872
0.00000004511
0.00000005012
0.00000001996
0.00000002191
0.00000002473
0.00000005725
0.00000006339
0.00000004702
0.00000006279
0.00000008050
0.00000007297
0.00000006516
0.00000005427
0.00000004893
0.00000004193
0.00000003357
0.00000005068
0.00000004256
0.00000003386
0.00000004967
0.00000004268
0.00000003260
0.00000004411
0.00000002897
0.00000004168
0.00000002993
0.00000004341
0.00000006004
0.00000005230
0.00000006463
0.00000005803
0.00000005552
0.00000005649
0.00000005943
0.00000005953
0.00000006739
0.00000004853
0.00000005666
0.00000006808
0.00000005101
0.00000006540
0.00000005443
0.00000004588
0.00000005867
0.00000004798
0.00000003615
0.00000005115
0.00000004088
0.00000005714
0.00000004364
0.00000005915
0.00000004533
0.00000003018
0.00000003975
0.00000001769
0.00000002596
0.00000003088
0.00000003682
0.00000004434
0.00000005187
0.00000005835
0.00000004250
0.00000005688
0.00000004440
0.00000006126
0.00000005213
0.00000004475
0.00000006369
0.00000005743
0.00000004843
0.00000004570
0.00000004597
0.00000005069
0.00000005831
0.00000006394
0.00000004375
0.00000005267
0.00000006047
0.00000004250
0.00000005086
0.00000005630
0.00000004065
0.00000004912
0.00000006216
0.00000005222
0.00000006744
0.00000005029
0.00000003873
0.00000005416
0.00000004470
0.00000006048
0.00000005012
0.00000003462
0.00000004771
0.00000003425
0.00000004693
0.00000003276
0.00000003816
0.00000004896
0.00000003386
0.00000004351
0.00000004828
0.00000003316
0.00000004562
0.00000005692
0.00000003991
0.00000005240
0.00000003475
0.00000004297
0.00000004680
0.00000003011
0.00000004012
0.00000005223
0.00000005866
0.00000004460
0.00000005991
0.00000004840
0.00000006135
0.00000004427
0.00000003088
0.00000004062
0.00000004735
0.00000003150
0.00000004360
0.00000005063
0.00000002631
0.00000003250
0.00000003728
0.00000004274
0.00000004990
0.00000005165
0.00000005711
0.00000003668
0.00000003423
0.00000003522
0.00000003441
0.00000002980
0.00000002004
0.00000004184
0.00000003813
0.00000003099
0.00000005397
0.00000005314
0.00000005292
0.00000005490
0.00000005076
0.00000005423
0.00000005829
0.00000005600
0.00000006057
0.00000003967
0.00000004669
0.00000005012
0.00000006074
0.00000007509
0.00000006172
0.00000005142
0.00000006165
0.00000005029
0.00000003847
0.00000005460
0.00000004682
0.00000006025
0.00000005509
0.00000005099
0.00000004623
0.00000004441
0.00000006898
0.00000006164
0.00000006205
0.00000006698
0.00000004685
0.00000005415
0.00000005637
0.00000006746
0.00000005318
0.00000006870
0.00000005699
0.00000005240
0.00000007503
0.00000007352
0.00000006776
0.00000007140
0.00000005036
0.00000005534
0.00000006182
0.00000006735
0.00000004972
0.00000006060
0.00000004458
0.00000004926
0.00000005944
0.00000004455
0.00000005563
0.00000004008
0.00000005589
0.00000004433
0.00000006250
0.00000005469
0.00000004965
0.00000003841
0.00000005667
0.00000004644
0.00000003531
0.00000005115
0.00000004241
0.00000005528
0.00000004746
0.00000004361
0.00000005710
0.00000005007
0.00000004696
0.00000004611
0.00000007270
0.00000007203
0.00000004031
0.00000003994
0.00000004019
0.00000003864
0.00000003826
0.00000003138
0.00000002729
0.00000005009
0.00000004777
0.00000004298
0.00000004144
0.00000003810
0.00000003608
0.00000005882
0.00000006462
0.00000006997
0.00000007295
0.00000005887
0.00000007278
0.00000006098
0.00000004637
0.00000006010
0.00000004672
0.00000003174
0.00000003647
0.00000004583
0.00000002805
0.00000002958
0.00000003279
0.00000003690
0.00000003969
0.00000003972
0.00000003139
0.00000002410
0.00000004059
0.00000002631
0.00000003283
0.00000001587
0.00000002239
0.00000003059
0.00000003839
0.00000003762
0.00000003994
0.00000003912
0.00000003869
0.00000003679
0.00000002911
0.00000002512
0.00000005121
0.00000005260
0.00000005533
0.00000005539
0.00000005730
0.00000005950
0.00000006036
0.00000006101
0.00000003090
0.00000003092
0.00000002940
0.00000005188
0.00000004619
0.00000004032
0.00000002786
0.00000004896
0.00000004172
0.00000003139
0.00000004011
0.00000002530
0.00000003485
0.00000004068
0.00000001506
0.00000001434
0.00000003809
0.00000003382
0.00000002433
0.00000003640
0.00000002016
0.00000002909
0.00000003676
0.00000004376
0.00000005245
0.00000002945
0.00000004053
0.00000004930
0.00000005960
0.00000004865
0.00000006466
0.00000005784
0.00000005068
0.00000007000
0.00000006314
0.00000006028
0.00000005451
0.00000005306
0.00000005210
0.00000005645
0.00000006138
0.00000006756
0.00000004619
0.00000005831
0.00000007049
0.00000005985
0.00000005036
0.00000006318
0.00000005614
0.00000004779
0.00000003855
0.00000005784
0.00000004466
0.00000003952
0.00000005743
0.00000005421
0.00000004806
0.00000005319
0.00000005977
0.00000006909
0.00000008081
0.00000006288
0.00000005029
0.00000006879
0.00000005994
0.00000004902
0.00000004310
0.00000006019
0.00000005229
0.00000003877
0.00000005372
0.00000004197
0.00000002533
0.00000002724
0.00000003632
0.00000004269
0.00000004900
0.00000005004
0.00000003082
0.00000003483
0.00000004015
0.00000004456
0.00000004353
0.00000004797
0.00000005489
0.00000005336
0.00000003473
0.00000004328
0.00000005211
0.00000005535
0.00000006523
0.00000005188
0.00000006760
0.00000005682
0.00000004104
0.00000005783
0.00000005243
0.00000004648
0.00000007126
0.00000006339
0.00000006154
0.00000005847
0.00000005721
0.00000005896
0.00000005921
0.00000006455
0.00000006796
0.00000004512
0.00000004905
0.00000005122
0.00000005696
0.00000006175
0.00000003637
0.00000003862
0.00000003569
0.00000003154
0.00000002133
0.00000004030
0.00000003217
0.00000004937
0.00000003305
0.00000004773
0.00000003422
0.00000004756
0.00000006295
0.00000004526
0.00000003308
0.00000004764
0.00000003879
0.00000005497
0.00000003980
0.00000005716
0.00000004721
0.00000006351
0.00000005140
0.00000003644
0.00000004323
0.00000003011
0.00000004135
0.00000005369
0.00000004142
0.00000005542
0.00000004371
0.00000005922
0.00000004314
0.00000005844
0.00000004397
0.00000002796
0.00000003438
0.00000003859
0.00000004252
0.00000003781
0.00000003654
0.00000003300
0.00000002621
0.00000004686
0.00000003978
0.00000002882
0.00000004205
0.00000002737
0.00000003490
0.00000001576
0.00000001946
0.00000002095
0.00000002078
0.00000004426
0.00000004317
0.00000003909
0.00000003348
0.00000002685
0.00000003704
0.00000002486
0.00000003586
0.00000002032
0.00000002763
0.00000003615
0.00000004236
0.00000004620
0.00000004615
0.00000002712
0.00000003531
0.00000004074
0.00000004429
0.00000004855
0.00000004500
0.00000004280
0.00000004196
0.00000003820
0.00000002904
0.00000004916
0.00000003851
0.00000002789
0.00000003739
0.00000002222
0.00000003104
0.00000003621
0.00000004065
0.00000004289
0.00000003643
0.00000003321
0.00000003274
0.00000003059
0.00000002659
0.00000004620
0.00000003493
0.00000003429
0.00000005245
0.00000005006
0.00000003859
0.00000003745
0.00000005334
0.00000005047
0.00000003621
0.00000002449
0.00000003730
0.00000001774
0.00000002532
0.00000003264
0.00000004155
0.00000004280
0.00000005092
0.00000003214
0.00000003680
0.00000004143
0.00000004148
0.00000003512
0.00000003289
0.00000003038
0.00000002693
0.00000004545
0.00000003537
0.00000001537
0.00000002372
0.00000002696
0.00000002636
0.00000003031
0.00000003376
0.00000003825
0.00000003755
0.00000004241
0.00000004381
0.00000004150
0.00000004462
0.00000004894
0.00000005096
0.00000005654
0.00000006215
0.00000006415
0.00000004640
0.00000004942
0.00000005655
0.00000003855
0.00000005028
0.00000006021
0.00000004907
0.00000006618
0.00000005326
0.00000004827
0.00000007363
0.00000007171
0.00000007845
0.00000006121
0.00000007146
0.00000006037
0.00000008210
0.00000007431
0.00000007227
0.00000007136
0.00000004427
0.00000004534
0.00000004570
0.00000004115
0.00000004421
0.00000004815
0.00000005522
0.00000006682
0.00000007750
0.00000006398
0.00000005048
0.00000006580
0.00000005310
0.00000003742
0.00000005251
0.00000003938
0.00000005178
0.00000003035
0.00000004172
0.00000005064
0.00000003407
0.00000004650
0.00000005572
0.00000004759
0.00000006695
0.00000006040
0.00000005785
0.00000005404
0.00000005594
0.00000005966
0.00000006659
0.00000007545
0.00000005698
0.00000007244
0.00000006552
0.00000006318
0.00000005908
0.00000006220
0.00000006664
0.00000007376
0.00000005834
0.00000006968
0.00000006025
0.00000005482
0.00000007055
0.00000006460
0.00000005565
0.00000003989
0.00000002840
0.00000003722
0.00000002554
0.00000004314
0.00000005384
0.00000004323
0.00000005959
0.00000005068
0.00000003643
0.00000005484
0.00000004740
0.00000003943
0.00000005325
0.00000004648
0.00000004539
0.00000007220
0.00000007897
0.00000005805
0.00000006939
0.00000005683
0.00000007364
0.00000006858
0.00000006167
0.00000005579
0.00000004648
0.00000004388
0.00000004153
0.00000006610
0.00000004047
0.00000003878
0.00000002957
0.00000002306
0.00000004401
0.00000003512
0.00000002574
0.00000003944
0.00000002081
0.00000003008
0.00000003773
0.00000004215
0.00000004602
0.00000004191
0.00000003716
0.00000002831
0.00000001037
0.00000002468
0.00000003780
0.00000004728
0.00000003140
0.00000003543
0.00000004736
0.00000002792
0.00000003765
0.00000004415
0.00000005501
0.00000003486
0.00000004479
0.00000005020
0.00000003520
0.00000004112
0.00000005709
0.00000004638
0.00000006394
0.00000005459
0.00000007859
0.00000007316
0.00000007809
0.00000005452
0.00000005514
0.00000005637
0.00000005682
0.00000006415
0.00000004968
0.00000006137
0.00000004961
0.00000006604
0.00000005913
0.00000005152
0.00000006801
0.00000006437
0.00000006080
0.00000005583
0.00000005105
0.00000004082
0.00000003448
0.00000005268
0.00000004455
0.00000003211
0.00000004942
0.00000004203
0.00000003457
0.00000005338
0.00000005115
0.00000004861
0.00000004942
0.00000005159
0.00000004906
0.00000004978
0.00000004979
0.00000004690
0.00000004155
0.00000003406
0.00000002432
0.00000004059
0.00000002743
0.00000003484
0.00000003888
0.00000001725
0.00000001769
0.00000003957
0.00000003446
0.00000002815
0.00000004353
0.00000002171
0.00000002818
0.00000003098
0.00000003263
0.00000003264
0.00000002861
0.00000003384
0.00000003416
0.00000003123
0.00000005808
0.00000005964
0.00000006211
0.00000006392
0.00000004064
0.00000004180
0.00000005016
0.00000006264
0.00000004960
0.00000006217
0.00000005137
0.00000004252
0.00000006018
0.00000005382
0.00000004274
0.00000006289
0.00000005597
0.00000004728
0.00000003882
0.00000005556
0.00000004184
0.00000003595
0.00000005525
0.00000004848
0.00000003815
0.00000006041
0.00000005635
0.00000005204
0.00000003882
0.00000003042
0.00000004982
0.00000004116
0.00000002652
0.00000004432
0.00000003449
0.00000005224
0.00000003751
0.00000005432
0.00000004461
0.00000003380
0.00000004177
0.00000002774
0.00000003561
0.00000004172
0.00000003789
0.00000003905
0.00000003621
0.00000003207
0.00000002217
0.00000004014
0.00000003211
0.00000005296
0.00000004171
0.00000003380
0.00000004995
0.00000004184
0.00000003803
0.00000005534
0.00000005058
0.00000004905
0.00000005369
0.00000005783
0.00000006103
0.00000007251
0.00000006367
0.00000007545
0.00000007047
0.00000006819
0.00000006496
0.00000007382
0.00000006018
0.00000007585
0.00000006582
0.00000006097
0.00000008290
0.00000005843
0.00000006181
0.00000006571
0.00000003934
0.00000004666
0.00000005585
0.00000006362
0.00000005048
0.00000006915
0.00000006266
0.00000005326
0.00000004969
0.00000004563
0.00000003924
0.00000002766
0.00000004438
0.00000003524
0.00000005211
0.00000003968
0.00000002655
0.00000003962
0.00000005317
0.00000004692
0.00000006379
0.00000004732
0.00000003360
0.00000004541
0.00000003478
0.00000005358
0.00000004555
0.00000006373
0.00000005858
0.00000004946
0.00000004812
0.00000004819
0.00000004694
0.00000005115
0.00000005735
0.00000006715
0.00000004507
0.00000005556
0.00000006154
0.00000004672
0.00000005899
0.00000003869
0.00000004983
0.00000002602
0.00000003196
0.00000003643
0.00000003046
0.00000002400
0.00000001525
0.00000002780
0.00000001704
0.00000002539
0.00000003483
0.00000004378
0.00000002451
0.00000003007
0.00000003293
0.00000003483
0.00000003368
0.00000002881
0.00000003176
0.00000003684
0.00000006733
0.00000004689
0.00000005330
0.00000005848
0.00000004297
0.00000005152
0.00000005937
0.00000003941
0.00000005112
0.00000003597
0.00000004586
0.00000005594
0.00000004120
0.00000005125
0.00000002782
0.00000003541
0.00000003872
0.00000003911
0.00000003422
0.00000003304
0.00000002528
0.00000005420
0.00000006022
0.00000007239
0.00000008169
0.00000006398
0.00000004908
0.00000006149
0.00000005099
0.00000004336
0.00000006804
0.00000006618
0.00000006642
0.00000006664
0.00000006064
0.00000003132
0.00000005433
0.00000005117
0.00000004184
0.00000003589
0.00000002831
0.00000004944
0.00000004433
0.00000003877
0.00000005722
0.00000005610
0.00000005763
0.00000006191
0.00000006141
0.00000006600
0.00000004764
0.00000005517
0.00000005975
0.00000004792
0.00000006135
0.00000004420
0.00000006278
0.00000005592
0.00000005194
0.00000004330
0.00000006461
0.00000005605
0.00000005522
0.00000004618
0.00000003845
0.00000002775
0.00000003608
0.00000002371
0.00000003896
0.00000005243
0.00000003245
0.00000004024
0.00000004857
0.00000002155
0.00000002133
0.00000001765
0.00000003734
0.00000002322
0.00000001231
0.00000002286
0.00000002617
0.00000002457
0.00000002287
0.00000001912
0.00000001027
0.00000003161
0.00000002367
0.00000003943
0.00000001996
0.00000002964
0.00000003819
0.00000004562
0.00000002446
0.00000002965
0.00000002861
0.00000003217
0.00000003618
0.00000004120
0.00000003899
0.00000004008
0.00000004154
0.00000004168
0.00000004267
0.00000004365
0.00000004609
0.00000004819
0.00000004643
0.00000004268
0.00000003435
0.00000002930
0.00000002293
0.00000004219
0.00000002958
0.00000004240
0.00000002113
0.00000002952
0.00000003325
0.00000003508
0.00000003511
0.00000002379
0.00000001462
0.00000002881
0.00000001154
0.00000001937
0.00000002597
0.00000003179
0.00000003650
0.00000003746
0.00000003848
0.00000003177
0.00000002628
0.00000002088
0.00000003885
0.00000002979
0.00000004836
0.00000004154
0.00000003559
0.00000004883
0.00000003626
0.00000002300
0.00000003485
0.00000004676
0.00000002870
0.00000003388
0.00000003809
0.00000003938
0.00000004168
0.00000004226
0.00000003954
0.00000003551
0.00000003181
0.00000002543
0.00000004336
0.00000003161
0.00000001812
0.00000002798
0.00000003633
0.00000004252
0.00000002303
0.00000003117
0.00000003888
0.00000004324
0.00000006155
0.00000004351
0.00000005939
0.00000005437
0.00000005550
0.00000008321
0.00000006185
0.00000006749
0.00000007653
0.00000005353
0.00000007029
0.00000005271
0.00000004387
0.00000005493
0.00000004643
0.00000006045
0.00000004858
0.00000003467
0.00000004851
0.00000003448
0.00000004508
0.00000002785
0.00000003605
0.00000004349
0.00000004728
0.00000004796
0.00000004632
0.00000004234
0.00000004319
0.00000004377
0.00000003920
0.00000003659
0.00000003290
0.00000003264
0.00000005704
0.00000005460
0.00000005075
0.00000005473
0.00000005526
0.00000005645
0.00000005917
0.00000006204
0.00000004546
0.00000006160
0.00000008256
0.00000007919
0.00000007473
0.00000007759
0.00000005486
0.00000006113
0.00000006727
0.00000005005
0.00000005840
0.00000007205
0.00000006178
0.00000005411
0.00000004434
0.00000005424
0.00000004592
0.00000003744
0.00000004927
0.00000003682
0.00000005283
0.00000004433
0.00000006240
0.00000004965
0.00000004529
0.00000006846
0.00000006623
0.00000006472
0.00000006347
0.00000005796
0.00000005880
0.00000006302
0.00000007001
0.00000005539
0.00000007051
0.00000008629
0.00000007602
0.00000007466
0.00000007620
0.00000005398
0.00000005603
0.00000005982
0.00000005941
0.00000004552
0.00000005932
0.00000006990
0.00000005695
0.00000004648
0.00000006261
0.00000004811
0.00000004305
0.00000006538
0.00000006580
0.00000006931
0.00000006829
0.00000007487
0.00000005597
0.00000005870
0.00000005482
0.00000003301
0.00000003917
0.00000004307
0.00000003888
0.00000003671
0.00000003377
0.00000002919
0.00000005145
0.00000003820
0.00000002747
0.00000004040
0.00000002685
0.00000003297
0.00000004286
0.00000002598
0.00000003512
0.00000004078
0.00000003835
0.00000003780
0.00000003807
0.00000003418
0.00000002196
0.00000003762
0.00000002316
0.00000003381
0.00000001921
0.00000002986
0.00000004312
0.00000006063
0.00000005332
0.00000007311
0.00000006122
0.00000006396
0.00000006170
0.00000007171
0.00000007448
0.00000005869
0.00000006884
0.00000005449
0.00000007016
0.00000005577
0.00000004065
0.00000005186
0.00000003917
0.00000005251
0.00000004316
0.00000005983
0.00000005102
0.00000003928
0.00000005209
0.00000003730
0.00000004844
0.00000003806
0.00000005435
0.00000004682
0.00000006085
0.00000005626
0.00000005531
0.00000005354
0.00000004893
0.00000004594
0.00000004362
0.00000004120
0.00000003882
0.00000002989
0.00000005586
0.00000005496
0.00000005600
0.00000005845
0.00000006291
0.00000007027
0.00000004944
0.00000005069
0.00000005983
0.00000004348
0.00000005477
0.00000006060
0.00000005045
0.00000007107
0.00000006631
0.00000005892
0.00000004803
0.00000004292
0.00000003848
0.00000005492
0.00000005195
0.00000004898
0.00000003870
0.00000006147
0.00000005353
0.00000004173
0.00000003638
0.00000002759
0.00000003889
0.00000003139
0.00000004870
0.00000003808
0.00000004767
0.00000003747
0.00000005167
0.00000003622
0.00000005170
0.00000004153
0.00000005706
0.00000004450
0.00000006240
0.00000005462
0.00000004467
0.00000004425
0.00000006844
0.00000006576
0.00000006715
0.00000006001
0.00000005659
0.00000005297
0.00000004944
0.00000004564
0.00000003971
0.00000002430
0.00000003856
0.00000002602
0.00000004034
0.00000002292
0.00000004371
0.00000005570
0.00000004755
0.00000006357
0.00000005280
0.00000004425
0.00000003571
0.00000004922
0.00000003859
0.00000005564
0.00000004556
0.00000003519
0.00000005151
0.00000004164
0.00000005802
0.00000004334
0.00000003713
0.00000005149
0.00000004600
0.00000004326
0.00000006640
0.00000006861
0.00000005892
0.00000005238
0.00000004626
0.00000004597
0.00000004728
0.00000005415
0.00000005790
0.00000006373
0.00000004461
0.00000005245
0.00000006176
0.00000004541
0.00000004558
0.00000004938
0.00000002956
0.00000003376
0.00000003638
0.00000003986
0.00000004477
0.00000004095
0.00000004005
0.00000003502
0.00000003432
0.00000002087
0.00000004268
0.00000002383
0.00000003546
0.00000002032
0.00000003385
0.00000004788
0.00000003762
0.00000005121
0.00000003659
0.00000004267
0.00000002314
0.00000003025
0.00000003708
0.00000004569
0.00000004963
0.00000005618
0.00000003450
0.00000003241
0.00000002708
0.00000002350
0.00000001966
0.00000004249
0.00000003600
0.00000002637
0.00000003415
0.00000001770
0.00000002490
0.00000002827
0.00000003071
0.00000002677
0.00000002731
0.00000002841
0.00000002971
0.00000005689
0.00000005365
0.00000005863
0.00000006637
0.00000005062
0.00000006313
0.00000004791
0.00000006726
0.00000006215
0.00000005823
0.00000005596
0.00000005199
0.00000005464
0.00000005916
0.00000006818
0.00000007529
0.00000006459
0.00000005462
0.00000006761
0.00000006122
0.00000005433
0.00000005081
0.00000004817
0.00000005165
0.00000005571
0.00000005882
0.00000005626
0.00000005863
0.00000003312
0.00000003321
0.00000003881
0.00000004687
0.00000005288
0.00000005728
0.00000005935
0.00000003388
0.00000003439
0.00000003642
0.00000003394
0.00000003568
0.00000003591
0.00000003631
0.00000003888
0.00000004132
0.00000004644
0.00000004938
0.00000005807
0.00000006687
0.00000005470
0.00000007308
0.00000006656
0.00000006393
0.00000006345
0.00000005957
0.00000006319
0.00000006670
0.00000004546
0.00000005018
0.00000005455
0.00000006391
0.00000003964
0.00000004661
0.00000005484
0.00000003708
0.00000004526
0.00000005001
0.00000006034
0.00000005042
0.00000006977
0.00000005917
0.00000004657
0.00000004122
0.00000006374
0.00000006175
0.00000005886
0.00000005250
0.00000005371
0.00000005650
0.00000006161
0.00000006653
0.00000003868
0.00000004580
0.00000004137
0.00000004217
0.00000004097
0.00000004105
0.00000004287
0.00000004411
0.00000004138
0.00000003415
0.00000002021
0.00000003571
0.00000002220
0.00000002863
0.00000003210
0.00000003098
0.00000002198
0.00000001515
0.00000003037
0.00000001799
0.00000003024
0.00000003586
0.00000004547
0.00000002882
0.00000003922
0.00000004616
0.00000005374
0.00000003331
0.00000003264
0.00000003354
0.00000003478
0.00000003275
0.00000002970
0.00000002492
0.00000004014
0.00000003099
0.00000005200
0.00000004433
0.00000003508
0.00000005076
0.00000003173
0.00000004634
0.00000002780
0.00000003898
0.00000004840
0.00000003278
0.00000004165
0.00000004849
0.00000003048
0.00000003628
0.00000004036
0.00000004344
0.00000004423
0.00000004403
0.00000003619
0.00000003186
0.00000002202
0.00000003763
0.00000002535
0.00000003657
0.00000004361
0.00000001931
0.00000002565
0.00000002824
0.00000002804
0.00000002752
0.00000001643
0.00000003621
0.00000002794
0.00000004248
0.00000003711
0.00000006017
0.00000005120
0.00000004621
0.00000004018
0.00000005443
0.00000004603
0.00000003387
0.00000005318
0.00000004608
0.00000003361
0.00000005173
0.00000004441
0.00000003661
0.00000005823
0.00000005562
0.00000005250
0.00000003916
0.00000003479
0.00000005496
0.00000004871
0.00000003924
0.00000003524
0.00000005542
0.00000004517
0.00000003074
0.00000004022
0.00000002591
0.00000003526
0.00000004366
0.00000004832
0.00000002991
0.00000003722
0.00000004324
0.00000004619
0.00000004583
0.00000004149
0.00000003828
0.00000003167
0.00000002435
0.00000004535
0.00000004016
0.00000003515
0.00000005840
0.00000005648
0.00000005874
0.00000005842
0.00000005787
0.00000005760
0.00000005743
0.00000005493
0.00000005360
0.00000005166
0.00000004842
0.00000004272
0.00000003717
0.00000002985
0.00000005094
0.00000003724
0.00000002696
0.00000002901
0.00000000729
0.00000000862
0.00000000736
0.00000003455
0.00000003977
0.00000004464
0.00000004354
0.00000005099
0.00000006073
0.00000007180
0.00000005883
0.00000006665
0.00000005218
0.00000003859
0.00000005446
0.00000004063
0.00000005708
0.00000004896
0.00000007316
0.00000006949
0.00000007243
0.00000008086
0.00000006464
0.00000007690
0.00000005847
0.00000004323
0.00000005330
0.00000004062
0.00000005666
0.00000004382
0.00000006456
0.00000006101
0.00000005383
0.00000004409
0.00000003755
0.00000005507
0.00000004431
0.00000003666
0.00000005915
0.00000005570
0.00000004953
0.00000004301
0.00000003174
0.00000005092
0.00000004296
0.00000003365
0.00000005013
0.00000003746
0.00000004607
0.00000003207
0.00000004663
0.00000003598
0.00000005204
0.00000004018
0.00000005334
0.00000004269
0.00000005749
0.00000004753
0.00000003752
0.00000005395
0.00000004795
0.00000006520
0.00000006620
0.00000005406
0.00000004775
0.00000004531
0.00000003970
0.00000006211
0.00000006084
0.00000006144
0.00000006652
0.00000007029
0.00000004801
0.00000005133
0.00000005813
0.00000006605
0.00000004657
0.00000006072
0.00000005324
0.00000007574
0.00000007387
0.00000007393
0.00000007603
0.00000004929
0.00000005502
0.00000006200
0.00000007379
0.00000005645
0.00000006949
0.00000006125
0.00000005302
0.00000007164
0.00000006032
0.00000005659
0.00000005876
0.00000006489
0.00000006734
0.00000007854
0.00000006904
0.00000006492
0.00000006131
0.00000006567
0.00000007265
0.00000007750
0.00000006511
0.00000008336
0.00000007780
0.00000006858
0.00000007011
0.00000007543
0.00000008516
0.00000007018
0.00000008795
0.00000007577
0.00000007041
0.00000006870
0.00000006844
0.00000007549
0.00000005772
0.00000007318
0.00000006126
0.00000008280
0.00000005535
0.00000004908
0.00000005097
0.00000005471
0.00000006154
0.00000006784
0.00000004082
0.00000004518
0.00000004554
0.00000005064
0.00000005846
0.00000003694
0.00000004727
0.00000005236
0.00000006267
0.00000004117
0.00000005370
0.00000004096
0.00000005301
0.00000003772
0.00000004262
0.00000005155
0.00000003691
0.00000005123
0.00000006678
0.00000005182
0.00000006249
0.00000004291
0.00000002268
0.00000002390
0.00000002826
0.00000002936
0.00000003019
0.00000003061
0.00000002310
0.00000004273
0.00000003476
0.00000002280
0.00000003616
0.00000001412
0.00000002085
0.00000002277
0.00000002329
0.00000001912
0.00000004097
0.00000003464
0.00000003059
0.00000004917
0.00000004041
0.00000002733
0.00000003952
0.00000002393
0.00000003479
0.00000003320
0.00000003306
0.00000003025
0.00000002530
0.00000001809
0.00000003034
0.00000001407
0.00000001814
0.00000001703
0.00000001734
0.00000001545
0.00000003520
0.00000002750
0.00000004461
0.00000003215
0.00000001668
0.00000002378
0.00000003008
0.00000003676
0.00000004450
0.00000005013
0.00000003026
0.00000003655
0.00000003981
0.00000004098
0.00000004115
0.00000003792
0.00000003441
0.00000002975
0.00000002433
0.00000004700
0.00000004227
0.00000003696
0.00000005867
0.00000005644
0.00000005284
0.00000004508
0.00000003629
0.00000002862
0.00000004460
0.00000003473
0.00000004650
0.00000003320
0.00000004632
0.00000003280
0.00000004464
0.00000005838
0.00000004527
0.00000005366
0.00000004632
0.00000006261
0.00000005092
0.00000006410
0.00000005683
0.00000005063
0.00000004502
0.00000004198
0.00000007044
0.00000007619
0.00000008006
0.00000006591
0.00000008405
0.00000007654
0.00000006469
0.00000006086
0.00000006062
0.00000006574
0.00000006732
0.00000007375
0.00000005154
0.00000006499
0.00000005420
0.00000007088
0.00000006251
0.00000006154
0.00000006444
0.00000006413
0.00000007528
0.00000006597
0.00000008678
0.00000007701
0.00000006998
0.00000006761
0.00000006553
0.00000005945
0.00000005897
0.00000006009
0.00000006089
0.00000005674
0.00000006125
0.00000006596
0.00000004206
0.00000004780
0.00000005280
0.00000004869
0.00000004870
0.00000004767
0.00000004327
0.00000004449
0.00000003978
0.00000003304
0.00000002548
0.00000004108
0.00000003301
0.00000004751
0.00000003740
0.00000004677
0.00000003641
0.00000004724
0.00000004136
0.00000005777
0.00000004525
0.00000003151
0.00000004296
0.00000002360
0.00000003547
0.00000004583
0.00000005255
0.00000002753
0.00000003634
0.00000004302
0.00000004550
0.00000004382
0.00000004553
0.00000004297
0.00000003932
0.00000003626
0.00000003186
0.00000004526
0.00000003415
0.00000001912
0.00000002416
0.00000002627
0.00000002542
0.00000001969
0.00000001571
0.00000003784
0.00000003155
0.00000004972
0.00000003689
0.00000001655
0.00000002913
0.00000004463
0.00000006087
0.00000004757
0.00000006374
0.00000005267
0.00000004030
0.00000005219
0.00000002904
0.00000003714
0.00000004488
0.00000002555
0.00000003492
0.00000004420
0.00000004615
0.00000005467
0.00000004492
0.00000004967
0.00000006335
0.00000004649
0.00000005582
0.00000003947
0.00000005028
0.00000006037
0.00000004363
0.00000005172
0.00000003713
0.00000004864
0.00000006317
0.00000004599
0.00000005276
0.00000004541
0.00000005824
0.00000005726
0.00000007206
0.00000006385
0.00000005303
0.00000004125
0.00000003154
0.00000004840
0.00000004072
0.00000005630
0.00000004035
0.00000002908
0.00000004204
0.00000002901
0.00000003269
0.00000004326
0.00000005382
0.00000003594
0.00000004399
0.00000005074
0.00000002691
0.00000003297
0.00000004089
0.00000004602
0.00000004851
0.00000005479
0.00000003570
0.00000004168
0.00000004274
0.00000004557
0.00000004823
0.00000004794
0.00000005541
0.00000006396
0.00000004085
0.00000004130
0.00000005041
0.00000006108
0.00000004615
0.00000005164
0.00000006133
0.00000003889
0.00000004505
0.00000004585
0.00000005019
0.00000005535
0.00000003070
0.00000003624
0.00000004057
0.00000004778
0.00000004962
0.00000005796
0.00000003453
0.00000003952
0.00000003715
0.00000003214
0.00000002353
0.00000001647
0.00000003107
0.00000001848
0.00000003157
0.00000004852
0.00000003978
0.00000005278
0.00000004492
0.00000003587
0.00000004678
0.00000003346
0.00000004055
0.00000001708
0.00000002498
0.00000003348
0.00000003916
0.00000004372
0.00000004251
0.00000004762
0.00000005165
0.00000005249
0.00000005670
0.00000005325
0.00000002871
0.00000003154
0.00000003066
0.00000002400
0.00000004538
0.00000003668
0.00000002565
0.00000003276
0.00000001279
0.00000001781
0.00000002110
0.00000002188
0.00000001860
0.00000003198
0.00000001991
0.00000003069
0.00000001497
0.00000002635
0.00000003673
0.00000004410
0.00000005466
0.00000003806
0.00000004913
0.00000003253
0.00000004170
0.00000004621
0.00000002160
0.00000002307
0.00000002455
0.00000002012
0.00000003858
0.00000003102
0.00000004908
0.00000003200
0.00000001849
0.00000002991
0.00000003923
0.00000001939
0.00000002184
0.00000002116
0.00000001682
0.00000003958
0.00000003244
0.00000001963
0.00000002789
0.00000002735
0.00000003105
0.00000003238
0.00000003014
0.00000002445
0.00000001742
0.00000003389
0.00000002390
0.00000003284
0.00000004807
0.00000003318
0.00000004694
0.00000002963
0.00000004168
0.00000005096
0.00000003385
0.00000003541
0.00000004142
0.00000004991
0.00000005643
0.00000003374
0.00000004058
0.00000004937
0.00000005987
0.00000004449
0.00000005081
0.00000006138
0.00000004558
0.00000005685
0.00000003900
0.00000005200
0.00000006464
0.00000005075
0.00000005676
0.00000004366
0.00000005502
0.00000003961
0.00000006084
0.00000006229
0.00000006762
0.00000007017
0.00000008449
0.00000007345
0.00000006342
0.00000005183
0.00000007387
0.00000006989
0.00000007562
0.00000007977
0.00000006459
0.00000006980
0.00000005630
0.00000006760
0.00000005388
0.00000007410
0.00000006198
0.00000005380
0.00000004145
0.00000005734
0.00000004920
0.00000003985
0.00000005796
0.00000005189
0.00000004263
0.00000003484
0.00000005325
0.00000003888
0.00000002708
0.00000004051
0.00000002441
0.00000004080
0.00000005814
0.00000004662
0.00000005355
0.00000004051
0.00000005117
0.00000003588
0.00000004371
0.00000005461
0.00000002911
0.00000003412
0.00000003928
0.00000004561
0.00000004917
0.00000004572
0.00000004902
0.00000005530
0.00000005814
0.00000004649
0.00000006628
0.00000008249
0.00000008359
0.00000008801
0.00000006506
0.00000007564
0.00000006450
0.00000007985
0.00000008096
0.00000008404
0.00000008330
0.00000006479
0.00000007025
0.00000005904
0.00000007704
0.00000006750
0.00000006952
0.00000007409
0.00000007435
0.00000005693
0.00000007126
0.00000005806
0.00000007727
0.00000006583
0.00000005665
0.00000004943
0.00000004225
0.00000005351
0.00000004373
0.00000003150
0.00000004137
0.00000003138
0.00000004726
0.00000002808
0.00000003957
0.00000004893
0.00000002865
0.00000003744
0.00000004598
0.00000005153
0.00000005573
0.00000002682
0.00000002885
0.00000003177
0.00000003467
0.00000003832
0.00000004163
0.00000004686
0.00000005011
0.00000004759
0.00000004807
0.00000004950
0.00000005382
0.00000005933
0.00000006580
0.00000004250
0.00000004916
0.00000005818
0.00000004818
0.00000006421
0.00000004586
0.00000005976
0.00000004763
0.00000005811
0.00000004592
0.00000003819
0.00000005353
0.00000004244
0.00000006220
0.00000005540
0.00000004693
0.00000004387
0.00000007067
0.00000006969
0.00000006836
0.00000003892
0.00000004286
0.00000004548
0.00000004576
0.00000004981
0.00000005468
0.00000006029
0.00000006272
0.00000004142
0.00000004082
0.00000004192
0.00000003740
0.00000002517
0.00000001174
0.00000002001
0.00000002127
0.00000002240
0.00000002280
0.00000002020
0.00000003572
0.00000002606
0.00000003675
0.00000002411
0.00000003678
0.00000004333
0.00000002700
0.00000002925
0.00000003499
0.00000003638
0.00000002980
0.00000002791
0.00000002313
0.00000003961
0.00000003372
0.00000005140
0.00000004176
0.00000002590
0.00000003557
0.00000001929
0.00000002598
0.00000002652
0.00000003207
0.00000004058
0.00000005148
0.00000005994
0.00000003845
0.00000005245
0.00000007000
0.00000005698
0.00000005038
0.00000006931
0.00000006002
0.00000004546
0.00000003325
0.00000004767
0.00000003525
0.00000005076
0.00000003815
0.00000004486
0.00000002959
0.00000003987
0.00000005272
0.00000004388
0.00000005696
0.00000004612
0.00000006083
0.00000005212
0.00000004566
0.00000003852
0.00000005739
0.00000004966
0.00000004130
0.00000005888
0.00000004240
0.00000002961
0.00000004321
0.00000003141
0.00000004461
0.00000005870
0.00000004491
0.00000006133
0.00000004614
0.00000003338
0.00000004992
0.00000003435
0.00000005256
0.00000005071
0.00000004882
0.00000004906
0.00000005032
0.00000005075
0.00000005689
0.00000005858
0.00000006845
0.00000005186
0.00000006409
0.00000004973
0.00000006115
0.00000004734
0.00000005360
0.00000003310
0.00000003767
0.00000004301
0.00000004683
0.00000005157
0.00000005619
0.00000004071
0.00000005092
0.00000006628
0.00000005612
0.00000006967
0.00000005588
0.00000004244
0.00000004434
0.00000002638
0.00000003578
0.00000004780
0.00000006171
0.00000004938
0.00000006197
0.00000004732
0.00000005290
0.00000003972
0.00000005114
0.00000003435
0.00000004165
0.00000004641
0.00000002213
0.00000001580
0.00000001616
0.00000004159
0.00000003905
0.00000003432
0.00000002713
0.00000005183
0.00000005058
0.00000004488
0.00000004646
0.00000004787
0.00000004818
0.00000004645
0.00000004837
0.00000004923
0.00000005154
0.00000004792
0.00000004943
0.00000004971
0.00000004507
0.00000004349
0.00000004023
0.00000003349
0.00000003262
0.00000005527
0.00000004471
0.00000004054
0.00000003336
0.00000004726
0.00000003922
0.00000003298
0.00000005314
0.00000004857
0.00000004046
0.00000005641
0.00000004526
0.00000003513
0.00000004358
0.00000003314
0.00000003576
0.00000001418
0.00000002544
0.00000003960
0.00000005522
0.00000007114
0.00000006112
0.00000005259
0.00000004474
0.00000006496
0.00000006084
0.00000005803
0.00000005649
0.00000005869
0.00000006461
0.00000007238
0.00000005346
0.00000005756
0.00000005118
0.00000006341
0.00000005990
0.00000004804
0.00000006847
0.00000006438
0.00000006316
0.00000006007
0.00000005023
0.00000004444
0.00000003731
0.00000002739
0.00000004279
0.00000002659
0.00000003754
0.00000002143
0.00000003098
0.00000003815
0.00000004995
0.00000003059
0.00000003675
0.00000004492
0.00000004856
0.00000005917
0.00000004209
0.00000005235
0.00000005599
0.00000003963
0.00000005067
0.00000006255
0.00000004371
0.00000005737
0.00000004678
0.00000006218
0.00000004646
0.00000006383
0.00000005813
0.00000005631
0.00000005620
0.00000005387
0.00000005963
0.00000006819
0.00000005127
0.00000006257
0.00000007263
0.00000006294
0.00000005590
0.00000005278
0.00000007200
0.00000007357
0.00000007439
0.00000004879
0.00000005965
0.00000007772
0.00000006666
0.00000006218
0.00000006327
0.00000006787
0.00000007073
0.00000005403
0.00000006391
0.00000005066
0.00000006398
0.00000006001
0.00000005876
0.00000008184
0.00000005995
0.00000006608
0.00000007354
0.00000005286
0.00000006164
0.00000004659
0.00000005211
0.00000006506
0.00000005358
0.00000006329
0.00000005402
0.00000004704
0.00000006212
0.00000005570
0.00000004423
0.00000003411
0.00000004468
0.00000003648
0.00000005331
0.00000003897
0.00000005649
0.00000005008
0.00000004621
0.00000006385
0.00000006341
0.00000006057
0.00000005206
0.00000004319
0.00000003501
0.00000002139
0.00000003464
0.00000001838
0.00000001668
0.00000001947
0.00000002256
0.00000001970
0.00000004750
0.00000004667
0.00000004076
0.00000002536
0.00000001350
0.00000002168
0.00000003298
0.00000003898
0.00000004478
0.00000001498
0.00000001284
0.00000003747
0.00000002689
0.00000001679
0.00000003052
0.00000003367
0.00000001288
0.00000000616
0.00000002497
0.00000001607
0.00000003140
0.00000001023
0.00000001876
0.00000002559
0.00000003151
0.00000003315
0.00000002570
0.00000002100
0.00000003710
0.00000002766
0.00000003977
0.00000001615
0.00000002132
0.00000002758
0.00000002793
0.00000002951
0.00000003025
0.00000002736
0.00000002639
0.00000005149
0.00000005189
0.00000004791
0.00000005241
0.00000006159
0.00000007050
0.00000004665
0.00000005193
0.00000003368
0.00000004035
0.00000004587
0.00000004492
0.00000004700
0.00000004207
0.00000003607
0.00000002134
0.00000003433
0.00000001197
0.00000001799
0.00000002545
0.00000002903
0.00000003539
0.00000003323
0.00000003181
0.00000003103
0.00000002554
0.00000001992
0.00000003248
0.00000002198
0.00000003956
0.00000002655
0.00000004435
0.00000003905
0.00000005499
0.00000004732
0.00000003883
0.00000005408
0.00000003802
0.00000002554
0.00000003621
0.00000004344
0.00000001912
0.00000002519
0.00000003020
0.00000002626
0.00000002712
0.00000002554
0.00000004354
0.00000003747
0.00000003079
0.00000002254
0.00000003663
0.00000002208
0.00000003400
0.00000004542
0.00000002826
0.00000004565
0.00000006295
0.00000005250
0.00000004348
0.00000006305
0.00000005278
0.00000005046
0.00000004989
0.00000004951
0.00000005045
0.00000005360
0.00000005651
0.00000005988
0.00000006168
0.00000003270
0.00000002377
0.00000004512
0.00000004155
0.00000003770
0.00000003236
0.00000004708
0.00000003542
0.00000004320
0.00000003113
0.00000004364
0.00000003356
0.00000004763
0.00000003571
0.00000005253
0.00000003849
0.00000005452
0.00000004543
0.00000005518
0.00000004535
0.00000003565
0.00000005406
0.00000004125
0.00000006205
0.00000006152
0.00000006227
0.00000006011
0.00000005444
0.00000005394
0.00000005508
0.00000005292
0.00000005562
0.00000005784
0.00000005993
0.00000005666
0.00000005603
0.00000005427
0.00000004961
0.00000004073
0.00000004162
0.00000004551
0.00000004569
0.00000005035
0.00000005552
0.00000006079
0.00000006512
0.00000004322
0.00000004356
0.00000005381
0.00000006459
0.00000004903
0.00000005665
0.00000004745
0.00000006753
0.00000005868
0.00000005656
0.00000005794
0.00000005757
0.00000006211
0.00000006841
0.00000004216
0.00000004849
0.00000004791
0.00000005045
0.00000004922
0.00000005086
0.00000004990
0.00000004024
0.00000003281
0.00000001532
0.00000002663
0.00000002941
0.00000003529
0.00000003776
0.00000002945
0.00000002167
0.00000001440
0.00000002995
0.00000003865
0.00000002035
0.00000002355
0.00000002887
0.00000003223
0.00000002952
0.00000002722
0.00000001399
0.00000002740
0.00000001437
0.00000002065
0.00000003158
0.00000003974
0.00000005476
0.00000004622
0.00000006030
0.00000005644
0.00000005290
0.00000004941
0.00000004417
0.00000004695
0.00000004823
0.00000005657
0.00000006586
0.00000007162
0.00000005844
0.00000007344
0.00000005967
0.00000005036
0.00000004768
0.00000007562
0.00000007246
0.00000004706
0.00000005336
0.00000005490
0.00000006337
0.00000007510
0.00000006070
0.00000006903
0.00000005587
0.00000004358
0.00000005520
0.00000004858
0.00000007245
0.00000006723
0.00000006555
0.00000006650
0.00000007209
0.00000005341
0.00000005890
0.00000007063
0.00000006047
0.00000007305
0.00000006842
0.00000006543
0.00000006410
0.00000005734
0.00000005287
0.00000005271
0.00000005371
0.00000004646
0.00000004330
0.00000004186
0.00000003361
0.00000005223
0.00000004315
0.00000003372
0.00000001946
0.00000003461
0.00000004945
0.00000003161
0.00000003410
0.00000003745
0.00000001211
0.00000004355
0.00000004519
0.00000004670
0.00000004364
0.00000004860
0.00000005670
0.00000006519
0.00000004324
0.00000005536
0.00000006460
0.00000005167
0.00000006405
0.00000005523
0.00000006729
0.00000006023
0.00000005469
0.00000004089
0.00000005883
0.00000005194
0.00000004295
0.00000002752
0.00000003780
0.00000002316
0.00000003263
0.00000003471
0.00000003856
0.00000003995
0.00000003523
0.00000003530
0.00000003593
0.00000003018
0.00000002832
0.00000005181
0.00000004357
0.00000003821
0.00000002978
0.00000004559
0.00000002792
0.00000004389
0.00000003457
0.00000005080
0.00000004198
0.00000004794
0.00000003286
0.00000004301
0.00000002599
0.00000003257
0.00000004072
0.00000004189
0.00000005003
0.00000003278
0.00000004413
0.00000006052
0.00000007959
0.00000007530
0.00000007623
0.00000007422
0.00000005143
0.00000005295
0.00000005723
0.00000006421
0.00000004921
0.00000006562
0.00000006041
0.00000008814
0.00000008769
0.00000006883
0.00000007958
0.00000006811
0.00000006176
0.00000008131
0.00000008288
0.00000006098
0.00000005822
0.00000005866
0.00000003856
0.00000003985
0.00000004825
0.00000004937
0.00000005227
0.00000005451
0.00000002917
0.00000004013
0.00000005202
0.00000005852
0.00000007000
0.00000005791
0.00000003882
0.00000004953
0.00000003416
0.00000004334
0.00000004520
0.00000002264
0.00000002541
0.00000002319
0.00000002372
0.00000004951
0.00000004358
0.00000003906
0.00000003516
0.00000002650
0.00000004688
0.00000004119
0.00000003480
0.00000005182
0.00000004681
0.00000003332
0.00000004970
0.00000004153
0.00000003389
0.00000004796
0.00000003987
0.00000005624
0.00000003669
0.00000002174
0.00000003114
0.00000004110
0.00000004558
0.00000002873
0.00000003734
0.00000003572
0.00000003955
0.00000004269
0.00000004441
0.00000005091
0.00000005558
0.00000006136
0.00000003691
0.00000004482
0.00000005113
0.00000006054
0.00000004572
0.00000005342
0.00000007007
0.00000006303
0.00000005190
0.00000004624
0.00000006790
0.00000006646
0.00000006307
0.00000006699
0.00000007435
0.00000005899
0.00000007417
0.00000006089
0.00000005759
0.00000008130
0.00000008431
0.00000006348
0.00000007594
0.00000006179
0.00000008402
0.00000008060
0.00000008375
0.00000005973
0.00000007289
0.00000008400
0.00000007682
0.00000007032
0.00000006203
0.00000006246
0.00000006142
0.00000006695
0.00000006949
0.00000005351
0.00000005870
0.00000006557
0.00000004585
0.00000005868
0.00000004890
0.00000006128
0.00000004934
0.00000006254
0.00000004601
0.00000003825
0.00000005557
0.00000004172
0.00000006005
0.00000005461
0.00000005145
0.00000005023
0.00000004556
0.00000004502
0.00000004569
0.00000004914
0.00000005469
0.00000006295
0.00000007103
0.00000004586
0.00000004982
0.00000002709
0.00000002650
0.00000002123
0.00000004320
0.00000003588
0.00000003388
0.00000006075
0.00000006182
0.00000006227
0.00000005593
0.00000005495
0.00000005034
0.00000005129
0.00000004792
0.00000005031
0.00000005280
0.00000005254
0.00000005453
0.00000005495
0.00000002950
0.00000002616
0.00000004707
0.00000004058
0.00000003569
0.00000005216
0.00000005353
0.00000004358
0.00000004049
0.00000003420
0.00000005420
0.00000004665
0.00000003975
0.00000003206
0.00000004499
0.00000003423
0.00000004631
0.00000002633
0.00000002793
0.00000002564
0.00000001343
0.00000000780
0.00000002571
0.00000004173
0.00000002946
0.00000004289
0.00000001889
0.00000002076
0.00000002270
0.00000002561
0.00000005657
0.00000003394
0.00000003712
0.00000004219
0.00000004271
0.00000005360
0.00000005002
0.00000005125
0.00000005222
0.00000005513
0.00000005847
0.00000003911
0.00000004746
0.00000005311
0.00000006505
0.00000005052
0.00000006631
0.00000005563
0.00000004387
0.00000005971
0.00000005410
0.00000004382
0.00000006339
0.00000006056
0.00000006052
0.00000005926
0.00000005618
0.00000005180
0.00000005427
0.00000005996
0.00000006807
0.00000005107
0.00000005845
0.00000006495
0.00000004865
0.00000005806
0.00000004849
0.00000006542
0.00000006350
0.00000006347
0.00000006436
0.00000006399
0.00000005521
0.00000002812
0.00000005252
0.00000005268
0.00000005450
0.00000005054
0.00000004992
0.00000004998
0.00000004315
0.00000003933
0.00000003324
0.00000002105
0.00000004046
0.00000003099
0.00000004840
0.00000003311
0.00000004735
0.00000003256
0.00000003977
0.00000001475
0.00000001729
0.00000002269
0.00000005674
0.00000005823
0.00000004330
0.00000004938
0.00000005655
0.00000005879
0.00000003988
0.00000004781
0.00000005129
0.00000005743
0.00000003845
0.00000004887
0.00000005619
0.00000007228
0.00000006601
0.00000005940
0.00000008731
0.00000009230
0.00000007182
0.00000005195
0.00000005762
0.00000007015
0.00000005797
0.00000007071
0.00000005277
0.00000003915
0.00000005257
0.00000003565
0.00000004955
0.00000004037
0.00000005363
0.00000004485
0.00000006584
0.00000005283
0.00000004763
0.00000004402
0.00000006462
0.00000005302
0.00000003474
0.00000002157
0.00000003339
0.00000004586
0.00000005019
0.00000003264
0.00000004257
0.00000005434
0.00000003554
0.00000004373
0.00000004790
0.00000002119
0.00000001778
0.00000003126
0.00000002398
0.00000004194
0.00000003355
0.00000005094
0.00000004260
0.00000005938
0.00000004409
0.00000003596
0.00000005370
0.00000004358
0.00000003548
0.00000005319
0.00000005450
0.00000005198
0.00000004777
0.00000004393
0.00000003517
0.00000003001
0.00000004826
0.00000003531
0.00000001991
0.00000002417
0.00000002921
0.00000003011
0.00000002834
0.00000002240
0.00000001456
0.00000002442
0.00000003775
0.00000002459
0.00000004003
0.00000005474
0.00000004098
0.00000005210
0.00000003452
0.00000003996
0.00000004895
0.00000003382
0.00000004748
0.00000005874
0.00000005006
0.00000006745
0.00000006017
0.00000005366
0.00000004421
0.00000007263
0.00000007562
0.00000007345
0.00000005502
0.00000006511
0.00000007767
0.00000006354
0.00000007717
0.00000006335
0.00000005608
0.00000005364
0.00000005199
0.00000005865
0.00000007043
0.00000007802
0.00000006272
0.00000005169
0.00000006461
0.00000005954
0.00000005574
0.00000005079
0.00000004957
0.00000005017
0.00000004706
0.00000005080
0.00000005112
0.00000006196
0.00000007316
0.00000006082
0.00000007323
0.00000006532
0.00000005063
0.00000003840
0.00000005151
0.00000003814
0.00000005262
0.00000003707
0.00000005175
0.00000004044
0.00000005436
0.00000003728
0.00000004931
0.00000003088
0.00000003468
0.00000003438
0.00000002729
0.00000002277
0.00000001356
0.00000002456
0.00000003371
0.00000001279
0.00000001112
0.00000001388
0.00000004385
0.00000004711
0.00000004622
0.00000004677
0.00000004940
0.00000005176
0.00000005647
0.00000006194
0.00000006446
0.00000004838
0.00000005789
0.00000004362
0.00000005629
0.00000004328
0.00000005680
0.00000004591
0.00000005900
0.00000004513
0.00000003740
0.00000005654
0.00000004546
0.00000007056
0.00000006454
0.00000005110
0.00000004603
0.00000003132
0.00000005313
0.00000003926
0.00000003002
0.00000004561
0.00000003139
0.00000004061
0.00000002675
0.00000004022
0.00000005548
0.00000004287
0.00000005689
0.00000004456
0.00000003069
0.00000003700
0.00000005688
0.00000003944
0.00000005739
0.00000005230
0.00000007502
0.00000007484
0.00000004989
0.00000005076
0.00000004922
0.00000005472
0.00000006071
0.00000006822
0.00000005307
0.00000006238
0.00000004714
0.00000005410
0.00000002974
0.00000003513
0.00000004454
0.00000005562
0.00000003842
0.00000004904
0.00000005454
0.00000003167
0.00000003568
0.00000003265
0.00000003451
0.00000003976
0.00000004394
0.00000005027
0.00000005506
0.00000005901
0.00000003716
0.00000003920
0.00000004323
0.00000004392
0.00000004199
0.00000003711
0.00000003123
0.00000002054
0.00000003234
0.00000001470
0.00000002092
0.00000002142
0.00000001758
0.00000000866
0.00000002287
0.00000000831
0.00000002202
0.00000003466
0.00000004399
0.00000002683
0.00000003627
0.00000003848
0.00000004229
0.00000003612
0.00000002135
0.00000001377
0.00000002336
0.00000003269
0.00000003852
0.00000004501
0.00000002410
0.00000002375
0.00000002289
0.00000002039
0.00000004088
0.00000003294
0.00000001912
0.00000002540
0.00000003155
0.00000003454
0.00000003449
0.00000003461
0.00000003356
0.00000003194
0.00000002961
0.00000005423
0.00000005047
0.00000004620
0.00000004071
0.00000003691
0.00000003268
0.00000005808
0.00000005820
0.00000005526
0.00000006007
0.00000006466
0.00000004300
0.00000004685
0.00000004190
0.00000003910
0.00000003315
0.00000002019
0.00000003666
0.00000002298
0.00000003539
0.00000004309
0.00000002645
0.00000003208
0.00000004057
0.00000004708
0.00000005291
0.00000005448
0.00000003625
0.00000004920
0.00000006096
0.00000005006
0.00000006886
0.00000005347
0.00000004577
0.00000006461
0.00000005602
0.00000005200
0.00000004547
0.00000004417
0.00000004700
0.00000004756
0.00000005120
0.00000004826
0.00000004901
0.00000005140
0.00000005684
0.00000005995
0.00000007046
0.00000005467
0.00000006062
0.00000004484
0.00000005764
0.00000004093
0.00000005660
0.00000004826
0.00000006692
0.00000005329
0.00000004610
0.00000003840
0.00000005650
0.00000005097
0.00000004292
0.00000004661
0.00000007552
0.00000007419
0.00000004470
0.00000004411
0.00000004224
0.00000003904
0.00000003278
0.00000003214
0.00000005506
0.00000005018
0.00000003752
0.00000003159
0.00000005249
0.00000004783
0.00000004233
0.00000002956
0.00000004378
0.00000003081
0.00000004420
0.00000003349
0.00000005061
0.00000004556
0.00000006364
0.00000004904
0.00000003530
0.00000004991
0.00000003557
0.00000004820
0.00000003411
0.00000004323
0.00000004893
0.00000002886
0.00000003317
0.00000004210
0.00000005207
0.00000006046
0.00000004071
0.00000004288
0.00000005000
0.00000003408
0.00000004438
0.00000005626
0.00000006517
0.00000004349
0.00000005187
0.00000005486
0.00000003400
0.00000003500
0.00000004350
0.00000005050
0.00000005700
0.00000004319
0.00000005366
0.00000006487
0.00000004901
0.00000005704
0.00000004493
0.00000006132
0.00000005267
0.00000007285
0.00000006226
0.00000005683
0.00000005255
0.00000004460
0.00000003384
0.00000005301
0.00000004225
0.00000003149
0.00000003692
0.00000002320
0.00000003198
0.00000003938
0.00000004667
0.00000004631
0.00000002194
0.00000002431
0.00000005717
0.00000003893
0.00000004626
0.00000005128
0.00000005915
0.00000004020
0.00000004671
0.00000004641
0.00000004770
0.00000002303
0.00000002804
0.00000002901
0.00000003680
0.00000004727
0.00000005580
0.00000006745
0.00000005052
0.00000006626
0.00000005675
0.00000004804
0.00000006698
0.00000006833
0.00000007221
0.00000007700
0.00000005060
0.00000006011
0.00000007247
0.00000005899
0.00000006676
0.00000005565
0.00000004382
0.00000006410
0.00000005869
0.00000005655
0.00000005092
0.00000005278
0.00000005298
0.00000004893
0.00000004518
0.00000004510
0.00000003258
0.00000002872
0.00000004966
0.00000003537
0.00000002543
0.00000004079
0.00000002978
0.00000004067
0.00000005405
0.00000004395
0.00000006045
0.00000004815
0.00000004333
0.00000006836
0.00000006962
0.00000006871
0.00000007592
0.00000005702
0.00000006718
0.00000005240
0.00000006568
0.00000005661
0.00000007751
0.00000006740
0.00000006377
0.00000006127
0.00000005639
0.00000004923
0.00000003675
0.00000002733
0.00000004274
0.00000003313
0.00000004720
0.00000003627
0.00000005149
0.00000004388
0.00000005642
0.00000004657
0.00000003664
0.00000005548
0.00000004120
0.00000005974
0.00000005736
0.00000005417
0.00000005354
0.00000005081
0.00000005450
0.00000005863
0.00000006433
0.00000004512
0.00000004470
0.00000004620
0.00000004454
0.00000003725
0.00000003428
0.00000002550
0.00000004277
0.00000002619
0.00000003928
0.00000002272
0.00000002378
0.00000002737
0.00000002515
0.00000002767
0.00000002480
0.00000004233
0.00000003814
0.00000002828
0.00000005022
0.00000003848
0.00000003302
0.00000005214
0.00000004354
0.00000002659
0.00000003731
0.00000001688
0.00000001912
0.00000001902
0.00000001341
0.00000004114
0.00000003462
0.00000003559
0.00000005969
0.00000005310
0.00000004582
0.00000004029
0.00000003176
0.00000004415
0.00000002637
0.00000003220
0.00000003791
0.00000001707
0.00000004251
0.00000003831
0.00000002929
0.00000002165
0.00000004138
0.00000003636
0.00000005535
0.00000004614
0.00000003335
0.00000004579
0.00000003193
0.00000004177
0.00000005096
0.00000003169
0.00000004124
0.00000005035
0.00000003068
0.00000003645
0.00000004104
0.00000004837
0.00000005856
0.00000004461
0.00000005828
0.00000007089
0.00000006013
0.00000004114
0.00000005309
0.00000003627
0.00000004460
0.00000002287
0.00000002207
0.00000001646
0.00000001206
0.00000003440
0.00000003257
0.00000005774
0.00000005648
0.00000004946
0.00000004800
0.00000004578
0.00000004028
0.00000003200
0.00000002094
0.00000003558
0.00000004234
0.00000002967
0.00000003986
0.00000004779
0.00000003057
0.00000003813
0.00000004772
0.00000006035
0.00000004921
0.00000006512
0.00000005579
0.00000005225
0.00000005092
0.00000005122
0.00000005544
0.00000006143
0.00000007301
0.00000005410
0.00000006519
0.00000005121
0.00000006854
0.00000006231
0.00000005375
0.00000005574
0.00000006409
0.00000006688
0.00000008010
0.00000006524
0.00000006147
0.00000006300
0.00000006955
0.00000007527
0.00000006382
0.00000008255
0.00000007324
0.00000007283
0.00000007737
0.00000008230
0.00000005682
0.00000006419
0.00000004522
0.00000005182
0.00000005007
0.00000005367
0.00000002752
0.00000002966
0.00000002941
0.00000003260
0.00000003729
0.00000004217
0.00000004577
0.00000004417
0.00000004668
0.00000004795
0.00000004765
0.00000004413
0.00000003932
0.00000003326
0.00000002599
0.00000003845
0.00000002803
0.00000004481
0.00000003377
0.00000004713
0.00000003504
0.00000004432
0.00000002526
0.00000003313
0.00000004115
0.00000004884
0.00000005883
0.00000004497
0.00000005838
0.00000004359
0.00000006253
0.00000005653
0.00000005183
0.00000004838
0.00000004848
0.00000004516
0.00000004558
0.00000004969
0.00000005420
0.00000005387
0.00000006036
0.00000004330
0.00000005158
0.00000006518
0.00000005299
0.00000006970
0.00000006233
0.00000004673
0.00000006322
0.00000005122
0.00000003865
0.00000004639
0.00000003456
0.00000005113
0.00000004190
0.00000005625
0.00000004503
0.00000006063
0.00000005082
0.00000003609
0.00000005467
0.00000005014
0.00000004933
0.00000007415
0.00000007230
0.00000004480
0.00000004830
0.00000005200
0.00000005507
0.00000005053
0.00000005104
0.00000005214
0.00000004934
0.00000004296
0.00000004394
0.00000004394
0.00000004579
0.00000005110
0.00000005600
0.00000005349
0.00000005864
0.00000003715
0.00000004176
0.00000004315
0.00000005229
0.00000006196
0.00000004420
0.00000005747
0.00000004480
0.00000005461
0.00000004167
0.00000004831
0.00000003488
0.00000004854
0.00000005625
0.00000004494
0.00000005844
0.00000004133
0.00000005634
0.00000004318
0.00000006127
0.00000005203
0.00000004190
0.00000005121
0.00000004343
0.00000005698
0.00000004962
0.00000003684
0.00000005438
0.00000004498
0.00000006533
0.00000005502
0.00000004904
0.00000004311
0.00000006108
0.00000005124
0.00000003775
0.00000002449
0.00000003644
0.00000002149
0.00000003103
0.00000003541
0.00000003441
0.00000003610
0.00000003054
0.00000001941
0.00000000128
-0.00000000051
-0.00000000211
0.00000002185
0.00000001753
0.00000003312
0.00000002656
0.00000004270
0.00000002940
0.00000003421
0.00000001810
0.00000002246
0.00000002451
0.00000002206
0.00000001728
0.00000003481
0.00000002372
0.00000003315
0.00000000886
0.00000001426
0.00000001410
0.00000001041
0.00000002962
0.00000001779
0.00000002242
0.00000002736
0.00000002860
0.00000002620
0.00000002038
0.00000000894
0.00000001418
0.00000001803
0.00000001422
0.00000000424
0.00000001278
0.00000001135
0.00000001651
0.00000001763
0.00000001763
0.00000003701
0.00000003077
0.00000002052
0.00000003009
0.00000000722
0.00000001254
0.00000001269
0.00000000664
0.00000002866
0.00000001884
0.00000003889
0.00000003427
0.00000005561
0.00000005181
0.00000004990
0.00000004883
0.00000003750
0.00000002724
0.00000004304
0.00000003263
0.00000001267
0.00000002226
0.00000002934
0.00000002810
0.00000003157
0.00000002576
0.00000002220
0.00000004264
0.00000004308
0.00000003533
0.00000003207
0.00000005529
0.00000005139
0.00000004757
0.00000003744
0.00000003453
0.00000005382
0.00000004694
0.00000003511
0.00000003067
0.00000005406
0.00000004662
0.00000004471
0.00000004038
0.00000006069
0.00000004928
0.00000004137
0.00000002946
0.00000004967
0.00000004444
0.00000003431
0.00000005642
0.00000005573
0.00000005178
0.00000005551
0.00000006298
0.00000007450
0.00000005457
0.00000006698
0.00000005362
0.00000004150
0.00000005006
0.00000003923
0.00000005149
0.00000003649
0.00000004609
0.00000003361
0.00000004670
0.00000005870
0.00000004518
0.00000005428
0.00000004736
0.00000006918
0.00000006575
0.00000006437
0.00000006129
0.00000006114
0.00000006358
0.00000006363
0.00000007248
0.00000005242
0.00000005918
0.00000007489
0.00000006436
0.00000006062
0.00000006199
0.00000006915
0.00000007302
0.00000005729
0.00000006698
0.00000005087
0.00000005939
0.00000004425
0.00000004802
0.00000003035
0.00000003762
0.00000004803
0.00000005756
0.00000003569
0.00000004297
0.00000005044
0.00000003070
0.00000003808
0.00000004728
0.00000004995
0.00000002272
0.00000001882
0.00000003714
0.00000002832
0.00000004333
0.00000002890
0.00000004216
0.00000002894
0.00000003891
0.00000002286
0.00000003370
0.00000004671
0.00000003490
0.00000005031
0.00000006807
0.00000006007
0.00000005477
0.00000005209
0.00000005432
0.00000005041
0.00000005631
0.00000006231
0.00000006929
0.00000004317
0.00000004304
0.00000004666
0.00000004438
0.00000004933
0.00000005529
0.00000005211
0.00000005587
0.00000005550
0.00000003234
0.00000002775
0.00000002240
0.00000004292
0.00000003167
0.00000002532
0.00000003925
0.00000003178
0.00000004598
0.00000004196
0.00000006314
0.00000006364
0.00000007216
0.00000007591
0.00000006103
0.00000006855
0.00000005994
0.00000004692
0.00000006592
0.00000005698
0.00000005162
0.00000003883
0.00000005716
0.00000004575
0.00000003884
0.00000005212
0.00000004476
0.00000005586
0.00000004349
0.00000002452
0.00000003548
0.00000003794
0.00000004345
0.00000001612
0.00000003426
0.00000003555
0.00000003683
0.00000003729
0.00000003806
0.00000003636
0.00000002934
0.00000002476
0.00000004156
0.00000002945
0.00000001607
0.00000002626
0.00000003697
0.00000004853
0.00000003170
0.00000004106
0.00000004862
0.00000003445
0.00000004819
0.00000006438
0.00000005632
0.00000004755
0.00000006395
0.00000005257
0.00000003854
0.00000002490
0.00000003840
0.00000004944
0.00000003389
0.00000004472
0.00000004850
0.00000002967
0.00000003155
0.00000003190
0.00000003049
0.00000002441
0.00000005137
0.00000005326
0.00000004808
0.00000004733
0.00000005334
0.00000005270
0.00000005899
0.00000007005
0.00000005167
0.00000006777
0.00000006053
0.00000005643
0.00000007399
0.00000007613
0.00000008408
0.00000006711
0.00000007603
0.00000006773
0.00000005896
0.00000005869
0.00000006377
0.00000007059
0.00000007404
0.00000006105
0.00000007115
0.00000006461
0.00000006103
0.00000005872
0.00000004993
0.00000004777
0.00000004495
0.00000005148
0.00000005533
0.00000005963
0.00000005268
0.00000002995
0.00000003095
0.00000003069
0.00000004757
0.00000004598
0.00000004437
0.00000004693
0.00000004503
0.00000005125
0.00000005693
0.00000005820
0.00000006507
0.00000004133
0.00000004944
0.00000005343
0.00000006046
0.00000003742
0.00000004058
0.00000005259
0.00000006183
0.00000004314
0.00000005258
0.00000005885
0.00000004123
0.00000004961
0.00000002662
0.00000003649
0.00000004591
0.00000005268
0.00000004059
0.00000005505
0.00000007080
0.00000005363
0.00000004380
0.00000005636
0.00000004580
0.00000003698
0.00000005414
0.00000004201
0.00000005488
0.00000004864
0.00000004393
0.00000006434
0.00000005664
0.00000005685
0.00000005677
0.00000005992
0.00000006306
0.00000007523
0.00000006325
0.00000007660
0.00000006002
0.00000005063
0.00000006095
0.00000005198
0.00000004351
0.00000006114
0.00000004977
0.00000004746
0.00000007071
0.00000006432
0.00000006624
0.00000007027
0.00000004581
0.00000005228
0.00000005967
0.00000007003
0.00000005393
0.00000006502
0.00000005306
0.00000006024
0.00000004087
0.00000004558
0.00000002357
0.00000002621
0.00000003535
0.00000004661
0.00000005830
0.00000004731
0.00000005815
0.00000005091
0.00000007046
0.00000006864
0.00000007058
0.00000007688
0.00000005349
0.00000006523
0.00000007949
0.00000007036
0.00000005748
0.00000005320
0.00000007609
0.00000006781
0.00000006575
0.00000006055
0.00000005095
0.00000004205
0.00000003200
0.00000004274
0.00000003067
0.00000004684
0.00000003606
0.00000004308
0.00000005543
0.00000003843
0.00000003990
0.00000004429
0.00000002098
0.00000004712
0.00000004895
0.00000004994
0.00000005238
0.00000004749
0.00000004819
0.00000004448
0.00000004440
0.00000004751
0.00000004919
0.00000005196
0.00000005186
0.00000005157
0.00000004421
0.00000004428
0.00000004080
0.00000004013
0.00000003441
0.00000005974
0.00000006125
0.00000006222
0.00000006053
0.00000006636
0.00000004889
0.00000005664
0.00000006249
0.00000004707
0.00000006052
0.00000004804
0.00000007022
0.00000007001
0.00000007010
0.00000007302
0.00000007533
0.00000005484
0.00000006514
0.00000004822
0.00000005392
0.00000004246
0.00000004758
0.00000005605
0.00000003634
0.00000004434
0.00000004898
0.00000005250
0.00000004745
0.00000002311
0.00000005108
0.00000005150
0.00000004338
0.00000003971
0.00000003408
0.00000002331
0.00000003388
0.00000002258
0.00000003487
0.00000004532
0.00000002536
0.00000003606
0.00000004209
0.00000004217
0.00000004506
0.00000002084
0.00000004940
0.00000005111
0.00000004944
0.00000004639
0.00000003804
0.00000003366
0.00000002690
0.00000004430
0.00000003258
0.00000004331
0.00000002808
0.00000003520
0.00000003737
0.00000003243
0.00000002405
0.00000000680
0.00000002228
0.00000003503
0.00000002178
0.00000003116
0.00000003699
0.00000003934
0.00000003888
0.00000003003
0.00000002595
0.00000001843
0.00000003699
0.00000002042
0.00000003062
0.00000003610
0.00000001560
0.00000002248
0.00000002892
0.00000003337
0.00000003978
0.00000003916
0.00000003882
0.00000003634
0.00000003208
0.00000002448
0.00000003849
0.00000002930
0.00000004446
0.00000003211
0.00000004768
0.00000003030
0.00000003609
0.00000004031
0.00000001208
0.00000003593
0.00000002845
0.00000002236
0.00000003796
0.00000002467
0.00000002986
0.00000000137
0.00000001777
0.00000000786
0.00000002446
0.00000001285
0.00000002656
0.00000003642
0.00000004428
0.00000002700
0.00000003525
0.00000004203
0.00000004935
0.00000004900
0.00000002605
0.00000003268
0.00000004052
0.00000004674
0.00000005672
0.00000006741
0.00000004506
0.00000005294
0.00000003292
0.00000004425
0.00000005348
0.00000006850
0.00000005506
0.00000007522
0.00000006904
0.00000006649
0.00000007304
0.00000007949
0.00000006844
0.00000007992
0.00000007328
0.00000006369
0.00000006031
0.00000005502
0.00000006058
0.00000006621
0.00000007959
0.00000006257
0.00000007603
0.00000006942
0.00000006049
0.00000006008
0.00000006639
0.00000006952
0.00000008341
0.00000007159
0.00000006802
0.00000006563
0.00000007058
0.00000007288
0.00000008559
0.00000007728
0.00000006753
0.00000006416
0.00000006056
0.00000006212
0.00000006788
0.00000006968
0.00000004877
0.00000004785
0.00000005492
0.00000006710
0.00000005529
0.00000007240
0.00000006414
0.00000005250
0.00000004653
0.00000006586
0.00000006444
0.00000006632
0.00000006745
0.00000006172
0.00000005882
0.00000002362
0.00000004758
0.00000004580
0.00000003844
0.00000003541
0.00000002939
0.00000004195
0.00000003461
0.00000004569
0.00000003250
0.00000004276
0.00000002524
0.00000002771
0.00000002958
0.00000003054
0.00000002890
0.00000002194
0.00000003651
0.00000001666
0.00000002403
0.00000003087
0.00000003724
0.00000003712
0.00000003464
0.00000002916
0.00000001563
0.00000003270
0.00000002285
0.00000004143
0.00000003399
0.00000005385
0.00000004750
0.00000003754
0.00000006231
0.00000006079
0.00000006091
0.00000006363
0.00000006945
0.00000005165
0.00000005264
0.00000005954
0.00000003822
0.00000003874
0.00000004490
0.00000005360
0.00000005871
0.00000004214
0.00000004856
0.00000005097
0.00000003270
0.00000003973
0.00000004355
0.00000005738
0.00000004475
0.00000005844
0.00000006705
0.00000005658
0.00000004875
0.00000006915
0.00000005882
0.00000005580
0.00000005517
0.00000005398
0.00000005118
0.00000004415
0.00000004442
0.00000004133
0.00000004126
0.00000003954
0.00000003719
0.00000006045
0.00000005076
0.00000004564
0.00000003966
0.00000003403
0.00000005395
0.00000004633
0.00000003569
0.00000004659
0.00000003298
0.00000004926
0.00000004544
0.00000007036
0.00000007027
0.00000007198
0.00000007216
0.00000005393
0.00000006308
0.00000004848
0.00000006647
0.00000005607
0.00000007629
0.00000007296
0.00000007161
0.00000006384
0.00000005896
0.00000005442
0.00000005283
0.00000004541
0.00000003819
0.00000003014
0.00000004127
0.00000003252
0.00000002283
0.00000003144
0.00000004396
0.00000002561
0.00000002337
0.00000002452
0.00000001797
0.00000001184
0.00000002695
0.00000001208
0.00000001453
0.00000001837
0.00000001857
0.00000001162
0.00000003768
0.00000003575
0.00000002590
0.00000002441
0.00000005095
0.00000004694
0.00000004875
0.00000004768
0.00000003894
0.00000003429
0.00000002805
0.00000004892
0.00000004046
0.00000002638
0.00000004409
0.00000002833
0.00000004332
0.00000003049
0.00000004289
0.00000006121
0.00000005453
0.00000004228
0.00000005637
0.00000003808
0.00000002246
0.00000003031
0.00000002947
0.00000002877
0.00000001848
0.00000001089
0.00000002792
0.00000003587
0.00000002092
0.00000002912
0.00000002994
0.00000003533
0.00000003349
0.00000003859
0.00000004053
0.00000003407
0.00000003373
0.00000002832
0.00000002832
0.00000005456
0.00000005069
0.00000004926
0.00000004906
0.00000005086
0.00000004785
0.00000004955
0.00000004888
0.00000005398
0.00000005931
0.00000005940
0.00000003741
0.00000003832
0.00000003965
0.00000003676
0.00000002854
0.00000002156
0.00000003524
0.00000002934
0.00000005073
0.00000003942
0.00000003194
0.00000005206
0.00000003706
0.00000002477
0.00000003776
0.00000002142
0.00000002384
0.00000002912
0.00000003177
0.00000003103
0.00000003213
0.00000003207
0.00000003161
0.00000002928
0.00000004895
0.00000003991
0.00000002427
0.00000003817
0.00000002608
0.00000003937
0.00000005053
0.00000003496
0.00000004416
0.00000002681
0.00000003163
0.00000003787
0.00000004668
0.00000005590
0.00000003213
0.00000003945
0.00000004980
0.00000006278
0.00000004867
0.00000006041
0.00000003782
0.00000004816
0.00000003388
0.00000004427
0.00000005274
0.00000003185
0.00000003304
0.00000002787
0.00000002775
0.00000002381
0.00000001941
0.00000003785
0.00000002536
0.00000003991
0.00000002347
0.00000002923
0.00000004462
0.00000002390
0.00000003473
0.00000004791
0.00000006241
0.00000005127
0.00000006480
0.00000005096
0.00000003468
0.00000005164
0.00000004340
0.00000006078
0.00000005575
0.00000004780
0.00000004278
0.00000006697
0.00000005914
0.00000005522
0.00000004982
0.00000003989
0.00000003814
0.00000003712
0.00000006622
0.00000006978
0.00000007177
0.00000005238
0.00000006058
0.00000004417
0.00000005445
0.00000006835
0.00000005746
0.00000004542
0.00000006525
0.00000006413
0.00000006232
0.00000006158
0.00000006312
0.00000005836
0.00000005985
0.00000004020
0.00000005211
0.00000006629
0.00000005575
0.00000007394
0.00000007080
0.00000007417
0.00000007995
0.00000008956
0.00000006962
0.00000005549
0.00000006850
0.00000005518
0.00000004286
0.00000005483
0.00000003417
0.00000004788
0.00000003582
0.00000004883
0.00000005575
0.00000004185
0.00000005309
0.00000003852
0.00000004896
0.00000003490
0.00000004465
0.00000006073
0.00000005205
0.00000006740
0.00000005720
0.00000004698
0.00000007144
0.00000007182
0.00000007373
0.00000005163
0.00000005303
0.00000005512
0.00000005851
0.00000003824
0.00000004575
0.00000005585
0.00000005768
0.00000003949
0.00000004907
0.00000005748
0.00000003283
0.00000004020
0.00000004816
0.00000005080
0.00000002274
0.00000001619
0.00000001333
0.00000003301
0.00000002593
0.00000004228
0.00000002617
0.00000004023
0.00000002704
0.00000004041
0.00000005323
0.00000004474
0.00000005629
0.00000004806
0.00000006707
0.00000005686
0.00000004749
0.00000003225
0.00000004483
0.00000002968
0.00000003940
0.00000004198
0.00000001907
0.00000002107
0.00000002304
0.00000002409
0.00000004114
0.00000003479
0.00000002668
0.00000004785
0.00000004302
0.00000003392
0.00000005466
0.00000005051
0.00000004378
0.00000003576
0.00000002951
0.00000004807
0.00000003843
0.00000003074
0.00000005180
0.00000004708
0.00000006343
0.00000006081
0.00000005511
0.00000004955
0.00000004274
0.00000003559
0.00000005403
0.00000004189
0.00000002925
0.00000004139
0.00000002144
0.00000002355
0.00000001950
0.00000000941
0.00000002360
0.00000000597
0.00000000640
0.00000000563
0.00000002657
0.00000001969
0.00000001090
0.00000002758
0.00000004387
0.00000002691
0.00000003874
0.00000002623
0.00000003802
0.00000004831
0.00000003506
0.00000005028
0.00000007080
0.00000006228
0.00000006038
0.00000005749
0.00000005484
0.00000005123
0.00000005244
0.00000005295
0.00000005978
0.00000007235
0.00000005877
0.00000006845
0.00000005662
0.00000004903
0.00000005803
0.00000004710
0.00000003536
0.00000004831
0.00000002929
0.00000004158
0.00000005064
0.00000003376
0.00000003620
0.00000004189
0.00000004935
0.00000005160
0.00000003288
0.00000003486
0.00000004336
0.00000005235
0.00000005644
0.00000004331
0.00000005501
0.00000006544
0.00000005943
0.00000005684
0.00000007937
0.00000008639
0.00000006836
0.00000007912
0.00000006342
0.00000005801
0.00000008428
0.00000008731
0.00000005743
0.00000006602
0.00000007851
0.00000006813
0.00000005524
0.00000007735
0.00000008118
0.00000008367
0.00000007166
0.00000008889
0.00000007461
0.00000007007
0.00000006565
0.00000005944
0.00000005790
0.00000005153
0.00000004916
0.00000004081
0.00000003455
0.00000002757
0.00000003975
0.00000003214
0.00000004592
0.00000003819
0.00000005608
0.00000004438
0.00000004055
0.00000005962
0.00000004818
0.00000004349
0.00000003949
0.00000005621
0.00000005085
0.00000004356
0.00000002745
0.00000003986
0.00000002509
0.00000003973
0.00000002677
0.00000003358
0.00000004513
0.00000002491
0.00000002864
0.00000002408
0.00000001910
0.00000000828
0.00000002110
0.00000002820
0.00000003763
0.00000001769
0.00000002060
0.00000002136
0.00000002156
0.00000004732
0.00000004779
0.00000004709
0.00000004353
0.00000004133
0.00000004114
0.00000004257
0.00000003982
0.00000004428
0.00000004580
0.00000004425
0.00000004024
0.00000004321
0.00000004156
0.00000004682
0.00000004979
0.00000005114
0.00000005244
0.00000004810
0.00000005387
0.00000006193
0.00000007137
0.00000005431
0.00000006946
0.00000006278
0.00000005382
0.00000004190
0.00000006211
0.00000005535
0.00000005244
0.00000004993
0.00000005324
0.00000005647
0.00000006024
0.00000005819
0.00000003904
0.00000004285
0.00000004375
0.00000004686
0.00000005122
0.00000005891
0.00000003376
0.00000004268
0.00000004569
0.00000005019
0.00000005640
0.00000003216
0.00000004001
0.00000004755
0.00000005728
0.00000004446
0.00000005918
0.00000007449
0.00000005898
0.00000004976
0.00000004260
0.00000006311
0.00000005787
0.00000005440
0.00000005077
0.00000004642
0.00000004780
0.00000005218
0.00000005432
0.00000006770
0.00000005836
0.00000007891
0.00000006678
0.00000006489
0.00000006467
0.00000006613
0.00000006186
0.00000006561
0.00000004209
0.00000004702
0.00000004866
0.00000005686
0.00000006038
0.00000004049
0.00000004031
0.00000004551
0.00000004740
0.00000005699
0.00000004083
0.00000005516
0.00000006423
0.00000005281
0.00000003552
0.00000004940
0.00000003495
0.00000005281
0.00000004365
0.00000006300
0.00000004998
0.00000003993
0.00000004969
0.00000003500
0.00000004488
0.00000002621
0.00000004027
0.00000004745
0.00000003084
0.00000004098
0.00000004564
0.00000005444
0.00000003002
0.00000003687
0.00000003684
0.00000004324
0.00000004464
0.00000004642
0.00000004355
0.00000004546
0.00000004900
0.00000004764
0.00000004993
0.00000004791
0.00000005598
0.00000006403
0.00000008021
0.00000006953
0.00000006714
0.00000006652
0.00000006638
0.00000007222
0.00000007381
0.00000005683
0.00000005760
0.00000003701
0.00000003784
0.00000004145
0.00000003542
0.00000003387
0.00000002713
0.00000005100
0.00000004541
0.00000003226
0.00000002605
0.00000004927
0.00000004146
0.00000006642
0.00000006750
0.00000006807
0.00000004362
0.00000003859
0.00000003767
0.00000003542
0.00000002810
0.00000004605
0.00000003467
0.00000001991
0.00000002486
0.00000003136
0.00000003605
0.00000004709
0.00000005996
0.00000004602
0.00000005714
0.00000003990
0.00000004889
0.00000003145
0.00000003777
0.00000004040
0.00000004596
0.00000005324
0.00000002996
0.00000003732
0.00000004524
0.00000005714
0.00000007013
0.00000005890
0.00000005048
0.00000007158
0.00000006967
0.00000006776
0.00000006859
0.00000007349
0.00000005525
0.00000006038
0.00000006754
0.00000005091
0.00000006726
0.00000005848
0.00000005376
0.00000007774
0.00000007613
0.00000004938
0.00000005341
0.00000005870
0.00000007108
0.00000006016
0.00000007995
0.00000007658
0.00000006802
0.00000006443
0.00000005888
0.00000005523
0.00000004788
0.00000003862
0.00000003280
0.00000004904
0.00000003819
0.00000001917
0.00000002418
0.00000002714
0.00000003252
0.00000003040
0.00000002157
0.00000001514
0.00000003263
0.00000002179
0.00000003305
0.00000004059
0.00000001495
0.00000002714
0.00000002913
0.00000002883
0.00000002439
0.00000001758
0.00000003621
0.00000002657
0.00000004576
0.00000003920
0.00000002856
0.00000004049
0.00000002572
0.00000003313
0.00000003870
0.00000003530
0.00000003882
0.00000003977
0.00000003879
0.00000003701
0.00000003046
0.00000002379
0.00000003927
0.00000003495
0.00000006058
0.00000004990
0.00000004002
0.00000002629
0.00000003548
0.00000000695
0.00000000591
0.00000003069
0.00000002838
0.00000002814
0.00000005467
0.00000005329
0.00000005177
0.00000004798
0.00000004647
0.00000004512
0.00000003955
0.00000003031
0.00000002257
0.00000003895
0.00000002122
0.00000003546
0.00000005292
0.00000004348
0.00000005872
0.00000004127
0.00000002659
0.00000003996
0.00000005296
0.00000003969
0.00000005459
0.00000004068
0.00000004507
0.00000002667
0.00000003548
0.00000004731
0.00000003348
0.00000004781
0.00000006295
0.00000004982
0.00000004539
0.00000006544
0.00000005756
0.00000005066
0.00000004009
0.00000006595
0.00000006715
0.00000007085
0.00000007464
0.00000004961
0.00000005461
0.00000006125
0.00000004285
0.00000004448
0.00000005330
0.00000006141
0.00000003872
0.00000004683
0.00000005540
0.00000006215
0.00000003651
0.00000003794
0.00000003700
0.00000004149
0.00000004534
0.00000004819
0.00000005729
0.00000006637
0.00000004821
0.00000005898
0.00000006220
0.00000004407
0.00000005625
0.00000004290
0.00000005678
0.00000006511
0.00000005377
0.00000004053
0.00000005284
0.00000003837
0.00000004671
0.00000003207
0.00000004336
0.00000005655
0.00000003866
0.00000004725
0.00000003032
0.00000003210
0.00000003759
0.00000004098
0.00000004327
0.00000004007
0.00000004195
0.00000004496
0.00000004703
0.00000005393
0.00000006131
0.00000004642
0.00000005404
0.00000006928
0.00000005461
0.00000004754
0.00000006346
0.00000006249
0.00000006727
0.00000006892
0.00000007877
0.00000006583
0.00000007459
0.00000006214
0.00000004727
0.00000006295
0.00000005523
0.00000004143
0.00000005856
0.00000004398
0.00000003725
0.00000005937
0.00000005457
0.00000005422
0.00000004830
0.00000004507
0.00000004276
0.00000004057
0.00000003387
0.00000003284
0.00000005761
0.00000005204
0.00000005166
0.00000005307
0.00000005000
0.00000005304
0.00000005259
0.00000005988
0.00000005968
0.00000003831
0.00000003679
0.00000003991
0.00000003980
0.00000004600
0.00000004703
0.00000005139
0.00000005615
0.00000005673
0.00000003361
0.00000003032
0.00000003172
0.00000002853
0.00000004337
0.00000003417
0.00000001653
0.00000002845
0.00000003597
0.00000003791
0.00000003791
0.00000002921
0.00000002202
0.00000001462
0.00000003141
0.00000002947
0.00000003964
0.00000003229
0.00000005404
0.00000004933
0.00000003786
0.00000005545
0.00000004746
0.00000003807
0.00000002756
0.00000003741
0.00000002290
0.00000002997
0.00000003342
0.00000002879
0.00000001861
0.00000000956
0.00000002304
0.00000003241
0.00000000624
0.00000000207
0.00000001947
0.00000000845
0.00000001810
0.00000002673
0.00000002680
0.00000002872
0.00000002693
0.00000001977
0.00000003653
0.00000002440
0.00000002792
0.00000000303
-0.00000000034
0.00000001923
0.00000001130
0.00000002343
0.00000003583
0.00000002053
0.00000003321
0.00000004496
0.00000005887
0.00000004823
0.00000006519
0.00000005723
0.00000005323
0.00000005204
0.00000005062
0.00000005933
0.00000007261
0.00000006203
0.00000007969
0.00000007549
0.00000006971
0.00000006878
0.00000006751
0.00000007144
0.00000004662
0.00000005699
0.00000006635
0.00000005381
0.00000006615
0.00000004995
0.00000006734
0.00000005870
0.00000004860
0.00000002997
0.00000004359
0.00000002795
0.00000003779
0.00000004449
0.00000005485
0.00000003302
0.00000003429
0.00000004428
0.00000005778
0.00000004802
0.00000005702
0.00000004338
0.00000005780
0.00000004770
0.00000006003
0.00000005685
0.00000004309
0.00000006249
0.00000005662
0.00000005011
0.00000004133
0.00000002700
0.00000003616
0.00000002015
0.00000002801
0.00000003400
0.00000003789
0.00000004127
0.00000004562
0.00000005534
0.00000005540
0.00000003293
0.00000003433
0.00000003783
0.00000004189
0.00000004838
0.00000005956
0.00000007111
0.00000006385
0.00000008421
0.00000008085
0.00000007146
0.00000003838
0.00000003341
0.00000005847
0.00000006474
0.00000006508
0.00000007199
0.00000005183
0.00000005326
0.00000005995
0.00000004280
0.00000004956
0.00000005978
0.00000004485
0.00000005217
0.00000004592
0.00000006465
0.00000006321
0.00000005817
0.00000005906
0.00000006205
0.00000006074
0.00000006632
0.00000004307
0.00000005609
0.00000006648
0.00000005654
0.00000007050
0.00000006684
0.00000006184
0.00000006147
0.00000006029
0.00000006528
0.00000006916
0.00000005357
0.00000006238
0.00000004906
0.00000006844
0.00000005731
0.00000005517
0.00000005275
0.00000005982
0.00000006497
0.00000007967
0.00000006443
0.00000005608
0.00000007102
0.00000006653
0.00000005963
0.00000005954
0.00000005713
0.00000006460
0.00000007527
0.00000005869
0.00000007433
0.00000006535
0.00000005569
0.00000005046
0.00000006958
0.00000006804
0.00000006815
0.00000006591
0.00000006330
0.00000005238
0.00000004644
0.00000003819
0.00000002694
0.00000003656
0.00000002106
0.00000002958
0.00000003465
0.00000003190
0.00000003268
0.00000003339
0.00000003076
0.00000002720
0.00000002088
0.00000004096
0.00000003502
0.00000005447
0.00000004281
0.00000003949
0.00000006495
0.00000005812
0.00000004866
0.00000003572
0.00000002736
0.00000004189
0.00000002740
0.00000003821
0.00000003990
0.00000001684
0.00000001906
0.00000002007
0.00000004013
0.00000003731
0.00000002827
0.00000002274
0.00000003929
0.00000002973
0.00000004561
0.00000003240
0.00000003638
0.00000001567
0.00000001813
0.00000001391
0.00000000552
0.00000001716
0.00000003066
0.00000001546
0.00000002645
0.00000002682
0.00000002894
0.00000002852
0.00000002690
0.00000002196
0.00000004039
0.00000003423
0.00000003154
0.00000005301
0.00000005083
0.00000004836
0.00000004590
0.00000004276
0.00000003927
0.00000003566
0.00000005911
0.00000005455
0.00000005473
0.00000005466
0.00000005404
0.00000005441
0.00000005245
0.00000004444
0.00000004416
0.00000004309
0.00000004228
0.00000004241
0.00000004100
0.00000004328
0.00000004410
0.00000004057
0.00000003238
0.00000002520
0.00000004747
0.00000004081
0.00000003371
0.00000005141
0.00000003714
0.00000002789
0.00000004581
0.00000003779
0.00000005331
0.00000003853
0.00000005344
0.00000003929
0.00000005317
0.00000003677
0.00000005107
0.00000004253
0.00000006006
0.00000005582
0.00000004346
0.00000006171
0.00000005159
0.00000003456
0.00000002419
0.00000003729
0.00000005577
0.00000004729
0.00000006192
0.00000006002
0.00000005586
0.00000005826
0.00000005433
0.00000005878
0.00000006557
0.00000007192
0.00000004522
0.00000004465
0.00000004047
0.00000004064
0.00000004054
0.00000003354
0.00000003376
0.00000003234
0.00000005585
0.00000004679
0.00000004165
0.00000003316
0.00000002172
0.00000002940
0.00000003735
0.00000001768
0.00000001885
0.00000002013
0.00000002247
0.00000004409
0.00000004423
0.00000004518
0.00000004866
0.00000004646
0.00000004996
0.00000005410
0.00000005324
0.00000004839
0.00000004587
0.00000003918
0.00000002958
0.00000003795
0.00000002254
0.00000003142
0.00000003956
0.00000004103
0.00000004732
0.00000002576
0.00000002903
0.00000002838
0.00000003274
0.00000003694
0.00000004319
0.00000004833
0.00000006356
0.00000005403
0.00000007350
0.00000006373
0.00000006324
0.00000006572
0.00000006632
0.00000007094
0.00000004511
0.00000005328
0.00000005831
0.00000003786
0.00000003869
0.00000004737
0.00000005852
0.00000006767
0.00000005473
0.00000007389
0.00000006341
0.00000005598
0.00000004292
0.00000003662
0.00000005642
0.00000005418
0.00000005105
0.00000004183
0.00000003409
0.00000004497
0.00000003143
0.00000004399
0.00000002342
0.00000003210
0.00000003750
0.00000004789
0.00000005364
0.00000003950
0.00000004650
0.00000005663
0.00000003228
0.00000003883
0.00000003782
0.00000003998
0.00000003720
0.00000003802
0.00000003190
0.00000003027
0.00000005199
0.00000005545
0.00000005218
0.00000005670
0.00000005437
0.00000005716
0.00000006003
0.00000002965
0.00000002857
0.00000004689
0.00000004524
0.00000003415
0.00000002577
0.00000003635
0.00000002163
0.00000002869
0.00000003671
0.00000003882
0.00000004357
0.00000002055
0.00000002049
0.00000004109
0.00000003642
0.00000002545
0.00000004136
0.00000002951
0.00000003620
0.00000002328
0.00000003531
0.00000004352
0.00000006095
0.00000004915
0.00000006955
0.00000006217
0.00000006159
0.00000006217
0.00000006262
0.00000005870
0.00000005950
0.00000005901
0.00000006687
0.00000004744
0.00000006473
0.00000007856
0.00000007121
0.00000006461
0.00000005554
0.00000005276
0.00000004559
0.00000005014
0.00000005385
0.00000005643
0.00000006521
0.00000007128
0.00000006106
0.00000007019
0.00000005783
0.00000004251
0.00000006007
0.00000004738
0.00000006530
0.00000005349
0.00000004711
0.00000006450
0.00000004654
0.00000003256
0.00000003547
0.00000001852
0.00000002167
0.00000003313
0.00000004472
0.00000005177
0.00000006121
0.00000003819
0.00000004661
0.00000005430
0.00000003185
0.00000003913
0.00000004540
0.00000004803
0.00000005234
0.00000002356
0.00000002298
0.00000002166
0.00000001675
0.00000003619
0.00000002072
0.00000003433
0.00000002394
0.00000003258
0.00000004423
0.00000003132
0.00000003935
0.00000005064
0.00000003343
0.00000004740
0.00000006418
0.00000004933
0.00000006779
0.00000006237
0.00000005087
0.00000005080
0.00000004411
0.00000004700
0.00000004964
0.00000006072
0.00000006999
0.00000006195
0.00000008095
0.00000007728
0.00000008520
0.00000006520
0.00000007910
0.00000006373
0.00000005915
0.00000008189
0.00000008208
0.00000009066
0.00000007883
0.00000006631
0.00000008187
0.00000008551
0.00000005982
0.00000006973
0.00000007744
0.00000006970
0.00000008955
0.00000009218
0.00000006626
0.00000007459
0.00000005500
0.00000006745
0.00000005318
0.00000006909
0.00000005831
0.00000004442
0.00000006396
0.00000005770
0.00000005522
0.00000004625
0.00000004056
0.00000003683
0.00000005342
0.00000005013
0.00000004366
0.00000004723
0.00000004801
0.00000004996
0.00000006084
0.00000006619
0.00000005075
0.00000006064
0.00000003922
0.00000004358
0.00000003990
0.00000003994
0.00000002913
0.00000001991
0.00000003351
0.00000001770
0.00000003082
0.00000003396
0.00000003813
0.00000004304
0.00000004103
0.00000004299
0.00000004570
0.00000004375
0.00000005013
0.00000005586
0.00000005751
0.00000006510
0.00000004282
0.00000004042
0.00000004332
0.00000004858
0.00000004989
0.00000004280
0.00000003948
0.00000003045
0.00000002542
0.00000004394
0.00000002822
0.00000004249
0.00000002845
0.00000004244
0.00000005382
0.00000003336
0.00000003980
0.00000004299
0.00000001494
0.00000004733
0.00000005516
0.00000005939
0.00000003780
0.00000003940
0.00000003604
0.00000003738
0.00000003741
0.00000003220
0.00000002867
0.00000002410
0.00000004200
0.00000002581
0.00000004114
0.00000002951
0.00000003546
0.00000004734
0.00000003096
0.00000003734
0.00000003808
0.00000004174
0.00000004467
0.00000004641
0.00000004369
0.00000004238
0.00000004255
0.00000004025
0.00000004422
0.00000004919
0.00000005134
0.00000006147
0.00000006958
0.00000005426
0.00000006031
0.00000004843
0.00000006691
0.00000006388
0.00000006153
0.00000006095
0.00000006126
0.00000006205
0.00000007235
0.00000005925
0.00000007479
0.00000006366
0.00000005362
0.00000004755
0.00000006681
0.00000006108
0.00000006276
0.00000006712
0.00000007426
0.00000008029
0.00000006169
0.00000004770
0.00000006113
0.00000005423
0.00000007648
0.00000007372
0.00000007426
0.00000005198
0.00000005563
0.00000005898
0.00000007040
0.00000005632
0.00000006447
0.00000005047
0.00000006491
0.00000005116
0.00000006553
0.00000005411
0.00000004393
0.00000006032
0.00000005489
0.00000005161
0.00000004903
0.00000004721
0.00000004427
0.00000003300
0.00000005191
0.00000004454
0.00000003291
0.00000004125
0.00000002894
0.00000004501
0.00000005494
0.00000003895
0.00000004683
0.00000002238
0.00000003013
0.00000003807
0.00000004425
0.00000004494
0.00000005398
0.00000006255
0.00000004548
0.00000004818
0.00000005503
0.00000003053
0.00000003521
0.00000003764
0.00000003784
0.00000003601
0.00000002767
0.00000002621
0.00000004695
0.00000003890
0.00000002706
0.00000003816
0.00000002305
0.00000003115
0.00000003498
0.00000003670
0.00000004154
0.00000004648
0.00000005312
0.00000005766
0.00000006202
0.00000003536
0.00000003810
0.00000004244
0.00000004279
0.00000004360
0.00000004620
0.00000004690
0.00000004533
0.00000004670
0.00000004660
0.00000004272
0.00000003612
0.00000002358
0.00000001221
0.00000002229
0.00000002707
0.00000003638
0.00000004211
0.00000004672
0.00000004670
0.00000002286
0.00000004978
0.00000005007
0.00000004722
0.00000004193
0.00000003169
0.00000002369
0.00000003861
0.00000002352
0.00000003429
0.00000004638
0.00000002891
0.00000003018
0.00000003459
0.00000003456
0.00000002908
0.00000001937
0.00000003516
0.00000001695
0.00000002496
0.00000002944
0.00000002837
0.00000001867
0.00000001379
0.00000002863
0.00000000901
0.00000001775
0.00000002240
0.00000002342
0.00000002499
0.00000001987
0.00000001880
0.00000004255
0.00000003956
0.00000003230
0.00000002433
0.00000004290
0.00000003439
0.00000004137
0.00000002531
0.00000003782
0.00000004592
0.00000001951
0.00000002282
0.00000002246
0.00000001845
0.00000004679
0.00000005137
0.00000005756
0.00000005524
0.00000006240
0.00000004500
0.00000005529
0.00000005947
0.00000004284
0.00000004427
0.00000004935
0.00000003124
0.00000003370
0.00000003594
0.00000003093
0.00000002891
0.00000003127
0.00000003608
0.00000006209
0.00000007046
0.00000005562
0.00000006884
0.00000005038
0.00000006342
0.00000004845
0.00000005465
0.00000003698
0.00000004865
0.00000006250
0.00000004664
0.00000006658
0.00000006475
0.00000006057
0.00000005978
0.00000006154
0.00000005882
0.00000006581
0.00000004785
0.00000005201
0.00000006425
0.00000005413
0.00000006176
0.00000004814
0.00000006559
0.00000005788
0.00000004363
0.00000006083
0.00000005111
0.00000003633
0.00000005285
0.00000004031
0.00000005734
0.00000004747
0.00000004240
0.00000005755
0.00000005166
0.00000004167
0.00000005477
0.00000004660
0.00000003831
0.00000004984
0.00000003949
0.00000005371
0.00000003965
0.00000004613
0.00000002956
0.00000003666
0.00000003610
0.00000003972
0.00000004137
0.00000004120
0.00000003514
0.00000003109
0.00000002597
0.00000003933
0.00000003257
0.00000004886
0.00000003569
0.00000004387
0.00000002905
0.00000003689
0.00000003859
0.00000004583
0.00000004874
0.00000002977
0.00000003661
0.00000004256
0.00000004768
0.00000005109
0.00000004992
0.00000005087
0.00000002523
0.00000004577
0.00000004505
0.00000004286
0.00000003819
0.00000002645
0.00000004474
0.00000003339
0.00000002122
0.00000003596
0.00000004633
0.00000003466
0.00000005000
0.00000003711
0.00000005066
0.00000003780
0.00000004175
0.00000002071
0.00000002693
0.00000002905
0.00000002898
0.00000003105
0.00000003819
0.00000004701
0.00000005130
0.00000006430
0.00000005330
0.00000007351
0.00000006757
0.00000006330
0.00000006046
0.00000006073
0.00000006518
0.00000006964
0.00000004831
0.00000004930
0.00000005230
0.00000005463
0.00000003187
0.00000003158
0.00000003627
0.00000003817
0.00000004467
0.00000005045
0.00000005581
0.00000005958
0.00000004032
0.00000004761
0.00000005644
0.00000003401
0.00000004051
0.00000004617
0.00000005743
0.00000004447
0.00000005804
0.00000007030
0.00000006079
0.00000005180
0.00000006568
0.00000005443
0.00000003820
0.00000002690
0.00000003509
0.00000004308
0.00000002190
0.00000002003
0.00000002540
0.00000002632
0.00000005706
0.00000005878
0.00000004319
0.00000004969
0.00000006297
0.00000004828
0.00000007137
0.00000006843
0.00000005859
0.00000005409
0.00000005003
0.00000004071
0.00000003858
0.00000006440
0.00000005926
0.00000006394
0.00000006619
0.00000007608
0.00000006539
0.00000008169
0.00000007149
0.00000006978
0.00000006485
0.00000006517
0.00000006759
0.00000006784
0.00000004926
0.00000005447
0.00000005369
0.00000002792
0.00000002133
0.00000004509
0.00000004447
0.00000004423
0.00000004093
0.00000004346
0.00000004889
0.00000005365
0.00000005383
0.00000005867
0.00000003863
0.00000004843
0.00000005782
0.00000004665
0.00000006341
0.00000008200
0.00000007460
0.00000006774
0.00000006704
0.00000006708
0.00000007044
0.00000004612
0.00000004860
0.00000005384
0.00000006109
0.00000006674
0.00000004378
0.00000004887
0.00000005156
0.00000002798
0.00000002729
0.00000002816
0.00000002875
0.00000002943
0.00000005193
0.00000004758
0.00000004535
0.00000003042
0.00000001883
0.00000002782
0.00000003306
0.00000003223
0.00000002882
0.00000001781
0.00000000818
0.00000002053
0.00000003335
0.00000002332
0.00000003873
0.00000005142
0.00000003853
0.00000005395
0.00000003775
0.00000005189
0.00000004063
0.00000005406
0.00000004041
0.00000005175
0.00000002963
0.00000003620
0.00000004824
0.00000005852
0.00000004288
0.00000005086
0.00000003272
0.00000003998
0.00000004695
0.00000004421
0.00000004572
0.00000002038
0.00000004414
0.00000003867
0.00000003068
0.00000001711
0.00000003123
0.00000001835
0.00000002769
0.00000003619
0.00000004104
0.00000003779
0.00000003423
0.00000003047
0.00000002397
0.00000004219
0.00000003343
0.00000004984
0.00000003217
0.00000005058
0.00000003054
0.00000004742
0.00000005316
0.00000003624
0.00000004196
0.00000002538
0.00000002493
0.00000002926
0.00000003574
0.00000004007
0.00000004814
0.00000005840
0.00000007209
0.00000005842
0.00000007020
0.00000005494
0.00000003886
0.00000004129
0.00000001865
0.00000002362
0.00000002762
0.00000003061
0.00000003172
0.00000002612
0.00000001816
0.00000003454
0.00000002404
0.00000003000
0.00000003894
0.00000001906
0.00000002412
0.00000002878
0.00000003243
0.00000003246
0.00000003596
0.00000003757
0.00000003768
0.00000003929
0.00000003722
0.00000004379
0.00000004848
0.00000004544
0.00000004917
0.00000004874
0.00000004242
0.00000003968
0.00000003328
0.00000002167
0.00000003544
0.00000001453
0.00000001732
0.00000001409
0.00000000814
0.00000001719
0.00000000270
0.00000000952
0.00000001396
0.00000001393
0.00000001270
0.00000003337
0.00000002287
0.00000003746
0.00000002045
0.00000002781
0.00000002628
0.00000002379
0.00000001794
0.00000000800
0.00000001651
0.00000002811
0.00000003428
0.00000001575
0.00000004172
0.00000004165
0.00000004295
0.00000003506
0.00000003050
0.00000002388
0.00000003622
0.00000002077
0.00000002705
0.00000003067
0.00000002829
0.00000002871
0.00000002689
0.00000001568
0.00000003009
0.00000001648
0.00000002628
0.00000003267
0.00000003265
0.00000003807
0.00000004230
0.00000004592
0.00000004883
0.00000005394
0.00000005578
0.00000003807
0.00000004796
0.00000006507
0.00000008088
0.00000007757
0.00000008130
0.00000008625
0.00000007609
0.00000009675
0.00000009573
0.00000007278
0.00000008548
0.00000007319
0.00000009878
0.00000007131
0.00000008042
0.00000009034
0.00000008564
0.00000008031
0.00000007958
0.00000008621
0.00000006614
0.00000008121
0.00000007137
0.00000006585
0.00000006878
0.00000006757
0.00000007422
0.00000005159
0.00000006141
0.00000007054
0.00000006071
0.00000007305
0.00000007110
0.00000006417
0.00000006279
0.00000005482
0.00000005588
0.00000005161
0.00000005169
0.00000005757
0.00000006191
0.00000007166
0.00000005771
0.00000006480
0.00000005289
0.00000004311
0.00000005335
0.00000004390
0.00000006082
0.00000005037
0.00000003999
0.00000004766
0.00000003232
0.00000003997
0.00000001992
0.00000002008
0.00000002262
0.00000002470
0.00000004578
0.00000004428
0.00000004449
0.00000004010
0.00000003899
0.00000003879
0.00000003339
0.00000005640
0.00000005129
0.00000004830
0.00000004048
0.00000002634
0.00000004196
0.00000002867
0.00000003654
0.00000004452
0.00000001855
0.00000002135
0.00000001514
0.00000003499
0.00000002951
0.00000001932
0.00000002743
0.00000004005
0.00000002005
0.00000002297
0.00000002353
0.00000001747
0.00000001748
0.00000004843
0.00000005128
0.00000006121
0.00000007541
0.00000005844
0.00000007529
0.00000006786
0.00000007154
0.00000007502
0.00000007761
0.00000006561
0.00000007575
0.00000006711
0.00000005600
0.00000005123
0.00000007171
0.00000007280
0.00000007351
0.00000005353
0.00000005441
0.00000005600
0.00000006291
0.00000003665
0.00000004119
0.00000003705
0.00000003602
0.00000003503
0.00000003085
0.00000005496
0.00000004852
0.00000004861
0.00000004733
0.00000005281
0.00000005366
0.00000006158
0.00000006393
0.00000004314
0.00000004297
0.00000004580
0.00000004624
0.00000004174
0.00000004112
0.00000004043
0.00000003353
0.00000002910
0.00000004593
0.00000004159
0.00000003484
0.00000005976
0.00000006110
0.00000006383
0.00000006444
0.00000007199
0.00000005848
0.00000007244
0.00000005854
0.00000007505
0.00000006614
0.00000005042
0.00000004285
0.00000006392
0.00000005491
0.00000005003
0.00000004116
0.00000003870
0.00000006484
0.00000005962
0.00000006132
0.00000006448
0.00000006283
0.00000003986
0.00000004440
0.00000004390
0.00000004881
0.00000005918
0.00000006930
0.00000006189
0.00000008260
0.00000007984
0.00000007711
0.00000005346
0.00000005586
0.00000005852
0.00000005469
0.00000005892
0.00000006218
0.00000003831
0.00000004152
0.00000004656
0.00000005018
0.00000004841
0.00000005936
0.00000003391
0.00000003820
0.00000004088
0.00000003836
0.00000003589
0.00000003549
0.00000003244
0.00000002785
0.00000004160
0.00000003645
0.00000003006
0.00000004632
0.00000003246
0.00000004040
0.00000002808
0.00000004353
0.00000005109
0.00000003240
0.00000003703
0.00000004041
0.00000004978
0.00000005434
0.00000003553
0.00000004343
0.00000005085
0.00000006503
0.00000004758
0.00000005954
0.00000004366
0.00000006351
0.00000005786
0.00000004397
0.00000005480
0.00000004240
0.00000002756
0.00000004457
0.00000005793
0.00000005702
0.00000005674
0.00000006485
0.00000007153
0.00000008300
0.00000006434
0.00000005288
0.00000006276
0.00000005438
0.00000004697
0.00000006460
0.00000006151
0.00000005883
0.00000005532
0.00000005924
0.00000005937
0.00000006753
0.00000005022
0.00000005158
0.00000005639
0.00000005460
0.00000003389
0.00000003110
0.00000003135
0.00000003020
0.00000002159
0.00000004161
0.00000002848
0.00000004380
0.00000003070
0.00000003517
0.00000001793
0.00000002746
0.00000003446
0.00000003602
0.00000004230
0.00000004593
0.00000005004
0.00000005171
0.00000003347
0.00000004224
0.00000005230
0.00000005592
0.00000004011
0.00000005020
0.00000006102
0.00000004541
0.00000005613
0.00000004386
0.00000005891
0.00000004294
0.00000005808
0.00000004960
0.00000004411
0.00000006114
0.00000005021
0.00000004109
0.00000002463
0.00000004314
0.00000003909
0.00000005951
0.00000004919
0.00000004544
0.00000004364
0.00000004287
0.00000006182
0.00000005884
0.00000006144
0.00000005852
0.00000006116
0.00000006421
0.00000003602
0.00000003798
0.00000003874
0.00000003489
0.00000003481
0.00000003646
0.00000003434
0.00000003857
0.00000004014
0.00000003647
0.00000003810
0.00000003359
0.00000003527
0.00000002809
0.00000005086
0.00000004109
0.00000003073
0.00000001906
0.00000002948
0.00000004229
0.00000002636
0.00000003771
0.00000005103
0.00000003333
0.00000004842
0.00000003853
0.00000005506
0.00000004634
0.00000006354
0.00000005181
0.00000004418
0.00000003456
0.00000004877
0.00000003821
0.00000005186
0.00000003323
0.00000004505
0.00000002857
0.00000003512
0.00000004029
0.00000003949
0.00000003808
0.00000003105
0.00000001988
0.00000003373
0.00000002558
0.00000003760
0.00000005477
0.00000004658
0.00000003423
0.00000005215
0.00000003726
0.00000005414
0.00000004356
0.00000003945
0.00000005340
0.00000005136
0.00000004654
0.00000007717
0.00000007979
0.00000006497
0.00000007141
0.00000005896
0.00000007046
0.00000005117
0.00000003446
0.00000003564
0.00000004252
0.00000004097
0.00000004208
0.00000004433
0.00000003934
0.00000004076
0.00000003524
0.00000003077
0.00000001826
0.00000003425
0.00000002077
0.00000002518
0.00000003104
0.00000003533
0.00000003185
0.00000003019
0.00000002505
0.00000001412
0.00000003016
0.00000001884
0.00000002737
0.00000003061
0.00000003705
0.00000004634
0.00000005557
0.00000003756
0.00000005318
0.00000006107
0.00000005202
0.00000004239
0.00000005559
0.00000005165
0.00000004928
0.00000007132
0.00000007192
0.00000007171
0.00000003893
0.00000003798
0.00000003417
0.00000006105
0.00000006033
0.00000005180
0.00000004815
0.00000004063
0.00000002884
0.00000004655
0.00000003981
0.00000005064
0.00000003784
0.00000001670
0.00000002598
0.00000003283
0.00000003479
0.00000004008
0.00000003983
0.00000004777
0.00000005841
0.00000006874
0.00000006286
0.00000007896
0.00000007662
0.00000007198
0.00000007350
0.00000007353
0.00000005233
0.00000006684
0.00000007746
0.00000007226
0.00000006551
0.00000005924
0.00000006332
0.00000006660
0.00000007928
0.00000006826
0.00000008613
0.00000008801
0.00000006982
0.00000007812
0.00000009047
0.00000008666
0.00000008369
0.00000008871
0.00000006615
0.00000007558
0.00000006003
0.00000007731
0.00000007133
0.00000006363
0.00000006432
0.00000006556
0.00000007153
0.00000008245
0.00000006577
0.00000008256
0.00000007302
0.00000006946
0.00000006506
0.00000006184
0.00000006398
0.00000005802
0.00000005615
0.00000004971
0.00000004641
0.00000003798
0.00000003154
0.00000004150
0.00000002826
0.00000003214
0.00000001225
0.00000001513
0.00000003736
0.00000003405
0.00000003190
0.00000002429
0.00000004775
0.00000004530
0.00000003637
0.00000006085
0.00000006249
0.00000006433
0.00000006620
0.00000006434
0.00000004346
0.00000004346
0.00000005017
0.00000005961
0.00000007063
0.00000005211
0.00000006330
0.00000004414
0.00000005851
0.00000004783
0.00000006248
0.00000004814
0.00000006480
0.00000006001
0.00000005735
0.00000006005
0.00000006085
0.00000006709
0.00000007506
0.00000005625
0.00000005713
0.00000003660
0.00000004429
0.00000005183
0.00000006110
0.00000004206
0.00000004795
0.00000005086
0.00000003074
0.00000003498
0.00000003824
0.00000004096
0.00000003893
0.00000003834
0.00000003785
0.00000003543
0.00000002950
0.00000002330
0.00000004683
0.00000004059
0.00000003501
0.00000005267
0.00000004361
0.00000003349
0.00000004627
0.00000003325
0.00000004275
0.00000002468
0.00000003349
0.00000004008
0.00000004841
0.00000001552
0.00000000918
0.00000002574
0.00000001486
0.00000001762
0.00000001657
0.00000000468
-0.00000000171
0.00000000263
0.00000000996
0.00000000038
-0.00000000255
0.00000000969
0.00000001501
0.00000001134
0.00000001009
0.00000001226
0.00000002496
0.00000001584
0.00000003506
0.00000003041
0.00000005143
0.00000004338
0.00000005679
0.00000005187
0.00000004939
0.00000004062
0.00000004162
0.00000007021
0.00000007644
0.00000005520
0.00000006792
0.00000005795
0.00000007585
0.00000006614
0.00000006427
0.00000006815
0.00000007293
0.00000007391
0.00000005557
0.00000006464
0.00000004269
0.00000005045
0.00000005787
0.00000003653
0.00000004241
0.00000004863
0.00000004864
0.00000005052
0.00000005146
0.00000005071
0.00000005723
0.00000006428
0.00000004557
0.00000005508
0.00000006590
0.00000005110
0.00000007136
0.00000006901
0.00000006422
0.00000006796
0.00000007417
0.00000005962
0.00000007526
0.00000005717
0.00000004580
0.00000006234
0.00000005307
0.00000004445
0.00000005829
0.00000005523
0.00000005050
0.00000003959
0.00000003104
0.00000004854
0.00000003906
0.00000002825
0.00000003656
0.00000004778
0.00000002609
0.00000003305
0.00000003688
0.00000003789
0.00000003240
0.00000003161
0.00000002565
0.00000004850
0.00000004514
0.00000003422
0.00000002522
0.00000004064
0.00000002708
0.00000004291
0.00000003057
0.00000004804
0.00000003816
0.00000005070
0.00000004288
0.00000005535
0.00000004373
0.00000002848
0.00000004528
0.00000003101
0.00000003444
0.00000001593
0.00000002412
0.00000002859
0.00000002801
0.00000002770
0.00000002295
0.00000001799
0.00000003126
0.00000002003
0.00000003609
0.00000001762
0.00000002736
0.00000003476
0.00000004213
0.00000005045
0.00000002878
0.00000003717
0.00000003927
0.00000004545
0.00000005288
0.00000003820
0.00000004262
0.00000005359
0.00000006227
0.00000005172
0.00000006683
0.00000005780
0.00000004514
0.00000006148
0.00000004553
0.00000003343
0.00000004500
0.00000003257
0.00000004193
0.00000005736
0.00000004341
0.00000006201
0.00000005544
0.00000005089
0.00000004665
0.00000006412
0.00000006084
0.00000005696
0.00000004966
0.00000003381
0.00000002355
0.00000003299
0.00000001627
0.00000001735
0.00000002049
0.00000002043
0.00000001881
0.00000004109
0.00000002748
0.00000001771
0.00000002682
0.00000003725
0.00000001424
0.00000001940
0.00000002418
0.00000002282
0.00000001676
0.00000003684
0.00000002930
0.00000002320
0.00000003689
0.00000001843
0.00000002966
0.00000003639
0.00000001504
0.00000001953
0.00000002490
0.00000002202
0.00000002225
0.00000004461
0.00000004077
0.00000002791
0.00000001788
0.00000003391
0.00000002203
0.00000003001
0.00000003900
0.00000004632
0.00000002303
0.00000002736
0.00000002714
0.00000002180
0.00000001320
0.00000002648
0.00000001304
0.00000002578
0.00000003076
0.00000003551
0.00000004018
0.00000004107
0.00000003605
0.00000003289
0.00000002747
0.00000004287
0.00000003860
0.00000003462
0.00000005932
0.00000005286
0.00000005296
0.00000005916
0.00000006460
0.00000007960
0.00000007251
0.00000005924
0.00000005756
0.00000005743
0.00000006620
0.00000007530
0.00000009611
0.00000009260
0.00000008486
0.00000005352
0.00000005341
0.00000004899
0.00000004864
0.00000004575
0.00000004594
0.00000003985
0.00000003163
0.00000002529
0.00000003594
0.00000002475
0.00000003164
0.00000003372
0.00000002945
0.00000002920
0.00000002298
0.00000002203
0.00000004140
0.00000003426
0.00000006041
0.00000005524
0.00000005757
0.00000005719
0.00000006223
0.00000006315
0.00000004495
0.00000005377
0.00000005881
0.00000004574
0.00000005864
0.00000004531
0.00000006530
0.00000005962
0.00000006235
0.00000006784
0.00000006841
0.00000004939
0.00000005866
0.00000006722
0.00000006091
0.00000008295
0.00000007636
0.00000007750
0.00000004801
0.00000004992
0.00000005063
0.00000004902
0.00000005254
0.00000005029
0.00000005331
0.00000004955
0.00000005271
0.00000005377
0.00000005686
0.00000005367
0.00000005596
0.00000004969
0.00000005087
0.00000004486
0.00000004035
0.00000002789
0.00000004211
0.00000003050
0.00000003698
0.00000001843
0.00000002038
0.00000002485
0.00000002634
0.00000002179
0.00000004635
0.00000003678
0.00000002677
0.00000001423
0.00000002842
0.00000003994
0.00000005735
0.00000004727
0.00000006351
0.00000005239
0.00000003435
0.00000005025
0.00000004151
0.00000005137
0.00000002952
0.00000003333
0.00000003686
0.00000004372
0.00000004697
0.00000004486
0.00000004769
0.00000005128
0.00000005588
0.00000003300
0.00000003491
0.00000003591
0.00000003563
0.00000003499
0.00000003645
0.00000003201
0.00000003371
0.00000003064
0.00000005805
0.00000003923
0.00000004779
0.00000005364
0.00000006456
0.00000005226
0.00000006650
0.00000005168
0.00000003820
0.00000004483
0.00000002724
0.00000003438
0.00000004429
0.00000005330
0.00000003618
0.00000003876
0.00000004576
0.00000005503
0.00000003917
0.00000004791
0.00000006663
0.00000005968
0.00000008100
0.00000007336
0.00000006352
0.00000006090
0.00000005857
0.00000005938
0.00000006565
0.00000007157
0.00000005871
0.00000006814
0.00000005953
0.00000005535
0.00000007914
0.00000007648
0.00000008173
0.00000005825
0.00000006691
0.00000005240
0.00000006808
0.00000005610
0.00000007562
0.00000006255
0.00000005518
0.00000004263
0.00000003675
0.00000005128
0.00000004499
0.00000003356
0.00000005278
0.00000004739
0.00000003830
0.00000005901
0.00000004851
0.00000004464
0.00000003996
0.00000006705
0.00000006933
0.00000006912
0.00000004912
0.00000005370
0.00000005464
0.00000005994
0.00000003452
0.00000004044
0.00000003848
0.00000004027
0.00000004166
0.00000004313
0.00000004615
0.00000004255
0.00000004417
0.00000004723
0.00000004706
0.00000005108
0.00000005056
0.00000005588
0.00000006416
0.00000006905
0.00000005437
0.00000005957
0.00000004376
0.00000005282
0.00000003677
0.00000004720
0.00000005281
0.00000003410
0.00000004372
0.00000005176
0.00000003328
0.00000004115
0.00000004050
0.00000004540
0.00000002393
0.00000002962
0.00000003171
0.00000003427
0.00000003656
0.00000003499
0.00000002423
0.00000002159
0.00000003785
0.00000003499
0.00000003525
0.00000006352
0.00000006654
0.00000006871
0.00000005582
0.00000007228
0.00000006287
0.00000007745
0.00000007012
0.00000005859
0.00000005279
0.00000004739
0.00000004490
0.00000003568
0.00000005620
0.00000005326
0.00000004776
0.00000003955
0.00000003130
0.00000004240
0.00000003137
0.00000004389
0.00000002831
0.00000004264
0.00000002762
0.00000003992
0.00000004812
0.00000003638
0.00000004989
0.00000004069
0.00000005525
0.00000004937
0.00000006865
0.00000006268
0.00000005303
0.00000004592
0.00000003828
0.00000005854
0.00000005403
0.00000004637
0.00000003343
0.00000005530
0.00000004861
0.00000004171
0.00000003837
0.00000006509
0.00000006709
0.00000006907
0.00000007688
0.00000006448
0.00000008236
0.00000007596
0.00000007180
0.00000006575
0.00000005633
0.00000004833
0.00000003638
0.00000002310
0.00000003460
0.00000004582
0.00000002843
0.00000003359
0.00000003701
0.00000003589
0.00000002736
0.00000001653
0.00000002618
0.00000000814
0.00000001124
0.00000001309
0.00000003944
0.00000003871
0.00000002725
0.00000001833
0.00000003441
0.00000002055
0.00000003211
0.00000004400
0.00000002132
0.00000002851
0.00000003274
0.00000003839
0.00000004553
0.00000005176
0.00000005804
0.00000003643
0.00000004648
0.00000005588
0.00000006377
0.00000004574
0.00000004554
0.00000004930
0.00000002489
0.00000002633
0.00000004646
0.00000004725
0.00000004837
0.00000004950
0.00000005332
0.00000005298
0.00000005672
0.00000005644
0.00000006461
0.00000004728
0.00000005610
0.00000006207
0.00000004641
0.00000005603
0.00000003591
0.00000004886
0.00000006124
0.00000005230
0.00000006874
0.00000005603
0.00000005046
0.00000004981
0.00000005136
0.00000005449
0.00000006012
0.00000006460
0.00000007883
0.00000006954
0.00000006130
0.00000004954
0.00000006918
0.00000006046
0.00000004750
0.00000003832
0.00000005523
0.00000003964
0.00000002827
0.00000004153
0.00000005013
0.00000003800
0.00000005154
0.00000003954
0.00000005246
0.00000003547
0.00000004840
0.00000002651
0.00000003052
0.00000003559
0.00000003313
0.00000003797
0.00000004058
0.00000003970
0.00000004354
0.00000004432
0.00000003940
0.00000004154
0.00000004240
0.00000003866
0.00000004132
0.00000004446
0.00000004946
0.00000004847
0.00000005595
0.00000006052
0.00000004097
0.00000004276
0.00000004878
0.00000005275
0.00000005598
0.00000002703
0.00000002505
0.00000001996
0.00000003560
0.00000001575
0.00000002317
0.00000003042
0.00000003498
0.00000003572
0.00000003895
0.00000004622
0.00000005005
0.00000005448
0.00000005109
0.00000003006
0.00000003810
0.00000004762
0.00000005841
0.00000006708
0.00000004546
0.00000004348
0.00000001988
0.00000004719
0.00000004871
0.00000004208
0.00000003959
0.00000003576
0.00000003228
0.00000006057
0.00000006043
0.00000006779
0.00000007504
0.00000005856
0.00000006692
0.00000004400
0.00000005422
0.00000003563
0.00000004468
0.00000005210
0.00000002849
0.00000003750
0.00000004963
0.00000006218
0.00000005266
0.00000006513
0.00000004970
0.00000003728
0.00000004974
0.00000003417
0.00000005043
0.00000003981
0.00000005548
0.00000004500
0.00000005336
0.00000003858
0.00000005099
0.00000003485
0.00000004198
0.00000004258
0.00000002246
0.00000002970
0.00000003722
0.00000004604
0.00000005114
0.00000006291
0.00000005064
0.00000007090
0.00000006891
0.00000006261
0.00000006218
0.00000005891
0.00000005439
0.00000004422
0.00000004005
0.00000003677
0.00000005772
0.00000004985
0.00000004557
0.00000004061
0.00000003405
0.00000005047
0.00000003615
0.00000002383
0.00000003582
0.00000004795
0.00000002881
0.00000003747
0.00000004531
0.00000004472
0.00000002066
0.00000002305
0.00000002546
0.00000005465
0.00000005116
0.00000005104
0.00000005047
0.00000005043
0.00000004718
0.00000004915
0.00000004878
0.00000005016
0.00000004848
0.00000005086
0.00000005024
0.00000004789
0.00000004948
0.00000005052
0.00000005069
0.00000004436
0.00000004593
0.00000004890
0.00000005296
0.00000005193
0.00000005579
0.00000005782
0.00000003949
0.00000004757
0.00000005412
0.00000006503
0.00000005183
0.00000006532
0.00000005645
0.00000004530
0.00000006762
0.00000006831
0.00000006897
0.00000008165
0.00000007409
0.00000008897
0.00000008702
0.00000009014
0.00000006728
0.00000007894
0.00000006321
0.00000008236
0.00000008096
0.00000008560
0.00000008870
0.00000006984
0.00000005027
0.00000006455
0.00000005148
0.00000006576
0.00000004755
0.00000005754
0.00000003743
0.00000004614
0.00000003059
0.00000004020
0.00000004229
0.00000004917
0.00000002649
0.00000003383
0.00000003682
0.00000004199
0.00000004210
0.00000003963
0.00000003143
0.00000002823
0.00000002258
0.00000004192
0.00000002645
0.00000004235
0.00000003285
0.00000003887
0.00000001995
0.00000002503
0.00000003002
0.00000003106
0.00000003363
0.00000003268
0.00000002496
0.00000002383
0.00000004875
0.00000003468
0.00000002122
0.00000003164
0.00000001535
0.00000001676
0.00000002219
0.00000001844
0.00000002071
0.00000004774
0.00000004953
0.00000004414
0.00000004569
0.00000004276
0.00000005029
0.00000006127
0.00000007186
0.00000005058
0.00000005093
0.00000005931
0.00000003878
0.00000004828
0.00000006285
0.00000005062
0.00000006173
0.00000005275
0.00000004582
0.00000006716
0.00000006358
0.00000005712
0.00000005507
0.00000005602
0.00000005317
0.00000005619
0.00000006149
0.00000007088
0.00000005387
0.00000005505
0.00000003571
0.00000003665
0.00000004054
0.00000004293
0.00000003835
0.00000003820
0.00000004087
0.00000004276
0.00000004227
0.00000004132
0.00000004229
0.00000004117
0.00000004011
0.00000003643
0.00000002300
0.00000004264
0.00000003776
0.00000002951
0.00000005254
0.00000004865
0.00000004062
0.00000002179
0.00000003420
0.00000002232
0.00000003778
0.00000004700
0.00000003424
0.00000004233
0.00000002752
0.00000003740
0.00000004286
0.00000005371
0.00000003722
0.00000004177
0.00000004966
0.00000003032
0.00000003534
0.00000003708
0.00000004603
0.00000005508
0.00000005993
0.00000004308
0.00000004928
0.00000005339
0.00000002457
0.00000002522
0.00000002524
0.00000005427
0.00000005450
0.00000006141
0.00000006798
0.00000005047
0.00000005169
0.00000005763
0.00000003433
0.00000003974
0.00000003773
0.00000004002
0.00000004137
0.00000004001
0.00000004437
0.00000003991
0.00000003762
0.00000003479
0.00000003395
0.00000005236
0.00000004591
0.00000003469
0.00000002439
0.00000004044
0.00000003137
0.00000004265
0.00000003639
0.00000005132
0.00000004794
0.00000004613
0.00000007274
0.00000007342
0.00000005191
0.00000005913
0.00000006283
0.00000004683
0.00000006118
0.00000007206
0.00000006151
0.00000004815
0.00000006725
0.00000005878
0.00000004900
0.00000004358
0.00000003480
0.00000005947
0.00000005439
0.00000005103
0.00000003847
0.00000003274
0.00000005367
0.00000004199
0.00000003285
0.00000003992
0.00000002066
0.00000001919
0.00000001219
0.00000000960
0.00000002828
0.00000002230
0.00000003639
0.00000001872
0.00000003152
0.00000003601
0.00000001944
0.00000002247
0.00000002474
0.00000003163
0.00000003345
0.00000003877
0.00000003626
0.00000003349
0.00000002132
0.00000001196
0.00000002475
0.00000002775
0.00000003313
0.00000003121
0.00000003638
0.00000004253
0.00000004789
0.00000004981
0.00000005942
0.00000005971
0.00000004008
0.00000004586
0.00000004850
0.00000005549
0.00000003191
0.00000003837
0.00000004405
0.00000004222
0.00000004312
0.00000003975
0.00000002956
0.00000002372
0.00000001066
0.00000002948
0.00000004955
0.00000003820
0.00000006216
0.00000005728
0.00000005422
0.00000005139
0.00000004826
0.00000005406
0.00000006115
0.00000006553
0.00000007701
0.00000006644
0.00000006053
0.00000007777
0.00000007664
0.00000007812
0.00000005692
0.00000006061
0.00000006393
0.00000004725
0.00000005945
0.00000004538
0.00000005741
0.00000004960
0.00000007209
0.00000006802
0.00000006944
0.00000007313
0.00000005138
0.00000005191
0.00000006096
0.00000006707
0.00000005423
0.00000007076
0.00000006603
0.00000005387
0.00000007762
0.00000007600
0.00000004462
0.00000004726
0.00000005256
0.00000005489
0.00000006375
0.00000004770
0.00000005733
0.00000006631
0.00000006123
0.00000004238
0.00000005306
0.00000003882
0.00000005120
0.00000003172
0.00000004128
0.00000004996
0.00000003182
0.00000003181
0.00000003409
0.00000003577
0.00000003888
0.00000003528
0.00000003819
0.00000003983
0.00000004476
0.00000004684
0.00000005311
0.00000005965
0.00000004086
0.00000004929
0.00000005735
0.00000004372
0.00000005504
0.00000007221
0.00000006463
0.00000005949
0.00000005551
0.00000005252
0.00000005399
0.00000005889
0.00000006377
0.00000006856
0.00000004709
0.00000004752
0.00000005755
0.00000006072
0.00000003183
0.00000003324
0.00000003289
0.00000002899
0.00000002272
0.00000003757
0.00000002067
0.00000003190
0.00000001307
0.00000001760
0.00000002454
0.00000002981
0.00000003530
0.00000004116
0.00000004439
0.00000004208
0.00000005510
0.00000006135
0.00000004604
0.00000005915
0.00000007688
0.00000006758
0.00000005780
0.00000005298
0.00000007899
0.00000004804
0.00000005165
0.00000005562
0.00000006419
0.00000007682
0.00000006469
0.00000004621
0.00000006308
0.00000005376
0.00000007181
0.00000005822
0.00000004909
0.00000003585
0.00000004831
0.00000003588
0.00000004861
0.00000002839
0.00000004142
0.00000005512
0.00000004550
0.00000005757
0.00000005352
0.00000007710
0.00000007589
0.00000006978
0.00000004423
0.00000004960
0.00000004996
0.00000005557
0.00000006109
0.00000005992
0.00000003744
0.00000003960
0.00000003256
0.00000002870
0.00000001240
0.00000002576
0.00000003303
0.00000001528
0.00000001908
0.00000002477
0.00000002320
0.00000002468
0.00000002625
0.00000002127
0.00000004828
0.00000004343
0.00000004127
0.00000003355
0.00000003081
0.00000004878
0.00000004234
0.00000003152
0.00000003964
0.00000002727
0.00000003587
0.00000004143
0.00000002566
0.00000003365
0.00000003274
0.00000003721
0.00000003554
0.00000004202
0.00000003995
0.00000004190
0.00000003514
0.00000003368
0.00000002969
0.00000002012
0.00000003922
0.00000002445
0.00000003850
0.00000001691
0.00000002320
0.00000002913
0.00000002875
0.00000002895
0.00000002047
0.00000003905
0.00000002326
0.00000003623
0.00000001765
0.00000002681
0.00000003400
0.00000003127
0.00000002957
0.00000002492
0.00000001578
0.00000002504
0.00000001352
0.00000002522
0.00000003024
0.00000004151
0.00000002564
0.00000002851
0.00000003390
0.00000003819
0.00000003832
0.00000003630
0.00000002379
0.00000001548
0.00000003667
0.00000003042
0.00000005037
0.00000004244
0.00000004132
0.00000006884
0.00000006821
0.00000006120
0.00000006328
0.00000006544
0.00000004138
0.00000003574
0.00000003445
0.00000002677
0.00000002331
0.00000004593
0.00000003701
0.00000003237
0.00000005005
0.00000003286
0.00000001882
0.00000003361
0.00000004331
0.00000003101
0.00000004462
0.00000006285
0.00000005988
0.00000006011
0.00000005598
0.00000005824
0.00000006252
0.00000006619
0.00000006486
0.00000004561
0.00000005174
0.00000005227
0.00000005562
0.00000003197
0.00000003104
0.00000003234
0.00000003111
0.00000003498
0.00000003796
0.00000003586
0.00000004093
0.00000004115
0.00000004835
0.00000005290
0.00000005030
0.00000005239
0.00000002606
0.00000004560
0.00000004024
0.00000002939
0.00000002099
0.00000004196
0.00000003156
0.00000005231
0.00000004752
0.00000004018
0.00000006415
0.00000006541
0.00000006384
0.00000007249
0.00000005658
0.00000006325
0.00000005137
0.00000006773
0.00000005753
0.00000005475
0.00000005250
0.00000004637
0.00000004955
0.00000005542
0.00000006143
0.00000007460
0.00000006377
0.00000005608
0.00000007613
0.00000007704
0.00000007783
0.00000008131
0.00000005411
0.00000005537
0.00000005517
0.00000005713
0.00000003078
0.00000005889
0.00000003417
0.00000003117
0.00000002530
0.00000004532
0.00000004157
0.00000003871
0.00000006205
0.00000005897
0.00000004956
0.00000004711
0.00000004193
0.00000003308
0.00000002576
0.00000004364
0.00000003202
0.00000004665
0.00000003019
0.00000002878
0.00000002753
0.00000002132
0.00000001204
0.00000002524
0.00000000771
0.00000000974
0.00000001071
0.00000001151
0.00000003625
0.00000003093
0.00000001633
0.00000002961
0.00000001848
0.00000003441
0.00000005328
0.00000004341
0.00000005656
0.00000005300
0.00000005059
0.00000004590
0.00000004940
0.00000005626
0.00000005771
0.00000006669
0.00000004552
0.00000005658
0.00000007111
0.00000005787
0.00000005103
0.00000006660
0.00000006301
0.00000005641
0.00000005780
0.00000005295
0.00000005627
0.00000005286
0.00000005219
0.00000004469
0.00000004301
0.00000003287
0.00000002512
0.00000004122
0.00000003314
0.00000004313
0.00000003401
0.00000004614
0.00000003541
0.00000004399
0.00000003117
0.00000004472
0.00000005247
0.00000003846
0.00000005241
0.00000003908
0.00000005471
0.00000004490
0.00000005981
0.00000005709
0.00000005721
0.00000005274
0.00000005752
0.00000006601
0.00000007245
0.00000006217
0.00000007705
0.00000006297
0.00000005639
0.00000005070
0.00000007171
0.00000007376
0.00000007714
0.00000005060
0.00000005580
0.00000006198
0.00000004162
0.00000005011
0.00000005526
0.00000005676
0.00000003639
0.00000004120
0.00000004918
0.00000006044
0.00000006833
0.00000005581
0.00000006643
0.00000004900
0.00000003389
0.00000004868
0.00000003042
0.00000004484
0.00000006341
0.00000005374
0.00000005626
0.00000008619
0.00000006170
0.00000007108
0.00000005685
0.00000006745
0.00000006021
0.00000007840
0.00000007872
0.00000008672
0.00000006600
0.00000007894
0.00000006620
0.00000006351
0.00000005859
0.00000005767
0.00000005560
0.00000005025
0.00000005454
0.00000006466
0.00000007624
0.00000006404
0.00000007624
0.00000007183
0.00000006733
0.00000007401
0.00000008415
0.00000006348
0.00000007297
0.00000005449
0.00000003360
0.00000003995
0.00000004215
0.00000004857
0.00000005159
0.00000003390
0.00000003790
0.00000004679
0.00000004735
0.00000005042
0.00000005262
0.00000002904
0.00000002837
0.00000003086
0.00000003206
0.00000003338
0.00000002647
0.00000002253
0.00000004170
0.00000003095
0.00000001259
0.00000002140
0.00000002631
0.00000003075
0.00000003161
0.00000002498
0.00000001935
0.00000003336
0.00000002724
0.00000004828
0.00000004371
0.00000003547
0.00000005879
0.00000005559
0.00000005672
0.00000006056
0.00000006834
0.00000007217
0.00000005638
0.00000007045
0.00000005700
0.00000006531
0.00000005273
0.00000003630
0.00000005080
0.00000003903
0.00000005110
0.00000003757
0.00000004325
0.00000002577
0.00000003192
0.00000002957
0.00000003359
0.00000003765
0.00000003422
0.00000002997
0.00000001884
0.00000003591
0.00000002180
0.00000003729
0.00000002056
0.00000003207
0.00000004127
0.00000004250
0.00000001905
0.00000001981
0.00000001155
0.00000003072
0.00000001968
0.00000002590
0.00000003526
0.00000001423
0.00000002739
0.00000004289
0.00000005303
0.00000004422
0.00000005650
0.00000005060
0.00000004237
0.00000005549
0.00000004676
0.00000002822
0.00000003831
0.00000001361
0.00000001673
0.00000000965
0.00000000453
0.00000002681
0.00000004315
0.00000003877
0.00000002434
0.00000003849
0.00000002597
0.00000003124
0.00000003570
0.00000001352
0.00000001485
0.00000004701
0.00000005531
0.00000003659
0.00000003971
0.00000005135
0.00000005604
0.00000006600
0.00000005706
0.00000007777
0.00000007417
0.00000006920
0.00000007082
0.00000007017
0.00000004795
0.00000006219
0.00000007860
0.00000006604
0.00000008797
0.00000005916
0.00000005867
0.00000005987
0.00000006340
0.00000007323
0.00000005758
0.00000007554
0.00000007331
0.00000007002
0.00000006237
0.00000005001
0.00000004339
0.00000003599
0.00000005307
0.00000003678
0.00000005076
0.00000003809
0.00000004845
0.00000002460
0.00000003596
0.00000004068
0.00000004724
0.00000002893
0.00000003457
0.00000003741
0.00000004595
0.00000005664
0.00000003620
0.00000004831
0.00000006127
0.00000004964
0.00000006128
0.00000005260
0.00000004387
0.00000005432
0.00000004287
0.00000003080
0.00000003797
0.00000002213
0.00000003458
0.00000003536
0.00000003629
0.00000003194
0.00000003223
0.00000002765
0.00000002990
0.00000005980
0.00000005754
0.00000005823
0.00000005332
0.00000005242
0.00000004984
0.00000003658
0.00000002913
0.00000004076
0.00000002887
0.00000004025
0.00000004511
0.00000002965
0.00000003886
0.00000004220
0.00000005206
0.00000003410
0.00000003552
0.00000003919
0.00000004315
0.00000003666
0.00000003430
0.00000003241
0.00000002485
0.00000004972
0.00000005010
0.00000004911
0.00000005086
0.00000004917
0.00000005157
0.00000005502
0.00000005665
0.00000006073
0.00000003866
0.00000003760
0.00000003973
0.00000003985
0.00000003896
0.00000003416
0.00000003363
0.00000003554
0.00000003653
0.00000003783
0.00000003994
0.00000003747
0.00000003223
0.00000002339
0.00000003406
0.00000002408
0.00000004024
0.00000003477
0.00000005724
0.00000005713
0.00000005581
0.00000006205
0.00000006839
0.00000004843
0.00000004821
0.00000005349
0.00000005265
0.00000002847
0.00000003128
0.00000002712
0.00000002623
0.00000004401
0.00000003627
0.00000002806
0.00000004647
0.00000003405
0.00000004863
0.00000003553
0.00000004519
0.00000003458
0.00000005066
0.00000003760
0.00000005752
0.00000004659
0.00000006677
0.00000005613
0.00000005066
0.00000004685
0.00000004182
0.00000006523
0.00000006389
0.00000007130
0.00000005748
0.00000006757
0.00000005794
0.00000007449
0.00000007259
0.00000007001
0.00000007113
0.00000007992
0.00000005643
0.00000006971
0.00000005416
0.00000006197
0.00000004700
0.00000005183
0.00000003396
0.00000003815
0.00000004773
0.00000005149
0.00000003304
0.00000003555
0.00000004550
0.00000005435
0.00000004304
0.00000005068
0.00000006563
0.00000005091
0.00000004181
0.00000005617
0.00000004903
0.00000006631
0.00000006349
0.00000005717
0.00000005790
0.00000005284
0.00000005347
0.00000004883
0.00000004826
0.00000004416
0.00000004855
0.00000005018
0.00000005750
0.00000006017
0.00000006875
0.00000004628
0.00000005984
0.00000004839
0.00000005757
0.00000004579
0.00000005974
0.00000005227
0.00000004336
0.00000006765
0.00000006058
0.00000006167
0.00000006152
0.00000006070
0.00000005499
0.00000005296
0.00000004591
0.00000004384
0.00000004063
0.00000003496
0.00000002527
0.00000004997
0.00000004792
0.00000004128
0.00000003867
0.00000006358
0.00000006194
0.00000005715
0.00000005824
0.00000005956
0.00000005996
0.00000005683
0.00000006140
0.00000006764
0.00000005126
0.00000006274
0.00000007415
0.00000006643
0.00000006308
0.00000006461
0.00000006290
0.00000006664
0.00000007089
0.00000005425
0.00000006288
0.00000005147
0.00000006154
0.00000004961
0.00000006303
0.00000004826
0.00000002758
0.00000003586
0.00000004528
0.00000005234
0.00000002999
0.00000003757
0.00000004218
0.00000004946
0.00000005567
0.00000003463
0.00000003472
0.00000004109
0.00000004734
0.00000005129
0.00000005842
0.00000002983
0.00000003270
0.00000003641
0.00000003909
0.00000003922
0.00000004405
0.00000004261
0.00000004577
0.00000004903
0.00000005157
0.00000005356
0.00000005183
0.00000004141
0.00000003488
0.00000001897
0.00000002875
0.00000001209
0.00000001969
0.00000002628
0.00000002560
0.00000002717
0.00000002570
0.00000001872
0.00000003362
0.00000002077
0.00000002812
0.00000002463
0.00000002543
0.00000002229
0.00000001358
0.00000002793
0.00000001435
0.00000001961
0.00000002842
0.00000003349
0.00000003571
0.00000003670
0.00000003121
0.00000002772
0.00000002161
0.00000004082
0.00000002702
0.00000003921
0.00000002398
0.00000003389
0.00000003895
0.00000001327
0.00000003557
0.00000002809
0.00000002122
0.00000003914
0.00000002395
0.00000004089
0.00000002896
0.00000003768
0.00000001589
0.00000001578
0.00000001246
0.00000003308
0.00000002072
0.00000003122
0.00000000951
0.00000001214
0.00000001596
0.00000002158
0.00000005158
0.00000005059
0.00000002148
0.00000004538
0.00000003894
0.00000002962
0.00000003651
0.00000001877
0.00000003171
0.00000004682
0.00000003571
0.00000005381
0.00000004536
0.00000007161
0.00000006731
0.00000006972
0.00000007413
0.00000005014
0.00000005910
0.00000006470
0.00000004405
0.00000006055
0.00000004763
0.00000007148
0.00000006758
0.00000006845
0.00000006122
0.00000005263
0.00000005064
0.00000004485
0.00000004075
0.00000002912
0.00000004120
0.00000003241
0.00000004073
0.00000002809
0.00000003878
0.00000004439
0.00000002805
0.00000003307
0.00000004236
0.00000004485
0.00000005061
0.00000002226
0.00000002518
0.00000002249
0.00000004971
0.00000005166
0.00000005076
0.00000005254
0.00000004814
0.00000005094
0.00000005467
0.00000006863
0.00000007823
0.00000007343
0.00000007496
0.00000007262
0.00000007652
0.00000005796
0.00000006039
0.00000007061
0.00000006033
0.00000006890
0.00000005665
0.00000004347
0.00000005098
0.00000003557
0.00000004408
0.00000005855
0.00000004867
0.00000006313
0.00000005118
0.00000003523
0.00000005097
0.00000003955
0.00000005863
0.00000004646
0.00000007086
0.00000006964
0.00000006751
0.00000006132
0.00000006427
0.00000006904
0.00000007218
0.00000005533
0.00000006700
0.00000005105
0.00000006744
0.00000005379
0.00000004682
0.00000006165
0.00000005488
0.00000004616
0.00000003260
0.00000004853
0.00000003452
0.00000005379
0.00000003972
0.00000005590
0.00000004567
0.00000002949
0.00000004290
0.00000002793
0.00000003093
0.00000003674
0.00000003799
0.00000003591
0.00000002697
0.00000002932
0.00000004768
0.00000004257
0.00000003111
0.00000004879
0.00000004198
0.00000003053
0.00000005206
0.00000004712
0.00000003982
0.00000006475
0.00000006562
0.00000006174
0.00000006233
0.00000005741
0.00000005937
0.00000005777
0.00000005303
0.00000005779
0.00000006718
0.00000005300
0.00000006072
0.00000007717
0.00000006993
0.00000006433
0.00000005928
0.00000006308
0.00000007039
0.00000007902
0.00000005989
0.00000007651
0.00000006871
0.00000006138
0.00000005036
0.00000004075
0.00000006154
0.00000005830
0.00000005225
0.00000005507
0.00000005784
0.00000006291
0.00000006715
0.00000003963
0.00000004593
0.00000005210
0.00000005411
0.00000005385
0.00000003148
0.00000002841
0.00000003368
0.00000003756
0.00000004096
0.00000003884
0.00000004061
0.00000003995
0.00000003573
0.00000002521
0.00000000917
0.00000002152
0.00000003332
0.00000004354
0.00000002264
0.00000002732
0.00000002899
0.00000003115
0.00000003157
0.00000002911
0.00000002509
0.00000004542
0.00000004205
0.00000003732
0.00000003058
0.00000004819
0.00000003649
0.00000002310
0.00000003473
0.00000005286
0.00000003157
0.00000004084
0.00000002219
0.00000002732
0.00000002438
0.00000002660
0.00000002848
0.00000002945
0.00000003057
0.00000005621
0.00000005321
0.00000004967
0.00000004519
0.00000003565
0.00000002877
0.00000004577
0.00000003461
0.00000005104
0.00000004366
0.00000003002
0.00000004781
0.00000003478
0.00000004691
0.00000003065
0.00000003776
0.00000003457
0.00000003224
0.00000002543
0.00000001506
0.00000002997
0.00000004030
0.00000003171
0.00000004365
0.00000002882
0.00000003843
0.00000004472
0.00000002899
0.00000003914
0.00000004486
0.00000004397
0.00000004507
0.00000004825
0.00000005337
0.00000005181
0.00000005187
0.00000002653
0.00000002522
0.00000004523
0.00000004410
0.00000004407
0.00000004466
0.00000004644
0.00000004729
0.00000004714
0.00000004566
0.00000004184
0.00000003584
0.00000002509
0.00000004463
0.00000003528
0.00000002827
0.00000004738
0.00000003474
0.00000005557
0.00000005124
0.00000004666
0.00000003803
0.00000006326
0.00000006132
0.00000006003
0.00000005462
0.00000004987
0.00000004587
0.00000004431
0.00000004208
0.00000003563
0.00000005741
0.00000005225
0.00000004461
0.00000002917
0.00000004448
0.00000003111
0.00000004075
0.00000003224
0.00000005225
0.00000004486
0.00000006144
0.00000005800
0.00000005004
0.00000003727
0.00000005574
0.00000005255
0.00000004844
0.00000004083
0.00000006481
0.00000006391
0.00000005767
0.00000005940
0.00000005939
0.00000005233
0.00000005468
0.00000005722
0.00000006404
0.00000006845
0.00000005491
0.00000007437
0.00000006837
0.00000005834
0.00000005596
0.00000005308
0.00000005126
0.00000004565
0.00000004864
0.00000005461
0.00000005521
0.00000005862
0.00000006261
0.00000003344
0.00000003316
0.00000002978
0.00000002540
0.00000004241
0.00000003896
0.00000002905
0.00000004451
0.00000003299
0.00000005010
0.00000003708
0.00000006018
0.00000005805
0.00000006421
0.00000006941
0.00000007966
0.00000006176
0.00000007365
0.00000006782
0.00000005760
0.00000005319
0.00000005301
0.00000005122
0.00000004857
0.00000004498
0.00000004982
0.00000004900
0.00000004451
0.00000004086
0.00000004588
0.00000004802
0.00000005346
0.00000005466
0.00000005172
0.00000005134
0.00000004797
0.00000005575
0.00000006123
0.00000006454
0.00000004770
0.00000005306
0.00000003713
0.00000004200
0.00000005114
0.00000006783
0.00000005406
0.00000007256
0.00000006281
0.00000006354
0.00000006254
0.00000006566
0.00000006852
0.00000004753
0.00000005350
0.00000006840
0.00000005717
0.00000007799
0.00000006865
0.00000006812
0.00000007096
0.00000007308
0.00000008270
0.00000006627
0.00000008372
0.00000007623
0.00000006902
0.00000006711
0.00000007131
0.00000007374
0.00000006009
0.00000007004
0.00000006191
0.00000007597
0.00000007427
0.00000007325
0.00000007038
0.00000007518
0.00000005077
0.00000005493
0.00000005302
0.00000005391
0.00000005441
0.00000004794
0.00000004571
0.00000003659
0.00000003253
0.00000002712
0.00000004220
0.00000003725
0.00000004955
0.00000004247
0.00000002707
0.00000004400
0.00000003605
0.00000004876
0.00000004003
0.00000005404
0.00000004912
0.00000004263
0.00000005882
0.00000005001
0.00000004119
0.00000003315
0.00000004710
0.00000003209
0.00000004807
0.00000004247
0.00000005704
0.00000005272
0.00000005121
0.00000004426
0.00000004368
0.00000004289
0.00000003595
0.00000006361
0.00000006885
0.00000007107
0.00000005407
0.00000006405
0.00000004499
0.00000006127
0.00000005132
0.00000006571
0.00000005225
0.00000004391
0.00000006108
0.00000004755
0.00000003718
0.00000005254
0.00000003646
0.00000005351
0.00000004501
0.00000003507
0.00000005318
0.00000004453
0.00000006249
0.00000004831
0.00000003922
0.00000005470
0.00000004489
0.00000003278
0.00000004976
0.00000003427
0.00000005449
0.00000004864
0.00000004004
0.00000004757
0.00000003339
0.00000004270
0.00000003136
0.00000004232
0.00000004712
0.00000003326
0.00000004653
0.00000006194
0.00000004930
0.00000006965
0.00000006400
0.00000006414
0.00000006974
0.00000007245
0.00000005597
0.00000006723
0.00000004994
0.00000006825
0.00000005828
0.00000005860
0.00000005187
0.00000005395
0.00000005331
0.00000005662
0.00000005645
0.00000006096
0.00000003625
0.00000004554
0.00000004771
0.00000005052
0.00000005772
0.00000004275
0.00000004695
0.00000005775
0.00000003433
0.00000004527
0.00000005938
0.00000004090
0.00000005690
0.00000004795
0.00000006779
0.00000005920
0.00000005563
0.00000005307
0.00000004941
0.00000004915
0.00000004794
0.00000004707
0.00000004392
0.00000004225
0.00000004233
0.00000004144
0.00000003826
0.00000002831
0.00000004981
0.00000004619
0.00000003309
0.00000002013
0.00000003397
0.00000001526
0.00000002751
0.00000003530
0.00000004585
0.00000002726
0.00000002684
0.00000002902
0.00000002752
0.00000001899
0.00000001015
0.00000002293
0.00000002861
0.00000001003
0.00000001382
0.00000000765
0.00000002848
0.00000001583
0.00000002535
0.00000000777
0.00000001201
0.00000002144
0.00000003314
0.00000003719
0.00000004622
0.00000005691
0.00000003676
0.00000005203
0.00000006877
0.00000005765
0.00000005196
0.00000004943
0.00000004663
0.00000005154
0.00000005789
0.00000006735
0.00000007508
0.00000006336
0.00000004734
0.00000006662
0.00000005786
0.00000005436
0.00000005084
0.00000005506
0.00000005404
0.00000006285
0.00000006792
0.00000005319
0.00000007409
0.00000006587
0.00000006221
0.00000005733
0.00000005664
0.00000006365
0.00000007276
0.00000006508
0.00000007779
0.00000007140
0.00000006277
0.00000005753
0.00000004334
0.00000003071
0.00000003751
0.00000002221
0.00000002791
0.00000003902
0.00000004696
0.00000005920
0.00000003893
0.00000004894
0.00000003139
0.00000003163
0.00000003443
0.00000003200
0.00000003490
0.00000003828
0.00000003575
0.00000003856
0.00000003667
0.00000003056
0.00000002513
0.00000004492
0.00000003095
0.00000002150
0.00000003477
0.00000005110
0.00000004261
0.00000005364
0.00000004552
0.00000003780
0.00000005131
0.00000004576
0.00000006829
0.00000005919
0.00000005603
0.00000005028
0.00000005105
0.00000004995
0.00000005888
0.00000006647
0.00000006910
0.00000005507
0.00000005993
0.00000004855
0.00000005923
0.00000004453
0.00000005189
0.00000004189
0.00000005326
0.00000004250
0.00000005160
0.00000003535
0.00000004044
0.00000004830
0.00000002164
0.00000002856
0.00000003041
0.00000003390
0.00000003081
0.00000003420
0.00000002958
0.00000002427
0.00000003658
0.00000002421
0.00000003514
0.00000002525
0.00000003595
0.00000005100
0.00000003890
0.00000005240
0.00000003405
0.00000004825
0.00000003489
0.00000004504
0.00000003484
0.00000005012
0.00000005848
0.00000004259
0.00000002301
0.00000002251
0.00000002589
0.00000002900
0.00000003027
0.00000002486
0.00000002297
0.00000004673
0.00000004517
0.00000003531
0.00000002756
0.00000004684
0.00000003689
0.00000001819
0.00000003226
0.00000003857
0.00000002485
0.00000003968
0.00000005293
0.00000003195
0.00000004239
0.00000005528
0.00000003962
0.00000004923
0.00000004938
0.00000003344
0.00000003307
0.00000003701
0.00000003786
0.00000003629
0.00000003334
0.00000003132
0.00000002868
0.00000005096
0.00000004536
0.00000004187
0.00000003480
0.00000002718
0.00000004299
0.00000003553
0.00000005158
0.00000003688
0.00000004618
0.00000002961
0.00000002825
0.00000003358
0.00000004035
0.00000004685
0.00000005159
0.00000006016
0.00000003747
0.00000003506
0.00000003435
0.00000003376
0.00000002761
0.00000001855
0.00000003253
0.00000001952
0.00000002740
0.00000004004
0.00000005313
0.00000003783
0.00000004943
0.00000003282
0.00000004813
0.00000003896
0.00000006001
0.00000005204
0.00000005110
0.00000005086
0.00000004990
0.00000006162
0.00000007452
0.00000005848
0.00000007299
0.00000006098
0.00000005983
0.00000005966
0.00000006705
0.00000007628
0.00000008718
0.00000007947
0.00000006826
0.00000006280
0.00000005428
0.00000005304
0.00000004611
0.00000004599
0.00000004540
0.00000003730
0.00000003531
0.00000002934
0.00000005744
0.00000005963
0.00000005751
0.00000006241
0.00000006886
0.00000004715
0.00000005827
0.00000007031
0.00000005317
0.00000006806
0.00000005994
0.00000004706
0.00000006581
0.00000005899
0.00000004712
0.00000003507
0.00000004635
0.00000002557
0.00000003502
0.00000004682
0.00000004973
0.00000003258
0.00000003454
0.00000004369
0.00000005055
0.00000002934
0.00000004032
0.00000005179
0.00000005676
0.00000004044
0.00000005168
0.00000003693
0.00000005388
0.00000006738
0.00000006286
0.00000004939
0.00000004167
0.00000006188
0.00000005426
0.00000004431
0.00000003978
0.00000005547
0.00000004762
0.00000003780
0.00000002412
0.00000004379
0.00000003442
0.00000004869
0.00000003435
0.00000004904
0.00000003764
0.00000004869
0.00000003007
0.00000004331
0.00000005250
0.00000003500
0.00000004118
0.00000004367
0.00000000968
0.00000003276
0.00000002917
0.00000003180
0.00000006108
0.00000005886
0.00000006013
0.00000003538
0.00000003185
0.00000002671
0.00000004113
0.00000002691
0.00000001361
0.00000002054
0.00000002853
0.00000003477
0.00000003893
0.00000004298
0.00000004406
0.00000004434
0.00000004126
0.00000003526
0.00000002667
0.00000003992
0.00000002449
0.00000003277
0.00000003810
0.00000004263
0.00000004436
0.00000004121
0.00000004115
0.00000003780
0.00000003751
0.00000002396
0.00000004257
0.00000003295
0.00000002222
0.00000003705
0.00000002473
0.00000003819
0.00000005016
0.00000003460
0.00000004829
0.00000003001
0.00000004193
0.00000004988
0.00000003062
0.00000003047
0.00000003353
0.00000003440
0.00000002841
0.00000002726
0.00000002155
0.00000004668
0.00000004420
0.00000004081
0.00000002933
0.00000004811
0.00000003977
0.00000002970
0.00000004199
0.00000003187
0.00000005065
0.00000003781
0.00000005693
0.00000005162
0.00000004675
0.00000007365
0.00000006816
0.00000006825
0.00000005117
0.00000005990
0.00000007626
0.00000006357
0.00000005990
0.00000005467
0.00000008336
0.00000005901
0.00000006595
0.00000007341
0.00000006260
0.00000007778
0.00000007270
0.00000007650
0.00000007477
0.00000005346
0.00000005376
0.00000006217
0.00000006967
0.00000004473
0.00000004866
0.00000004815
0.00000004980
0.00000005302
0.00000005097
0.00000005309
0.00000005456
0.00000005507
0.00000005065
0.00000005668
0.00000005037
0.00000004624
0.00000004031
0.00000003381
0.00000001950
0.00000003252
0.00000001753
0.00000002134
0.00000001476
0.00000000987
0.00000000251
0.00000002013
0.00000003365
0.00000001059
0.00000001180
0.00000001215
0.00000003801
0.00000003497
0.00000003171
0.00000005176
0.00000004862
0.00000004774
0.00000004299
0.00000003949
0.00000003834
0.00000003331
0.00000003036
0.00000005716
0.00000005856
0.00000006007
0.00000006027
0.00000006058
0.00000005695
0.00000003057
0.00000003060
0.00000002950
0.00000002704
0.00000005033
0.00000004315
0.00000003314
0.00000002073
0.00000003251
0.00000003624
0.00000001555
0.00000001818
0.00000001602
0.00000000780
0.00000002395
0.00000001048
0.00000001741
0.00000002382
0.00000003003
0.00000003070
0.00000002858
0.00000002118
0.00000000394
0.00000001200
0.00000001503
0.00000001571
0.00000000583
0.00000002329
0.00000001049
0.00000001871
0.00000002191
0.00000002171
0.00000002520
0.00000002616
0.00000002141
0.00000003383
0.00000002620
0.00000004403
0.00000002721
0.00000004292
0.00000003127
0.00000004167
0.00000005715
0.00000003948
0.00000005632
0.00000004590
0.00000005870
0.00000005053
0.00000004587
0.00000006163
0.00000005565
0.00000005494
0.00000004861
0.00000005064
0.00000005509
0.00000005660
0.00000006603
0.00000005242
0.00000006069
0.00000004857
0.00000006513
0.00000005033
0.00000004155
0.00000005816
0.00000004871
0.00000003243
0.00000004488
0.00000003252
0.00000004253
0.00000004806
0.00000002593
0.00000002607
0.00000003479
0.00000004613
0.00000005677
0.00000005713
0.00000003731
0.00000004529
0.00000005473
0.00000005914
0.00000004324
0.00000004888
0.00000005917
0.00000004636
0.00000006222
0.00000004917
0.00000006787
0.00000005696
0.00000005201
0.00000004073
0.00000006090
0.00000004778
0.00000003913
0.00000003115
0.00000004646
0.00000004501
0.00000004438
0.00000007244
0.00000007078
0.00000007637
0.00000005613
0.00000006785
0.00000005279
0.00000006929
0.00000006095
0.00000005515
0.00000004984
0.00000005266
0.00000005297
0.00000006227
0.00000007011
0.00000006036
0.00000007854
0.00000006910
0.00000006647
0.00000006013
0.00000005820
0.00000005220
0.00000005001
0.00000005134
0.00000005175
0.00000004949
0.00000004104
0.00000003454
0.00000002713
0.00000005151
0.00000004922
0.00000004347
0.00000004207
0.00000004045
0.00000003274
0.00000003476
0.00000006679
0.00000006934
0.00000005004
0.00000005154
0.00000005968
0.00000003824
0.00000004792
0.00000005343
0.00000003684
0.00000004094
0.00000004808
0.00000005018
0.00000003178
0.00000003430
0.00000003701
0.00000003346
0.00000004009
0.00000004051
0.00000004814
0.00000005591
0.00000006099
0.00000004364
0.00000004106
0.00000004238
0.00000003774
0.00000003562
0.00000003249
0.00000002831
0.00000005589
0.00000006032
0.00000006487
0.00000006767
0.00000005099
0.00000005817
0.00000004457
0.00000006075
0.00000007052
0.00000005818
0.00000004264
0.00000005991
0.00000004734
0.00000005813
0.00000004529
0.00000003029
0.00000003378
0.00000003751
0.00000001004
0.00000002614
0.00000002330
0.00000001654
0.00000003232
0.00000001860
0.00000003028
0.00000003761
0.00000003822
0.00000001725
0.00000001808
0.00000001435
0.00000003535
0.00000003077
0.00000002201
0.00000004390
0.00000003326
0.00000005089
0.00000004197
0.00000003348
0.00000004805
0.00000004002
0.00000005603
0.00000004422
0.00000002954
0.00000003571
0.00000004521
0.00000002892
0.00000003558
0.00000004089
0.00000004268
0.00000004839
0.00000002800
0.00000003018
0.00000003691
0.00000004086
0.00000004872
0.00000005667
0.00000006655
0.00000005210
0.00000006611
0.00000005370
0.00000007390
0.00000007086
0.00000006831
0.00000006892
0.00000006955
0.00000004163
0.00000004133
0.00000004263
0.00000004617
0.00000004432
0.00000004797
0.00000005466
0.00000005608
0.00000003796
0.00000004844
0.00000005244
0.00000005560
0.00000003417
0.00000003961
0.00000004015
0.00000004842
0.00000005788
0.00000006687
0.00000004454
0.00000005492
0.00000003995
0.00000004997
0.00000006144
0.00000004142
0.00000005450
0.00000004589
0.00000006143
0.00000005392
0.00000004677
0.00000006812
0.00000006325
0.00000005827
0.00000004863
0.00000004054
0.00000003077
0.00000004527
0.00000002728
0.00000004071
0.00000005317
0.00000003832
0.00000003952
0.00000001729
0.00000001883
0.00000001682
0.00000003284
0.00000002613
0.00000001451
0.00000002587
0.00000003072
0.00000004035
0.00000004663
0.00000004854
0.00000002780
0.00000002939
0.00000003149
0.00000003003
0.00000003548
0.00000003774
0.00000003791
0.00000003406
0.00000003427
0.00000003068
0.00000002699
0.00000005095
0.00000004340
0.00000004156
0.00000004170
0.00000003616
0.00000003268
0.00000005515
0.00000005426
0.00000005319
0.00000005022
0.00000004918
0.00000004962
0.00000004749
0.00000003889
0.00000003842
0.00000003523
0.00000005688
0.00000004994
0.00000005127
0.00000005399
0.00000005780
0.00000005976
0.00000006723
0.00000005212
0.00000006006
0.00000004869
0.00000006831
0.00000006112
0.00000006130
0.00000006159
0.00000006532
0.00000006831
0.00000005023
0.00000005622
0.00000006570
0.00000004430
0.00000005099
0.00000005999
0.00000003860
0.00000003683
0.00000003908
0.00000003739
0.00000003658
0.00000002821
0.00000002244
0.00000004138
0.00000003490
0.00000002669
0.00000004139
0.00000002538
0.00000003721
0.00000002142
0.00000002777
0.00000003227
0.00000003789
0.00000003909
0.00000003603
0.00000003354
0.00000002458
0.00000001531
0.00000003159
0.00000003751
0.00000002025
0.00000002800
0.00000002588
0.00000002657
0.00000002361
0.00000001413
0.00000003401
0.00000001632
0.00000002595
0.00000002684
0.00000000263
0.00000002650
0.00000002477
0.00000002380
0.00000005319
0.00000005200
0.00000005326
0.00000004970
0.00000005366
0.00000005592
0.00000006264
0.00000008074
0.00000006889
0.00000006320
0.00000005418
0.00000005425
0.00000005132
0.00000005439
0.00000005279
0.00000005790
0.00000005944
0.00000006811
0.00000004854
0.00000006480
0.00000007716
0.00000006717
0.00000005611
0.00000005152
0.00000006918
0.00000006825
0.00000006307
0.00000006446
0.00000007346
0.00000005912
0.00000007931
0.00000006946
0.00000006712
0.00000006666
0.00000005887
0.00000005289
0.00000005416
0.00000005178
0.00000005584
0.00000005874
0.00000006578
0.00000004422
0.00000005704
0.00000006718
0.00000006318
0.00000008173
0.00000008465
0.00000008790
0.00000007160
0.00000007975
0.00000006515
0.00000005934
0.00000007692
0.00000007296
0.00000006742
0.00000007247
0.00000007737
0.00000006437
0.00000007409
0.00000006595
0.00000005950
0.00000005068
0.00000006956
0.00000005895
0.00000005152
0.00000003841
0.00000003074
0.00000004414
0.00000003648
0.00000004592
0.00000003195
0.00000003654
0.00000001590
0.00000001654
0.00000002434
0.00000002406
0.00000002725
0.00000005166
0.00000005408
0.00000002389
0.00000005248
0.00000005299
0.00000005955
0.00000006189
0.00000004606
0.00000005327
0.00000006825
0.00000005642
0.00000006944
0.00000006242
0.00000005503
0.00000005145
0.00000004301
0.00000006802
0.00000006725
0.00000007409
0.00000007514
0.00000005792
0.00000006989
0.00000005165
0.00000006745
0.00000005423
0.00000004813
0.00000006467
0.00000006282
0.00000005902
0.00000006522
0.00000007388
0.00000007538
0.00000005906
0.00000006572
0.00000005176
0.00000006104
0.00000005106
0.00000006406
0.00000005890
0.00000005057
0.00000006845
0.00000006705
0.00000005968
0.00000006049
0.00000005868
0.00000006132
0.00000005790
0.00000005727
0.00000005080
0.00000004814
0.00000004244
0.00000004779
0.00000004597
0.00000004617
0.00000003997
0.00000003816
0.00000003368
0.00000003245
0.00000004813
0.00000004007
0.00000002603
0.00000004036
0.00000002761
0.00000003179
0.00000003461
0.00000003214
0.00000003324
0.00000002758
0.00000002670
0.00000005182
0.00000004915
0.00000005194
0.00000005002
0.00000005120
0.00000004844
0.00000005381
0.00000005414
0.00000005833
0.00000005414
0.00000005219
0.00000005773
0.00000005867
0.00000005960
0.00000003721
0.00000003643
0.00000003717
0.00000004352
0.00000004068
0.00000004584
0.00000005723
0.00000006323
0.00000004314
0.00000005553
0.00000006570
0.00000005428
0.00000007511
0.00000006251
0.00000005386
0.00000004064
0.00000005913
0.00000004737
0.00000003930
0.00000006097
0.00000005224
0.00000005420
0.00000005281
0.00000005857
0.00000006049
0.00000006938
0.00000005380
0.00000007246
0.00000007250
0.00000007007
0.00000007835
0.00000008458
0.00000007404
0.00000006263
0.00000005804
0.00000007913
0.00000007801
0.00000005372
0.00000005304
0.00000005821
0.00000006496
0.00000007082
0.00000005876
0.00000007060
0.00000006194
0.00000005100
0.00000007233
0.00000006610
0.00000005825
0.00000005956
0.00000005636
0.00000005888
0.00000005891
0.00000005463
0.00000005358
0.00000004984
0.00000005046
0.00000004930
0.00000004231
0.00000004142
0.00000004049
0.00000003450
0.00000003352
0.00000005319
0.00000003849
0.00000002860
0.00000001254
0.00000002093
0.00000002364
0.00000002640
0.00000002779
0.00000002678
0.00000001872
0.00000003982
0.00000003389
0.00000002983
0.00000004492
0.00000003920
0.00000005734
0.00000004816
0.00000004513
0.00000004251
0.00000006190
0.00000005966
0.00000005905
0.00000005826
0.00000005272
0.00000005161
0.00000005343
0.00000004843
0.00000004914
0.00000003944
0.00000003065
0.00000002075
0.00000002834
0.00000001377
0.00000002394
0.00000003149
0.00000003233
0.00000003661
0.00000003801
0.00000003707
0.00000004369
0.00000005247
0.00000006018
0.00000007274
0.00000005307
0.00000006423
0.00000005184
0.00000006522
0.00000004945
0.00000005290
0.00000003643
0.00000004780
0.00000003118
0.00000003340
0.00000003767
0.00000004026
0.00000003853
0.00000003225
0.00000002303
0.00000003675
0.00000001991
0.00000003351
0.00000004480
0.00000002329
0.00000002662
0.00000002547
0.00000002722
0.00000002922
0.00000002742
0.00000004933
0.00000003802
0.00000003510
0.00000003337
0.00000006116
0.00000006293
0.00000005934
0.00000006124
0.00000006445
0.00000004540
0.00000005537
0.00000006105
0.00000004812
0.00000006026
0.00000004934
0.00000006566
0.00000005359
0.00000004522
0.00000006393
0.00000005379
0.00000004736
0.00000004329
0.00000006113
0.00000005984
0.00000005670
0.00000006109
0.00000006095
0.00000006978
0.00000004886
0.00000006166
0.00000004679
0.00000006283
0.00000004576
0.00000005983
0.00000004350
0.00000005724
0.00000003226
0.00000002953
0.00000002926
0.00000002449
0.00000001689
0.00000001245
0.00000003002
0.00000004401
0.00000003513
0.00000001849
0.00000003216
0.00000003756
0.00000001686
0.00000002555
0.00000002870
0.00000002755
0.00000002683
0.00000002052
0.00000004360
0.00000003352
0.00000002078
0.00000003817
0.00000002410
0.00000003670
0.00000004894
0.00000002792
0.00000003247
0.00000002757
0.00000002433
0.00000002519
0.00000004813
0.00000004794
0.00000004444
0.00000003619
0.00000003251
0.00000002437
0.00000004106
0.00000002478
0.00000003685
0.00000004866
0.00000003273
0.00000003744
0.00000004503
0.00000002757
0.00000003661
0.00000004478
0.00000004763
0.00000005541
0.00000003872
0.00000004811
0.00000005308
0.00000003978
0.00000005518
0.00000007193
0.00000005518
0.00000004172
0.00000005515
0.00000004291
0.00000005261
0.00000002927
0.00000003494
0.00000003819
0.00000004346
0.00000005009
0.00000005319
0.00000003593
0.00000004520
0.00000004936
0.00000006036
0.00000004639
0.00000006337
0.00000005858
0.00000007563
0.00000007398
0.00000006498
0.00000006053
0.00000006014
0.00000005400
0.00000005113
0.00000004840
0.00000003748
0.00000002760
0.00000003791
0.00000002489
0.00000002826
0.00000003392
0.00000003845
0.00000003773
0.00000003517
0.00000002401
0.00000001853
0.00000003322
0.00000002547
0.00000004188
0.00000002775
0.00000004425
0.00000003456
0.00000004908
0.00000003243
0.00000004271
0.00000002642
0.00000003393
0.00000003497
0.00000004060
0.00000004855
0.00000005462
0.00000002982
0.00000003761
0.00000004250
0.00000004462
0.00000004472
0.00000005146
0.00000005790
0.00000006457
0.00000004583
0.00000005981
0.00000007218
0.00000006455
0.00000005936
0.00000005799
0.00000005569
0.00000006146
0.00000007083
0.00000007694
0.00000006567
0.00000005628
0.00000007068
0.00000006796
0.00000006586
0.00000006119
0.00000005863
0.00000004931
0.00000004655
0.00000004148
0.00000003681
0.00000005614
0.00000005510
0.00000004917
0.00000005376
0.00000005986
0.00000006926
0.00000005423
0.00000006449
0.00000004546
0.00000006264
0.00000005549
0.00000007433
0.00000006842
0.00000006360
0.00000005221
0.00000004624
0.00000004020
0.00000003426
0.00000005230
0.00000003631
0.00000002678
0.00000004632
0.00000003481
0.00000005008
0.00000003819
0.00000005417
0.00000004335
0.00000005326
0.00000003818
0.00000004736
0.00000002524
0.00000002552
0.00000002263
0.00000001125
0.00000003151
0.00000002249
0.00000003510
0.00000001939
0.00000002796
0.00000003197
0.00000004289
0.00000005259
0.00000003694
0.00000004815
0.00000006344
0.00000005345
0.00000007230
0.00000005608
0.00000004688
0.00000003925
0.00000005569
0.00000004446
0.00000004377
0.00000007200
0.00000006928
0.00000007360
0.00000004878
0.00000005798
0.00000006391
0.00000004849
0.00000006120
0.00000004255
0.00000005774
0.00000004793
0.00000006007
0.00000005090
0.00000003531
0.00000004857
0.00000003351
0.00000003620
0.00000004373
0.00000002463
0.00000002359
0.00000002622
0.00000002530
0.00000001982
0.00000003636
0.00000002936
0.00000002099
0.00000003985
0.00000005582
0.00000004614
0.00000002964
0.00000004540
0.00000003499
0.00000005214
0.00000004206
0.00000005843
0.00000004895
0.00000004343
0.00000006237
0.00000006257
0.00000006346
0.00000006071
0.00000006561
0.00000007280
0.00000005426
0.00000006915
0.00000005803
0.00000006997
0.00000006245
0.00000004631
0.00000003613
0.00000005292
0.00000003881
0.00000005873
0.00000005414
0.00000005021
0.00000006907
0.00000006708
0.00000006687
0.00000006531
0.00000007188
0.00000004596
0.00000004982
0.00000005341
0.00000005298
0.00000004676
0.00000004292
0.00000003145
0.00000002231
0.00000003624
0.00000002275
0.00000002816
0.00000003500
0.00000003779
0.00000003375
0.00000002920
0.00000001981
0.00000003201
0.00000001166
0.00000002064
0.00000002512
0.00000003427
0.00000004334
0.00000004792
0.00000005959
0.00000003911
0.00000004438
0.00000003959
0.00000003808
0.00000002669
0.00000001828
0.00000002633
0.00000000544
0.00000001299
0.00000001579
0.00000002446
0.00000002951
0.00000004038
0.00000005522
0.00000006710
0.00000005887
0.00000004896
0.00000007199
0.00000006808
0.00000007144
0.00000006935
0.00000005161
0.00000005767
0.00000006490
0.00000005542
0.00000006861
0.00000006156
0.00000005040
0.00000004212
0.00000006103
0.00000005741
0.00000004559
0.00000003853
0.00000005015
0.00000003751
0.00000004121
0.00000001918
0.00000002314
0.00000002866
0.00000002511
0.00000002705
0.00000005283
0.00000005126
0.00000004337
0.00000004246
0.00000004055
0.00000003903
0.00000003329
0.00000005849
0.00000006053
0.00000006609
0.00000007541
0.00000005666
0.00000007002
0.00000006071
0.00000005154
0.00000006661
0.00000006129
0.00000005372
0.00000004630
0.00000003270
0.00000004848
0.00000003828
0.00000005629
0.00000005124
0.00000004693
0.00000006435
0.00000005947
0.00000005712
0.00000005616
0.00000005411
0.00000005237
0.00000005304
0.00000005568
0.00000005663
0.00000006381
0.00000004471
0.00000005262
0.00000006134
0.00000004337
0.00000004273
0.00000004379
0.00000004409
0.00000004436
0.00000003830
0.00000003465
0.00000002780
0.00000004589
0.00000003472
0.00000001707
0.00000003276
0.00000005028
0.00000004418
0.00000006217
0.00000005691
0.00000005390
0.00000004998
0.00000004404
0.00000004534
0.00000003971
0.00000004029
0.00000004036
0.00000004420
0.00000004703
0.00000004639
0.00000004729
0.00000003976
0.00000003626
0.00000002581
0.00000001776
0.00000002597
0.00000003492
0.00000001019
0.00000000873
0.00000003552
0.00000002581
0.00000001947
0.00000003603
0.00000001465
0.00000002117
0.00000001745
0.00000001355
0.00000000632
0.00000002360
0.00000003322
0.00000002316
0.00000003624
0.00000004131
0.00000002479
0.00000003078
0.00000003887
0.00000004398
0.00000004543
0.00000005062
0.00000005259
0.00000004994
0.00000005094
0.00000004809
0.00000004847
0.00000004627
0.00000003865
0.00000003607
0.00000002855
0.00000005247
0.00000004371
0.00000004013
0.00000003537
0.00000002841
0.00000005066
0.00000005119
0.00000004796
0.00000004999
0.00000004721
0.00000005290
0.00000005550
0.00000005337
0.00000006001
0.00000006517
0.00000004321
0.00000005447
0.00000006581
0.00000005361
0.00000007133
0.00000006061
0.00000005794
0.00000005445
0.00000005225
0.00000004657
0.00000005078
0.00000005774
0.00000006464
0.00000006724
0.00000005432
0.00000006534
0.00000004749
0.00000006123
0.00000004315
0.00000005464
0.00000004230
0.00000005256
0.00000004166
0.00000005827
0.00000005004
0.00000006644
0.00000004999
0.00000003539
0.00000004539
0.00000003095
0.00000003648
0.00000004089
0.00000004024
0.00000004136
0.00000003868
0.00000003204
0.00000002301
0.00000003660
0.00000003211
0.00000005348
0.00000004921
0.00000004416
0.00000004141
0.00000003822
0.00000003646
0.00000005680
0.00000005538
0.00000005657
0.00000005190
0.00000005622
0.00000006502
0.00000006963
0.00000005600
0.00000007267
0.00000006721
0.00000005952
0.00000005914
0.00000005724
0.00000006225
0.00000006848
0.00000004431
0.00000005147
0.00000005021
0.00000005309
0.00000005343
0.00000006090
0.00000003352
0.00000003484
0.00000003370
0.00000003766
0.00000003612
0.00000003980
0.00000004240
0.00000004907
0.00000005442
0.00000005572
0.00000003856
0.00000004248
0.00000005247
0.00000006237
0.00000004668
0.00000005612
0.00000004772
0.00000006835
0.00000005510
0.00000005152
0.00000007064
0.00000006884
0.00000006811
0.00000007854
0.00000005998
0.00000007378
0.00000005906
0.00000007637
0.00000006932
0.00000005804
0.00000005064
0.00000004791
0.00000003821
0.00000005963
0.00000005516
0.00000004817
0.00000004681
0.00000004300
0.00000006388
0.00000006106
0.00000005163
0.00000004958
0.00000004617
0.00000004001
0.00000003833
0.00000006582
0.00000006458
0.00000004474
0.00000004922
0.00000005656
0.00000006713
0.00000005236
0.00000005902
0.00000004279
0.00000005756
0.00000004653
0.00000005808
0.00000004748
0.00000006331
0.00000004813
0.00000004152
0.00000006063
0.00000005346
0.00000004820
0.00000003825
0.00000006275
0.00000005936
0.00000006144
0.00000006740
0.00000007616
0.00000005577
0.00000006774
0.00000005519
0.00000006948
0.00000006742
0.00000006078
0.00000006410
0.00000006252
0.00000006885
0.00000007200
0.00000005601
0.00000006496
0.00000004466
0.00000005890
0.00000006889
0.00000006078
0.00000004873
0.00000006816
0.00000006071
0.00000006075
0.00000005514
0.00000005482
0.00000005502
0.00000005043
0.00000005309
0.00000005561
0.00000005296
0.00000005487
0.00000005305
0.00000005458
0.00000006081
0.00000006896
0.00000004856
0.00000005787
0.00000007052
0.00000005850
0.00000006796
0.00000005412
0.00000003954
0.00000005759
0.00000003978
0.00000005507
0.00000004593
0.00000005687
0.00000004356
0.00000005037
0.00000003702
0.00000005250
0.00000003696
0.00000005392
0.00000004170
0.00000004786
0.00000003325
0.00000004153
0.00000002274
0.00000002204
0.00000002343
0.00000002238
0.00000004363
0.00000003517
0.00000003339
0.00000005087
0.00000004500
0.00000003422
0.00000004452
0.00000002111
0.00000003328
0.00000003556
0.00000003722
0.00000003814
0.00000003664
0.00000002816
0.00000002071
0.00000003675
0.00000002411
0.00000003645
0.00000001838
0.00000003587
0.00000005264
0.00000004449
0.00000005738
0.00000004938
0.00000003482
0.00000005139
0.00000004463
0.00000005975
0.00000005442
0.00000004542
0.00000004471
0.00000006538
0.00000006535
0.00000006276
0.00000006718
0.00000004098
0.00000004549
0.00000004514
0.00000005167
0.00000005411
0.00000006098
0.00000003738
0.00000004602
0.00000005206
0.00000006305
0.00000004136
0.00000005231
0.00000005969
0.00000004567
0.00000004880
0.00000003065
0.00000003292
0.00000004078
0.00000004452
0.00000005531
0.00000006151
0.00000004648
0.00000005152
0.00000006189
0.00000004029
0.00000004968
0.00000002632
0.00000003434
0.00000003200
0.00000003565
0.00000003415
0.00000002801
0.00000002788
0.00000005254
0.00000004306
0.00000003717
0.00000002338
0.00000003675
0.00000002250
0.00000002438
0.00000003252
0.00000003929
0.00000004687
0.00000004785
0.00000005825
0.00000004434
0.00000005235
0.00000004610
0.00000005724
0.00000004660
0.00000006185
0.00000004513
0.00000003668
0.00000005411
0.00000003784
0.00000005484
0.00000004640
0.00000003374
0.00000005307
0.00000004082
0.00000003376
0.00000005076
0.00000003432
0.00000004545
0.00000002466
0.00000003183
0.00000003713
0.00000003598
0.00000003633
0.00000003191
0.00000001978
0.00000003567
0.00000001769
0.00000002866
0.00000002934
0.00000003342
0.00000003499
0.00000003535
0.00000004311
0.00000005306
0.00000005864
0.00000006757
0.00000004534
0.00000005458
0.00000003137
0.00000003578
0.00000003541
0.00000002738
0.00000002163
0.00000001538
0.00000003563
0.00000002108
0.00000003636
0.00000002358
0.00000003373
0.00000003659
0.00000001519
0.00000001798
0.00000001909
0.00000004660
0.00000004254
0.00000003747
0.00000003001
0.00000002296
0.00000003882
0.00000002870
0.00000004412
0.00000003333
0.00000004346
0.00000002931
0.00000003830
0.00000004574
0.00000002344
0.00000003256
0.00000004029
0.00000004723
0.00000004890
0.00000005906
0.00000004328
0.00000005374
0.00000006189
0.00000003534
0.00000003920
0.00000004265
0.00000004703
0.00000004867
0.00000004692
0.00000004652
0.00000004451
0.00000004443
0.00000004623
0.00000004615
0.00000004210
0.00000004619
0.00000005288
0.00000006013
0.00000006577
0.00000004606
0.00000004461
0.00000004884
0.00000005263
0.00000005501
0.00000003151
0.00000002959
0.00000003393
0.00000003727
0.00000004022
0.00000003404
0.00000002847
0.00000001940
0.00000003401
0.00000002521
0.00000003379
0.00000004719
0.00000003740
0.00000004670
0.00000003819
0.00000005508
0.00000004657
0.00000005814
0.00000004918
0.00000003806
0.00000005849
0.00000004997
0.00000004769
0.00000004270
0.00000004287
0.00000003773
0.00000003721
0.00000005560
0.00000005199
0.00000004322
0.00000003478
0.00000002989
0.00000005000
0.00000003676
0.00000002823
0.00000003967
0.00000002851
0.00000004169
0.00000004482
0.00000002986
0.00000004319
0.00000005988
0.00000004927
0.00000007059
0.00000006671
0.00000005723
0.00000005197
0.00000004947
0.00000004435
0.00000004625
0.00000004866
0.00000004875
0.00000004385
0.00000004402
0.00000003753
0.00000003547
0.00000003518
0.00000002852
0.00000005059
0.00000004461
0.00000003351
0.00000002546
0.00000004305
0.00000002717
0.00000004102
0.00000002439
0.00000002386
0.00000002866
0.00000003266
0.00000002965
0.00000003029
0.00000003056
0.00000002644
0.00000005492
0.00000005597
0.00000004987
0.00000004687
0.00000003947
0.00000003772
0.00000003507
0.00000005556
0.00000004186
0.00000003206
0.00000002264
0.00000003597
0.00000004262
0.00000002978
0.00000004413
0.00000003331
0.00000004222
0.00000005384
0.00000003781
0.00000004611
0.00000002275
0.00000003058
0.00000003695
0.00000003945
0.00000003771
0.00000003755
0.00000003639
0.00000003335
0.00000002195
0.00000004393
0.00000003802
0.00000002866
0.00000004641
0.00000003239
0.00000005011
0.00000004470
0.00000004029
0.00000005935
0.00000005709
0.00000005392
0.00000004491
0.00000004384
0.00000003864
0.00000003804
0.00000005533
0.00000004062
0.00000002958
0.00000001900
0.00000002889
0.00000004224
0.00000002252
0.00000002953
0.00000003353
0.00000003644
0.00000003235
0.00000002861
0.00000002411
0.00000004589
0.00000003936
0.00000002722
0.00000004440
0.00000003262
0.00000004795
0.00000003324
0.00000003550
0.00000001743
0.00000002499
0.00000003551
0.00000004272
0.00000005026
0.00000005468
0.00000004047
0.00000005088
0.00000006072
0.00000004650
0.00000006309
0.00000005060
0.00000006742
0.00000005863
0.00000004870
0.00000004093
0.00000006206
0.00000005753
0.00000005410
0.00000004959
0.00000004776
0.00000004351
0.00000004426
0.00000004568
0.00000004814
0.00000004970
0.00000004151
0.00000003686
0.00000002842
0.00000002083
0.00000003728
0.00000002242
0.00000003427
0.00000004544
0.00000003384
0.00000005088
0.00000003885
0.00000006009
0.00000005436
0.00000005281
0.00000005525
0.00000005879
0.00000006666
0.00000007649
0.00000006774
0.00000006075
0.00000005764
0.00000005440
0.00000004707
0.00000004878
0.00000004648
0.00000005906
0.00000007610
0.00000006743
0.00000007940
0.00000007189
0.00000006365
0.00000005368
0.00000005077
0.00000004913
0.00000004146
0.00000006560
0.00000005695
0.00000005269
0.00000004361
0.00000003525
0.00000002599
0.00000003534
0.00000002389
0.00000003676
0.00000004480
0.00000002911
0.00000003476
0.00000004379
0.00000004476
0.00000002041
0.00000001809
0.00000003923
0.00000003654
0.00000003188
0.00000002554
0.00000003632
0.00000002185
0.00000003046
0.00000003275
0.00000004006
0.00000004646
0.00000004790
0.00000005508
0.00000004156
0.00000005664
0.00000007138
0.00000007015
0.00000006826
0.00000007119
0.00000007122
0.00000005145
0.00000005822
0.00000006270
0.00000004280
0.00000004738
0.00000005483
0.00000005527
0.00000003286
0.00000003777
0.00000003930
0.00000004055
0.00000004180
0.00000003717
0.00000002763
0.00000002241
0.00000004129
0.00000003246
0.00000004913
0.00000003894
0.00000005566
0.00000004856
0.00000003966
0.00000005976
0.00000005889
0.00000006073
0.00000005929
0.00000006707
0.00000007684
0.00000006389
0.00000007962
0.00000007990
0.00000008015
0.00000008699
0.00000006543
0.00000007825
0.00000006866
0.00000006346
0.00000008564
0.00000006271
0.00000006742
0.00000006405
0.00000006593
0.00000003658
0.00000003738
0.00000003387
0.00000003577
0.00000003246
0.00000003401
0.00000006276
0.00000003291
0.00000003751
0.00000003852
0.00000005049
0.00000005814
0.00000007167
0.00000005871
0.00000005546
0.00000007752
0.00000008426
0.00000006307
0.00000007428
0.00000006109
0.00000008619
0.00000008062
0.00000008331
0.00000005791
0.00000006588
0.00000007228
0.00000005999
0.00000007104
0.00000006305
0.00000005628
0.00000004523
0.00000006550
0.00000005984
0.00000005048
0.00000004740
0.00000004249
0.00000003238
0.00000005549
0.00000005349
0.00000004448
0.00000003823
0.00000003070
0.00000004391
0.00000003438
0.00000004715
0.00000003478
0.00000004180
0.00000002566
0.00000003837
0.00000004815
0.00000003405
0.00000004719
0.00000006169
0.00000005156
0.00000006406
0.00000005621
0.00000005214
0.00000004804
0.00000006985
0.00000006434
0.00000005300
0.00000004658
0.00000003602
0.00000002616
0.00000004414
0.00000002795
0.00000003816
0.00000002149
0.00000002999
0.00000002973
0.00000003134
0.00000003308
0.00000003385
0.00000003353
0.00000002607
0.00000004771
0.00000004229
0.00000003618
0.00000003018
0.00000004447
0.00000003728
0.00000005577
0.00000004736
0.00000003688
0.00000005833
0.00000005531
0.00000005373
0.00000004959
0.00000005255
0.00000005786
0.00000005833
0.00000006170
0.00000003623
0.00000004271
0.00000004901
0.00000005787
0.00000003927
0.00000004475
0.00000005117
0.00000005341
0.00000003276
0.00000003093
0.00000002902
0.00000002897
0.00000002925
0.00000004948
0.00000004498
0.00000004362
0.00000003964
0.00000002968
0.00000002369
0.00000003907
0.00000002870
0.00000003882
0.00000002343
0.00000003274
0.00000003832
0.00000003386
0.00000003572
0.00000003768
0.00000004418
0.00000005034
0.00000005793
0.00000006056
0.00000004355
0.00000005407
0.00000006652
0.00000004975
0.00000006646
0.00000005720
0.00000004119
0.00000005918
0.00000005207
0.00000003930
0.00000005832
0.00000004653
0.00000003749
0.00000005614
0.00000004845
0.00000003502
0.00000005174
0.00000004242
0.00000002744
0.00000003597
0.00000004835
0.00000002853
0.00000003744
0.00000004533
0.00000005254
0.00000003030
0.00000003906
0.00000004827
0.00000005413
0.00000003948
0.00000005350
0.00000006730
0.00000006463
0.00000006594
0.00000006313
0.00000006627
0.00000006823
0.00000004884
0.00000005015
0.00000005686
0.00000006706
0.00000004881
0.00000006474
0.00000005527
0.00000007797
0.00000007449
0.00000006832
0.00000006631
0.00000006151
0.00000006309
0.00000006360
0.00000005847
0.00000003149
0.00000002871
0.00000005731
0.00000006094
0.00000006020
0.00000006436
0.00000003659
0.00000004249
0.00000004963
0.00000005398
0.00000006134
0.00000004422
0.00000004795
0.00000006030
0.00000004700
0.00000005009
0.00000005581
0.00000003498
0.00000003641
0.00000004347
0.00000004997
0.00000005297
0.00000005719
0.00000003379
0.00000002953
0.00000002517
0.00000001622
0.00000003057
0.00000001207
0.00000002184
0.00000002203
0.00000002654
0.00000003300
0.00000003999
0.00000004810
0.00000005686
0.00000006497
0.00000004086
0.00000004504
0.00000005264
0.00000003279
0.00000003317
0.00000003994
0.00000004704
0.00000005695
0.00000006203
0.00000004776
0.00000005901
0.00000004526
0.00000005096
0.00000003354
0.00000003735
0.00000004596
0.00000005361
0.00000002991
0.00000003722
0.00000004180
0.00000005166
0.00000005308
0.00000003303
0.00000002973
0.00000002888
0.00000003022
0.00000002131
0.00000004169
0.00000002622
0.00000001268
0.00000001930
0.00000002977
0.00000004022
0.00000004397
0.00000005025
0.00000002870
0.00000002781
0.00000002394
0.00000001926
0.00000003265
0.00000002131
0.00000003320
0.00000001798
0.00000002925
0.00000003677
0.00000004158
0.00000004409
0.00000003844
0.00000003245
0.00000002080
0.00000000585
0.00000001535
0.00000001717
0.00000002156
0.00000002124
0.00000001900
0.00000001619
0.00000003322
0.00000002318
0.00000003631
0.00000002058
0.00000002078
0.00000002212
0.00000001936
0.00000001389
0.00000003406
0.00000002034
0.00000003709
0.00000002777
0.00000004574
0.00000003214
0.00000004149
0.00000002235
0.00000002660
0.00000003356
0.00000004316
0.00000005336
0.00000006690
0.00000005430
0.00000006804
0.00000005591
0.00000005203
0.00000008040
0.00000008136
0.00000006349
0.00000007582
0.00000006439
0.00000007689
0.00000006757
0.00000006375
0.00000006166
0.00000005434
0.00000005391
0.00000005117
0.00000004244
0.00000003930
0.00000003616
0.00000006378
0.00000006700
0.00000006651
0.00000004997
0.00000006184
0.00000007131
0.00000005660
0.00000006742
0.00000004850
0.00000003534
0.00000004322
0.00000005364
0.00000004040
0.00000004951
0.00000003686
0.00000004509
0.00000005549
0.00000003744
0.00000005365
0.00000004581
0.00000005690
0.00000004748
0.00000006035
0.00000005010
0.00000004402
0.00000006654
0.00000006055
0.00000006121
0.00000006068
0.00000006009
0.00000005577
0.00000005429
0.00000005169
0.00000004214
0.00000003848
0.00000003178
0.00000005076
0.00000003874
0.00000003163
0.00000004728
0.00000004690
0.00000006845
0.00000007076
0.00000007886
0.00000005922
0.00000007126
0.00000005872
0.00000007354
0.00000005957
0.00000005339
0.00000004934
0.00000007314
0.00000007141
0.00000007624
0.00000005057
0.00000005915
0.00000007058
0.00000005420
0.00000006786
0.00000005649
0.00000004391
0.00000006076
0.00000005270
0.00000004021
0.00000005906
0.00000005351
0.00000004232
0.00000006356
0.00000005757
0.00000004891
0.00000004372
0.00000003972
0.00000005867
0.00000006149
0.00000006189
0.00000006451
0.00000004242
0.00000004622
0.00000004658
0.00000005197
0.00000005793
0.00000006480
0.00000004116
0.00000003788
0.00000004009
0.00000004238
0.00000004225
0.00000004800
0.00000004975
0.00000004645
0.00000005115
0.00000005618
0.00000005658
0.00000006252
0.00000004228
0.00000005269
0.00000006089
0.00000006512
0.00000005086
0.00000005781
0.00000004725
0.00000006679
0.00000005513
0.00000004992
0.00000006763
0.00000006395
0.00000005386
0.00000005192
0.00000004624
0.00000003975
0.00000003692
0.00000005315
0.00000004391
0.00000003870
0.00000003733
0.00000005686
0.00000004913
0.00000004525
0.00000003461
0.00000005492
0.00000004240
0.00000002980
0.00000004344
0.00000001989
0.00000002304
0.00000002342
0.00000002845
0.00000002752
0.00000003087
0.00000003246
0.00000003930
0.00000004174
0.00000004960
0.00000005321
0.00000006204
0.00000004478
0.00000005791
0.00000008045
0.00000007172
0.00000006609
0.00000006333
0.00000005570
0.00000005491
0.00000004819
0.00000003978
0.00000003646
0.00000005326
0.00000005031
0.00000004440
0.00000004340
0.00000003762
0.00000006294
0.00000006094
0.00000005783
0.00000006078
0.00000006489
0.00000003757
0.00000004307
0.00000004314
0.00000004755
0.00000005382
0.00000005819
0.00000004683
0.00000005855
0.00000007900
0.00000007040
0.00000006873
0.00000006290
0.00000006445
0.00000007058
0.00000007482
0.00000006173
0.00000007895
0.00000007303
0.00000006472
0.00000006481
0.00000006427
0.00000007143
0.00000005667
0.00000006161
0.00000004742
0.00000005248
0.00000003675
0.00000004312
0.00000005845
0.00000004428
0.00000005835
0.00000004339
0.00000005886
0.00000004822
0.00000003451
0.00000005511
0.00000004653
0.00000004021
0.00000005646
0.00000004886
0.00000003434
0.00000004484
0.00000001877
0.00000001748
0.00000000849
0.00000002762
0.00000001974
0.00000003305
0.00000002003
0.00000002460
0.00000003354
0.00000004218
0.00000004234
0.00000004513
0.00000004376
0.00000004845
0.00000004742
0.00000005224
0.00000005817
0.00000006070
0.00000004244
0.00000004480
0.00000005381
0.00000006070
0.00000003582
0.00000004340
0.00000004721
0.00000005550
0.00000003397
0.00000004029
0.00000004152
0.00000004685
0.00000005277
0.00000005520
0.00000003859
0.00000005000
0.00000006222
0.00000004528
0.00000006076
0.00000005008
0.00000006622
0.00000005340
0.00000004800
0.00000004296
0.00000006347
0.00000006121
0.00000005071
0.00000004592
0.00000004220
0.00000003689
0.00000005131
0.00000004987
0.00000003700
0.00000002706
0.00000004130
0.00000002707
0.00000003812
0.00000005100
0.00000003789
0.00000004398
0.00000002533
0.00000002933
0.00000003283
0.00000002694
0.00000002473
0.00000002045
0.00000003721
0.00000002613
0.00000003346
0.00000001119
0.00000001168
0.00000000880
0.00000002446
0.00000001787
0.00000003204
0.00000001491
0.00000001911
0.00000001809
0.00000001408
0.00000003359
0.00000002204
0.00000004138
0.00000003290
0.00000004946
0.00000003687
0.00000002080
0.00000002569
0.00000002722
0.00000003411
0.00000003925
0.00000004281
0.00000004431
0.00000004594
0.00000004714
0.00000004510
0.00000003394
0.00000002571
0.00000004342
0.00000003198
0.00000002258
0.00000003626
0.00000004805
0.00000003285
0.00000003596
0.00000004483
0.00000002307
0.00000002525
0.00000001871
0.00000001588
0.00000003609
0.00000002873
0.00000004615
0.00000003552
0.00000005495
0.00000004660
0.00000003494
0.00000005139
0.00000003969
0.00000003340
0.00000005542
0.00000004960
0.00000005380
0.00000006251
0.00000006658
0.00000008051
0.00000007289
0.00000006400
0.00000006490
0.00000006569
0.00000006870
0.00000007021
0.00000004093
0.00000004329
0.00000004796
0.00000004829
0.00000005372
0.00000005850
0.00000005984
0.00000004066
0.00000004676
0.00000005298
0.00000005323
0.00000003073
0.00000003461
0.00000003526
0.00000002844
0.00000002573
0.00000002095
0.00000003814
0.00000002242
0.00000003421
0.00000001774
0.00000002383
0.00000002063
0.00000002014
0.00000001781
0.00000004117
0.00000002876
0.00000002157
0.00000003944
0.00000002561
0.00000003825
0.00000002093
0.00000002635
0.00000002740
0.00000003028
0.00000002955
0.00000002492
0.00000004977
0.00000004277
0.00000002905
0.00000001783
0.00000002704
0.00000003870
0.00000001864
0.00000002877
0.00000003839
0.00000004560
0.00000005948
0.00000004569
0.00000006648
0.00000005731
0.00000005426
0.00000004606
0.00000004618
0.00000004913
0.00000005507
0.00000006617
0.00000008752
0.00000008538
0.00000009354
0.00000007797
0.00000008646
0.00000007576
0.00000007139
0.00000007075
0.00000007114
0.00000007977
0.00000006934
0.00000009252
0.00000009528
0.00000009690
0.00000008075
0.00000006780
0.00000005242
0.00000007058
0.00000006900
0.00000006978
0.00000006479
0.00000006375
0.00000006032
0.00000006378
0.00000004188
0.00000004239
0.00000004669
0.00000004769
0.00000004258
0.00000003977
0.00000003557
0.00000003239
0.00000005618
0.00000005051
0.00000004980
0.00000004915
0.00000005198
0.00000005714
0.00000005833
0.00000006105
0.00000003853
0.00000003875
0.00000003540
0.00000002436
0.00000004231
0.00000003284
0.00000002265
0.00000003661
0.00000002011
0.00000003246
0.00000004572
0.00000003236
0.00000004363
0.00000004770
0.00000002638
0.00000002859
0.00000002716
0.00000002894
0.00000003058
0.00000002971
0.00000006219
0.00000003869
0.00000004656
0.00000005340
0.00000006032
0.00000003865
0.00000004731
0.00000005263
0.00000003868
0.00000004925
0.00000005602
0.00000002885
0.00000003183
0.00000002800
0.00000002791
0.00000002732
0.00000005236
0.00000005132
0.00000004877
0.00000004928
0.00000005172
0.00000005837
0.00000006190
0.00000007081
0.00000004818
0.00000005907
0.00000004011
0.00000004300
0.00000004831
0.00000004981
0.00000002666
0.00000002316
0.00000005016
0.00000004773
0.00000003303
0.00000002496
0.00000004344
0.00000003047
0.00000004718
0.00000003505
0.00000005256
0.00000004004
0.00000004865
0.00000003420
0.00000004435
0.00000002024
0.00000002727
0.00000003210
0.00000003176
0.00000003415
0.00000003454
0.00000003509
0.00000002874
0.00000004984
0.00000004881
0.00000004645
0.00000003869
0.00000003653
0.00000003274
0.00000002573
0.00000004123
0.00000003488
0.00000005627
0.00000005306
0.00000004676
0.00000005022
0.00000004566
0.00000004673
0.00000004788
0.00000004390
0.00000004464
0.00000004294
0.00000003728
0.00000002317
0.00000003956
0.00000002694
0.00000004356
0.00000002716
0.00000004124
0.00000005017
0.00000003917
0.00000004867
0.00000003466
0.00000005135
0.00000003924
0.00000006486
0.00000006159
0.00000006609
0.00000006696
0.00000007745
0.00000005980
0.00000007633
0.00000006246
0.00000005370
0.00000006434
0.00000004871
0.00000003953
0.00000005209
0.00000004518
0.00000005749
0.00000004538
0.00000003646
0.00000004980
0.00000004407
0.00000006031
0.00000005170
0.00000004595
0.00000003230
0.00000004895
0.00000003876
0.00000004960
0.00000003597
0.00000004324
0.00000001693
0.00000002219
0.00000002110
0.00000002344
0.00000004753
0.00000003736
0.00000003206
0.00000001897
0.00000003489
0.00000005016
0.00000003407
0.00000004793
0.00000003493
0.00000003842
0.00000004408
0.00000002071
0.00000002902
0.00000003768
0.00000003783
0.00000003897
0.00000003823
0.00000002831
0.00000001775
0.00000003468
0.00000002196
0.00000003793
0.00000002870
0.00000003954
0.00000002903
0.00000004642
0.00000003782
0.00000005373
0.00000005248
0.00000007711
0.00000007483
0.00000004594
0.00000004494
0.00000004498
0.00000004284
0.00000004275
0.00000004460
0.00000004294
0.00000004742
0.00000005068
0.00000006116
0.00000007160
0.00000005258
0.00000006977
0.00000006014
0.00000004743
0.00000007034
0.00000007038
0.00000006502
0.00000006583
0.00000007187
0.00000004862
0.00000005861
0.00000007433
0.00000005792
0.00000007643
0.00000006870
0.00000007297
0.00000008021
0.00000008739
0.00000007336
0.00000006071
0.00000007091
0.00000006028
0.00000004753
0.00000006212
0.00000004429
0.00000005636
0.00000004431
0.00000005198
0.00000003765
0.00000004957
0.00000003088
0.00000003948
0.00000004781
0.00000002298
0.00000002694
0.00000002767
0.00000002213
0.00000002310
0.00000004509
0.00000004600
0.00000004634
0.00000004222
0.00000004362
0.00000004122
0.00000003490
0.00000003632
0.00000003733
0.00000003284
0.00000006185
0.00000005764
0.00000005913
0.00000005821
0.00000005957
0.00000005588
0.00000005808
0.00000004963
0.00000004538
0.00000003927
0.00000002839
0.00000004759
0.00000003602
0.00000004413
0.00000002812
0.00000002807
0.00000003391
0.00000003720
0.00000003478
0.00000003269
0.00000002391
0.00000001926
0.00000003572
0.00000003182
0.00000004913
0.00000004268
0.00000002625
0.00000003940
0.00000001973
0.00000002562
0.00000002200
0.00000002316
0.00000001776
0.00000004345
0.00000003529
0.00000002534
0.00000003475
0.00000002031
0.00000003380
0.00000004044
0.00000002087
0.00000002408
0.00000003400
0.00000003574
0.00000003801
0.00000003231
0.00000003042
0.00000003061
0.00000002595
0.00000005630
0.00000005738
0.00000006042
0.00000005786
0.00000006512
0.00000004362
0.00000004574
0.00000005196
0.00000005909
0.00000006349
0.00000005375
0.00000007228
0.00000006396
0.00000006326
0.00000006681
0.00000006893
0.00000007820
0.00000006792
0.00000008875
0.00000008058
0.00000007684
0.00000007669
0.00000005838
0.00000006456
0.00000007638
0.00000006295
0.00000006060
0.00000006248
0.00000006295
0.00000007274
0.00000008384
0.00000006735
0.00000005489
0.00000007134
0.00000006410
0.00000005725
0.00000004750
0.00000006886
0.00000006662
0.00000006558
0.00000006085
0.00000006393
0.00000006838
0.00000004800
0.00000005191
0.00000006325
0.00000004995
0.00000006575
0.00000005115
0.00000004658
0.00000007031
0.00000007058
0.00000006472
0.00000006468
0.00000006780
0.00000004427
0.00000004430
0.00000004381
0.00000003952
0.00000003394
0.00000002353
0.00000004133
0.00000003036
0.00000004201
0.00000002132
0.00000003260
0.00000004431
0.00000002730
0.00000003673
0.00000004895
0.00000006258
0.00000004761
0.00000005435
0.00000004023
0.00000004821
0.00000003020
0.00000002912
0.00000003247
0.00000003245
0.00000003443
0.00000002869
0.00000002801
0.00000005000
0.00000004144
0.00000003570
0.00000003011
0.00000004204
0.00000003465
0.00000005208
0.00000004148
0.00000003505
0.00000005196
0.00000004225
0.00000003429
0.00000004983
0.00000004545
0.00000004567
0.00000007301
0.00000007376
0.00000005525
0.00000006525
0.00000007425
0.00000006205
0.00000005083
0.00000006197
0.00000005257
0.00000003745
0.00000005013
0.00000003855
0.00000005226
0.00000002934
0.00000003292
0.00000002944
0.00000002979
0.00000002592
0.00000002452
0.00000004793
0.00000003312
0.00000002057
0.00000002922
0.00000000605
0.00000001037
0.00000003731
0.00000004354
0.00000004470
0.00000004168
0.00000003359
0.00000002955
0.00000001736
0.00000003604
0.00000002499
0.00000003872
0.00000002215
0.00000003500
0.00000004214
0.00000002741
0.00000003436
0.00000003569
0.00000003919
0.00000004470
0.00000004222
0.00000004538
0.00000004241
0.00000003850
0.00000004033
0.00000003397
0.00000003155
0.00000002337
0.00000004229
0.00000003716
0.00000002823
0.00000005327
0.00000004562
0.00000004253
0.00000003063
0.00000004963
0.00000003707
0.00000002171
0.00000003823
0.00000004921
0.00000003993
0.00000005703
0.00000004438
0.00000006468
0.00000005662
0.00000005360
0.00000004882
0.00000004787
0.00000005033
0.00000004999
0.00000005894
0.00000006985
0.00000007609
0.00000006127
0.00000004407
0.00000006057
0.00000005427
0.00000007143
0.00000006876
0.00000006961
0.00000007273
0.00000007563
0.00000005761
0.00000006297
0.00000007972
0.00000007131
0.00000007410
0.00000007500
0.00000008427
0.00000006222
0.00000007321
0.00000006429
0.00000005596
0.00000008075
0.00000007842
0.00000006836
0.00000003819
0.00000005984
0.00000005229
0.00000004992
0.00000004884
0.00000004578
0.00000005390
0.00000006379
0.00000006889
0.00000005734
0.00000006958
0.00000006588
0.00000006697
0.00000006616
0.00000007277
0.00000008223
0.00000006024
0.00000007515
0.00000006497
0.00000005073
0.00000006774
0.00000005822
0.00000004526
0.00000006553
0.00000005400
0.00000004692
0.00000006122
0.00000005513
0.00000004323
0.00000002364
0.00000003217
0.00000000704
0.00000001179
0.00000003203
0.00000002700
0.00000001588
0.00000003139
0.00000000952
0.00000001826
0.00000001986
0.00000002659
0.00000002677
0.00000002996
0.00000002562
0.00000002258
0.00000004914
0.00000004946
0.00000004714
0.00000004976
0.00000006092
0.00000006410
0.00000007756
0.00000006111
0.00000005094
0.00000006497
0.00000006478
0.00000005898
0.00000006013
0.00000005888
0.00000006576
0.00000007053
0.00000005816
0.00000006884
0.00000005488
0.00000007555
0.00000007342
0.00000007346
0.00000007966
0.00000006002
0.00000007047
0.00000006233
0.00000007491
0.00000007017
0.00000006253
0.00000005732
0.00000005685
0.00000005196
0.00000005172
0.00000005800
0.00000006524
0.00000007857
0.00000006196
0.00000005767
0.00000007263
0.00000006445
0.00000006277
0.00000006611
0.00000006661
0.00000007644
0.00000005801
0.00000006418
0.00000005291
0.00000006184
0.00000004736
0.00000005521
0.00000004345
0.00000005154
0.00000004158
0.00000005259
0.00000004023
0.00000005173
0.00000003341
0.00000004650
0.00000003178
0.00000003773
0.00000005201
0.00000003621
0.00000005231
0.00000004244
0.00000005722
0.00000005138
0.00000006833
0.00000006433
0.00000005535
0.00000005288
0.00000005091
0.00000004786
0.00000004913
0.00000004907
0.00000004668
0.00000004896
0.00000004497
0.00000004672
0.00000004852
0.00000004446
0.00000004656
0.00000004737
0.00000004401
0.00000004199
0.00000003689
0.00000003708
0.00000003899
0.00000006110
0.00000005814
0.00000002995
0.00000005401
0.00000005283
0.00000004798
0.00000004881
0.00000005019
0.00000005229
0.00000005038
0.00000004957
0.00000004576
0.00000003653
0.00000002950
0.00000001739
0.00000003177
0.00000001618
0.00000002252
0.00000002072
0.00000001873
0.00000001750
0.00000002717
0.00000000940
0.00000001447
0.00000001564
0.00000001427
0.00000003553
0.00000002659
0.00000001174
0.00000001876
0.00000002212
0.00000002081
0.00000000949
0.00000000096
0.00000001565
0.00000002575
0.00000003486
0.00000004237
0.00000002268
0.00000002776
0.00000002915
0.00000002968
0.00000003444
0.00000003822
0.00000004290
0.00000004226
0.00000004857
0.00000005499
0.00000005373
0.00000003410
0.00000003908
0.00000005300
0.00000006932
0.00000006396
0.00000008005
0.00000007462
0.00000006309
0.00000006110
0.00000005444
0.00000005603
0.00000005831
0.00000006260
0.00000006569
0.00000004715
0.00000005567
0.00000006674
0.00000005403
0.00000006615
0.00000005462
0.00000004098
0.00000005119
0.00000003725
0.00000004528
0.00000003193
0.00000004490
0.00000005991
0.00000005024
0.00000006225
0.00000005418
0.00000004875
0.00000006890
0.00000006524
0.00000005970
0.00000005836
0.00000005889
0.00000005512
0.00000005600
0.00000005974
0.00000006542
0.00000007433
0.00000004909
0.00000005396
0.00000006223
0.00000004209
0.00000004787
0.00000006037
0.00000004785
0.00000006037
0.00000004118
0.00000005037
0.00000003097
0.00000003529
0.00000003250
0.00000002938
0.00000002422
0.00000002087
0.00000003427
0.00000002506
0.00000004132
0.00000002852
0.00000003550
0.00000004677
0.00000003565
0.00000004886
0.00000005417
0.00000003427
0.00000003673
0.00000003774
0.00000003454
0.00000002191
0.00000000948
0.00000001994
0.00000003076
0.00000003696
0.00000003626
0.00000003277
0.00000002821
0.00000002179
0.00000004034
0.00000002921
0.00000003857
0.00000001878
0.00000002516
0.00000003239
0.00000003885
0.00000004850
0.00000005436
0.00000003931
0.00000004805
0.00000005735
0.00000004514
0.00000006547
0.00000006020
0.00000007789
0.00000007334
0.00000004515
0.00000004235
0.00000004173
0.00000004109
0.00000003534
0.00000003201
0.00000005296
0.00000004494
0.00000003861
0.00000003117
0.00000004699
0.00000003164
0.00000004937
0.00000003886
0.00000005451
0.00000004420
0.00000003447
0.00000004425
0.00000003527
0.00000005169
0.00000004372
0.00000005827
0.00000005505
0.00000005192
0.00000004611
0.00000004968
0.00000006149
0.00000007491
0.00000008302
0.00000007438
0.00000006911
0.00000005933
0.00000005510
0.00000005319
0.00000005242
0.00000005946
0.00000006936
0.00000007625
0.00000006722
0.00000005315
0.00000006957
0.00000006291
0.00000005084
0.00000004829
0.00000006872
0.00000006536
0.00000006251
0.00000006760
0.00000007157
0.00000005860
0.00000006425
0.00000004862
0.00000005319
0.00000003925
0.00000005481
0.00000006679
0.00000006022
0.00000005925
0.00000005426
0.00000005481
0.00000004838
0.00000004700
0.00000004435
0.00000003823
0.00000003796
0.00000004078
0.00000007323
0.00000005268
0.00000006017
0.00000006771
0.00000005321
0.00000006748
0.00000005867
0.00000004630
0.00000006701
0.00000006165
0.00000005616
0.00000006018
0.00000006481
0.00000007594
0.00000005601
0.00000007048
0.00000005983
0.00000004650
0.00000006603
0.00000005743
0.00000005431
0.00000004704
0.00000004471
0.00000003643
0.00000002942
0.00000004797
0.00000003409
0.00000002310
0.00000003052
0.00000004283
0.00000003097
0.00000004221
0.00000005700
0.00000004375
0.00000005963
0.00000004879
0.00000003258
0.00000004923
0.00000004104
0.00000004709
0.00000003205
0.00000004420
0.00000002633
0.00000002692
0.00000003120
0.00000003306
0.00000003625
0.00000003834
0.00000003571
0.00000004312
0.00000005067
0.00000005339
0.00000006435
0.00000004498
0.00000005359
0.00000003842
0.00000004641
0.00000006003
0.00000004058
0.00000004730
0.00000006125
0.00000004196
0.00000005548
0.00000004033
0.00000005673
0.00000004189
0.00000005497
0.00000003762
0.00000005016
0.00000002959
0.00000004283
0.00000005635
0.00000004430
0.00000005967
0.00000004804
0.00000007380
0.00000007194
0.00000006996
0.00000004725
0.00000005173
0.00000005929
0.00000006689
0.00000004614
0.00000005867
0.00000004581
0.00000006046
0.00000005015
0.00000006705
0.00000005859
0.00000005761
0.00000005487
0.00000005480
0.00000005596
0.00000005929
0.00000006142
0.00000006465
0.00000004167
0.00000004697
0.00000004441
0.00000004179
0.00000004518
0.00000004179
0.00000003801
0.00000003205
0.00000001576
0.00000003101
0.00000001503
0.00000002597
0.00000003524
0.00000004034
0.00000003871
0.00000003773
0.00000003059
0.00000003053
0.00000002641
0.00000004938
0.00000004017
0.00000003266
0.00000001979
0.00000003736
0.00000002911
0.00000004362
0.00000003007
0.00000003312
0.00000003691
0.00000003817
0.00000002958
0.00000002251
0.00000001484
0.00000003002
0.00000003902
0.00000002401
0.00000003329
0.00000003958
0.00000004222
0.00000004107
0.00000003024
0.00000002135
0.00000003473
0.00000001575
0.00000002866
0.00000002983
0.00000003006
0.00000002563
0.00000002034
0.00000003914
0.00000002864
0.00000004279
0.00000002914
0.00000003628
0.00000004618
0.00000003083
0.00000004050
0.00000005061
0.00000003501
0.00000004686
0.00000005417
0.00000003606
0.00000004222
0.00000004675
0.00000002544
0.00000002954
0.00000003077
0.00000003114
0.00000002635
0.00000002037
0.00000003840
0.00000002894
0.00000004288
0.00000002782
0.00000004107
0.00000002221
0.00000002042
0.00000002209
0.00000002286
0.00000001938
0.00000004066
0.00000003643
0.00000003457
0.00000005782
0.00000005361
0.00000004960
0.00000004721
0.00000004227
0.00000003577
0.00000006086
0.00000005837
0.00000005848
0.00000006133
0.00000006576
0.00000006820
0.00000004902
0.00000006019
0.00000007145
0.00000005376
0.00000005573
0.00000003448
0.00000003705
0.00000003568
0.00000003644
0.00000003257
0.00000002724
0.00000001160
0.00000002785
0.00000003646
0.00000002258
0.00000003722
0.00000004375
0.00000002344
0.00000002534
0.00000002047
0.00000002053
0.00000004078
0.00000003740
0.00000002887
0.00000004760
0.00000003724
0.00000002168
0.00000003555
0.00000004725
0.00000002974
0.00000003060
0.00000003145
0.00000002345
0.00000001645
0.00000002898
0.00000001287
0.00000001333
0.00000001661
0.00000001548
0.00000001217
0.00000003330
0.00000002065
0.00000003580
0.00000002006
0.00000003108
0.00000004110
0.00000001814
0.00000002610
0.00000003157
0.00000003962
0.00000004810
0.00000005739
0.00000003960
0.00000005072
0.00000005726
0.00000004016
0.00000004801
0.00000005560
0.00000003098
0.00000003693
0.00000004225
0.00000004193
0.00000004782
0.00000005180
0.00000005838
0.00000003803
0.00000004523
0.00000005065
0.00000006019
0.00000004678
0.00000006424
0.00000005254
0.00000007158
0.00000006836
0.00000006870
0.00000007030
0.00000007206
0.00000005549
0.00000006700
0.00000005450
0.00000007258
0.00000006529
0.00000006588
0.00000006746
0.00000006893
0.00000006911
0.00000004846
0.00000005888
0.00000007220
0.00000005899
0.00000007019
0.00000005990
0.00000004935
0.00000003772
0.00000004774
0.00000003826
0.00000005198
0.00000004070
0.00000005117
0.00000003924
0.00000005043
0.00000002910
0.00000003501
0.00000004055
0.00000003943
0.00000004098
0.00000003472
0.00000003018
0.00000002657
0.00000004218
0.00000003578
0.00000002263
0.00000003770
0.00000001943
0.00000003370
0.00000004423
0.00000002666
0.00000003203
0.00000003092
0.00000002381
0.00000002156
0.00000001767
0.00000004186
0.00000003971
0.00000003736
0.00000006021
0.00000005552
0.00000005357
0.00000005272
0.00000005071
0.00000005187
0.00000004737
0.00000005070
0.00000005633
0.00000006340
0.00000007088
0.00000005568
0.00000006242
0.00000004612
0.00000005837
0.00000004940
0.00000006009
0.00000005542
0.00000005499
0.00000007877
0.00000006214
0.00000007655
0.00000008943
0.00000008465
0.00000008444
0.00000006034
0.00000006141
0.00000007309
0.00000006192
0.00000008046
0.00000007018
0.00000006404
0.00000006133
0.00000005404
0.00000005377
0.00000005633
0.00000005895
0.00000006452
0.00000006893
0.00000004108
0.00000004617
0.00000005079
0.00000005259
0.00000002889
0.00000003034
0.00000002838
0.00000002215
0.00000004000
0.00000002874
0.00000001578
0.00000002796
0.00000004311
0.00000002496
0.00000004233
0.00000005243
0.00000003635
0.00000004580
0.00000002652
0.00000003468
0.00000004189
0.00000004999
0.00000005987
0.00000004560
0.00000005609
0.00000004259
0.00000005422
0.00000004038
0.00000005724
0.00000005057
0.00000006632
0.00000005725
0.00000004680
0.00000003676
0.00000005252
0.00000003854
0.00000005230
0.00000003895
0.00000004709
0.00000002972
0.00000003444
0.00000003988
0.00000003426
0.00000003066
0.00000002384
0.00000003306
0.00000001691
0.00000002344
0.00000003295
0.00000003382
0.00000003896
0.00000004078
0.00000003254
0.00000002932
0.00000001622
0.00000003381
0.00000001809
0.00000003186
0.00000004350
0.00000002597
0.00000002612
0.00000002920
0.00000002831
0.00000001667
0.00000003566
0.00000002610
0.00000003696
0.00000001260
0.00000001665
0.00000001713
0.00000001747
0.00000004383
0.00000004104
0.00000003987
0.00000003976
0.00000003711
0.00000003146
0.00000002359
0.00000003641
0.00000003137
0.00000005090
0.00000004372
0.00000003567
0.00000005719
0.00000005718
0.00000005905
0.00000005534
0.00000005913
0.00000006419
0.00000004177
0.00000005246
0.00000006303
0.00000004805
0.00000005057
0.00000003349
0.00000004084
0.00000004822
0.00000005729
0.00000003978
0.00000004225
0.00000005107
0.00000003834
0.00000004970
0.00000006254
0.00000005045
0.00000006327
0.00000005722
0.00000005020
0.00000007285
0.00000007071
0.00000007234
0.00000006908
0.00000004708
0.00000005386
0.00000006856
0.00000008011
0.00000007370
0.00000007001
0.00000006311
0.00000006406
0.00000006501
0.00000006439
0.00000006922
0.00000005086
0.00000005594
0.00000007049
0.00000006145
0.00000008222
0.00000007333
0.00000007262
0.00000007374
0.00000005309
0.00000005508
0.00000005998
0.00000006456
0.00000005482
0.00000007249
0.00000006079
0.00000005425
0.00000004645
0.00000005952
0.00000005454
0.00000004797
0.00000004960
0.00000004555
0.00000004982
0.00000005964
0.00000007439
0.00000005578
0.00000007007
0.00000006085
0.00000004740
0.00000004209
0.00000006265
0.00000005770
0.00000005060
0.00000005016
0.00000004312
0.00000004243
0.00000004232
0.00000004389
0.00000004306
0.00000004253
0.00000003692
0.00000003121
0.00000002431
0.00000004114
0.00000003155
0.00000003496
0.00000001333
0.00000001662
0.00000001536
0.00000003534
0.00000003495
0.00000003545
0.00000003812
0.00000003670
0.00000004403
0.00000004743
0.00000005367
0.00000006054
0.00000003783
0.00000004592
0.00000004630
0.00000005060
0.00000002814
0.00000002774
0.00000002749
0.00000002493
0.00000005142
0.00000004597
0.00000004886
0.00000004518
0.00000004582
0.00000004646
0.00000003897
0.00000003376
0.00000002849
0.00000004225
0.00000003381
0.00000005004
0.00000003284
0.00000004489
0.00000002258
0.00000002626
0.00000002870
0.00000002357
0.00000002383
0.00000004783
0.00000003855
0.00000003352
0.00000002514
0.00000003858
0.00000002972
0.00000004315
0.00000002779
0.00000004645
0.00000003869
0.00000005202
0.00000004664
0.00000004055
0.00000006326
0.00000005231
0.00000004332
0.00000003596
0.00000005628
0.00000004676
0.00000004066
0.00000003621
0.00000005816
0.00000004867
0.00000004810
0.00000004952
0.00000004637
0.00000004849
0.00000005172
0.00000005666
0.00000006525
0.00000004652
0.00000005895
0.00000007428
0.00000006033
0.00000004522
0.00000004998
0.00000002860
0.00000003463
0.00000004034
0.00000004574
0.00000005380
0.00000005989
0.00000004500
0.00000005014
0.00000006046
0.00000004745
0.00000006356
0.00000004244
0.00000005033
0.00000003022
0.00000003091
0.00000003477
0.00000003713
0.00000003410
0.00000003659
0.00000002823
0.00000002334
0.00000003869
0.00000003128
0.00000002116
0.00000003051
0.00000004294
0.00000002315
0.00000003046
0.00000003830
0.00000004270
0.00000004864
0.00000003178
0.00000003387
0.00000004154
0.00000004562
0.00000005444
0.00000006482
0.00000004928
0.00000006545
0.00000005065
0.00000006857
0.00000005992
0.00000005768
0.00000005734
0.00000005062
0.00000004914
0.00000005220
0.00000005778
0.00000005829
0.00000006691
0.00000003994
0.00000004301
0.00000004200
0.00000004131
0.00000003443
0.00000003450
0.00000003188
0.00000002876
0.00000004879
0.00000004328
0.00000003960
0.00000003481
0.00000004964
0.00000004266
0.00000003504
0.00000002609
0.00000004561
0.00000003319
0.00000004637
0.00000003223
0.00000004136
0.00000003172
0.00000004647
0.00000006179
0.00000005015
0.00000003936
0.00000005993
0.00000005486
0.00000004778
0.00000007213
0.00000007700
0.00000004970
0.00000005411
0.00000006096
0.00000006899
0.00000005519
0.00000006512
0.00000005533
0.00000007364
0.00000007030
0.00000006298
0.00000006116
0.00000005188
0.00000005068
0.00000005116
0.00000005121
0.00000004494
0.00000004816
0.00000005281
0.00000005556
0.00000006561
0.00000005067
0.00000006337
0.00000004516
0.00000005919
0.00000004924
0.00000006117
0.00000004278
0.00000003170
0.00000004226
0.00000005734
0.00000004698
0.00000005974
0.00000003998
0.00000005134
0.00000003085
0.00000003737
0.00000004833
0.00000005066
0.00000003216
0.00000003620
0.00000004534
0.00000004908
0.00000005784
0.00000003613
0.00000004191
0.00000004306
0.00000004732
0.00000002269
0.00000004788
0.00000005303
0.00000005066
0.00000005296
0.00000004977
0.00000005095
0.00000004362
0.00000003938
0.00000003374
0.00000002519
0.00000004363
0.00000003493
0.00000004692
0.00000003599
0.00000004852
0.00000003594
0.00000004719
0.00000003970
0.00000005576
0.00000005437
0.00000004947
0.00000007693
0.00000004640
0.00000004555
0.00000003744
0.00000003650
0.00000002928
0.00000005203
0.00000003699
0.00000002890
0.00000004811
0.00000003313
0.00000004750
0.00000002745
0.00000003715
0.00000004324
0.00000001382
0.00000001446
0.00000003753
0.00000003524
0.00000002658
0.00000003817
0.00000002610
0.00000003758
0.00000001985
0.00000002689
0.00000003504
0.00000003539
0.00000004107
0.00000004630
0.00000005158
0.00000005432
0.00000006446
0.00000004714
0.00000005582
0.00000006785
0.00000005111
0.00000006599
0.00000005215
0.00000004112
0.00000005036
0.00000003844
0.00000004588
0.00000003166
0.00000004284
0.00000005488
0.00000003784
0.00000004358
0.00000005679
0.00000004775
0.00000006577
0.00000006622
0.00000006202
0.00000006298
0.00000006405
0.00000006479
0.00000004815
0.00000005611
0.00000006979
0.00000005640
0.00000006390
0.00000004840
0.00000005481
0.00000004110
0.00000005621
0.00000004636
0.00000005997
0.00000004988
0.00000004109
0.00000005929
0.00000004454
0.00000003200
0.00000004280
0.00000002915
0.00000003973
0.00000004731
0.00000002045
0.00000002439
0.00000002374
0.00000002302
0.00000003998
0.00000003706
0.00000003086
0.00000004629
0.00000003307
0.00000001595
0.00000002871
0.00000004120
0.00000005043
0.00000004045
0.00000005992
0.00000004935
0.00000004361
0.00000006460
0.00000005969
0.00000004537
0.00000003352
0.00000004606
0.00000003204
0.00000004369
0.00000002166
0.00000002741
0.00000003081
0.00000003584
0.00000003965
0.00000004101
0.00000004527
0.00000005003
0.00000005077
0.00000005515
0.00000005982
0.00000004067
0.00000004376
0.00000004730
0.00000004997
0.00000004783
0.00000005293
0.00000002957
0.00000002865
0.00000002793
0.00000002722
0.00000005315
0.00000004676
0.00000004100
0.00000003858
0.00000003732
0.00000003458
0.00000005327
0.00000005402
0.00000005708
0.00000006014
0.00000005900
0.00000006196
0.00000004114
0.00000004499
0.00000004341
0.00000004867
0.00000005283
0.00000005810
0.00000005933
0.00000003908
0.00000004401
0.00000004242
0.00000004483
0.00000004744
0.00000005001
0.00000004362
0.00000004384
0.00000003868
0.00000002909
0.00000002365
0.00000004127
0.00000003184
0.00000005071
0.00000004365
0.00000005969
0.00000004222
0.00000003278
0.00000004936
0.00000003964
0.00000005583
0.00000004741
0.00000003954
0.00000005498
0.00000004811
0.00000004527
0.00000004464
0.00000004578
0.00000004630
0.00000004584
0.00000004708
0.00000004714
0.00000004520
0.00000003510
0.00000003116
0.00000003045
0.00000005681
0.00000005976
0.00000006650
0.00000007607
0.00000005935
0.00000006576
0.00000005351
0.00000004505
0.00000006389
0.00000006179
0.00000006259
0.00000006373
0.00000006874
0.00000006895
0.00000004965
0.00000005394
0.00000005548
0.00000003335
0.00000004026
0.00000004953
0.00000006124
0.00000007762
0.00000006528
0.00000006015
0.00000005984
0.00000005878
0.00000005773
0.00000005912
0.00000006702
0.00000004965
0.00000005549
0.00000006153
0.00000004397
0.00000005287
0.00000006731
0.00000005724
0.00000004874
0.00000006753
0.00000006140
0.00000005757
0.00000005674
0.00000005639
0.00000005735
0.00000005704
0.00000005282
0.00000005846
0.00000005304
0.00000004981
0.00000004639
0.00000004097
0.00000003512
0.00000002643
0.00000004231
0.00000003057
0.00000004282
0.00000002297
0.00000003840
0.00000004153
0.00000005608
0.00000003261
0.00000004126
0.00000004795
0.00000002484
0.00000003070
0.00000003523
0.00000003860
0.00000004261
0.00000004406
0.00000004143
0.00000003970
0.00000003815
0.00000003320
0.00000003125
0.00000005554
0.00000005590
0.00000006174
0.00000006072
0.00000006450
0.00000004293
0.00000005170
0.00000006536
0.00000005823
0.00000007880
0.00000007059
0.00000007033
0.00000007314
0.00000007813
0.00000005872
0.00000006605
0.00000008136
0.00000007422
0.00000006955
0.00000006871
0.00000006440
0.00000006972
0.00000007695
0.00000005740
0.00000006413
0.00000003965
0.00000004667
0.00000005499
0.00000003814
0.00000004571
0.00000005249
0.00000003324
0.00000003648
0.00000003243
0.00000003296
0.00000003317
0.00000003172
0.00000002891
0.00000004923
0.00000004021
0.00000003335
0.00000002836
0.00000005215
0.00000004339
0.00000003952
0.00000003530
0.00000005283
0.00000004681
0.00000003926
0.00000002754
0.00000003947
0.00000001980
0.00000002864
0.00000003603
0.00000004317
0.00000004824
0.00000002648
0.00000002374
0.00000002840
0.00000003245
0.00000003765
0.00000004011
0.00000004088
0.00000004755
0.00000005912
0.00000007110
0.00000005757
0.00000007217
0.00000005915
0.00000005266
0.00000004818
0.00000007200
0.00000006495
0.00000006547
0.00000006667
0.00000006487
0.00000004265
0.00000004370
0.00000003572
0.00000003183
0.00000002574
0.00000004258
0.00000003943
0.00000003749
0.00000006020
0.00000006429
0.00000006150
0.00000006058
0.00000003668
0.00000003511
0.00000003993
0.00000004374
0.00000005248
0.00000006206
0.00000003985
0.00000005226
0.00000006905
0.00000006083
0.00000007034
0.00000005703
0.00000004647
0.00000003572
0.00000005952
0.00000005924
0.00000005765
0.00000006325
0.00000007055
0.00000005389
0.00000006348
0.00000008355
0.00000007490
0.00000006805
0.00000006280
0.00000005662
0.00000004764
0.00000003479
0.00000005559
0.00000005115
0.00000004599
0.00000004019
0.00000006501
0.00000006152
0.00000005730
0.00000004788
0.00000004511
0.00000004365
0.00000003793
0.00000003581
0.00000005673
0.00000005362
0.00000005089
0.00000005066
0.00000004981
0.00000005182
0.00000004973
0.00000004940
0.00000005129
0.00000005181
0.00000005191
0.00000005178
0.00000004362
0.00000004068
0.00000003891
0.00000003710
0.00000002917
0.00000005142
0.00000004782
0.00000003996
0.00000003000
0.00000004010
0.00000002694
0.00000003972
0.00000002649
0.00000003857
0.00000005154
0.00000003255
0.00000004892
0.00000002932
0.00000004495
0.00000006145
0.00000005055
0.00000006327
0.00000004545
0.00000005839
0.00000004174
0.00000004861
0.00000002920
0.00000002932
0.00000003331
0.00000003646
0.00000004167
0.00000004061
0.00000004435
0.00000004192
0.00000003852
0.00000002451
0.00000001171
0.00000002354
0.00000003275
0.00000003193
0.00000003534
0.00000003758
0.00000004017
0.00000003985
0.00000003314
0.00000003023
0.00000002933
0.00000005621
0.00000005084
0.00000004543
0.00000004301
0.00000004016
0.00000003484
0.00000006320
0.00000006697
0.00000006864
0.00000005030
0.00000006088
0.00000007060
0.00000005742
0.00000006896
0.00000006207
0.00000005803
0.00000004761
0.00000004358
0.00000006738
0.00000005748
0.00000005555
0.00000005442
0.00000004504
0.00000004102
0.00000003018
0.00000004701
0.00000003579
0.00000002405
0.00000003281
0.00000004211
0.00000002435
0.00000003688
0.00000004014
0.00000004470
0.00000004686
0.00000002256
0.00000002320
0.00000004383
0.00000003886
0.00000003498
0.00000002840
0.00000004334
0.00000003749
0.00000003119
0.00000004860
0.00000003643
0.00000004424
0.00000003059
0.00000003844
0.00000001901
0.00000001955
0.00000002396
0.00000002619
0.00000002893
0.00000002780
0.00000004582
0.00000004337
0.00000004146
0.00000003176
0.00000005248
0.00000004827
0.00000004733
0.00000004260
0.00000004197
0.00000003943
0.00000003686
0.00000002813
0.00000005515
0.00000005775
0.00000005525
0.00000005938
0.00000006621
0.00000006856
0.00000004899
0.00000005646
0.00000005390
0.00000003204
0.00000003525
0.00000004157
0.00000004474
0.00000004339
0.00000004183
0.00000003977
0.00000004163
0.00000004124
0.00000003918
0.00000003435
0.00000003570
0.00000004157
0.00000004934
0.00000005254
0.00000006368
0.00000004325
0.00000005590
0.00000004452
0.00000005872
0.00000005418
0.00000007838
0.00000008115
0.00000008108
0.00000006418
0.00000006916
0.00000005610
0.00000006832
0.00000005657
0.00000006557
0.00000005680
0.00000004152
0.00000005958
0.00000005173
0.00000004658
0.00000006871
0.00000006427
0.00000005572
0.00000005170
0.00000004446
0.00000003496
0.00000004513
0.00000003123
0.00000004128
0.00000001626
0.00000002320
0.00000003015
0.00000003852
0.00000004035
0.00000004931
0.00000005859
0.00000003778
0.00000004441
0.00000005071
0.00000002996
0.00000002707
0.00000002449
0.00000001740
0.00000003696
0.00000002251
0.00000003502
0.00000002167
0.00000003519
0.00000004751
0.00000002238
0.00000002355
0.00000002135
0.00000002117
0.00000004787
0.00000004357
0.00000003114
0.00000002202
0.00000003569
0.00000002202
0.00000003476
0.00000004448
0.00000002043
0.00000003244
0.00000004398
0.00000005203
0.00000003515
0.00000004091
0.00000004319
0.00000004206
0.00000003460
0.00000003251
0.00000002897
0.00000004982
0.00000004176
0.00000002712
0.00000004445
0.00000003546
0.00000005119
0.00000004244
0.00000005628
0.00000005369
0.00000005338
0.00000005631
0.00000005781
0.00000005536
0.00000006059
0.00000006757
0.00000004901
0.00000005038
0.00000005872
0.00000004040
0.00000004141
0.00000004854
0.00000005918
0.00000003909
0.00000005203
0.00000006721
0.00000005601
0.00000003751
0.00000005180
0.00000004283
0.00000005716
0.00000005226
0.00000004891
0.00000007355
0.00000006897
0.00000007052
0.00000004433
0.00000005514
0.00000006894
0.00000005797
0.00000006985
0.00000006037
0.00000004773
0.00000004172
0.00000006552
0.00000006645
0.00000006939
0.00000007082
0.00000007862
0.00000006372
0.00000006836
0.00000005046
0.00000005711
0.00000003686
0.00000003996
0.00000004589
0.00000004850
0.00000004845
0.00000004487
0.00000003290
0.00000002339
0.00000003721
0.00000002108
0.00000003127
0.00000004323
0.00000005738
0.00000004539
0.00000005987
0.00000005275
0.00000006587
0.00000006372
0.00000006604
0.00000007274
0.00000008343
0.00000006691
0.00000005353
0.00000006804
0.00000005480
0.00000004829
0.00000007347
0.00000007485
0.00000007559
0.00000005640
0.00000006872
0.00000005701
0.00000006867
0.00000005845
0.00000004964
0.00000005973
0.00000004992
0.00000003982
0.00000004974
0.00000003621
0.00000004746
0.00000002885
0.00000004340
0.00000002926
0.00000004324
0.00000004822
0.00000003281
0.00000004359
0.00000004997
0.00000003189
0.00000004034
0.00000004494
0.00000005260
0.00000003338
0.00000003604
0.00000004157
0.00000004664
0.00000004794
0.00000004483
0.00000004528
0.00000004148
0.00000003580
0.00000002429
0.00000004021
0.00000002256
0.00000002907
0.00000003726
0.00000004277
0.00000004199
0.00000004288
0.00000004134
0.00000003266
0.00000001906
0.00000000117
0.00000000691
0.00000000996
0.00000003778
0.00000003876
0.00000003983
0.00000003239
0.00000003365
0.00000002339
0.00000004133
0.00000003428
0.00000001940
0.00000003208
0.00000004132
0.00000003295
0.00000005188
0.00000004718
0.00000006724
0.00000006524
0.00000006433
0.00000006287
0.00000005643
0.00000005858
0.00000006270
0.00000006784
0.00000006887
0.00000005057
0.00000005543
0.00000004004
0.00000005091
0.00000006639
0.00000005432
0.00000006486
0.00000005252
0.00000003623
0.00000004786
0.00000002557
0.00000003176
0.00000003885
0.00000004551
0.00000004686
0.00000005539
0.00000003603
0.00000003703
0.00000004294
0.00000004920
0.00000005498
0.00000003262
0.00000004093
0.00000004761
0.00000005021
0.00000005873
0.00000003822
0.00000004481
0.00000004685
0.00000005437
0.00000006199
0.00000004185
0.00000005039
0.00000005963
0.00000004293
0.00000004904
0.00000005974
0.00000004398
0.00000005695
0.00000004384
0.00000005281
0.00000004115
0.00000005779
0.00000004662
0.00000005430
0.00000004455
0.00000006187
0.00000005133
0.00000004003
0.00000005060
0.00000004052
0.00000005559
0.00000003863
0.00000005248
0.00000004329
0.00000005525
0.00000004602
0.00000003657
0.00000004760
0.00000003896
0.00000005950
0.00000005049
0.00000004068
0.00000004997
0.00000003744
0.00000003971
0.00000001885
0.00000002330
0.00000001896
0.00000002115
0.00000004718
0.00000004512
0.00000003175
0.00000001896
0.00000002994
0.00000001204
0.00000000753
0.00000000567
0.00000002196
0.00000001363
0.00000002547
0.00000002660
0.00000000534
0.00000002746
0.00000001847
0.00000000356
0.00000001762
0.00000002417
0.00000003336
0.00000004045
0.00000001496
0.00000002057
0.00000004898
0.00000005626
0.00000003527
0.00000003342
0.00000003732
0.00000003473
0.00000003489
0.00000003097
0.00000003475
0.00000006243
0.00000004515
0.00000004731
0.00000005673
0.00000006681
0.00000005717
0.00000006688
0.00000006025
0.00000004877
0.00000004330
0.00000006083
0.00000005637
0.00000004838
0.00000004622
0.00000003981
0.00000006359
0.00000005719
0.00000005923
0.00000005804
0.00000006127
0.00000006399
0.00000003523
0.00000003862
0.00000003330
0.00000003625
0.00000003428
0.00000003790
0.00000003791
0.00000003366
0.00000003250
0.00000002865
0.00000004505
0.00000004236
0.00000003995
0.00000003260
0.00000005368
0.00000005038
0.00000004597
0.00000003488
0.00000002623
0.00000004142
0.00000002534
0.00000003725
0.00000001943
0.00000002002
0.00000002348
0.00000002603
0.00000002563
0.00000004645
0.00000004822
0.00000004726
0.00000003967
0.00000003670
0.00000003443
0.00000003375
0.00000005827
0.00000005283
0.00000004724
0.00000003761
0.00000003402
0.00000005832
0.00000005666
0.00000004863
0.00000004216
0.00000003735
0.00000003268
0.00000004999
0.00000004618
0.00000004124
0.00000003734
0.00000003426
0.00000005526
0.00000004812
0.00000003840
0.00000003553
0.00000005667
0.00000005186
0.00000004368
0.00000004261
0.00000004283
0.00000007292
0.00000007638
0.00000005400
0.00000007035
0.00000006644
0.00000008944
0.00000006581
0.00000006991
0.00000007160
0.00000005824
0.00000007596
0.00000007206
0.00000006530
0.00000006629
0.00000006929
0.00000007789
0.00000005577
0.00000006383
0.00000005090
0.00000006307
0.00000005443
0.00000007387
0.00000006246
0.00000005595
0.00000004119
0.00000003156
0.00000004456
0.00000003760
0.00000005834
0.00000005054
0.00000004829
0.00000004220
0.00000004331
0.00000004923
0.00000005116
0.00000005201
0.00000004578
0.00000004195
0.00000003427
0.00000003230
0.00000003012
0.00000004723
0.00000003853
0.00000002773
0.00000004977
0.00000004339
0.00000003281
0.00000005456
0.00000004085
0.00000003509
0.00000004726
0.00000004011
0.00000003495
0.00000005955
0.00000005370
0.00000005371
0.00000004971
0.00000005266
0.00000005942
0.00000005881
0.00000006590
0.00000004573
0.00000005981
0.00000004663
0.00000006640
0.00000005897
0.00000005679
0.00000004811
0.00000004289
0.00000003325
0.00000005578
0.00000004818
0.00000004562
0.00000004169
0.00000005479
0.00000004507
0.00000003050
0.00000004748
0.00000003863
0.00000006128
0.00000005532
0.00000005657
0.00000006424
0.00000006751
0.00000007831
0.00000006729
0.00000005266
0.00000007188
0.00000006833
0.00000006921
0.00000006483
0.00000006792
0.00000007304
0.00000005459
0.00000006077
0.00000004914
0.00000006676
0.00000005913
0.00000005145
0.00000004535
0.00000006395
0.00000006488
0.00000006515
0.00000006420
0.00000003801
0.00000003556
0.00000003017
0.00000005548
0.00000004996
0.00000004721
0.00000004634
0.00000004835
0.00000004108
0.00000004443
0.00000004837
0.00000005500
0.00000005913
0.00000006690
0.00000004505
0.00000004567
0.00000003523
0.00000002195
0.00000000045
-0.00000000670
0.00000000125
-0.00000002612
-0.00000001405
-0.00000002032
-0.00000003325
-0.00000003461
-0.00000005313
-0.00000006324
-0.00000006670
-0.00000005584
-0.00000006272
-0.00000006830
-0.00000006478
-0.00000008356
-0.00000009123
-0.00000008826
-0.00000007760
-0.00000008417
-0.00000008561
-0.00000008465
-0.00000007340
-0.00000008165
-0.00000008519
-0.00000008925
-0.00000007859
-0.00000008993
-0.00000009625
-0.00000010216
-0.00000009619
-0.00000008367
-0.00000009098
-0.00000009989
-0.00000009649
-0.00000008808
-0.00000009587
-0.00000009830
-0.00000010092
-0.00000009581
-0.00000008866
-0.00000009513
-0.00000009699
-0.00000009650
-0.00000008673
-0.00000010170
-0.00000008111
-0.00000008412
-0.00000010358
-0.00000009591
-0.00000010353
-0.00000008506
-0.00000008559
-0.00000010514
-0.00000009580
-0.00000010024
-0.00000010494
-0.00000010214
-0.00000009738
-0.00000008145
-0.00000009136
-0.00000009556
-0.00000008881
-0.00000008245
-0.00000009813
-0.00000010311
-0.00000010773
-0.00000010692
-0.00000009354
-0.00000007906
-0.00000007817
-0.00000007753
-0.00000009396
-0.00000008211
-0.00000008798
-0.00000009148
-0.00000008266
-0.00000008003
-0.00000005919
-0.00000001358
-0.00000000021
0.00000000934
0.00000002573
0.00000003540
0.00000005022
0.00000004694
0.00000006681
0.00000007484
0.00000008262
0.00000007525
0.00000010004
0.00000008424
0.00000009908
0.00000010189
0.00000010739
0.00000010531
0.00000010878
0.00000012422
0.00000012058
0.00000009188
0.00000010213
0.00000009671
0.00000009747
0.00000011255
0.00000010549
0.00000011116
0.00000009743
0.00000009678
0.00000010675
0.00000012176
0.00000012662
0.00000011593
0.00000011480
0.00000013137
0.00000013323
0.00000011598
0.00000011496
0.00000012614
0.00000012223
0.00000012607
0.00000012088
0.00000012737
0.00000012278
0.00000013289
0.00000012221
0.00000013159
0.00000011482
0.00000011525
0.00000012833
0.00000012440
0.00000012908
0.00000011679
0.00000011649
0.00000012403
0.00000011667
0.00000011960
0.00000010741
0.00000010693
0.00000010992
0.00000008469
0.00000009937
0.00000009413
0.00000009680
0.00000008352
0.00000010610
0.00000010850
0.00000009609
0.00000011572
0.00000008998
0.00000009216
0.00000008131
0.00000010798
0.00000012075
0.00000011782
0.00000012348
0.00000011388
0.00000011106
0.00000011703
0.00000010187
0.00000008743
0.00000008784
0.00000009612
0.00000008260
0.00000010515
0.00000010378
0.00000008711
0.00000008257
0.00000011492
0.00000010315
0.00000009682
0.00000008869
0.00000009096
0.00000007166
0.00000008504
0.00000007767
0.00000007320
0.00000007258
0.00000007460
0.00000007733
0.00000006042
0.00000007154
0.00000005934
0.00000007449
0.00000006388
0.00000005683
0.00000005373
0.00000005056
0.00000008063
0.00000005907
0.00000006454
0.00000007240
0.00000005568
0.00000006388
0.00000005468
0.00000007525
0.00000007289
0.00000007524
0.00000007728
0.00000006606
0.00000008381
0.00000008279
0.00000008415
0.00000009521
0.00000008627
0.00000007856
0.00000007276
0.00000007796
0.00000008858
0.00000007905
0.00000007692
0.00000007332
0.00000007993
0.00000008871
0.00000007024
0.00000006013
0.00000007860
0.00000007427
0.00000007746
0.00000009142
0.00000008354
0.00000007998
0.00000008012
0.00000009147
0.00000008295
0.00000008057
0.00000008372
0.00000008973
0.00000007947
0.00000007179
0.00000006917
0.00000006652
0.00000006910
0.00000007039
0.00000004352
0.00000004699
0.00000005396
0.00000006004
0.00000006262
0.00000004695
0.00000005987
0.00000004448
0.00000005890
0.00000005225
0.00000007534
0.00000007582
0.00000007659
0.00000008788
0.00000007785
0.00000006985
0.00000006281
0.00000006392
0.00000006781
0.00000007636
0.00000008048
0.00000006642
0.00000005467
0.00000006894
0.00000006402
0.00000006345
0.00000005660
0.00000005701
0.00000005495
0.00000005343
0.00000005445
0.00000006489
0.00000007440
0.00000006342
0.00000008057
0.00000007347
0.00000006236
0.00000006258
0.00000006782
0.00000007405
0.00000007529
0.00000006044
0.00000007725
0.00000007104
0.00000006354
0.00000006598
0.00000007297
0.00000008414
0.00000007070
0.00000009220
0.00000008918
0.00000006088
0.00000005438
0.00000005709
0.00000006194
0.00000006723
0.00000007831
0.00000005981
0.00000003421
0.00000003927
0.00000004454
0.00000004860
0.00000004558
0.00000004902
0.00000004804
0.00000005355
0.00000006160
0.00000004736
0.00000005916
0.00000007824
0.00000007517
0.00000007451
0.00000007911
0.00000008467
0.00000006803
0.00000007803
0.00000007025
0.00000006867
0.00000006171
0.00000006056
0.00000006019
0.00000005750
0.00000006523
0.00000006935
0.00000005378
0.00000006881
0.00000005833
0.00000008012
0.00000007664
0.00000007892
0.00000005578
0.00000006157
0.00000007100
0.00000005072
0.00000006378
0.00000005374
0.00000006612
0.00000005928
0.00000005094
0.00000005003
0.00000005218
0.00000004871
0.00000005390
0.00000006210
0.00000007047
0.00000004770
0.00000005489
0.00000003492
0.00000003874
0.00000003634
0.00000003910
0.00000004081
0.00000003218
0.00000002740
0.00000002220
0.00000003530
0.00000002540
0.00000004239
0.00000002902
0.00000004006
0.00000002626
0.00000003046
0.00000004215
0.00000005135
0.00000003386
0.00000004341
0.00000004713
0.00000005661
0.00000004061
0.00000005138
0.00000006386
0.00000005144
0.00000006919
0.00000006360
0.00000006334
0.00000005987
0.00000006221
0.00000006918
0.00000007366
0.00000006019
0.00000007723
0.00000006459
0.00000005845
0.00000004829
0.00000007231
0.00000006665
0.00000006576
0.00000006263
0.00000006360
0.00000005929
0.00000006155
0.00000006253
0.00000005990
0.00000005820
0.00000005061
0.00000004588
0.00000004027
0.00000004120
0.00000004220
0.00000003688
0.00000006595
0.00000004356
0.00000003699
0.00000003972
0.00000004411
0.00000004743
0.00000005808
0.00000006909
0.00000005111
0.00000006457
0.00000005525
0.00000007126
0.00000006990
0.00000007194
0.00000007234
0.00000007818
0.00000005907
0.00000006820
0.00000004692
0.00000005993
0.00000004811
0.00000006395
0.00000005351
0.00000003897
0.00000005697
0.00000004590
0.00000003872
0.00000005057
0.00000004359
0.00000006212
0.00000005003
0.00000003472
0.00000003572
0.00000001732
0.00000001792
0.00000002008
0.00000004676
0.00000005067
0.00000005204
0.00000005338
0.00000004919
0.00000004504
0.00000003530
0.00000003047
0.00000002119
0.00000003621
0.00000002267
0.00000003597
0.00000004690
0.00000003633
0.00000004737
0.00000002991
0.00000003347
0.00000003841
0.00000004369
0.00000005013
0.00000005550
0.00000004087
0.00000005289
0.00000006255
0.00000004316
0.00000005831
0.00000004909
0.00000006249
0.00000006082
0.00000006110
0.00000006475
0.00000006946
0.00000007032
0.00000005487
0.00000006847
0.00000005712
0.00000007005
0.00000006523
0.00000006155
0.00000005482
0.00000005826
0.00000006755
0.00000007171
0.00000005871
0.00000007068
0.00000005480
0.00000004464
0.00000005834
0.00000005481
0.00000005606
0.00000005891
0.00000006611
0.00000007274
0.00000006098
0.00000007342
0.00000005463
0.00000004216
0.00000005218
0.00000003938
0.00000004715
0.00000003244
0.00000004158
0.00000005329
0.00000004092
0.00000004395
0.00000002771
0.00000002920
0.00000003368
0.00000003936
0.00000003886
0.00000004376
0.00000005100
0.00000005527
0.00000006327
0.00000004590
0.00000005340
0.00000006509
0.00000005174
0.00000006438
0.00000005497
0.00000004250
0.00000006399
0.00000006037
0.00000004727
0.00000004068
0.00000005529
0.00000005112
0.00000004866
0.00000004092
0.00000003871
0.00000006383
0.00000006792
0.00000006961
0.00000005468
0.00000006505
0.00000005623
0.00000006877
0.00000006276
0.00000005196
0.00000004479
0.00000003333
0.00000005270
0.00000004103
0.00000005991
0.00000004863
0.00000004453
0.00000006486
0.00000006366
0.00000005837
0.00000005918
0.00000006264
0.00000005886
0.00000005855
0.00000005585
0.00000004156
0.00000003267
0.00000002053
0.00000003108
0.00000003518
0.00000004174
0.00000002371
0.00000002810
0.00000002668
0.00000002803
0.00000003124
0.00000003551
0.00000003398
0.00000003449
0.00000003534
0.00000003211
0.00000002327
0.00000004898
0.00000003613
0.00000002575
0.00000004159
0.00000003226
0.00000004328
0.00000003508
0.00000005086
0.00000003858
0.00000005282
0.00000004339
0.00000003646
0.00000005326
0.00000004220
0.00000005342
0.00000004689
0.00000003983
0.00000006117
0.00000005832
0.00000005505
0.00000005963
0.00000006548
0.00000007569
0.00000006500
0.00000008003
0.00000007025
0.00000006058
0.00000004696
0.00000004016
0.00000006474
0.00000006458
0.00000006206
0.00000006185
0.00000006217
0.00000006273
0.00000005567
0.00000005032
0.00000004108
0.00000002488
0.00000004380
0.00000003332
0.00000004532
0.00000003369
0.00000004894
0.00000003024
0.00000003740
0.00000003882
0.00000000590
0.00000002916
0.00000002315
0.00000003545
0.00000002397
0.00000003637
0.00000001951
0.00000002028
0.00000002225
0.00000001829
0.00000001559
0.00000003648
0.00000002943
0.00000004052
0.00000002920
0.00000004067
0.00000002806
0.00000003500
0.00000004758
0.00000003602
0.00000004493
0.00000003244
0.00000004847
0.00000006557
0.00000005524
0.00000005448
0.00000008251
0.00000005904
0.00000006644
0.00000007480
0.00000005487
0.00000006660
0.00000005017
0.00000006677
0.00000005411
0.00000005195
0.00000007452
0.00000007819
0.00000008175
0.00000005586
0.00000006719
0.00000005344
0.00000007145
0.00000005922
0.00000007763
0.00000007018
0.00000005577
0.00000004584
0.00000003186
0.00000004252
0.00000003172
0.00000004997
0.00000003780
0.00000005706
0.00000005196
0.00000004461
0.00000003890
0.00000005874
0.00000005051
0.00000004727
0.00000004305
0.00000003359
0.00000005563
0.00000004711
0.00000003635
0.00000001968
0.00000002882
0.00000003614
0.00000004558
0.00000005009
0.00000002888
0.00000002999
0.00000002643
0.00000001484
0.00000002766
0.00000000883
0.00000001183
0.00000001100
0.00000000715
0.00000003044
0.00000002450
0.00000003852
0.00000003217
0.00000005122
0.00000004608
0.00000004440
0.00000007074
0.00000007086
0.00000006587
0.00000003875
0.00000003861
0.00000003353
0.00000002696
0.00000004688
0.00000003300
0.00000002406
0.00000003821
0.00000002719
0.00000003858
0.00000005618
0.00000004523
0.00000002926
0.00000004461
0.00000003193
0.00000004834
0.00000003614
0.00000004798
0.00000003875
0.00000005378
0.00000004676
0.00000006666
0.00000005888
0.00000005786
0.00000005682
0.00000006119
0.00000006872
0.00000007992
0.00000006099
0.00000004877
0.00000006803
0.00000006746
0.00000007206
0.00000007120
0.00000007549
0.00000005479
0.00000006223
0.00000004158
0.00000004088
0.00000004215
0.00000004270
0.00000004180
0.00000003992
0.00000002903
0.00000002199
0.00000003656
0.00000002078
0.00000002689
0.00000003203
0.00000003423
0.00000003847
0.00000004207
0.00000004924
0.00000005793
0.00000003723
0.00000004329
0.00000004643
0.00000005356
0.00000006406
0.00000005364
0.00000007223
0.00000006528
0.00000006213
0.00000005817
0.00000006438
0.00000007519
0.00000005878
0.00000006724
0.00000005719
0.00000005357
0.00000008118
0.00000007870
0.00000005973
0.00000006954
0.00000008296
0.00000006541
0.00000005430
0.00000007133
0.00000006628
0.00000005627
0.00000005209
0.00000004606
0.00000003568
0.00000005704
0.00000004924
0.00000004345
0.00000003683
0.00000005451
0.00000005234
0.00000004866
0.00000003839
0.00000005686
0.00000005987
0.00000006405
0.00000006315
0.00000006933
0.00000007323
0.00000006048
0.00000007035
0.00000006059
0.00000005321
0.00000007187
0.00000006092
0.00000005793
0.00000005157
0.00000005203
0.00000005519
0.00000005716
0.00000005467
0.00000005804
0.00000005860
0.00000005939
0.00000003448
0.00000003579
0.00000003528
0.00000003377
0.00000005440
0.00000005259
0.00000005079
0.00000004822
0.00000004959
0.00000004617
0.00000004561
0.00000004040
0.00000003627
0.00000002945
0.00000005215
0.00000004446
0.00000004345
0.00000004317
0.00000004720
0.00000005487
0.00000006328
0.00000006493
0.00000004978
0.00000005981
0.00000004708
0.00000006043
0.00000004855
0.00000005533
0.00000003933
0.00000004665
0.00000002985
0.00000004090
0.00000005055
0.00000005894
0.00000003460
0.00000004129
0.00000004886
0.00000005777
0.00000004086
0.00000005279
0.00000006004
0.00000004767
0.00000006196
0.00000004942
0.00000006286
0.00000004799
0.00000003874
0.00000005650
0.00000004890
0.00000006416
0.00000006099
0.00000005754
0.00000005096
0.00000004976
0.00000004954
0.00000004904
0.00000004748
0.00000004162
0.00000003994
0.00000003770
0.00000002875
0.00000002184
0.00000003830
0.00000002525
0.00000003237
0.00000001878
0.00000003187
0.00000003988
0.00000004378
0.00000002432
0.00000002927
0.00000002772
0.00000002938
0.00000003303
0.00000003061
0.00000003466
0.00000003536
0.00000003851
0.00000003725
0.00000004131
0.00000004803
0.00000005014
0.00000005737
0.00000006662
0.00000004509
0.00000005763
0.00000004167
0.00000004782
0.00000005568
0.00000002994
0.00000002970
0.00000002813
0.00000001862
0.00000001202
0.00000002634
0.00000004729
0.00000004595
0.00000003755
0.00000005943
0.00000004972
0.00000004600
0.00000003760
0.00000003369
0.00000004907
0.00000004259
0.00000003313
0.00000002634
0.00000004111
0.00000003441
0.00000004525
0.00000003467
0.00000004354
0.00000003064
0.00000004092
0.00000004651
0.00000002937
0.00000003550
0.00000003550
0.00000004037
0.00000004374
0.00000004482
0.00000003918
0.00000003791
0.00000003834
0.00000004189
0.00000004407
0.00000004631
0.00000004485
0.00000004698
0.00000005158
0.00000005767
0.00000006514
0.00000004448
0.00000004873
0.00000005279
0.00000002392
0.00000002403
0.00000002399
0.00000005193
0.00000005382
0.00000005429
0.00000004788
0.00000004720
0.00000004498
0.00000003972
0.00000002668
0.00000001735
0.00000003144
0.00000004045
0.00000002075
0.00000003375
0.00000003794
0.00000004186
0.00000004472
0.00000003936
0.00000004039
0.00000003328
0.00000003034
0.00000004874
0.00000003653
0.00000002914
0.00000004639
0.00000004169
0.00000003435
0.00000004773
0.00000003789
0.00000004903
0.00000003660
0.00000004291
0.00000002342
0.00000002453
0.00000002740
0.00000002007
0.00000001897
0.00000003927
0.00000003680
0.00000003080
0.00000004534
0.00000002626
0.00000001120
0.00000002341
0.00000003637
0.00000004398
0.00000005861
0.00000004176
0.00000004686
0.00000003335
0.00000004727
0.00000005553
0.00000004415
0.00000005599
0.00000003984
0.00000005412
0.00000004567
0.00000006060
0.00000005112
0.00000004347
0.00000005702
0.00000004815
0.00000004272
0.00000005871
0.00000005679
0.00000005827
0.00000005390
0.00000005483
0.00000005714
0.00000005369
0.00000005283
0.00000005186
0.00000004827
0.00000003744
0.00000003217
0.00000002037
0.00000004097
0.00000003687
0.00000005839
0.00000004760
0.00000003910
0.00000003402
0.00000004989
0.00000004325
0.00000003804
0.00000005243
0.00000004407
0.00000003063
0.00000004646
0.00000002734
0.00000003845
0.00000004408
0.00000002770
0.00000003011
0.00000003532
0.00000004039
0.00000003974
0.00000004484
0.00000004988
0.00000005169
0.00000005754
0.00000003631
0.00000003778
0.00000004090
0.00000004522
0.00000004274
0.00000004829
0.00000005185
0.00000005732
0.00000005745
0.00000003705
0.00000003959
0.00000004704
0.00000005637
0.00000006064
0.00000004374
0.00000004761
0.00000005470
0.00000003751
0.00000004106
0.00000004948
0.00000004940
0.00000005570
0.00000003513
0.00000003626
0.00000003864
0.00000003466
0.00000003495
0.00000002960
0.00000002639
0.00000004297
0.00000002890
0.00000001955
0.00000003300
0.00000003932
0.00000002266
0.00000002826
0.00000002670
0.00000002842
0.00000002496
0.00000001777
0.00000003030
0.00000002022
0.00000003184
0.00000003732
0.00000001726
0.00000002388
0.00000002926
0.00000003346
0.00000003677
0.00000004124
0.00000005139
0.00000006665
0.00000005572
0.00000007263
0.00000006418
0.00000005905
0.00000005629
0.00000005300
0.00000006078
0.00000005956
0.00000006660
0.00000004874
0.00000006049
0.00000007518
0.00000006689
0.00000004926
0.00000006571
0.00000006042
0.00000005415
0.00000004493
0.00000006994
0.00000007053
0.00000007346
0.00000005190
0.00000005222
0.00000006359
0.00000005027
0.00000005583
0.00000006531
0.00000004449
0.00000005855
0.00000004319
0.00000006366
0.00000006365
0.00000006053
0.00000006548
0.00000007193
0.00000004937
0.00000006236
0.00000005209
0.00000007014
0.00000005975
0.00000005555
0.00000005070
0.00000004805
0.00000004067
0.00000006604
0.00000006836
0.00000006366
0.00000006355
0.00000003148
0.00000003196
0.00000003278
0.00000006031
0.00000006239
0.00000006262
0.00000004136
0.00000004996
0.00000006048
0.00000004629
0.00000005489
0.00000007000
0.00000006479
0.00000006351
0.00000006447
0.00000006475
0.00000006085
0.00000006599
0.00000004839
0.00000006191
0.00000007620
0.00000005854
0.00000004629
0.00000006012
0.00000005469
0.00000008060
0.00000007793
0.00000008059
0.00000005674
0.00000006818
0.00000005534
0.00000007058
0.00000005407
0.00000006622
0.00000004462
0.00000003009
0.00000003547
0.00000004606
0.00000005305
0.00000003670
0.00000004319
0.00000005220
0.00000003300
0.00000003398
0.00000004248
0.00000004790
0.00000005759
0.00000006372
0.00000004727
0.00000005496
0.00000004313
0.00000005248
0.00000006979
0.00000005890
0.00000005577
0.00000004789
0.00000006800
0.00000006157
0.00000004776
0.00000003597
0.00000002278
0.00000002981
0.00000003790
0.00000003994
0.00000003711
0.00000003823
0.00000004017
0.00000004474
0.00000004714
0.00000004260
0.00000003946
0.00000003546
0.00000002761
0.00000001951
0.00000003419
0.00000004049
0.00000002143
0.00000002849
0.00000003257
0.00000003054
0.00000003130
0.00000003288
0.00000003376
0.00000002613
0.00000002116
0.00000004254
0.00000003679
0.00000003369
0.00000004847
0.00000004508
0.00000004014
0.00000006251
0.00000005695
0.00000004750
0.00000004385
0.00000003939
0.00000006071
0.00000005769
0.00000005353
0.00000005192
0.00000004904
0.00000004176
0.00000003813
0.00000002949
0.00000005097
0.00000004726
0.00000004139
0.00000003038
0.00000005225
0.00000004015
0.00000003506
0.00000005923
0.00000005586
0.00000004945
0.00000004455
0.00000003403
0.00000002864
0.00000004608
0.00000004533
0.00000004268
0.00000006102
0.00000006025
0.00000005538
0.00000005783
0.00000005887
0.00000006652
0.00000007586
0.00000005458
0.00000006565
0.00000004338
0.00000005089
0.00000002734
0.00000003606
0.00000003784
0.00000004110
0.00000004053
0.00000003539
0.00000003499
0.00000003300
0.00000002350
0.00000004165
0.00000002728
0.00000001458
0.00000002687
0.00000003347
0.00000004346
0.00000002559
0.00000002688
0.00000003272
0.00000003756
0.00000003321
0.00000003441
0.00000002966
0.00000002661
0.00000004816
0.00000003727
0.00000003257
0.00000004986
0.00000004433
0.00000003788
0.00000005134
0.00000004506
0.00000003371
0.00000005525
0.00000004366
0.00000003784
0.00000005765
0.00000004709
0.00000004200
0.00000005670
0.00000005002
0.00000003953
0.00000003528
0.00000004866
0.00000004102
0.00000002570
0.00000004097
0.00000002291
0.00000003532
0.00000004538
0.00000006253
0.00000004699
0.00000003666
0.00000005370
0.00000004584
0.00000005843
0.00000004958
0.00000004039
0.00000005521
0.00000004636
0.00000003584
0.00000004877
0.00000004636
0.00000003348
0.00000005146
0.00000004733
0.00000004177
0.00000006209
0.00000006186
0.00000005882
0.00000005701
0.00000005332
0.00000005215
0.00000004311
0.00000003925
0.00000003363
0.00000004999
0.00000003609
0.00000002299
0.00000003307
0.00000004147
0.00000002140
0.00000001764
0.00000001563
0.00000003670
0.00000003395
0.00000002991
0.00000005407
0.00000004702
0.00000003954
0.00000003904
0.00000003970
0.00000003986
0.00000003548
0.00000003718
0.00000003836
0.00000003318
0.00000003066
0.00000004824
0.00000004351
0.00000003859
0.00000003419
0.00000005190
0.00000004628
0.00000003879
0.00000003217
0.00000005389
0.00000004040
0.00000002846
0.00000004337
0.00000003269
0.00000004116
0.00000002660
0.00000003573
0.00000004914
0.00000003869
0.00000005176
0.00000006068
0.00000005010
0.00000003938
0.00000005475
0.00000003756
0.00000005345
0.00000004273
0.00000005690
0.00000004900
0.00000003631
0.00000005492
0.00000004618
0.00000003772
0.00000005569
0.00000004260
0.00000003723
0.00000005968
0.00000005735
0.00000005033
0.00000005095
0.00000005395
0.00000005384
0.00000005957
0.00000006198
0.00000004411
0.00000005676
0.00000007127
0.00000005475
0.00000006788
0.00000005170
0.00000003723
0.00000004934
0.00000002490
0.00000003007
0.00000003244
0.00000002836
0.00000002501
0.00000001452
0.00000003426
0.00000002505
0.00000003474
0.00000002040
0.00000002304
0.00000002751
0.00000002955
0.00000002508
0.00000002330
0.00000004345
0.00000003829
0.00000002473
0.00000003722
0.00000001950
0.00000002366
0.00000002203
0.00000001141
0.00000002870
0.00000001979
0.00000003579
0.00000004709
0.00000003230
0.00000003909
0.00000003745
0.00000001122
0.00000002938
0.00000002507
0.00000001916
0.00000003848
0.00000002903
0.00000004939
0.00000003937
0.00000002691
0.00000003903
0.00000002177
0.00000003677
0.00000005101
0.00000003914
0.00000004957
0.00000003813
0.00000005251
0.00000004072
0.00000005372
0.00000003607
0.00000005017
0.00000003745
0.00000004867
0.00000003647
0.00000005060
0.00000004046
0.00000005189
0.00000003183
0.00000004191
0.00000002025
0.00000003118
0.00000003825
0.00000004113
0.00000005019
0.00000003347
0.00000004546
0.00000005792
0.00000004518
0.00000005912
0.00000005503
0.00000005434
0.00000007340
0.00000004602
0.00000004716
0.00000004382
0.00000004420
0.00000004127
0.00000003601
0.00000002469
0.00000004120
0.00000002478
0.00000003283
0.00000001298
0.00000001825
0.00000002003
0.00000001079
0.00000003134
0.00000002438
0.00000003779
0.00000001672
0.00000002624
0.00000003562
0.00000004554
0.00000005354
0.00000003426
0.00000004300
0.00000004528
0.00000005215
0.00000003013
0.00000003143
0.00000002854
0.00000001703
0.00000003544
0.00000002199
0.00000002758
0.00000003915
0.00000002119
0.00000002712
0.00000003178
0.00000003269
0.00000003421
0.00000003486
0.00000003188
0.00000002614
0.00000004397
0.00000003785
0.00000002610
0.00000004884
0.00000004709
0.00000004595
0.00000004879
0.00000005316
0.00000006048
0.00000006484
0.00000005021
0.00000006543
0.00000005554
0.00000006689
0.00000005639
0.00000004317
0.00000005637
0.00000004641
0.00000003252
0.00000003542
0.00000004437
0.00000002751
0.00000003171
0.00000004781
0.00000006664
0.00000005825
0.00000005824
0.00000007830
0.00000005236
0.00000004828
0.00000004966
0.00000005391
0.00000005956
0.00000006184
0.00000007091
0.00000004714
0.00000005883
0.00000004288
0.00000005922
0.00000005130
0.00000006496
0.00000005757
0.00000005387
0.00000004289
0.00000006006
0.00000004069
0.00000002615
0.00000003502
0.00000004241
0.00000005111
0.00000002732
0.00000002881
0.00000002604
0.00000001837
0.00000004062
0.00000003785
0.00000002683
0.00000005007
0.00000004862
0.00000004614
0.00000004443
0.00000004507
0.00000005250
0.00000005231
0.00000005787
0.00000006244
0.00000003450
0.00000003757
0.00000003630
0.00000004076
0.00000004377
0.00000004594
0.00000005466
0.00000006224
0.00000003710
0.00000004186
0.00000004322
0.00000005046
0.00000006087
0.00000004272
0.00000005936
0.00000007675
0.00000006445
0.00000005625
0.00000005023
0.00000004596
0.00000003805
0.00000006145
0.00000006043
0.00000006190
0.00000006023
0.00000006059
0.00000005928
0.00000002849
0.00000002702
0.00000005102
0.00000004464
0.00000004279
0.00000003967
0.00000003433
0.00000002657
0.00000004155
0.00000003097
0.00000002060
0.00000003473
0.00000004760
0.00000003370
0.00000004521
0.00000005784
0.00000004493
0.00000005207
0.00000003607
0.00000005265
0.00000003442
0.00000004914
0.00000006430
0.00000005544
0.00000004654
0.00000006299
0.00000005308
0.00000004266
0.00000005229
0.00000004164
0.00000002918
0.00000004540
0.00000003869
0.00000005833
0.00000005000
0.00000004869
0.00000004838
0.00000004355
0.00000004243
0.00000004274
0.00000004211
0.00000004281
0.00000004120
0.00000003985
0.00000003798
0.00000003924
0.00000004041
0.00000004241
0.00000004417
0.00000003717
0.00000003470
0.00000003269
0.00000003028
0.00000005338
0.00000005156
0.00000004954
0.00000004439
0.00000004607
0.00000004756
0.00000004992
0.00000004944
0.00000004208
0.00000003660
0.00000003216
0.00000002413
0.00000003829
0.00000002542
0.00000003432
0.00000001845
0.00000002695
0.00000003341
0.00000003809
0.00000003403
0.00000003494
0.00000003608
0.00000003930
0.00000004415
0.00000004296
0.00000004777
0.00000005634
0.00000006655
0.00000005530
0.00000006690
0.00000004584
0.00000005952
0.00000004936
0.00000006480
0.00000005156
0.00000004175
0.00000005730
0.00000003890
0.00000004998
0.00000002802
0.00000003465
0.00000003955
0.00000003925
0.00000004582
0.00000004379
0.00000004611
0.00000004869
0.00000004862
0.00000004878
0.00000004469
0.00000004539
0.00000004477
0.00000003568
0.00000003551
0.00000003136
0.00000005506
0.00000004976
0.00000003852
0.00000002423
0.00000003138
0.00000000617
0.00000000812
0.00000003338
0.00000002285
0.00000001680
0.00000002977
0.00000000604
0.00000000917
0.00000000458
0.00000002809
0.00000001942
0.00000002815
0.00000000474
0.00000000976
0.00000000826
0.00000003694
0.00000003659
0.00000003218
0.00000003497
0.00000003454
0.00000003270
0.00000005793
0.00000005058
0.00000004763
0.00000004377
0.00000003336
0.00000002352
0.00000003112
0.00000000805
0.00000001064
0.00000000533
0.00000002666
0.00000002407
0.00000004012
0.00000002653
0.00000004466
0.00000002858
0.00000003457
0.00000004310
0.00000002083
0.00000002269
0.00000002802
0.00000002956
0.00000003040
0.00000003807
0.00000004216
0.00000005417
0.00000005844
0.00000003758
0.00000004964
0.00000005840
0.00000005037
0.00000006733
0.00000005678
0.00000005509
0.00000005207
0.00000005391
0.00000005052
0.00000004957
0.00000005214
0.00000004826
0.00000004566
0.00000004158
0.00000003306
0.00000002677
0.00000004318
0.00000003665
0.00000004925
0.00000003945
0.00000002588
0.00000003527
0.00000004771
0.00000003341
0.00000004188
0.00000005508
0.00000003951
0.00000004941
0.00000002866
0.00000004004
0.00000004723
0.00000005011
0.00000003305
0.00000004142
0.00000004843
0.00000005330
0.00000003142
0.00000002974
0.00000003404
0.00000004032
0.00000004158
0.00000003813
0.00000004312
0.00000003862
0.00000003801
0.00000003518
0.00000002797
0.00000004090
0.00000003196
0.00000002384
0.00000004140
0.00000002333
0.00000003668
0.00000004992
0.00000003497
0.00000004924
0.00000006027
0.00000005436
0.00000007159
0.00000006998
0.00000007081
0.00000006890
0.00000007434
0.00000005681
0.00000006116
0.00000004687
0.00000005523
0.00000007419
0.00000006977
0.00000007183
0.00000007071
0.00000007960
0.00000006250
0.00000008037
0.00000006961
0.00000006769
0.00000007274
0.00000007429
0.00000008217
0.00000006548
0.00000007294
0.00000006005
0.00000004883
0.00000006434
0.00000004951
0.00000006626
0.00000005027
0.00000003935
0.00000005160
0.00000003585
0.00000003926
0.00000001543
0.00000001447
0.00000003791
0.00000002777
0.00000002224
0.00000003819
0.00000002142
0.00000003023
0.00000003607
0.00000003716
0.00000004002
0.00000004460
0.00000005015
0.00000005738
0.00000006039
0.00000004366
0.00000005294
0.00000006457
0.00000005329
0.00000006441
0.00000006029
0.00000005770
0.00000005612
0.00000005900
0.00000005821
0.00000006247
0.00000006956
0.00000004529
0.00000004850
0.00000004779
0.00000004740
0.00000004516
0.00000004049
0.00000004242
0.00000004545
0.00000004464
0.00000005188
0.00000006258
0.00000006934
0.00000005583
0.00000006985
0.00000005870
0.00000004031
0.00000005085
0.00000002902
0.00000003910
0.00000005123
0.00000003423
0.00000004051
0.00000005098
0.00000003728
0.00000005281
0.00000006290
0.00000005304
0.00000003832
0.00000005548
0.00000005060
0.00000004767
0.00000006871
0.00000006512
0.00000006260
0.00000006047
0.00000006131
0.00000006422
0.00000006221
0.00000006615
0.00000004625
0.00000005423
0.00000006376
0.00000004942
0.00000005607
0.00000004158
0.00000005246
0.00000003835
0.00000004647
0.00000005952
0.00000004726
0.00000005416
0.00000003803
0.00000004599
0.00000002698
0.00000002960
0.00000003416
0.00000003761
0.00000003842
0.00000004182
0.00000004172
0.00000004925
0.00000005605
0.00000006551
0.00000004567
0.00000005964
0.00000006757
0.00000005348
0.00000003750
0.00000004055
0.00000005158
0.00000003789
0.00000004760
0.00000006451
0.00000005233
0.00000006963
0.00000006116
0.00000005133
0.00000003555
0.00000004966
0.00000003255
0.00000004382
0.00000002535
0.00000003099
0.00000002602
0.00000002260
0.00000001803
0.00000003800
0.00000002444
0.00000003784
0.00000001646
0.00000002244
0.00000002736
0.00000003138
0.00000002800
0.00000002791
0.00000002913
0.00000003262
0.00000005710
0.00000005995
0.00000005482
0.00000005446
0.00000005271
0.00000004971
0.00000005333
0.00000005789
0.00000005973
0.00000007107
0.00000005609
0.00000007173
0.00000005704
0.00000005416
0.00000004916
0.00000005007
0.00000005334
0.00000005445
0.00000006238
0.00000006960
0.00000005842
0.00000006816
0.00000006066
0.00000005321
0.00000005229
0.00000005461
0.00000005270
0.00000005915
0.00000006797
0.00000007637
0.00000006787
0.00000005191
0.00000006547
0.00000005377
0.00000003717
0.00000004617
0.00000002497
0.00000002906
0.00000002448
0.00000002400
0.00000002486
0.00000005003
0.00000005415
0.00000005885
0.00000006299
0.00000006921
0.00000005449
0.00000006479
0.00000004954
0.00000006120
0.00000004777
0.00000006005
0.00000005010
0.00000006962
0.00000006059
0.00000005404
0.00000004741
0.00000003705
0.00000002381
0.00000003563
0.00000001738
0.00000003111
0.00000004446
0.00000005406
0.00000004579
0.00000006322
0.00000004984
0.00000003393
0.00000003802
0.00000004781
0.00000003244
0.00000004163
0.00000006110
0.00000005380
0.00000007382
0.00000007037
0.00000006843
0.00000006461
0.00000007037
0.00000005440
0.00000006625
0.00000007904
0.00000006577
0.00000005140
0.00000004120
0.00000005582
0.00000004704
0.00000004185
0.00000006336
0.00000005674
0.00000004405
0.00000003211
0.00000004589
0.00000002950
0.00000003502
0.00000003332
0.00000003101
0.00000002909
0.00000002802
0.00000002029
0.00000004335
0.00000004159
0.00000003968
0.00000003626
0.00000005668
0.00000006025
0.00000006648
0.00000007460
0.00000006100
0.00000007117
0.00000006440
0.00000006434
0.00000006584
0.00000007263
0.00000007988
0.00000006888
0.00000006116
0.00000008047
0.00000007495
0.00000008028
0.00000006115
0.00000007451
0.00000006049
0.00000007831
0.00000007429
0.00000007115
0.00000007024
0.00000006570
0.00000006637
0.00000006922
0.00000004684
0.00000005230
0.00000005646
0.00000005717
0.00000003734
0.00000004252
0.00000005055
0.00000005985
0.00000006661
0.00000005443
0.00000007122
0.00000005926
0.00000004571
0.00000006560
0.00000005772
0.00000004999
0.00000003801
0.00000004650
0.00000003496
0.00000004752
0.00000002966
0.00000003641
0.00000003660
0.00000004243
0.00000005007
0.00000005299
0.00000003266
0.00000004153
0.00000004710
0.00000006139
0.00000005375
0.00000007621
0.00000006640
0.00000006002
0.00000005516
0.00000004625
0.00000003943
0.00000002652
0.00000004458
0.00000003324
0.00000004478
0.00000003376
0.00000004731
0.00000002354
0.00000003037
0.00000003059
0.00000003479
0.00000003406
0.00000003540
0.00000002862
0.00000002536
0.00000004198
0.00000003515
0.00000002735
0.00000004077
0.00000003539
0.00000005096
0.00000003661
0.00000003007
0.00000004992
0.00000003721
0.00000005878
0.00000005011
0.00000004705
0.00000003808
0.00000004793
0.00000003629
0.00000004731
0.00000002539
0.00000003397
0.00000003589
0.00000004205
0.00000004691
0.00000005225
0.00000002267
0.00000002374
0.00000004885
0.00000004401
0.00000003893
0.00000002528
0.00000004352
0.00000003818
0.00000006167
0.00000005204
0.00000004964
0.00000003953
0.00000003692
0.00000003325
0.00000005653
0.00000004668
0.00000004329
0.00000004153
0.00000004403
0.00000005128
0.00000005800
0.00000006593
0.00000008097
0.00000007307
0.00000006723
0.00000005850
0.00000005792
0.00000005811
0.00000005741
0.00000005488
0.00000004588
0.00000004342
0.00000003785
0.00000003009
0.00000004681
0.00000003040
0.00000004227
0.00000002660
0.00000002888
0.00000003354
0.00000003673
0.00000003688
0.00000003315
0.00000002574
0.00000004540
0.00000003732
0.00000002697
0.00000003452
0.00000001773
0.00000002810
0.00000004016
0.00000005389
0.00000003824
0.00000004141
0.00000004779
0.00000002623
0.00000002689
0.00000002489
0.00000001730
0.00000003220
0.00000002381
0.00000003705
0.00000002598
0.00000003756
0.00000004102
0.00000001253
0.00000000881
0.00000002769
0.00000001988
0.00000003248
0.00000002053
0.00000003606
0.00000004970
0.00000003756
0.00000005050
0.00000003838
0.00000005305
0.00000003931
0.00000005791
0.00000005298
0.00000005360
0.00000005842
0.00000005770
0.00000006165
0.00000006679
0.00000004348
0.00000004165
0.00000004964
0.00000006001
0.00000007308
0.00000005689
0.00000007454
0.00000007040
0.00000006635
0.00000006859
0.00000007382
0.00000007746
0.00000006601
0.00000008388
0.00000007671
0.00000006623
0.00000006704
0.00000007146
0.00000007513
0.00000005158
0.00000006095
0.00000007057
0.00000005660
0.00000006679
0.00000005935
0.00000005538
0.00000004694
0.00000006982
0.00000006607
0.00000005692
0.00000005145
0.00000004476
0.00000003430
0.00000005290
0.00000003852
0.00000002903
0.00000004218
0.00000002927
0.00000003547
0.00000004590
0.00000003222
0.00000004569
0.00000005369
0.00000004127
0.00000005509
0.00000004367
0.00000005100
0.00000004112
0.00000005851
0.00000004420
0.00000006028
0.00000004880
0.00000002984
0.00000004179
0.00000002591
0.00000003063
0.00000003899
0.00000004349
0.00000004647
0.00000004344
0.00000004424
0.00000003726
0.00000003831
0.00000003757
0.00000003732
0.00000002932
0.00000005050
0.00000004461
0.00000003555
0.00000002860
0.00000004600
0.00000003075
0.00000004205
0.00000002430
0.00000002961
0.00000003105
0.00000002185
0.00000002030
0.00000004862
0.00000005546
0.00000006003
0.00000007070
0.00000005515
0.00000006363
0.00000004869
0.00000006377
0.00000005306
0.00000004698
0.00000006208
0.00000005600
0.00000004602
0.00000004219
0.00000004050
0.00000006936
0.00000006973
0.00000005196
0.00000005441
0.00000006825
0.00000005376
0.00000006692
0.00000005294
0.00000007314
0.00000006661
0.00000006639
0.00000006646
0.00000006545
0.00000007121
0.00000004709
0.00000005833
0.00000006799
0.00000005948
0.00000007462
0.00000006214
0.00000005611
0.00000004731
0.00000004708
0.00000006918
0.00000007208
0.00000007097
0.00000005129
0.00000005335
0.00000006406
0.00000004769
0.00000005983
0.00000004174
0.00000004968
0.00000006264
0.00000004562
0.00000005873
0.00000003897
0.00000005027
0.00000002657
0.00000002990
0.00000003555
0.00000003262
0.00000002989
0.00000001696
0.00000003366
0.00000001947
0.00000003753
0.00000004743
0.00000003334
0.00000003688
0.00000004212
0.00000002133
0.00000002046
0.00000004718
0.00000004413
0.00000003648
0.00000003244
0.00000002985
0.00000004330
0.00000003676
0.00000002889
0.00000004922
0.00000004038
0.00000006349
0.00000006026
0.00000005799
0.00000005732
0.00000005776
0.00000005594
0.00000005818
0.00000005957
0.00000006275
0.00000005753
0.00000003167
0.00000003012
0.00000002969
0.00000005134
0.00000005319
0.00000005771
0.00000006135
0.00000006723
0.00000004278
0.00000004095
0.00000003944
0.00000003634
0.00000002770
0.00000002461
0.00000004634
0.00000003566
0.00000002973
0.00000004390
0.00000002366
0.00000003546
0.00000002323
0.00000003720
0.00000004316
0.00000005556
0.00000004240
0.00000005533
0.00000003664
0.00000004922
0.00000003789
0.00000004454
0.00000003179
0.00000004754
0.00000006740
0.00000005604
0.00000005432
0.00000007586
0.00000007410
0.00000004340
0.00000003779
0.00000004106
0.00000004290
0.00000004961
0.00000005213
0.00000006151
0.00000003788
0.00000004926
0.00000006871
0.00000006112
0.00000008466
0.00000008130
0.00000006031
0.00000006491
0.00000007284
0.00000005010
0.00000005927
0.00000004778
0.00000006128
0.00000004952
0.00000007314
0.00000006843
0.00000006930
0.00000006278
0.00000006546
0.00000006302
0.00000006403
0.00000006683
0.00000003933
0.00000004723
0.00000005063
0.00000005626
0.00000006587
0.00000005265
0.00000006525
0.00000005631
0.00000006932
0.00000006854
0.00000006395
0.00000006446
0.00000005862
0.00000006059
0.00000005779
0.00000005838
0.00000005446
0.00000005570
0.00000005634
0.00000005067
0.00000005003
0.00000004410
0.00000004095
0.00000003515
0.00000003556
0.00000005895
0.00000005593
0.00000005254
0.00000004255
0.00000003789
0.00000003387
0.00000005422
0.00000005400
0.00000005645
0.00000005209
0.00000005428
0.00000005115
0.00000005674
0.00000006678
0.00000004786
0.00000006147
0.00000007689
0.00000006416
0.00000005785
0.00000004528
0.00000003373
0.00000004680
0.00000003825
0.00000004850
0.00000003574
0.00000003475
0.00000003025
0.00000001246
-0.00000000533
-0.00000001395
-0.00000000308
-0.00000003672
-0.00000002767
-0.00000003555
-0.00000005229
-0.00000003815
-0.00000006254
-0.00000005585
-0.00000005874
-0.00000005549
-0.00000006631
-0.00000007725
-0.00000007508
-0.00000007088
-0.00000007933
-0.00000008479
-0.00000007494
-0.00000006830
-0.00000007647
-0.00000008095
-0.00000007572
-0.00000009263
-0.00000008252
-0.00000009025
-0.00000009744
-0.00000009489
-0.00000009074
-0.00000010274
-0.00000008517
-0.00000008809
-0.00000009044
-0.00000010812
-0.00000009952
-0.00000010527
-0.00000007220
-0.00000009260
-0.00000007628
-0.00000008091
-0.00000008456
-0.00000010291
-0.00000009551
-0.00000010810
-0.00000009019
-0.00000009927
-0.00000009746
-0.00000009347
-0.00000010751
-0.00000009114
-0.00000009985
-0.00000009909
-0.00000009718
-0.00000008535
-0.00000009859
-0.00000010103
-0.00000010283
-0.00000009538
-0.00000008995
-0.00000009796
-0.00000010816
-0.00000011017
-0.00000011123
-0.00000010324
-0.00000009405
-0.00000010102
-0.00000010494
-0.00000010004
-0.00000009574
-0.00000008406
-0.00000008893
-0.00000009139
-0.00000009333
-0.00000008394
-0.00000009919
-0.00000007129
-0.00000004795
-0.00000003609
-0.00000003033
0.00000000170
0.00000000174
0.00000003244
0.00000004292
0.00000005309
0.00000007342
0.00000006989
0.00000008119
0.00000009515
0.00000009553
0.00000010330
0.00000009005
0.00000008318
0.00000008976
0.00000010064
0.00000009329
0.00000009894
0.00000010550
0.00000010009
0.00000010363
0.00000008517
0.00000011100
0.00000011589
0.00000011087
0.00000011669
0.00000012699
0.00000012161
0.00000010526
0.00000012700
0.00000012485
0.00000011292
0.00000010459
0.00000010667
0.00000008661
0.00000010901
0.00000011229
0.00000008977
0.00000010843
0.00000010374
0.00000008635
0.00000010452
0.00000010305
0.00000011673
0.00000011753
0.00000012706
0.00000012254
0.00000012075
0.00000011016
0.00000010786
0.00000011156
0.00000010532
0.00000011366
0.00000013342
0.00000013232
0.00000012301
0.00000012364
0.00000013256
0.00000011882
0.00000012176
0.00000010946
0.00000010327
0.00000010760
0.00000011568
0.00000011023
0.00000011428
0.00000009694
0.00000010674
0.00000009964
0.00000007875
0.00000009158
0.00000008648
0.00000011052
0.00000008853
0.00000009532
0.00000007433
0.00000006267
0.00000008148
0.00000008239
0.00000009017
0.00000007961
0.00000010310
0.00000011313
0.00000010508
0.00000010668
0.00000010952
0.00000009763
0.00000009556
0.00000009837
0.00000009120
0.00000011552
0.00000009663
0.00000011031
0.00000010967
0.00000011459
0.00000010709
0.00000011083
0.00000012479
0.00000011715
0.00000011934
0.00000010449
0.00000009096
0.00000008979
0.00000009608
0.00000009963
0.00000008575
0.00000007666
0.00000006726
0.00000007031
0.00000007317
0.00000008353
0.00000006276
0.00000007764
0.00000006138
0.00000005204
0.00000007019
0.00000006434
0.00000005763
0.00000005906
0.00000005747
0.00000006595
0.00000008129
0.00000007370
0.00000006415
0.00000006319
0.00000006356
0.00000007252
0.00000008438
0.00000006657
0.00000005552
0.00000006825
0.00000006156
0.00000005991
0.00000005612
0.00000005141
0.00000005239
0.00000004966
0.00000005428
0.00000005797
0.00000006403
0.00000004919
0.00000006602
0.00000008308
0.00000008265
0.00000008665
0.00000006692
0.00000007564
0.00000006615
0.00000007953
0.00000007814
0.00000008141
0.00000008819
0.00000007188
0.00000008011
0.00000006041
0.00000004847
0.00000006157
0.00000005369
0.00000007263
0.00000007468
0.00000008348
0.00000006674
0.00000007606
0.00000006593
0.00000005956
0.00000005639
0.00000007851
0.00000008852
0.00000007772
0.00000009424
0.00000009714
0.00000007741
0.00000008994
0.00000008276
0.00000008205
0.00000008334
0.00000009642
0.00000008505
0.00000008551
0.00000009107
0.00000009692
0.00000008682
0.00000007785
0.00000008042
0.00000008357
0.00000009579
0.00000008426
0.00000008494
0.00000008808
0.00000010238
0.00000008988
0.00000008936
0.00000008848
0.00000007302
0.00000008057
0.00000007144
0.00000006889
0.00000007536
0.00000008217
0.00000007055
0.00000008637
0.00000008818
0.00000009018
0.00000006792
0.00000007677
0.00000005614
0.00000007250
0.00000006094
0.00000005526
0.00000007707
0.00000006920
0.00000006880
0.00000006291
0.00000006185
0.00000005612
0.00000005475
0.00000005213
0.00000004709
0.00000003766
0.00000003301
0.00000002694
0.00000004516
0.00000003585
0.00000002509
0.00000003587
0.00000002254
0.00000003398
0.00000004672
0.00000003639
0.00000005127
0.00000007058
0.00000006390
0.00000005634
0.00000005856
0.00000006253
0.00000006848
0.00000007467
0.00000005252
0.00000006547
0.00000005534
0.00000006587
0.00000005475
0.00000003928
0.00000004718
0.00000002054
0.00000002039
0.00000001055
0.00000003052
0.00000002352
0.00000003472
0.00000002437
0.00000003132
0.00000004461
0.00000002354
0.00000003397
0.00000003946
0.00000004942
0.00000002731
0.00000003626
0.00000003601
0.00000003979
0.00000003886
0.00000004103
0.00000004040
0.00000003192
0.00000002513
0.00000004053
0.00000003337
0.00000002318
0.00000003573
0.00000005050
0.00000004226
0.00000005422
0.00000004845
0.00000004700
0.00000007497
0.00000007666
0.00000006459
0.00000007966
0.00000007146
0.00000005981
0.00000005597
0.00000004901
0.00000004381
0.00000003239
0.00000005150
0.00000004222
0.00000002722
0.00000004745
0.00000004257
0.00000006476
0.00000005928
0.00000006376
0.00000006578
0.00000006888
0.00000005367
0.00000006052
0.00000004838
0.00000006139
0.00000004537
0.00000005795
0.00000003856
0.00000004824
0.00000002815
0.00000003746
0.00000004381
0.00000002373
0.00000003095
0.00000003400
0.00000004443
0.00000005622
0.00000006948
0.00000004976
0.00000006003
0.00000004223
0.00000004928
0.00000002784
0.00000002813
0.00000002892
0.00000002806
0.00000002581
0.00000002176
0.00000004394
0.00000004067
0.00000002973
0.00000005074
0.00000004725
0.00000004387
0.00000004219
0.00000003920
0.00000006308
0.00000005634
0.00000004872
0.00000003694
0.00000003307
0.00000003300
0.00000005657
0.00000005328
0.00000004782
0.00000005091
0.00000005531
0.00000006055
0.00000007365
0.00000006282
0.00000007575
0.00000006898
0.00000005916
0.00000005331
0.00000005128
0.00000004805
0.00000005140
0.00000005576
0.00000005616
0.00000006663
0.00000004634
0.00000005716
0.00000005918
0.00000003948
0.00000003903
0.00000004250
0.00000003702
0.00000003468
0.00000003131
0.00000002157
0.00000003916
0.00000002851
0.00000004250
0.00000002425
0.00000003218
0.00000003444
0.00000004033
0.00000004233
0.00000004369
0.00000004159
0.00000003511
0.00000003333
0.00000003385
0.00000005548
0.00000005418
0.00000005316
0.00000004399
0.00000004067
0.00000003404
0.00000005310
0.00000003992
0.00000002849
0.00000004247
0.00000002723
0.00000003488
0.00000004981
0.00000003299
0.00000005077
0.00000003553
0.00000005402
0.00000005254
0.00000007600
0.00000008286
0.00000006635
0.00000007313
0.00000006400
0.00000006268
0.00000006221
0.00000006922
0.00000008167
0.00000007107
0.00000008676
0.00000008541
0.00000008920
0.00000006450
0.00000007257
0.00000005739
0.00000007126
0.00000005819
0.00000004171
0.00000005556
0.00000004270
0.00000005809
0.00000004868
0.00000006535
0.00000005097
0.00000004033
0.00000005645
0.00000004363
0.00000003380
0.00000005156
0.00000003732
0.00000005244
0.00000004413
0.00000006165
0.00000004997
0.00000003150
0.00000004213
0.00000002558
0.00000003285
0.00000003930
0.00000004717
0.00000005685
0.00000004046
0.00000005066
0.00000006486
0.00000005627
0.00000004885
0.00000006923
0.00000006729
0.00000007099
0.00000007558
0.00000005574
0.00000006395
0.00000007984
0.00000006866
0.00000006484
0.00000006266
0.00000006485
0.00000006954
0.00000007513
0.00000005734
0.00000006116
0.00000004433
0.00000005327
0.00000006479
0.00000004323
0.00000005020
0.00000002587
0.00000002680
0.00000003330
0.00000003888
0.00000004280
0.00000004747
0.00000005322
0.00000005928
0.00000003406
0.00000004135
0.00000005169
0.00000006683
0.00000005741
0.00000007587
0.00000007000
0.00000006733
0.00000006705
0.00000006586
0.00000006885
0.00000004714
0.00000005153
0.00000005934
0.00000007238
0.00000005889
0.00000007234
0.00000005454
0.00000004214
0.00000005703
0.00000004159
0.00000005843
0.00000005317
0.00000004776
0.00000006977
0.00000006275
0.00000006407
0.00000007354
0.00000008415
0.00000006656
0.00000005463
0.00000007246
0.00000006701
0.00000006147
0.00000006156
0.00000006739
0.00000007666
0.00000006425
0.00000007459
0.00000006438
0.00000005884
0.00000005013
0.00000007537
0.00000007945
0.00000005801
0.00000007264
0.00000009063
0.00000008298
0.00000008693
0.00000006163
0.00000007121
0.00000008044
0.00000007359
0.00000006779
0.00000006815
0.00000006803
0.00000007986
0.00000006009
0.00000007392
0.00000005598
0.00000004663
0.00000006070
0.00000005707
0.00000005339
0.00000007673
0.00000004845
0.00000004493
0.00000003640
0.00000002922
0.00000001821
0.00000003580
0.00000001519
0.00000001332
0.00000000680
-0.00000001266
-0.00000000439
-0.00000001010
0.00000000509
-0.00000002063
-0.00000003514
-0.00000003281
-0.00000004525
-0.00000004119
-0.00000002788
-0.00000003430
-0.00000005217
-0.00000005993
-0.00000006338
-0.00000005439
-0.00000006527
-0.00000007263
-0.00000006669
-0.00000007943
-0.00000008877
-0.00000008811
-0.00000008682
-0.00000010099
-0.00000007962
-0.00000008106
-0.00000006834
-0.00000008281
-0.00000008481
-0.00000007948
-0.00000007430
-0.00000008329
-0.00000008673
-0.00000008829
-0.00000008099
-0.00000009496
-0.00000009983
-0.00000010133
-0.00000009892
-0.00000008446
-0.00000009019
-0.00000009734
-0.00000009261
-0.00000008661
-0.00000009967
-0.00000008552
-0.00000009265
-0.00000009839
-0.00000009666
-0.00000011327
-0.00000010233
-0.00000008157
-0.00000008524
-0.00000008015
-0.00000010004
-0.00000008411
-0.00000008798
-0.00000008553
-0.00000009218
-0.00000012724
-0.00000013721
-0.00000013486
-0.00000013564
-0.00000012349
-0.00000013974
-0.00000015443
-0.00000014972
-0.00000014710
-0.00000012890
-0.00000010006
-0.00000008588
-0.00000005735
-0.00000002268
0.00000001849
0.00000003882
0.00000006186
0.00000006887
0.00000008831
0.00000011587
0.00000010629
0.00000013438
0.00000012138
0.00000011124
0.00000011540
0.00000010145
0.00000009623
0.00000009896
0.00000011105
0.00000010669
0.00000011236
0.00000012768
0.00000012262
0.00000010537
0.00000009939
0.00000010180
0.00000011406
0.00000010736
0.00000011130
0.00000009908
0.00000010329
0.00000012016
0.00000011730
0.00000012584
0.00000011911
0.00000012356
0.00000011106
0.00000010677
0.00000011844
0.00000011760
0.00000012704
0.00000011149
0.00000011188
0.00000012224
0.00000011131
0.00000011265
0.00000008898
0.00000010425
0.00000010235
0.00000010506
0.00000009253
0.00000008959
0.00000008977
0.00000010053
0.00000009466
0.00000009469
0.00000009564
0.00000008117
0.00000009694
0.00000009459
0.00000009051
0.00000006689
0.00000007274
0.00000007808
0.00000006714
0.00000008613
0.00000008732
0.00000009544
0.00000007529
0.00000008865
0.00000008268
0.00000007609
0.00000007915
0.00000008697
0.00000008105
0.00000008188
0.00000008321
0.00000009574
0.00000008425
0.00000008494
0.00000009283
0.00000010144
0.00000009721
0.00000010092
0.00000008564
0.00000010866
0.00000011148
0.00000009082
0.00000008193
0.00000010969
0.00000008499
0.00000009937
0.00000009309
0.00000008626
0.00000008993
0.00000007372
0.00000009004
0.00000007982
0.00000007686
0.00000007797
0.00000008138
0.00000005722
0.00000006950
0.00000008806
0.00000007758
0.00000007507
0.00000007017
0.00000007331
0.00000005470
0.00000005838
0.00000007083
0.00000006045
0.00000007789
0.00000006891
0.00000006882
0.00000007185
0.00000007954
0.00000006568
0.00000007331
0.00000006433
0.00000006070
0.00000006218
0.00000005658
0.00000005842
0.00000006152
0.00000006532
0.00000004183
0.00000004892
0.00000005606
0.00000007314
0.00000006621
0.00000006350
0.00000006015
0.00000006540
0.00000007324
0.00000005996
0.00000007514
0.00000006682
0.00000006226
0.00000005967
0.00000005521
0.00000005673
0.00000006260
0.00000006672
0.00000004227
0.00000004955
0.00000005174
0.00000005864
0.00000003630
0.00000004610
0.00000005737
0.00000006299
0.00000005050
0.00000006116
0.00000005274
0.00000006849
0.00000005512
0.00000004860
0.00000004477
0.00000006379
0.00000006732
0.00000007509
0.00000007853
0.00000006191
0.00000007048
0.00000005484
0.00000004376
0.00000006518
0.00000006049
0.00000006126
0.00000006572
0.00000006354
0.00000006863
0.00000005349
0.00000007178
0.00000005840
0.00000008051
0.00000007312
0.00000007524
0.00000005041
0.00000004997
0.00000005918
0.00000007349
0.00000006184
0.00000008659
0.00000008807
0.00000006560
0.00000007064
0.00000008755
0.00000008224
0.00000007818
0.00000008415
0.00000008614
0.00000006930
0.00000005537
0.00000006727
0.00000006056
0.00000007075
0.00000006197
0.00000004674
0.00000003608
0.00000004833
0.00000003960
0.00000005300
0.00000004837
0.00000006890
0.00000006509
0.00000006771
0.00000006875
0.00000007822
0.00000005639
0.00000007011
0.00000005454
0.00000007210
0.00000006160
0.00000006071
0.00000006758
0.00000007195
0.00000008176
0.00000006523
0.00000005611
0.00000006903
0.00000005883
0.00000004465
0.00000003896
0.00000006343
0.00000005765
0.00000005508
0.00000005097
0.00000004777
0.00000003751
0.00000003436
0.00000005841
0.00000005453
0.00000005382
0.00000005016
0.00000005928
0.00000006181
0.00000006915
0.00000005659
0.00000007290
0.00000006517
0.00000005991
0.00000005984
0.00000006179
0.00000006427
0.00000007869
0.00000006844
0.00000005846
0.00000007257
0.00000006377
0.00000005110
0.00000004807
0.00000007443
0.00000007461
0.00000004789
0.00000004452
0.00000004703
0.00000005056
0.00000004718
0.00000005275
0.00000005888
0.00000006420
0.00000004482
0.00000005056
0.00000005848
0.00000007272
0.00000006416
0.00000005573
0.00000007952
0.00000007636
0.00000007717
0.00000005315
0.00000005602
0.00000006117
0.00000006739
0.00000005020
0.00000006626
0.00000005854
0.00000007925
0.00000007603
0.00000004724
0.00000004759
0.00000005331
0.00000005989
0.00000007086
0.00000005898
0.00000007543
0.00000006555
0.00000005867
0.00000005551
0.00000004874
0.00000005031
0.00000005299
0.00000005967
0.00000006999
0.00000005850
0.00000007727
0.00000006577
0.00000006626
0.00000006184
0.00000006259
0.00000006393
0.00000006621
0.00000004207
0.00000004530
0.00000004952
0.00000005685
0.00000006796
0.00000005628
0.00000006673
0.00000005898
0.00000005474
0.00000005421
0.00000005600
0.00000005886
0.00000006746
0.00000007762
0.00000006111
0.00000006450
0.00000004769
0.00000005587
0.00000003462
0.00000003958
0.00000004554
0.00000004567
0.00000004691
0.00000004560
0.00000004361
0.00000003320
0.00000002838
0.00000005041
0.00000004198
0.00000003928
0.00000003688
0.00000006235
0.00000005653
0.00000005219
0.00000004639
0.00000003312
0.00000002254
0.00000003052
0.00000000147
0.00000000201
0.00000001931
0.00000001407
0.00000003576
0.00000002533
0.00000004153
0.00000002377
0.00000003495
0.00000001752
0.00000001974
0.00000002793
0.00000003293
0.00000002945
0.00000003218
0.00000003346
0.00000003255
0.00000002178
0.00000004137
0.00000004039
0.00000003358
0.00000005640
0.00000005448
0.00000005333
0.00000005353
0.00000005308
0.00000005386
0.00000005133
0.00000005558
0.00000005618
0.00000005524
0.00000002633
0.00000004673
0.00000004068
0.00000003172
0.00000002280
0.00000003266
0.00000005075
0.00000004395
0.00000006436
0.00000005800
0.00000005678
0.00000004968
0.00000005312
0.00000005775
0.00000006237
0.00000006820
0.00000004482
0.00000004391
0.00000005074
0.00000006179
0.00000006641
0.00000005012
0.00000005889
0.00000003402
0.00000004078
0.00000004044
0.00000004788
0.00000005222
0.00000005048
0.00000004972
0.00000005379
0.00000002797
0.00000003648
0.00000004084
0.00000005559
0.00000006595
0.00000005940
0.00000005704
0.00000007673
0.00000007540
0.00000003941
0.00000003564
0.00000005616
0.00000005741
0.00000006048
0.00000005985
0.00000006355
0.00000006725
0.00000004199
0.00000004652
0.00000005121
0.00000004687
0.00000004490
0.00000004153
0.00000003334
0.00000002990
0.00000004675
0.00000004316
0.00000004106
0.00000003868
0.00000006140
0.00000006288
0.00000006812
0.00000007408
0.00000004798
0.00000005414
0.00000005792
0.00000003509
0.00000004017
0.00000004170
0.00000004831
0.00000004728
0.00000004293
0.00000003791
0.00000002692
0.00000002048
0.00000003693
0.00000002837
0.00000004948
0.00000004331
0.00000003200
0.00000005321
0.00000004977
0.00000004334
0.00000006524
0.00000006243
0.00000005826
0.00000006225
0.00000006714
0.00000007666
0.00000005732
0.00000007102
0.00000005448
0.00000007020
0.00000005983
0.00000004492
0.00000006450
0.00000006155
0.00000005241
0.00000005404
0.00000005401
0.00000006348
0.00000006892
0.00000005472
0.00000006350
0.00000005285
0.00000006548
0.00000005713
0.00000004562
0.00000006322
0.00000006115
0.00000004903
0.00000004303
0.00000003198
0.00000004697
0.00000002854
0.00000003270
0.00000003831
0.00000000690
0.00000002835
0.00000001457
0.00000002586
0.00000000906
0.00000002075
0.00000002342
0.00000002920
0.00000002844
0.00000002508
0.00000001655
0.00000003940
0.00000002819
0.00000001338
0.00000002723
0.00000003341
0.00000004464
0.00000002215
0.00000002110
0.00000001520
0.00000001117
0.00000002786
0.00000002213
0.00000003702
0.00000002313
0.00000004325
0.00000003080
0.00000005191
0.00000004183
0.00000005413
0.00000004225
0.00000002064
0.00000002833
0.00000002990
0.00000003618
0.00000004300
0.00000004249
0.00000004140
0.00000003188
0.00000002718
0.00000001610
0.00000003268
0.00000004660
0.00000002896
0.00000004183
0.00000002246
0.00000002988
0.00000003524
0.00000003477
0.00000003853
0.00000003691
0.00000004096
0.00000004442
0.00000004837
0.00000004466
0.00000004805
0.00000005503
0.00000005702
0.00000006432
0.00000004874
0.00000005928
0.00000007694
0.00000007231
0.00000006303
0.00000005545
0.00000004328
0.00000003613
0.00000005309
0.00000003767
0.00000002045
0.00000003291
0.00000003859
0.00000004854
0.00000003074
0.00000004435
0.00000005131
0.00000003018
0.00000003921
0.00000004679
0.00000004873
0.00000002842
0.00000002667
0.00000002639
0.00000002660
0.00000001764
0.00000003917
0.00000002717
0.00000004460
0.00000003707
0.00000004512
0.00000002948
0.00000003462
0.00000004518
0.00000002844
0.00000002750
0.00000002826
0.00000002615
0.00000001689
0.00000003547
0.00000002567
0.00000003455
0.00000002051
0.00000002678
0.00000002926
0.00000002514
0.00000002308
0.00000001906
0.00000003949
0.00000003277
0.00000004982
0.00000003993
0.00000003090
0.00000004631
0.00000004295
0.00000004102
0.00000006398
0.00000006414
0.00000005788
0.00000006023
0.00000006567
0.00000007632
0.00000006552
0.00000007529
0.00000006433
0.00000005658
0.00000005057
0.00000006535
0.00000006042
0.00000005232
0.00000004470
0.00000003189
0.00000004816
0.00000003746
0.00000002593
0.00000004054
0.00000002369
0.00000003991
0.00000004710
0.00000003311
0.00000004353
0.00000004829
0.00000002644
0.00000003194
0.00000003595
0.00000004955
0.00000006132
0.00000004592
0.00000005566
0.00000004297
0.00000005613
0.00000004148
0.00000005090
0.00000003711
0.00000004987
0.00000006088
0.00000004286
0.00000005021
0.00000002627
0.00000003065
0.00000003716
0.00000003880
0.00000004150
0.00000004464
0.00000004838
0.00000004823
0.00000005408
0.00000006133
0.00000004544
0.00000006108
0.00000004891
0.00000006053
0.00000004311
0.00000005084
0.00000002940
0.00000003512
0.00000004081
0.00000004475
0.00000004282
0.00000004620
0.00000005220
0.00000005647
0.00000006298
0.00000004592
0.00000005474
0.00000006540
0.00000004990
0.00000006592
0.00000005692
0.00000005390
0.00000004097
0.00000006361
0.00000004780
0.00000003826
0.00000002548
0.00000003763
0.00000002134
0.00000002700
0.00000003254
0.00000004176
0.00000004838
0.00000005109
0.00000002340
0.00000001509
0.00000003685
0.00000002788
0.00000001852
0.00000003404
0.00000004937
0.00000003733
0.00000004620
0.00000004041
0.00000004942
0.00000003449
0.00000004422
0.00000002904
0.00000003369
0.00000004294
0.00000005395
0.00000003877
0.00000004940
0.00000005597
0.00000003629
0.00000004508
0.00000005028
0.00000002351
0.00000002660
0.00000002654
0.00000001956
0.00000003985
0.00000002945
0.00000001418
0.00000002555
0.00000003472
0.00000004219
0.00000001661
0.00000002233
0.00000002299
0.00000001752
0.00000003884
0.00000003481
0.00000002873
0.00000004178
0.00000003474
0.00000005338
0.00000004608
0.00000003643
0.00000006181
0.00000006177
0.00000005687
0.00000006096
0.00000006867
0.00000004651
0.00000005853
0.00000007623
0.00000006508
0.00000006352
0.00000006628
0.00000006502
0.00000006980
0.00000007784
0.00000005903
0.00000007693
0.00000007037
0.00000006116
0.00000006099
0.00000006486
0.00000006712
0.00000007703
0.00000006014
0.00000007874
0.00000007485
0.00000006860
0.00000007399
0.00000007796
0.00000006286
0.00000007393
0.00000006981
0.00000006365
0.00000007005
0.00000007353
0.00000008573
0.00000007495
0.00000006494
0.00000006348
0.00000006706
0.00000006963
0.00000007940
0.00000006293
0.00000008201
0.00000007546
0.00000007620
0.00000007875
0.00000005090
0.00000005786
0.00000006826
0.00000005080
0.00000006659
0.00000006159
0.00000008041
0.00000007813
0.00000007512
0.00000004598
0.00000004385
0.00000004819
0.00000004931
0.00000004883
0.00000004993
0.00000005297
0.00000005671
0.00000005588
0.00000005897
0.00000003771
0.00000004417
0.00000005283
0.00000006170
0.00000004465
0.00000004973
0.00000005630
0.00000003753
0.00000005017
0.00000005727
0.00000003859
0.00000004770
0.00000005484
0.00000003041
0.00000003042
0.00000002978
0.00000002350
0.00000000952
0.00000001301
0.00000002015
0.00000002733
0.00000003594
0.00000004459
0.00000005270
0.00000005536
0.00000003424
0.00000004160
0.00000005294
0.00000003755
0.00000005193
0.00000006865
0.00000006164
0.00000005616
0.00000005097
0.00000004805
0.00000004863
0.00000005146
0.00000005505
0.00000005305
0.00000006046
0.00000006969
0.00000005282
0.00000006022
0.00000004161
0.00000004962
0.00000005807
0.00000003700
0.00000004956
0.00000005955
0.00000004357
0.00000004544
0.00000002730
0.00000003174
0.00000003872
0.00000004338
0.00000004236
0.00000004147
0.00000003670
0.00000002903
0.00000001506
0.00000002855
0.00000001264
0.00000002338
0.00000003111
0.00000003287
0.00000003674
0.00000003986
0.00000003904
0.00000003890
0.00000003017
0.00000003231
0.00000004839
0.00000004172
0.00000003440
0.00000002524
0.00000004656
0.00000002819
0.00000004175
0.00000002253
0.00000003067
0.00000003916
0.00000005122
0.00000006225
0.00000004920
0.00000006315
0.00000005044
0.00000003595
0.00000004399
0.00000002477
0.00000003160
0.00000003284
0.00000003281
0.00000003132
0.00000002814
0.00000002665
0.00000004996
0.00000004727
0.00000004007
0.00000003125
0.00000002074
0.00000003389
0.00000002236
0.00000003632
0.00000004855
0.00000003769
0.00000004954
0.00000003339
0.00000004862
0.00000003902
0.00000005382
0.00000004123
0.00000006195
0.00000005895
0.00000005298
0.00000005100
0.00000004555
0.00000004500
0.00000004007
0.00000006740
0.00000004028
0.00000004839
0.00000005181
0.00000006064
0.00000006221
0.00000003615
0.00000003919
0.00000003779
0.00000004594
0.00000005089
0.00000005861
0.00000007308
0.00000006502
0.00000005632
0.00000008080
0.00000007597
0.00000007852
0.00000005394
0.00000006471
0.00000007067
0.00000006082
0.00000007430
0.00000006723
0.00000005351
0.00000004039
0.00000006048
0.00000004914
0.00000004482
0.00000006420
0.00000005677
0.00000005519
0.00000004687
0.00000003963
0.00000003414
0.00000004838
0.00000003977
0.00000002592
0.00000003423
0.00000004503
0.00000002551
0.00000003460
0.00000003315
0.00000002434
0.00000001650
0.00000000323
0.00000001484
0.00000002027
0.00000003080
0.00000003644
0.00000004720
0.00000005950
0.00000004200
0.00000005605
0.00000004310
0.00000004562
0.00000002498
0.00000003206
0.00000003067
0.00000003122
0.00000003149
0.00000002994
0.00000002973
0.00000002641
0.00000003770
0.00000002536
0.00000001202
0.00000002394
0.00000003177
0.00000004069
0.00000004935
0.00000005344
0.00000003667
0.00000004922
0.00000005885
0.00000004402
0.00000005420
0.00000004451
0.00000006091
0.00000004619
0.00000004242
0.00000005487
0.00000004247
0.00000002425
0.00000004021
0.00000005163
0.00000004295
0.00000003239
0.00000004277
0.00000003172
0.00000003960
0.00000002477
0.00000003506
0.00000004800
0.00000003780
0.00000004796
0.00000006671
0.00000006668
0.00000006963
0.00000007234
0.00000008263
0.00000007009
0.00000005851
0.00000007029
0.00000006150
0.00000005480
0.00000004403
0.00000006906
0.00000007041
0.00000006757
0.00000007027
0.00000004458
0.00000003681
0.00000003228
0.00000003063
0.00000005226
0.00000004305
0.00000004477
0.00000004504
0.00000004879
0.00000004949
0.00000005833
0.00000006953
0.00000005333
0.00000006989
0.00000006111
0.00000005053
0.00000004879
0.00000007314
0.00000007711
0.00000005112
0.00000006114
0.00000006836
0.00000005525
0.00000006904
0.00000005559
0.00000005005
0.00000006638
0.00000006261
0.00000006121
0.00000005951
0.00000005839
0.00000006287
0.00000006354
0.00000004407
0.00000005172
0.00000005147
0.00000005644
0.00000005623
0.00000003449
0.00000003155
0.00000003658
0.00000003808
0.00000002925
0.00000002243
0.00000003229
0.00000001448
0.00000001974
0.00000001913
0.00000001491
0.00000003358
0.00000001988
0.00000003362
0.00000001317
0.00000002143
0.00000002431
0.00000003012
0.00000003090
0.00000003445
0.00000003601
0.00000003429
0.00000003875
0.00000004068
0.00000004744
0.00000004876
0.00000005456
0.00000005352
0.00000003415
0.00000003898
0.00000004702
0.00000005051
0.00000006060
0.00000004075
0.00000004926
0.00000006831
0.00000005828
0.00000007803
0.00000007624
0.00000007643
0.00000005339
0.00000005862
0.00000006431
0.00000007540
0.00000006206
0.00000008647
0.00000007999
0.00000007548
0.00000007461
0.00000004963
0.00000006070
0.00000006948
0.00000005657
0.00000006967
0.00000006305
0.00000005454
0.00000004722
0.00000007000
0.00000006669
0.00000007017
0.00000007172
0.00000005313
0.00000006269
0.00000007107
0.00000005766
0.00000004974
0.00000006497
0.00000005596
0.00000005711
0.00000005481
0.00000006218
0.00000006439
0.00000007040
0.00000005617
0.00000006701
0.00000005578
0.00000006726
0.00000005992
0.00000004798
0.00000004353
0.00000006055
0.00000005957
0.00000005147
0.00000005048
0.00000004209
0.00000003446
0.00000005654
0.00000004737
0.00000003663
0.00000002399
0.00000002752
0.00000002179
0.00000001043
-0.00000001800
-0.00000002856
-0.00000002840
-0.00000003891
-0.00000003198
-0.00000004587
-0.00000004699
-0.00000006327
-0.00000004853
-0.00000007318
-0.00000006265
-0.00000006894
-0.00000007132
-0.00000006126
-0.00000006922
-0.00000007004
-0.00000006956
-0.00000008678
-0.00000010034
-0.00000010893
-0.00000011269
-0.00000011062
-0.00000010606
-0.00000009471
-0.00000010422
-0.00000008517
-0.00000008128
-0.00000009661
-0.00000007985
-0.00000008277
-0.00000010892
-0.00000010577
-0.00000009779
-0.00000011177
-0.00000009447
-0.00000009894
-0.00000009821
-0.00000008997
-0.00000010632
-0.00000009086
-0.00000009835
-0.00000010267
-0.00000010650
-0.00000009976
-0.00000008871
-0.00000010053
-0.00000010961
-0.00000011316
-0.00000011505
-0.00000011299
-0.00000010561
-0.00000009077
-0.00000009847
-0.00000010224
-0.00000010690
-0.00000010114
-0.00000009352
-0.00000010455
-0.00000008445
-0.00000008325
-0.00000010042
-0.00000008661
-0.00000009561
-0.00000009795
-0.00000009605
-0.00000009014
-0.00000010228
-0.00000008384
-0.00000008331
-0.00000007573
-0.00000008858
-0.00000009173
-0.00000007894
-0.00000003967
-0.00000003498
-0.00000001352
0.00000001033
0.00000001010
0.00000003783
0.00000003662
0.00000004228
0.00000005122
0.00000006068
0.00000006704
0.00000005359
0.00000007704
0.00000007977
0.00000008562
0.00000010228
0.00000010287
0.00000011044
0.00000009385
0.00000008627
0.00000009012
0.00000010433
0.00000010625
0.00000011240
0.00000011083
0.00000012076
0.00000011384
0.00000011231
0.00000012793
0.00000013181
0.00000012211
0.00000011699
0.00000012638
0.00000012075
0.00000012054
0.00000010871
0.00000010545
0.00000010811
0.00000009767
0.00000011923
0.00000010199
0.00000011452
0.00000011593
0.00000010181
0.00000011471
0.00000011602
0.00000009384
0.00000011220
0.00000011015
0.00000009581
0.00000011555
0.00000011224
0.00000009970
0.00000012059
0.00000013116
0.00000011816
0.00000012130
0.00000010839
0.00000010463
0.00000011570
0.00000013308
0.00000011643
0.00000013984
0.00000011922
0.00000013500
0.00000011586
0.00000012709
0.00000012911
0.00000011204
0.00000010737
0.00000011876
0.00000010960
0.00000011583
0.00000012562
0.00000012128
0.00000009113
0.00000010010
0.00000008672
0.00000010826
0.00000009054
0.00000010243
0.00000010101
0.00000010738
0.00000008955
0.00000010772
0.00000010760
0.00000008704
0.00000009770
0.00000008126
0.00000007626
0.00000008114
0.00000008584
0.00000007507
0.00000009827
0.00000009808
0.00000007953
0.00000008791
0.00000008302
0.00000008357
0.00000009096
0.00000007359
0.00000009539
0.00000009191
0.00000008915
0.00000007504
0.00000009029
0.00000008648
0.00000009294
0.00000009777
0.00000008479
0.00000007798
0.00000007832
0.00000008276
0.00000009265
0.00000007792
0.00000006630
0.00000005660
0.00000007366
0.00000007000
0.00000006860
0.00000007181
0.00000007792
0.00000006005
0.00000007463
0.00000006756
0.00000006573
0.00000006938
0.00000007647
0.00000008642
0.00000007472
0.00000006763
0.00000006906
0.00000007922
0.00000009089
0.00000008149
0.00000007285
0.00000007520
0.00000008535
0.00000006889
0.00000008239
0.00000007375
0.00000006883
0.00000006400
0.00000006691
0.00000006979
0.00000007037
0.00000004572
0.00000005281
0.00000005929
0.00000006121
0.00000004173
0.00000004352
0.00000004543
0.00000005234
0.00000005237
0.00000002547
0.00000002769
0.00000002649
0.00000005758
0.00000002979
0.00000002865
0.00000005535
0.00000005946
0.00000005843
0.00000005812
0.00000004123
0.00000004931
0.00000006000
0.00000007758
0.00000006508
0.00000004956
0.00000004494
0.00000006151
0.00000005717
0.00000005003
0.00000005088
0.00000005074
0.00000005315
0.00000005169
0.00000005895
0.00000006240
0.00000004167
0.00000005604
0.00000007325
0.00000006031
0.00000005329
0.00000006826
0.00000006296
0.00000005113
0.00000004560
0.00000003624
0.00000005985
0.00000005653
0.00000005301
0.00000005601
0.00000006073
0.00000006461
0.00000005328
0.00000007069
0.00000005944
0.00000005715
0.00000005921
0.00000006116
0.00000007625
0.00000009090
0.00000008710
0.00000008127
0.00000008241
0.00000006327
0.00000006749
0.00000008284
0.00000006871
0.00000006486
0.00000006296
0.00000006871
0.00000007819
0.00000008393
0.00000006978
0.00000006129
0.00000008120
0.00000008635
0.00000009550
0.00000007739
0.00000006905
0.00000009238
0.00000008836
0.00000006893
0.00000008115
0.00000006327
0.00000007673
0.00000006384
0.00000004523
0.00000005680
0.00000004005
0.00000004476
0.00000002660
0.00000003182
0.00000003471
0.00000004228
0.00000004662
0.00000005439
0.00000005534
0.00000003737
0.00000004698
0.00000005077
0.00000005909
0.00000004232
0.00000005560
0.00000006283
0.00000004813
0.00000005498
0.00000004341
0.00000004942
0.00000003214
0.00000003308
0.00000003681
0.00000003668
0.00000002893
0.00000002485
0.00000003848
0.00000003032
0.00000004581
0.00000002632
0.00000003563
0.00000004154
0.00000001387
0.00000001661
0.00000004413
0.00000004039
0.00000004021
0.00000003505
0.00000003136
0.00000001863
0.00000003551
0.00000002399
0.00000003881
0.00000005042
0.00000003042
0.00000003890
0.00000004702
0.00000002996
0.00000003345
0.00000004119
0.00000004933
0.00000006059
0.00000004628
0.00000005588
0.00000007288
0.00000006462
0.00000005443
0.00000004358
0.00000006598
0.00000006486
0.00000006529
0.00000006451
0.00000006286
0.00000004324
0.00000005232
0.00000005881
0.00000007030
0.00000005883
0.00000007488
0.00000006000
0.00000005005
0.00000006120
0.00000004977
0.00000003885
0.00000004789
0.00000003817
0.00000004480
0.00000003274
0.00000004527
0.00000003541
0.00000005176
0.00000003508
0.00000004527
0.00000003708
0.00000004982
0.00000004358
0.00000006102
0.00000006105
0.00000006713
0.00000007167
0.00000008376
0.00000007032
0.00000006508
0.00000005881
0.00000005635
0.00000005598
0.00000005049
0.00000005253
0.00000005657
0.00000006019
0.00000006753
0.00000004465
0.00000005247
0.00000005323
0.00000003426
0.00000003296
0.00000003444
0.00000003661
0.00000003297
0.00000003304
0.00000002703
0.00000002680
0.00000005363
0.00000004629
0.00000004419
0.00000003605
0.00000002967
0.00000005133
0.00000004108
0.00000003699
0.00000005993
0.00000005515
0.00000005375
0.00000005128
0.00000005054
0.00000004543
0.00000005059
0.00000006236
0.00000007712
0.00000006429
0.00000008527
0.00000008191
0.00000005463
0.00000004748
0.00000004610
0.00000004642
0.00000004986
0.00000005754
0.00000007088
0.00000005739
0.00000007548
0.00000007297
0.00000007607
0.00000008335
0.00000006298
0.00000007462
0.00000005920
0.00000007269
0.00000006445
0.00000005320
0.00000004718
0.00000006549
0.00000006055
0.00000005702
0.00000005123
0.00000004080
0.00000003447
0.00000005537
0.00000004761
0.00000003668
0.00000002387
0.00000003097
0.00000003862
0.00000002117
0.00000002342
0.00000001957
0.00000001134
0.00000002595
0.00000000872
0.00000001403
0.00000001850
0.00000002308
0.00000002748
0.00000003062
0.00000003233
0.00000003148
0.00000002489
0.00000001741
0.00000003381
0.00000002200
0.00000003592
0.00000003981
0.00000002058
0.00000002189
0.00000002156
0.00000002203
0.00000002309
0.00000004624
0.00000003272
0.00000002256
0.00000003755
0.00000002609
0.00000003800
0.00000005125
0.00000003137
0.00000004027
0.00000004713
0.00000002520
0.00000002864
0.00000003133
0.00000002649
0.00000002655
0.00000002234
0.00000004152
0.00000002518
0.00000003753
0.00000001803
0.00000002620
0.00000002846
0.00000003086
0.00000002841
0.00000003045
0.00000002773
0.00000005557
0.00000004937
0.00000004623
0.00000003814
0.00000002905
0.00000002531
0.00000004709
0.00000003604
0.00000005629
0.00000004384
0.00000003399
0.00000004722
0.00000003947
0.00000006028
0.00000004879
0.00000003700
0.00000005300
0.00000004274
0.00000003766
0.00000005167
0.00000004454
0.00000005991
0.00000005119
0.00000003826
0.00000002826
0.00000003988
0.00000003005
0.00000004335
0.00000003930
0.00000005740
0.00000005503
0.00000005309
0.00000006096
0.00000006861
0.00000008060
0.00000006311
0.00000005088
0.00000006638
0.00000005593
0.00000004321
0.00000006195
0.00000005049
0.00000004348
0.00000003461
0.00000004476
0.00000003382
0.00000005305
0.00000004948
0.00000004670
0.00000006769
0.00000006678
0.00000006883
0.00000004570
0.00000004641
0.00000005396
0.00000006247
0.00000004860
0.00000006755
0.00000006379
0.00000009459
0.00000007295
0.00000007381
0.00000005575
0.00000006688
0.00000005412
0.00000007233
0.00000006457
0.00000006462
0.00000007001
0.00000007514
0.00000005291
0.00000006289
0.00000005327
0.00000006774
0.00000006361
0.00000005825
0.00000005324
0.00000005649
0.00000005995
0.00000005802
0.00000006062
0.00000006290
0.00000003092
0.00000003278
0.00000003127
0.00000002699
0.00000004905
0.00000004409
0.00000004164
0.00000003676
0.00000002285
0.00000003768
0.00000002135
0.00000002606
0.00000001995
0.00000001510
0.00000000400
0.00000001953
0.00000002865
0.00000002373
0.00000002458
0.00000002532
0.00000001622
0.00000003295
0.00000002067
0.00000003229
0.00000003174
0.00000000719
0.00000003388
0.00000003220
0.00000003143
0.00000002388
0.00000004734
0.00000004123
0.00000003637
0.00000003375
0.00000005529
0.00000004777
0.00000003737
0.00000002874
0.00000004839
0.00000004200
0.00000006463
0.00000005627
0.00000005450
0.00000005350
0.00000005051
0.00000004719
0.00000003791
0.00000003318
0.00000005374
0.00000004388
0.00000003967
0.00000003466
0.00000005060
0.00000004647
0.00000003877
0.00000003138
0.00000004428
0.00000003784
0.00000005586
0.00000005129
0.00000005500
0.00000005650
0.00000006773
0.00000007602
0.00000006915
0.00000006078
0.00000005898
0.00000005684
0.00000006349
0.00000006947
0.00000008382
0.00000006790
0.00000006158
0.00000007825
0.00000007401
0.00000006808
0.00000006957
0.00000006624
0.00000007120
0.00000007207
0.00000004861
0.00000005952
0.00000006968
0.00000005874
0.00000007003
0.00000005758
0.00000005118
0.00000004091
0.00000005941
0.00000004621
0.00000003752
0.00000005396
0.00000004735
0.00000003665
0.00000005854
0.00000005089
0.00000004877
0.00000004576
0.00000004634
0.00000004325
0.00000004222
0.00000004105
0.00000003433
0.00000003442
0.00000002980
0.00000004920
0.00000004395
0.00000003273
0.00000002686
0.00000004153
0.00000003691
0.00000005412
0.00000004250
0.00000003433
0.00000004586
0.00000003759
0.00000004901
0.00000004072
0.00000005871
0.00000004652
0.00000003976
0.00000004989
0.00000003544
0.00000004800
0.00000003051
0.00000003903
0.00000003982
0.00000004408
0.00000002064
0.00000004693
0.00000004841
0.00000004817
0.00000004344
0.00000004193
0.00000004061
0.00000003091
0.00000003068
0.00000005541
0.00000004558
0.00000003654
0.00000002460
0.00000003321
0.00000002088
0.00000003238
0.00000004239
0.00000004582
0.00000002651
0.00000003133
0.00000003853
0.00000004861
0.00000005515
0.00000004225
0.00000005033
0.00000006657
0.00000005863
0.00000005259
0.00000007379
0.00000007025
0.00000006203
0.00000005963
0.00000005709
0.00000005629
0.00000005894
0.00000005839
0.00000006462
0.00000007168
0.00000005470
0.00000006358
0.00000005287
0.00000006767
0.00000005286
0.00000004342
0.00000006222
0.00000006009
0.00000005446
0.00000005100
0.00000004807
0.00000004014
0.00000003661
0.00000005481
0.00000004406
0.00000002613
0.00000003703
0.00000001183
0.00000001740
0.00000002014
0.00000001603
0.00000004440
0.00000003977
0.00000004554
0.00000004669
0.00000005368
0.00000005751
0.00000006707
0.00000004708
0.00000005777
0.00000004260
0.00000005309
0.00000004688
0.00000006303
0.00000006063
0.00000005234
0.00000004968
0.00000004299
0.00000004539
0.00000003892
0.00000003647
0.00000002840
0.00000004553
0.00000003887
0.00000002412
0.00000003489
0.00000001401
0.00000002498
0.00000003172
0.00000004748
0.00000005915
0.00000005240
0.00000006774
0.00000006247
0.00000005514
0.00000005537
0.00000005127
0.00000005158
0.00000005146
0.00000004593
0.00000004290
0.00000004678
0.00000004768
0.00000004876
0.00000005445
0.00000005608
0.00000005843
0.00000003748
0.00000004754
0.00000005006
0.00000005665
0.00000003206
0.00000003318
0.00000004212
0.00000004693
0.00000005860
0.00000006735
0.00000005447
0.00000006112
0.00000004719
0.00000005568
0.00000004431
0.00000005416
0.00000004273
0.00000005427
0.00000003259
0.00000003942
0.00000003935
0.00000004549
0.00000004624
0.00000005251
0.00000005475
0.00000005003
0.00000004458
0.00000003700
0.00000003455
0.00000002688
0.00000005263
0.00000004922
0.00000005167
0.00000005331
0.00000006229
0.00000007482
0.00000005851
0.00000007964
0.00000007227
0.00000007466
0.00000008114
0.00000005928
0.00000007498
0.00000006605
0.00000008932
0.00000006496
0.00000006728
0.00000007910
0.00000007178
0.00000008714
0.00000008283
0.00000007973
0.00000004889
0.00000005293
0.00000005873
0.00000006281
0.00000006618
0.00000003850
0.00000004155
0.00000004889
0.00000005849
0.00000006268
0.00000004830
0.00000006287
0.00000005273
0.00000007103
0.00000006757
0.00000006268
0.00000006542
0.00000006382
0.00000007067
0.00000005208
0.00000005551
0.00000006646
0.00000005590
0.00000007100
0.00000006353
0.00000005838
0.00000004736
0.00000004094
0.00000005537
0.00000004391
0.00000002205
0.00000002815
0.00000003567
0.00000003757
0.00000004175
0.00000003874
0.00000003569
0.00000002242
0.00000001281
0.00000002350
0.00000003510
0.00000004019
0.00000002029
0.00000002581
0.00000002349
0.00000002672
0.00000002766
0.00000002180
0.00000004182
0.00000003283
0.00000001519
0.00000003053
0.00000004205
0.00000002273
0.00000003362
0.00000004260
0.00000004632
0.00000002638
0.00000003240
0.00000003495
0.00000003686
0.00000004016
0.00000004173
0.00000003917
0.00000004201
0.00000004764
0.00000005108
0.00000006213
0.00000007771
0.00000006899
0.00000005342
0.00000004323
0.00000005918
0.00000004392
0.00000003145
0.00000004369
0.00000002356
0.00000003466
0.00000004334
0.00000004554
0.00000002768
0.00000003427
0.00000003638
0.00000003339
0.00000003552
0.00000003699
0.00000003743
0.00000003306
0.00000002495
0.00000004011
0.00000002655
0.00000003830
0.00000002412
0.00000004284
0.00000006207
0.00000005276
0.00000004598
0.00000003737
0.00000004846
0.00000003715
0.00000005399
0.00000004554
0.00000003365
0.00000004644
0.00000003619
0.00000004653
0.00000004061
0.00000006279
0.00000006117
0.00000006205
0.00000006942
0.00000008035
0.00000006996
0.00000005798
0.00000007856
0.00000007299
0.00000006387
0.00000006230
0.00000005973
0.00000006360
0.00000006105
0.00000006510
0.00000004355
0.00000003995
0.00000004201
0.00000004515
0.00000004475
0.00000004379
0.00000005108
0.00000005176
0.00000005659
0.00000005753
0.00000004160
0.00000005543
0.00000006719
0.00000005875
0.00000007223
0.00000006519
0.00000005548
0.00000005365
0.00000004547
0.00000004347
0.00000004220
0.00000003772
0.00000006080
0.00000005393
0.00000005532
0.00000005201
0.00000005617
0.00000005875
0.00000005749
0.00000003620
0.00000003964
0.00000003979
0.00000004852
0.00000005458
0.00000006428
0.00000004590
0.00000004909
0.00000006178
0.00000004325
0.00000005599
0.00000004307
0.00000004606
0.00000002687
0.00000002945
0.00000003664
0.00000003557
0.00000003375
0.00000003061
0.00000002026
0.00000004123
0.00000003257
0.00000002782
0.00000004549
0.00000004209
0.00000003896
0.00000005396
0.00000004782
0.00000003666
0.00000003049
0.00000004976
0.00000004401
0.00000003407
0.00000005470
0.00000004788
0.00000004136
0.00000005560
0.00000004880
0.00000004109
0.00000002599
0.00000004057
0.00000003137
0.00000003961
0.00000002638
0.00000003665
0.00000003987
0.00000001157
0.00000003993
0.00000004497
0.00000004511
0.00000004520
0.00000004005
0.00000003988
0.00000003596
0.00000003153
0.00000001939
0.00000003590
0.00000002496
0.00000003777
0.00000004533
0.00000002729
0.00000002637
0.00000002508
0.00000002131
0.00000001849
0.00000003907
0.00000003862
0.00000003818
0.00000004136
0.00000003983
0.00000004389
0.00000004911
0.00000005603
0.00000006140
0.00000004738
0.00000005452
0.00000004385
0.00000006246
0.00000005253
0.00000007337
0.00000006564
0.00000006470
0.00000006461
0.00000006298
0.00000005588
0.00000005600
0.00000004988
0.00000004936
0.00000004409
0.00000004709
0.00000004501
0.00000004753
0.00000004293
0.00000004332
0.00000003978
0.00000003802
0.00000003913
0.00000003728
0.00000003805
0.00000003374
0.00000003298
0.00000002698
0.00000005287
0.00000004411
0.00000003682
0.00000002404
0.00000004117
0.00000003016
0.00000004303
0.00000002478
0.00000003960
0.00000004631
0.00000003249
0.00000004104
0.00000004798
0.00000002323
0.00000003103
0.00000004125
0.00000005273
0.00000006041
0.00000004950
0.00000006644
0.00000005218
0.00000004300
0.00000006480
0.00000005531
0.00000005247
0.00000004811
0.00000003874
0.00000004192
0.00000004893
0.00000005976
0.00000007007
0.00000006248
0.00000008402
0.00000007755
0.00000007937
0.00000005369
0.00000006293
0.00000007277
0.00000006529
0.00000008115
0.00000007776
0.00000007370
0.00000007982
0.00000006042
0.00000007297
0.00000005612
0.00000007105
0.00000005737
0.00000005293
0.00000007008
0.00000006845
0.00000006368
0.00000006676
0.00000006292
0.00000005824
0.00000004957
0.00000004403
0.00000003698
0.00000002251
0.00000004208
0.00000003176
0.00000004078
0.00000002387
0.00000002904
0.00000002575
0.00000001955
0.00000000930
0.00000001117
0.00000001323
0.00000000697
0.00000000153
0.00000001716
0.00000002343
0.00000002700
-0.00000000603
0.00000001418
-0.00000000176
0.00000001195
0.00000001687
0.00000001531
0.00000001768
0.00000000663
0.00000001935
-0.00000000125
0.00000000686
0.00000000690
0.00000002791
0.00000002141
0.00000000231
0.00000000189
0.00000000085
0.00000001381
-0.00000000355
0.00000000538
0.00000000378
-0.00000000267
0.00000001690
0.00000000862
0.00000001849
0.00000003065
0.00000003604
0.00000004328
0.00000004648
0.00000002483
0.00000002412
0.00000002854
0.00000002201
0.00000001758
0.00000003572
0.00000002389
0.00000003686
0.00000001812
0.00000001866
0.00000002194
0.00000001787
0.00000001541
0.00000003277
0.00000002523
0.00000004119
0.00000003075
0.00000003863
0.00000001901
0.00000002784
0.00000003084
0.00000003415
0.00000002996
0.00000001849
0.00000001136
0.00000002697
0.00000004256
0.00000003428
0.00000004280
0.00000002490
0.00000004138
0.00000005420
0.00000004803
0.00000006116
0.00000005718
0.00000004998
0.00000005352
0.00000005564
0.00000006368
0.00000006870
0.00000005594
0.00000006941
0.00000006404
0.00000005328
0.00000007449
0.00000007137
0.00000006462
0.00000005970
0.00000004850
0.00000004120
0.00000003340
0.00000004740
0.00000004056
0.00000005643
0.00000004949
0.00000004224
0.00000006481
0.00000005685
0.00000005683
0.00000005431
0.00000005220
0.00000005084
0.00000004885
0.00000004790
0.00000004441
0.00000004353
0.00000004229
0.00000004000
0.00000003821
0.00000003886
0.00000003381
0.00000002941
0.00000004817
0.00000003919
0.00000003000
0.00000004648
0.00000003121
0.00000003786
0.00000001872
0.00000002619
0.00000003196
0.00000003582
0.00000003636
0.00000003717
0.00000003724
0.00000003757
0.00000003880
0.00000003883
0.00000003864
0.00000003667
0.00000003096
0.00000002776
0.00000005279
0.00000004752
0.00000004665
0.00000004685
0.00000004814
0.00000004637
0.00000005006
0.00000005480
0.00000006115
0.00000004421
0.00000005929
0.00000007222
0.00000006450
0.00000005960
0.00000005702
0.00000005786
0.00000005441
0.00000005672
0.00000005999
0.00000006319
0.00000003444
0.00000003935
0.00000004423
0.00000004732
0.00000004280
0.00000004658
0.00000005155
0.00000005198
0.00000004953
0.00000004450
0.00000003309
0.00000002287
0.00000003692
0.00000002235
0.00000002886
0.00000003231
0.00000002984
0.00000002827
0.00000002604
0.00000001995
0.00000003609
0.00000001920
0.00000001981
0.00000001980
0.00000001403
0.00000000594
0.00000002056
0.00000002639
0.00000000790
0.00000001305
0.00000001684
0.00000002073
0.00000004232
0.00000004332
0.00000004256
0.00000003866
0.00000002605
0.00000001936
0.00000003424
0.00000002008
0.00000002515
0.00000003569
0.00000004555
0.00000002541
0.00000003023
0.00000002674
0.00000002312
0.00000001741
0.00000003394
0.00000002901
0.00000004961
0.00000004213
0.00000003138
0.00000005145
0.00000004628
0.00000003580
0.00000005940
0.00000005464
0.00000005997
0.00000006540
0.00000006810
0.00000005271
0.00000006547
0.00000005252
0.00000007880
0.00000008167
0.00000009328
0.00000008173
0.00000007262
0.00000007471
0.00000007756
0.00000008687
0.00000006843
0.00000005858
0.00000007332
0.00000007097
0.00000006043
0.00000005300
0.00000004201
0.00000003292
0.00000004247
0.00000002997
0.00000003832
0.00000002597
0.00000004007
0.00000004688
0.00000003116
0.00000003423
0.00000004402
0.00000005508
0.00000003310
0.00000004539
0.00000005924
0.00000005033
0.00000006165
0.00000005359
0.00000004609
0.00000005782
0.00000004628
0.00000003198
0.00000004391
0.00000002991
0.00000003437
0.00000004412
0.00000005206
0.00000002968
0.00000002886
0.00000003229
0.00000003582
0.00000003883
0.00000003296
0.00000003065
0.00000002913
0.00000002949
0.00000004799
0.00000004438
0.00000003641
0.00000002291
0.00000003822
0.00000002848
0.00000004847
0.00000004595
0.00000006872
0.00000006519
0.00000006903
0.00000007014
0.00000004741
0.00000004660
0.00000005648
0.00000006338
0.00000004327
0.00000006033
0.00000005405
0.00000007322
0.00000007378
0.00000006978
0.00000007346
0.00000004980
0.00000005767
0.00000006701
0.00000004659
0.00000005520
0.00000005893
0.00000004359
0.00000004670
0.00000005670
0.00000003676
0.00000004852
0.00000005624
0.00000004298
0.00000005763
0.00000006678
0.00000005269
0.00000003851
0.00000004259
0.00000002354
0.00000003037
0.00000004025
0.00000005174
0.00000005909
0.00000004597
0.00000006147
0.00000005333
0.00000004819
0.00000006480
0.00000006467
0.00000007076
0.00000008102
0.00000005995
0.00000007763
0.00000006954
0.00000005665
0.00000005502
0.00000006050
0.00000006394
0.00000007707
0.00000006361
0.00000008316
0.00000007961
0.00000007881
0.00000008487
0.00000006235
0.00000007061
0.00000005142
0.00000006396
0.00000004342
0.00000005653
0.00000004206
0.00000005207
0.00000003682
0.00000004101
0.00000004791
0.00000002307
0.00000002899
0.00000003031
0.00000003720
0.00000003978
0.00000004749
0.00000005473
0.00000006591
0.00000004764
0.00000006046
0.00000004547
0.00000006074
0.00000004623
0.00000006303
0.00000005043
0.00000004684
0.00000006910
0.00000006325
0.00000005636
0.00000005403
0.00000005294
0.00000004849
0.00000004768
0.00000005067
0.00000004958
0.00000005779
0.00000006679
0.00000005298
0.00000006725
0.00000005042
0.00000006813
0.00000006281
0.00000005504
0.00000005911
0.00000005685
0.00000006106
0.00000006915
0.00000007579
0.00000006378
0.00000005471
0.00000007422
0.00000006456
0.00000005827
0.00000005552
0.00000004760
0.00000004915
0.00000005068
0.00000004867
0.00000005289
0.00000005956
0.00000006264
0.00000004787
0.00000005753
0.00000006968
0.00000006070
0.00000005010
0.00000007365
0.00000006475
0.00000006324
0.00000006010
0.00000005335
0.00000005440
0.00000004882
0.00000004571
0.00000004621
0.00000004281
0.00000004357
0.00000003919
0.00000004362
0.00000004340
0.00000004992
0.00000004688
0.00000004773
0.00000004394
0.00000004507
0.00000004155
0.00000004010
0.00000003606
0.00000002888
0.00000005181
0.00000004696
0.00000003256
0.00000001918
0.00000003086
0.00000003307
0.00000003750
0.00000001358
0.00000004023
0.00000004081
0.00000004167
0.00000003887
0.00000003003
0.00000003001
0.00000003017
0.00000005347
0.00000004743
0.00000003398
0.00000002187
0.00000003195
0.00000001587
0.00000002666
0.00000003444
0.00000004490
0.00000004665
0.00000004547
0.00000001242
0.00000000719
0.00000002933
0.00000002453
0.00000004695
0.00000003579
0.00000005400
0.00000004836
0.00000003932
0.00000002888
0.00000004354
0.00000003255
0.00000004603
0.00000002645
0.00000003671
0.00000004640
0.00000002876
0.00000003675
0.00000004143
0.00000004367
0.00000004316
0.00000004131
0.00000003759
0.00000002412
0.00000001314
0.00000002809
0.00000003716
0.00000002603
0.00000003885
0.00000004696
0.00000002102
0.00000002379
0.00000002399
0.00000001757
0.00000004148
0.00000003493
0.00000002355
0.00000004165
0.00000003069
0.00000003694
0.00000001762
0.00000002274
0.00000002074
0.00000002242
0.00000002287
0.00000004099
0.00000003415
0.00000002487
0.00000003462
0.00000002499
0.00000003790
0.00000004471
0.00000003083
0.00000004335
0.00000004816
0.00000003557
0.00000005030
0.00000006450
0.00000004574
0.00000006381
0.00000005561
0.00000004520
0.00000006618
0.00000006393
0.00000006182
0.00000006408
0.00000006568
0.00000004466
0.00000005128
0.00000005046
0.00000005402
0.00000005211
0.00000002708
0.00000005434
0.00000006005
0.00000006941
0.00000004897
0.00000006100
0.00000004257
0.00000005752
0.00000006709
0.00000005509
0.00000004233
0.00000005000
0.00000003573
0.00000004295
0.00000005589
0.00000003543
0.00000004631
0.00000002957
0.00000003075
0.00000003695
0.00000003865
0.00000003727
0.00000003951
0.00000003744
0.00000003567
0.00000002548
0.00000001917
0.00000003520
0.00000002399
0.00000002990
0.00000004242
0.00000002659
0.00000003001
0.00000002754
0.00000002844
0.00000002654
0.00000002309
0.00000003743
0.00000002680
0.00000003989
0.00000002321
0.00000003535
0.00000005029
0.00000003712
0.00000006147
0.00000006227
0.00000005863
0.00000006144
0.00000005962
0.00000006331
0.00000003870
0.00000004404
0.00000004596
0.00000005169
0.00000005592
0.00000005617
0.00000003745
0.00000003785
0.00000004443
0.00000004560
0.00000004976
0.00000004958
0.00000005797
0.00000003532
0.00000004638
0.00000005354
0.00000006546
0.00000004579
0.00000005707
0.00000004008
0.00000004444
0.00000005332
0.00000003340
0.00000004613
0.00000005606
0.00000003360
0.00000003807
0.00000003960
0.00000004091
0.00000004495
0.00000004256
0.00000004534
0.00000004738
0.00000004768
0.00000004360
0.00000004212
0.00000004007
0.00000003360
0.00000002091
0.00000003580
0.00000002331
0.00000003914
0.00000005187
0.00000002997
0.00000003723
0.00000003806
0.00000004314
0.00000004725
0.00000004668
0.00000004945
0.00000004411
0.00000004190
0.00000003869
0.00000003411
0.00000002216
0.00000003964
0.00000002803
0.00000004340
0.00000002450
0.00000003419
0.00000004305
0.00000002411
0.00000002883
0.00000003067
0.00000003346
0.00000003370
0.00000002863
0.00000002696
0.00000005196
0.00000005002
0.00000004555
0.00000003594
0.00000003315
0.00000006007
0.00000005822
0.00000005662
0.00000005620
0.00000005787
0.00000005150
0.00000004611
0.00000004330
0.00000003895
0.00000003795
0.00000003962
0.00000004417
0.00000006936
0.00000004879
0.00000005799
0.00000006840
0.00000005223
0.00000006952
0.00000005945
0.00000004915
0.00000004289
0.00000006063
0.00000006003
0.00000005876
0.00000005779
0.00000005423
0.00000005801
0.00000006701
0.00000008129
0.00000006787
0.00000006124
0.00000005539
0.00000005321
0.00000005333
0.00000004827
0.00000004586
0.00000004633
0.00000004909
0.00000005538
0.00000005973
0.00000005787
0.00000003397
0.00000003677
0.00000003337
0.00000003274
0.00000003016
0.00000004696
0.00000004342
0.00000004027
0.00000003011
0.00000004978
0.00000004285
0.00000003190
0.00000005077
0.00000004605
0.00000003858
0.00000005796
0.00000004508
0.00000003758
0.00000002950
0.00000005009
0.00000004362
0.00000005627
0.00000005066
0.00000003618
0.00000005154
0.00000004175
0.00000005071
0.00000003965
0.00000002429
0.00000002912
0.00000002821
0.00000002944
0.00000002970
0.00000002752
0.00000001924
0.00000003990
0.00000003174
0.00000002480
0.00000003938
0.00000003519
0.00000005886
0.00000005792
0.00000005087
0.00000004647
0.00000004233
0.00000003391
0.00000005663
0.00000004563
0.00000004504
0.00000004315
0.00000004802
0.00000004803
0.00000005283
0.00000005882
0.00000005994
0.00000003559
0.00000004195
0.00000004670
0.00000004284
0.00000004011
0.00000004152
0.00000004280
0.00000005367
0.00000006261
0.00000008050
0.00000006825
0.00000006142
0.00000005514
0.00000005399
0.00000004789
0.00000004938
0.00000004259
0.00000004055
0.00000003983
0.00000003284
0.00000005680
0.00000004985
0.00000004904
0.00000005137
0.00000005518
0.00000006622
0.00000006934
0.00000005097
0.00000005179
0.00000003269
0.00000003787
0.00000003738
0.00000003700
0.00000003385
0.00000003183
0.00000002517
0.00000004931
0.00000005051
0.00000004729
0.00000004774
0.00000005019
0.00000004784
0.00000005059
0.00000005047
0.00000005989
0.00000006939
0.00000006174
0.00000007915
0.00000006751
0.00000006258
0.00000006276
0.00000006015
0.00000006495
0.00000007246
0.00000005113
0.00000006262
0.00000007421
0.00000007323
0.00000007098
0.00000007994
0.00000008818
0.00000007540
0.00000006756
0.00000006911
0.00000006745
0.00000006812
0.00000007427
0.00000006120
0.00000008279
0.00000008703
0.00000008770
0.00000006672
0.00000007053
0.00000005647
0.00000007928
0.00000007450
0.00000007274
0.00000007012
0.00000007314
0.00000005151
0.00000005597
0.00000006184
0.00000004108
0.00000004682
0.00000005069
0.00000005644
0.00000003675
0.00000004273
0.00000005079
0.00000005678
0.00000003738
0.00000004082
0.00000004626
0.00000005123
0.00000003421
0.00000003487
0.00000003415
0.00000003110
0.00000002139
0.00000003473
0.00000002486
0.00000003195
0.00000003648
0.00000001482
0.00000001486
0.00000000420
0.00000001940
0.00000000207
0.00000000113
0.00000000023
0.00000002350
0.00000000940
0.00000002385
0.00000003509
0.00000001319
0.00000001793
0.00000001778
0.00000001158
0.00000003160
0.00000001785
0.00000002979
0.00000000602
0.00000001026
0.00000000476
0.00000002331
0.00000001609
0.00000002707
0.00000001515
0.00000002085
0.00000002338
0.00000002639
0.00000001814
0.00000000357
0.00000001372
0.00000001940
0.00000001954
0.00000001407
0.00000001263
0.00000003288
0.00000002327
0.00000003530
0.00000002128
0.00000002027
0.00000001370
0.00000001383
0.00000003255
0.00000003059
0.00000002621
0.00000005474
0.00000006148
0.00000006882
0.00000008398
0.00000007582
0.00000006433
0.00000006074
0.00000005604
0.00000005572
0.00000005730
0.00000006921
0.00000007789
0.00000006882
0.00000006317
0.00000005428
0.00000008092
0.00000005428
0.00000006279
0.00000006914
0.00000007870
0.00000007102
0.00000006383
0.00000006356
0.00000006116
0.00000006548
0.00000006446
0.00000006467
0.00000004751
0.00000005304
0.00000006641
0.00000004819
0.00000006562
0.00000005397
0.00000007160
0.00000006840
0.00000005917
0.00000005277
0.00000004409
0.00000003704
0.00000005388
0.00000003725
0.00000002411
0.00000003062
0.00000003898
0.00000003652
0.00000003383
0.00000002832
0.00000001652
0.00000003002
0.00000003973
0.00000002002
0.00000001652
0.00000001339
0.00000001252
0.00000002322
0.00000000870
0.00000001378
0.00000001293
0.00000001157
0.00000001365
0.00000002907
0.00000002371
0.00000004468
0.00000004100
0.00000003993
0.00000003777
0.00000003648
0.00000006354
0.00000006352
0.00000006190
0.00000006144
0.00000006456
0.00000006419
0.00000007536
0.00000006695
0.00000008559
0.00000008057
0.00000007588
0.00000007943
0.00000005572
0.00000005714
0.00000006505
0.00000006833
0.00000005207
0.00000005561
0.00000003527
0.00000003621
0.00000004487
0.00000004657
0.00000004865
0.00000003318
0.00000004030
0.00000005176
0.00000005768
0.00000004400
0.00000005433
0.00000004102
0.00000006371
0.00000006293
0.00000006654
0.00000007973
0.00000009029
0.00000008544
0.00000007970
0.00000008415
0.00000008823
0.00000007360
0.00000009653
0.00000009024
0.00000008814
0.00000006487
0.00000007411
0.00000005366
0.00000006045
0.00000004247
0.00000005699
0.00000003651
0.00000004183
0.00000004271
0.00000002094
0.00000001923
0.00000004468
0.00000004105
0.00000004016
0.00000003388
0.00000002445
0.00000004254
0.00000002638
0.00000003510
0.00000002061
0.00000002630
0.00000003979
0.00000004818
0.00000003831
0.00000005056
0.00000004033
0.00000005631
0.00000004023
0.00000005361
0.00000003312
0.00000004113
0.00000002252
0.00000002589
0.00000003412
0.00000003805
0.00000003464
0.00000003558
0.00000003407
0.00000002530
0.00000004821
0.00000004225
0.00000002817
0.00000004602
0.00000003499
0.00000001494
0.00000002247
0.00000002709
0.00000003047
0.00000003013
0.00000002292
0.00000002000
0.00000004259
0.00000003699
0.00000002975
0.00000004752
0.00000003158
0.00000004532
0.00000002790
0.00000003468
0.00000003757
0.00000003000
0.00000002678
0.00000001634
0.00000002798
0.00000001108
0.00000001163
0.00000001275
0.00000001067
0.00000003408
0.00000002787
0.00000001343
0.00000002516
0.00000003376
0.00000001364
0.00000001560
0.00000001479
0.00000003852
0.00000003002
0.00000002860
0.00000004774
0.00000004210
0.00000003598
0.00000005287
0.00000004623
0.00000003207
0.00000004844
0.00000003774
0.00000005552
0.00000005108
0.00000004350
0.00000006971
0.00000007041
0.00000006778
0.00000004317
0.00000004780
0.00000005175
0.00000006671
0.00000005193
0.00000006811
0.00000006193
0.00000005409
0.00000005348
0.00000007207
0.00000004538
0.00000004683
0.00000004310
0.00000004665
0.00000004438
0.00000004889
0.00000004807
0.00000005307
0.00000005716
0.00000005819
0.00000003767
0.00000003921
0.00000003804
0.00000003393
0.00000003640
0.00000004006
0.00000003930
0.00000004434
0.00000004797
0.00000004613
0.00000004790
0.00000005160
0.00000005119
0.00000005640
0.00000006154
0.00000005980
0.00000003912
0.00000004506
0.00000004866
0.00000006312
0.00000008013
0.00000006659
0.00000006369
0.00000006101
0.00000005431
0.00000005790
0.00000006260
0.00000007149
0.00000005003
0.00000005973
0.00000007017
0.00000004669
0.00000005590
0.00000003278
0.00000003905
0.00000004262
0.00000003651
0.00000003552
0.00000003682
0.00000003337
0.00000003630
0.00000004139
0.00000004030
0.00000004498
0.00000005197
0.00000006164
0.00000006779
0.00000005682
0.00000006679
0.00000005734
0.00000004129
0.00000005648
0.00000004346
0.00000002424
0.00000003703
0.00000004741
0.00000002388
0.00000003379
0.00000004054
0.00000004653
0.00000004739
0.00000005352
0.00000005358
0.00000002921
0.00000002713
0.00000002507
0.00000004877
0.00000003781
0.00000002978
0.00000004474
0.00000002779
0.00000003810
0.00000001910
0.00000002805
0.00000002912
0.00000002988
0.00000002589
0.00000002065
0.00000004119
0.00000003057
0.00000003840
0.00000002389
0.00000003493
0.00000004171
0.00000004685
0.00000002944
0.00000002955
0.00000003549
0.00000003848
0.00000004394
0.00000005012
0.00000005769
0.00000003904
0.00000004187
0.00000005140
0.00000005829
0.00000004107
0.00000005164
0.00000005781
0.00000004677
0.00000006365
0.00000005778
0.00000007409
0.00000007216
0.00000006919
0.00000007388
0.00000005397
0.00000005655
0.00000006163
0.00000003240
0.00000003569
0.00000003501
0.00000003792
0.00000003768
0.00000003939
0.00000004179
0.00000003784
0.00000003675
0.00000002802
0.00000001968
0.00000003132
0.00000002011
0.00000002815
0.00000003118
0.00000003547
0.00000003671
0.00000003650
0.00000003683
0.00000002415
0.00000001549
0.00000002460
0.00000003591
0.00000001847
0.00000002321
0.00000002717
0.00000003236
0.00000003121
0.00000003390
0.00000003440
0.00000003336
0.00000002551
0.00000002109
0.00000004065
0.00000002706
0.00000003037
0.00000000940
0.00000000457
0.00000002561
0.00000001184
0.00000001716
0.00000002247
0.00000001871
0.00000000822
-0.00000000520
0.00000000698
0.00000000578
0.00000000903
0.00000000185
0.00000001675
-0.00000000164
-0.00000000491
-0.00000001254
0.00000000096
0.00000001534
0.00000002002
0.00000002110
0.00000002252
0.00000001872
0.00000001411
0.00000004597
0.00000004621
0.00000005229
0.00000005309
0.00000005861
0.00000007169
0.00000005230
0.00000006125
0.00000005326
0.00000007160
0.00000006880
0.00000007514
0.00000008068
0.00000006705
0.00000007909
0.00000006891
0.00000006751
0.00000006494
0.00000007282
0.00000007870
0.00000006430
0.00000007563
0.00000006677
0.00000006518
0.00000005782
0.00000006047
0.00000006808
0.00000007607
0.00000006848
0.00000008395
0.00000007896
0.00000008266
0.00000005685
0.00000006758
0.00000008412
0.00000007541
0.00000007868
0.00000008523
0.00000009902
0.00000009037
0.00000008000
0.00000007678
0.00000006931
0.00000006364
0.00000006306
0.00000005722
0.00000005299
0.00000004984
0.00000004314
0.00000003970
0.00000003213
0.00000005325
0.00000004021
0.00000002909
0.00000004423
0.00000002497
0.00000003474
0.00000004257
0.00000004203
0.00000001634
0.00000001202
0.00000003747
0.00000003110
0.00000002536
0.00000003814
0.00000002899
0.00000003838
0.00000002320
0.00000002615
0.00000003142
0.00000003610
0.00000003122
0.00000002312
0.00000001737
0.00000002983
0.00000002058
0.00000003712
0.00000005268
0.00000004369
0.00000003767
0.00000005046
0.00000003858
0.00000006063
0.00000005944
0.00000005825
0.00000006601
0.00000007037
0.00000008039
0.00000006511
0.00000004491
0.00000005610
0.00000005156
0.00000007046
0.00000007097
0.00000006808
0.00000007296
0.00000005222
0.00000006340
0.00000007366
0.00000006811
0.00000006050
0.00000005382
0.00000005513
0.00000005606
0.00000006660
0.00000007329
0.00000005513
0.00000007239
0.00000006229
0.00000005673
0.00000004309
0.00000005555
0.00000004772
0.00000003650
0.00000005417
0.00000003862
0.00000005056
0.00000003955
0.00000002032
0.00000003073
0.00000003492
0.00000004607
0.00000004816
0.00000002700
0.00000003020
0.00000002816
0.00000003119
0.00000003565
0.00000003559
0.00000004047
0.00000004751
0.00000005181
0.00000006438
0.00000005607
0.00000007801
0.00000008334
0.00000009556
0.00000008186
0.00000007564
0.00000006966
0.00000007594
0.00000008341
0.00000006904
0.00000008971
0.00000008942
0.00000009247
0.00000007477
0.00000009515
0.00000008937
0.00000008993
0.00000006965
0.00000007728
0.00000007147
0.00000008994
0.00000008284
0.00000004813
0.00000004212
0.00000006248
0.00000005769
0.00000005232
0.00000005575
0.00000005995
0.00000006526
0.00000007478
0.00000005994
0.00000007388
0.00000006608
0.00000006214
0.00000006268
0.00000006460
0.00000007393
0.00000008340
0.00000006991
0.00000005966
0.00000008331
0.00000007717
0.00000004564
0.00000004452
0.00000006443
0.00000005549
0.00000004979
0.00000003705
0.00000002247
0.00000003576
0.00000003994
0.00000002293
0.00000002530
0.00000003186
0.00000003337
0.00000003230
0.00000003172
0.00000002323
0.00000001719
0.00000003429
0.00000001928
0.00000003252
0.00000003900
0.00000002372
0.00000003843
0.00000004490
0.00000005796
0.00000003845
0.00000004807
0.00000003542
0.00000004513
0.00000005931
0.00000004677
0.00000005612
0.00000004613
0.00000005712
0.00000004769
0.00000005972
0.00000005524
0.00000004795
0.00000007338
0.00000007796
0.00000005455
0.00000005835
0.00000006657
0.00000004508
0.00000005906
0.00000006837
0.00000005190
0.00000006751
0.00000005223
0.00000004054
0.00000006259
0.00000005519
0.00000005399
0.00000004394
0.00000003269
0.00000005233
0.00000004248
0.00000003007
0.00000004896
0.00000003354
0.00000001232
0.00000002270
0.00000002556
0.00000002461
0.00000002610
0.00000001636
0.00000002929
0.00000001666
0.00000002288
0.00000002570
0.00000003199
0.00000002938
0.00000002912
0.00000001765
0.00000003216
0.00000002321
0.00000003512
0.00000002471
0.00000003052
0.00000003567
0.00000004361
0.00000002313
0.00000002122
0.00000001758
0.00000003219
0.00000001776
0.00000002824
0.00000000776
0.00000000905
0.00000002370
0.00000000847
0.00000001084
0.00000000934
0.00000000241
0.00000001031
-0.00000000756
0.00000002010
0.00000001797
0.00000001310
0.00000002740
0.00000001214
0.00000001992
0.00000001830
0.00000001781
0.00000002061
0.00000001469
0.00000003048
0.00000001931
0.00000003181
0.00000003991
0.00000001928
0.00000002184
0.00000002059
0.00000001572
0.00000003837
0.00000002522
0.00000001339
0.00000003523
0.00000004899
0.00000003604
0.00000004923
0.00000003937
0.00000005486
0.00000004400
0.00000005997
0.00000004981
0.00000004158
0.00000007148
0.00000007225
0.00000007863
0.00000008650
0.00000007017
0.00000005960
0.00000007644
0.00000007030
0.00000006903
0.00000006846
0.00000007212
0.00000007513
0.00000006364
0.00000008046
0.00000007761
0.00000008048
0.00000008680
0.00000007600
0.00000009766
0.00000009732
0.00000006830
0.00000007325
0.00000008353
0.00000006879
0.00000006036
0.00000009032
0.00000009195
0.00000008102
0.00000009599
0.00000008954
0.00000008924
0.00000006839
0.00000008369
0.00000007111
0.00000008836
0.00000008566
0.00000008374
0.00000005765
0.00000005914
0.00000006358
0.00000007363
0.00000005836
0.00000007375
0.00000006539
0.00000005859
0.00000005549
0.00000006190
0.00000006630
0.00000007212
0.00000005599
0.00000006623
0.00000005020
0.00000006209
0.00000005431
0.00000003797
0.00000004741
0.00000002725
0.00000002928
0.00000003369
0.00000003604
0.00000004068
0.00000003731
0.00000003866
0.00000003500
0.00000003400
0.00000003934
0.00000003771
0.00000004119
0.00000004160
0.00000004676
0.00000005085
0.00000005952
0.00000006192
0.00000004324
0.00000004585
0.00000005383
0.00000005948
0.00000004404
0.00000005058
0.00000006200
0.00000005433
0.00000006937
0.00000006286
0.00000005328
0.00000005019
0.00000004281
0.00000006698
0.00000006887
0.00000006463
0.00000006474
0.00000005900
0.00000003484
0.00000005909
0.00000006128
0.00000006384
0.00000005642
0.00000002799
0.00000005046
0.00000004397
0.00000003913
0.00000002647
0.00000004677
0.00000003233
0.00000002401
0.00000004007
0.00000002667
0.00000004104
0.00000005806
0.00000004474
0.00000006003
0.00000004819
0.00000002945
0.00000003799
0.00000002259
0.00000003233
0.00000005167
0.00000006889
0.00000005747
0.00000005358
0.00000004957
0.00000005223
0.00000005404
0.00000005025
0.00000005311
0.00000005252
0.00000006094
0.00000006418
0.00000005032
0.00000005953
0.00000005129
0.00000007630
0.00000006984
0.00000007351
0.00000007604
0.00000006551
0.00000007610
0.00000007062
0.00000006492
0.00000006695
0.00000006856
0.00000007816
0.00000005818
0.00000006686
0.00000006127
0.00000007799
0.00000007240
0.00000007477
0.00000007258
0.00000004975
0.00000005095
0.00000005531
0.00000006578
0.00000005650
0.00000007167
0.00000006651
0.00000006978
0.00000006939
0.00000007094
0.00000004652
0.00000005242
0.00000005136
0.00000005045
0.00000005423
0.00000005398
0.00000005268
0.00000005365
0.00000005189
0.00000004541
0.00000004075
0.00000004304
0.00000004393
0.00000003989
0.00000004376
0.00000004028
0.00000004063
0.00000003926
0.00000004179
0.00000005149
0.00000006196
0.00000006852
0.00000005490
0.00000006134
0.00000004235
0.00000005850
0.00000004434
0.00000006366
0.00000005440
0.00000005226
0.00000007661
0.00000005529
0.00000006019
0.00000006954
0.00000005821
0.00000007388
0.00000006665
0.00000006154
0.00000005542
0.00000005715
0.00000006573
0.00000007272
0.00000005717
0.00000007091
0.00000005764
0.00000004838
0.00000006311
0.00000005239
0.00000003707
0.00000004725
0.00000003570
0.00000004556
0.00000003041
0.00000004382
0.00000006110
0.00000004598
0.00000005607
0.00000003928
0.00000005036
0.00000004076
0.00000004824
0.00000002972
0.00000003826
0.00000004541
0.00000003107
0.00000003655
0.00000004653
0.00000004928
0.00000002780
0.00000003619
0.00000003640
0.00000003983
0.00000003552
0.00000003696
0.00000003332
0.00000003222
0.00000001966
0.00000003354
0.00000001510
0.00000001464
0.00000001585
0.00000000767
0.00000002003
0.00000000518
0.00000000601
0.00000000063
0.00000002089
0.00000000429
0.00000000901
0.00000001565
0.00000000724
-0.00000000126
0.00000000519
0.00000000937
0.00000001331
0.00000000658
0.00000002593
0.00000001579
0.00000002583
0.00000000882
0.00000001284
0.00000001502
0.00000001149
0.00000003513
0.00000002710
0.00000001248
0.00000001101
0.00000001043
-0.00000000055
0.00000001149
0.00000001537
0.00000001436
0.00000001117
0.00000000543
0.00000002099
0.00000002904
0.00000001304
0.00000002251
0.00000003199
0.00000003024
0.00000003034
0.00000003048
0.00000003110
0.00000003091
0.00000002607
0.00000004648
0.00000004563
0.00000004656
0.00000004449
0.00000004135
0.00000004087
0.00000003603
0.00000003764
0.00000003473
0.00000006370
0.00000006328
0.00000006758
0.00000004098
0.00000004732
0.00000004677
0.00000005039
0.00000005859
0.00000003377
0.00000003222
0.00000003547
0.00000002978
0.00000002435
0.00000001151
0.00000002278
0.00000003802
0.00000001982
0.00000003406
0.00000003841
0.00000004644
0.00000002406
0.00000002040
0.00000001770
0.00000003406
0.00000002489
0.00000003570
0.00000002367
0.00000003758
0.00000004129
0.00000002412
0.00000003135
0.00000003165
0.00000003211
0.00000002987
0.00000001990
0.00000001334
0.00000002879
0.00000003300
0.00000001476
0.00000002176
0.00000002351
0.00000002014
0.00000001813
0.00000003978
0.00000003584
0.00000002379
0.00000003966
0.00000002527
0.00000003268
0.00000004456
0.00000002547
0.00000002273
0.00000001969
0.00000001606
0.00000003617
0.00000002120
0.00000003754
0.00000002836
0.00000004166
0.00000003287
0.00000005181
0.00000003775
0.00000005588
0.00000004813
0.00000003388
0.00000005133
0.00000004111
0.00000005317
0.00000004333
0.00000003032
0.00000004046
0.00000005805
0.00000004512
0.00000006414
0.00000005980
0.00000005438
0.00000004404
0.00000004553
0.00000007127
0.00000005230
0.00000005784
0.00000006932
0.00000005308
0.00000006345
0.00000005190
0.00000006505
0.00000006155
0.00000005495
0.00000005422
0.00000005496
0.00000006198
0.00000006736
0.00000005584
0.00000007369
0.00000007703
0.00000007962
0.00000008546
0.00000007209
0.00000009483
0.00000009262
0.00000009480
0.00000007778
0.00000007255
0.00000009170
0.00000009001
0.00000006761
0.00000007203
0.00000008131
0.00000007030
0.00000005985
0.00000008353
0.00000005249
0.00000007619
0.00000007993
0.00000006023
0.00000007291
0.00000006312
0.00000008123
0.00000007812
0.00000008133
0.00000005543
0.00000005825
0.00000006122
0.00000004258
0.00000005576
0.00000006784
0.00000004899
0.00000006853
0.00000005851
0.00000005112
0.00000004752
0.00000007265
0.00000007942
0.00000005507
0.00000005645
0.00000006638
0.00000005977
0.00000007927
0.00000007147
0.00000006413
0.00000005863
0.00000006107
0.00000005671
0.00000006608
0.00000007393
0.00000005837
0.00000007065
0.00000005798
0.00000004910
0.00000006646
0.00000005932
0.00000006023
0.00000005865
0.00000005976
0.00000006211
0.00000006547
0.00000004880
0.00000005670
0.00000006594
0.00000005730
0.00000007685
0.00000007372
0.00000007029
0.00000007616
0.00000005162
0.00000005859
0.00000005941
0.00000003888
0.00000003801
0.00000004346
0.00000004058
0.00000004034
0.00000003166
0.00000002059
0.00000003502
0.00000001349
0.00000002231
0.00000002423
0.00000002899
0.00000003063
0.00000002399
0.00000002105
0.00000003552
0.00000002699
0.00000003489
0.00000002021
0.00000002912
0.00000002883
0.00000002894
0.00000002632
0.00000002184
0.00000003495
0.00000002371
0.00000002962
0.00000001477
0.00000002378
0.00000003238
0.00000003933
0.00000004006
0.00000004609
0.00000005585
0.00000003215
0.00000003888
0.00000004602
0.00000004656
0.00000004971
0.00000002578
0.00000002512
0.00000005677
0.00000005876
0.00000003753
0.00000003813
0.00000004312
0.00000004892
0.00000004586
0.00000004570
0.00000004259
0.00000003186
0.00000002303
0.00000003461
0.00000001420
0.00000002183
0.00000002241
0.00000002973
0.00000003214
0.00000003617
0.00000003478
0.00000003705
0.00000003933
0.00000003547
0.00000003960
0.00000004475
0.00000004732
0.00000005997
0.00000007363
0.00000006530
0.00000007916
0.00000007237
0.00000006887
0.00000006374
0.00000006693
0.00000007187
0.00000007349
0.00000005831
0.00000006649
0.00000005116
0.00000007472
0.00000007225
0.00000007954
0.00000008488
0.00000007137
0.00000008332
0.00000007319
0.00000006874
0.00000006737
0.00000007427
0.00000007920
0.00000006132
0.00000006784
0.00000005339
0.00000006687
0.00000005892
0.00000005859
0.00000005705
0.00000005679
0.00000005809
0.00000006202
0.00000006995
0.00000005333
0.00000006305
0.00000005163
0.00000005936
0.00000004024
0.00000004796
0.00000002985
0.00000004083
0.00000006034
0.00000004793
0.00000006365
0.00000005238
0.00000004070
0.00000005843
0.00000004920
0.00000003649
0.00000004759
0.00000003881
0.00000005005
0.00000003802
0.00000005816
0.00000005189
0.00000004699
0.00000005894
0.00000004508
0.00000003318
0.00000004336
0.00000002644
0.00000004026
0.00000004928
0.00000003341
0.00000003694
0.00000004333
0.00000001760
0.00000002358
0.00000004919
0.00000005349
0.00000005224
0.00000003082
0.00000003726
0.00000004248
0.00000005124
0.00000005558
0.00000006398
0.00000005238
0.00000006490
0.00000005833
0.00000004872
0.00000006941
0.00000005742
0.00000004568
0.00000002824
0.00000004427
0.00000003290
0.00000005617
0.00000004919
0.00000007251
0.00000007305
0.00000004538
0.00000004480
0.00000005133
0.00000005275
0.00000005969
0.00000006566
0.00000004884
0.00000005283
0.00000005762
0.00000004160
0.00000004462
0.00000004830
0.00000005620
0.00000003452
0.00000003620
0.00000004085
0.00000003927
0.00000004130
0.00000003739
0.00000003053
0.00000002390
0.00000004120
0.00000002323
0.00000002622
0.00000003043
0.00000002514
0.00000002153
0.00000000749
0.00000002047
0.00000002773
0.00000000316
0.00000002888
0.00000002480
0.00000000817
0.00000001771
0.00000002552
0.00000002364
0.00000002576
0.00000002340
0.00000002105
0.00000004187
0.00000003163
0.00000002001
0.00000003640
0.00000002893
0.00000004928
0.00000004178
0.00000005634
0.00000004978
0.00000004295
0.00000003622
0.00000005331
0.00000004610
0.00000004107
0.00000006113
0.00000006120
0.00000006089
0.00000007029
0.00000007714
0.00000006514
0.00000005710
0.00000006875
0.00000006282
0.00000005306
0.00000004392
0.00000006508
0.00000005310
0.00000004529
0.00000003124
0.00000004214
0.00000002504
0.00000003537
0.00000004013
0.00000001897
0.00000002685
0.00000002996
0.00000003444
0.00000003711
0.00000004392
0.00000004485
0.00000004459
0.00000004566
0.00000005056
0.00000005167
0.00000005509
0.00000006122
0.00000003875
0.00000003921
0.00000004656
0.00000004898
0.00000005330
0.00000006382
0.00000004118
0.00000004752
0.00000005892
0.00000004634
0.00000005898
0.00000005224
0.00000006898
0.00000006572
0.00000005897
0.00000006335
0.00000006734
0.00000007880
0.00000006200
0.00000007812
0.00000007235
0.00000006404
0.00000006127
0.00000006746
0.00000007233
0.00000005986
0.00000007148
0.00000006398
0.00000009012
0.00000006437
0.00000006934
0.00000008294
0.00000006745
0.00000005575
0.00000007486
0.00000006871
0.00000006840
0.00000006379
0.00000005904
0.00000005493
0.00000005275
0.00000004798
0.00000004358
0.00000004320
0.00000003898
0.00000003281
0.00000003139
0.00000005118
0.00000004693
0.00000003977
0.00000004019
0.00000003791
0.00000007133
0.00000007510
0.00000005226
0.00000006193
0.00000006693
0.00000004701
0.00000006220
0.00000004967
0.00000006959
0.00000006043
0.00000005546
0.00000005934
0.00000005992
0.00000006676
0.00000007346
0.00000006431
0.00000008159
0.00000007932
0.00000007381
0.00000007786
0.00000005133
0.00000005645
0.00000005757
0.00000006483
0.00000005143
0.00000006590
0.00000005495
0.00000007376
0.00000007151
0.00000006887
0.00000007078
0.00000005361
0.00000006313
0.00000007124
0.00000006285
0.00000007867
0.00000007399
0.00000007913
0.00000008136
0.00000006221
0.00000007111
0.00000005747
0.00000007211
0.00000005670
0.00000005287
0.00000005216
0.00000008189
0.00000006195
0.00000007233
0.00000005950
0.00000007314
0.00000005610
0.00000004766
0.00000006870
0.00000006683
0.00000006923
0.00000007360
0.00000007635
0.00000004946
0.00000005865
0.00000007098
0.00000005527
0.00000007587
0.00000007087
0.00000006909
0.00000006351
0.00000006362
0.00000006314
0.00000006014
0.00000006457
0.00000004285
0.00000004754
0.00000004672
0.00000005328
0.00000006179
0.00000004538
0.00000005657
0.00000006530
0.00000004629
0.00000005482
0.00000003631
0.00000004069
0.00000004561
0.00000004476
0.00000001416
0.00000003383
0.00000002083
0.00000003290
0.00000001493
0.00000002243
0.00000002387
0.00000002344
0.00000001907
0.00000001996
0.00000003884
0.00000003184
0.00000002566
0.00000003497
0.00000002443
0.00000003128
0.00000004078
0.00000001824
0.00000002610
0.00000002535
0.00000002725
0.00000002533
0.00000002738
0.00000005010
0.00000005273
0.00000004558
0.00000003622
0.00000002957
0.00000004221
0.00000002972
0.00000003289
0.00000001279
0.00000001117
0.00000001665
0.00000004581
0.00000005233
0.00000005480
0.00000005551
0.00000003625
0.00000003797
0.00000004112
0.00000004500
0.00000005237
0.00000005803
0.00000004410
0.00000005060
0.00000006166
0.00000004440
0.00000005593
0.00000004740
0.00000006041
0.00000005336
0.00000004512
0.00000006360
0.00000005891
0.00000004806
0.00000003489
0.00000005359
0.00000003764
0.00000002120
0.00000003362
0.00000004427
0.00000003111
0.00000003519
0.00000003456
0.00000003079
0.00000003160
0.00000002584
0.00000001912
0.00000003936
0.00000002429
0.00000002985
0.00000001072
0.00000000765
0.00000000478
0.00000001900
0.00000000641
0.00000000925
0.00000001525
0.00000001062
0.00000000980
0.00000002713
0.00000001855
0.00000003212
0.00000001180
0.00000001736
0.00000002210
0.00000001939
0.00000001559
0.00000002973
0.00000001079
0.00000001878
0.00000002547
0.00000003346
0.00000004155
0.00000004355
0.00000005018
0.00000003097
0.00000003151
0.00000003465
0.00000003951
0.00000004029
0.00000003583
0.00000003910
0.00000003899
0.00000004188
0.00000003981
0.00000004047
0.00000004006
0.00000003969
0.00000004107
0.00000003714
0.00000003786
0.00000003748
0.00000003908
0.00000003955
0.00000003410
0.00000003245
0.00000002727
0.00000001638
0.00000001902
-0.00000000551
-0.00000001002
0.00000000482
0.00000002077
0.00000000669
0.00000001163
0.00000001857
0.00000002264
0.00000002550
0.00000002673
0.00000002251
0.00000002072
0.00000004187
0.00000003163
0.00000002588
0.00000004331
0.00000003288
0.00000004288
0.00000001861
0.00000002249
0.00000002448
0.00000001519
0.00000000635
0.00000001946
0.00000002615
0.00000003413
0.00000001046
0.00000002925
0.00000002689
0.00000002446
0.00000004132
0.00000003810
0.00000003252
0.00000005011
0.00000003492
0.00000002632
0.00000004185
0.00000002764
0.00000004680
0.00000004189
0.00000006757
0.00000006661
0.00000005941
0.00000005917
0.00000006080
0.00000006071
0.00000006850
0.00000004646
0.00000005792
0.00000007268
0.00000005906
0.00000005455
0.00000007309
0.00000007478
0.00000007519
0.00000005265
0.00000005805
0.00000006685
0.00000005790
0.00000007343
0.00000006745
0.00000006538
0.00000006435
0.00000006693
0.00000007315
0.00000006353
0.00000007583
0.00000006495
0.00000005538
0.00000005083
0.00000004560
0.00000003915
0.00000006655
0.00000006461
0.00000006264
0.00000006290
0.00000006511
0.00000003934
0.00000004069
0.00000004242
0.00000004644
0.00000004534
0.00000004355
0.00000003892
0.00000003346
0.00000003360
0.00000005480
0.00000004575
0.00000003092
0.00000001190
0.00000001282
0.00000001475
0.00000000964
0.00000002701
0.00000001968
0.00000002911
0.00000000710
0.00000000703
0.00000001083
0.00000002788
0.00000001338
0.00000002937
0.00000001055
0.00000001494
0.00000002275
0.00000002051
0.00000002171
0.00000001560
0.00000003362
0.00000001935
0.00000003489
0.00000001625
0.00000002211
0.00000001845
0.00000001008
0.00000000212
0.00000000697
0.00000000831
0.00000000180
-0.00000000413
0.00000000384
0.00000000958
0.00000000603
-0.00000000051
0.00000001240
0.00000002444
-0.00000000172
0.00000002241
0.00000000737
-0.00000000538
-0.00000000352
-0.00000000751
0.00000001586
0.00000000179
0.00000001433
0.00000002003
0.00000002700
0.00000002817
0.00000003591
0.00000004208
0.00000004934
0.00000004718
0.00000004337
0.00000004580
0.00000004424
0.00000004590
0.00000003844
0.00000003371
0.00000003538
0.00000003622
0.00000006676
0.00000005151
0.00000005900
0.00000007160
0.00000005631
0.00000004147
0.00000005723
0.00000004223
0.00000005621
0.00000004989
0.00000007238
0.00000006825
0.00000007448
0.00000005299
0.00000006170
0.00000007908
0.00000007200
0.00000007442
0.00000007524
0.00000007699
0.00000006081
0.00000007151
0.00000006403
0.00000008999
0.00000010188
0.00000008773
0.00000008174
0.00000007711
0.00000007744
0.00000008203
0.00000006605
0.00000008146
0.00000007758
0.00000008001
0.00000008547
0.00000007024
0.00000008138
0.00000006758
0.00000005479
0.00000004034
0.00000005270
0.00000003893
0.00000005373
0.00000004780
0.00000007000
0.00000006911
0.00000006858
0.00000007407
0.00000005649
0.00000006856
0.00000005360
0.00000006370
0.00000004985
0.00000006234
0.00000005351
0.00000004285
0.00000005937
0.00000005022
0.00000004042
0.00000006067
0.00000005354
0.00000004636
0.00000003961
0.00000006423
0.00000005707
0.00000005479
0.00000005574
0.00000006269
0.00000006276
0.00000006414
0.00000003910
0.00000004227
0.00000004065
0.00000003836
0.00000003584
0.00000003259
0.00000001689
0.00000002414
0.00000000411
0.00000001199
0.00000001060
0.00000003658
0.00000002905
0.00000001932
0.00000004089
0.00000003075
0.00000001920
0.00000003984
0.00000002513
0.00000003866
0.00000002325
0.00000002543
0.00000002354
0.00000002313
0.00000002355
0.00000001547
0.00000003684
0.00000002099
0.00000002992
0.00000000091
-0.00000000131
0.00000002054
0.00000000828
0.00000002276
0.00000003074
0.00000001365
0.00000002087
0.00000001843
0.00000002077
0.00000001686
0.00000003970
0.00000003602
0.00000003043
0.00000002098
0.00000002826
0.00000001338
0.00000002527
0.00000003146
0.00000003896
0.00000004474
0.00000002225
0.00000001908
0.00000001951
0.00000004344
0.00000003309
0.00000002547
0.00000004038
0.00000003428
0.00000005446
0.00000004182
0.00000003190
0.00000003778
0.00000001748
0.00000001789
0.00000002139
0.00000001469
0.00000003519
0.00000002368
0.00000003565
0.00000002336
0.00000002918
0.00000003349
0.00000004077
0.00000003929
0.00000004334
0.00000004236
0.00000004119
0.00000004189
0.00000003706
0.00000003599
0.00000003128
0.00000002823
0.00000005689
0.00000005522
0.00000005281
0.00000005690
0.00000005274
0.00000005462
0.00000004877
0.00000004155
0.00000003911
0.00000002975
0.00000004985
0.00000003627
0.00000004564
0.00000002689
0.00000002770
0.00000003020
0.00000002343
0.00000001141
0.00000002836
0.00000001414
0.00000003047
0.00000004026
0.00000002645
0.00000003226
0.00000003731
0.00000003540
0.00000003203
0.00000003553
0.00000002927
0.00000002452
0.00000004044
0.00000003002
0.00000005107
0.00000003926
0.00000002259
0.00000003334
0.00000003786
0.00000001913
0.00000002139
0.00000002990
0.00000003779
0.00000004297
0.00000005516
0.00000006209
0.00000004477
0.00000005246
0.00000003984
0.00000005680
0.00000007043
0.00000006068
0.00000004290
0.00000002802
0.00000004229
0.00000004881
0.00000002868
0.00000002736
0.00000003332
0.00000003920
0.00000004102
0.00000004841
0.00000004848
0.00000005084
0.00000006169
0.00000004155
0.00000004843
0.00000006021
0.00000003904
0.00000004707
0.00000006564
0.00000005332
0.00000007559
0.00000007330
0.00000007676
0.00000008904
0.00000007352
0.00000006406
0.00000006689
0.00000006974
0.00000007957
0.00000008783
0.00000007367
0.00000006632
0.00000005448
0.00000004284
0.00000006313
0.00000005290
0.00000004201
0.00000003734
0.00000005078
0.00000003896
0.00000001975
0.00000002826
0.00000003345
0.00000003509
0.00000004191
0.00000005080
0.00000005348
0.00000003644
0.00000003978
0.00000005053
0.00000006197
0.00000005089
0.00000006062
0.00000005325
0.00000007978
0.00000007876
0.00000008579
0.00000006682
0.00000007759
0.00000006188
0.00000008050
0.00000007660
0.00000007107
0.00000007110
0.00000007688
0.00000006121
0.00000006770
0.00000005430
0.00000006615
0.00000005903
0.00000005052
0.00000007480
0.00000007029
0.00000007398
0.00000004841
0.00000005642
0.00000005988
0.00000006518
0.00000005170
0.00000006192
0.00000005085
0.00000006249
0.00000005605
0.00000007050
0.00000005895
0.00000005293
0.00000004607
0.00000004923
0.00000006904
0.00000006479
0.00000006763
0.00000004555
0.00000004529
0.00000005096
0.00000005275
0.00000006138
0.00000004513
0.00000005091
0.00000006439
0.00000004316
0.00000005238
0.00000002861
0.00000003847
0.00000004355
0.00000005679
0.00000004166
0.00000006062
0.00000005390
0.00000007074
0.00000006441
0.00000005509
0.00000005092
0.00000004146
0.00000003820
0.00000005532
0.00000005063
0.00000004091
0.00000003559
0.00000005056
0.00000004159
0.00000002538
0.00000003948
0.00000001965
0.00000002585
0.00000002278
0.00000002077
0.00000000860
0.00000002363
0.00000000209
0.00000000716
-0.00000000042
0.00000002147
0.00000000470
0.00000001381
0.00000001146
0.00000001087
0.00000000214
0.00000001327
0.00000000156
0.00000000862
0.00000001411
0.00000000771
-0.00000000270
0.00000001123
0.00000001985
0.00000002439
0.00000003333
0.00000003324
0.00000002756
0.00000001809
0.00000001053
0.00000001509
0.00000001169
0.00000000624
0.00000000344
0.00000002118
0.00000003377
0.00000002204
0.00000002953
0.00000003830
0.00000002853
0.00000003665
0.00000004341
0.00000002639
0.00000003091
0.00000004233
0.00000004996
0.00000006353
0.00000004944
0.00000007144
0.00000006703
0.00000006633
0.00000007041
0.00000006936
0.00000005007
0.00000005634
0.00000007134
0.00000006328
0.00000008016
0.00000007762
0.00000008393
0.00000006239
0.00000007621
0.00000006146
0.00000008125
0.00000007146
0.00000006633
0.00000006620
0.00000005934
0.00000005739
0.00000004795
0.00000004404
0.00000003330
0.00000005167
0.00000003751
0.00000002492
0.00000002872
0.00000003188
0.00000003935
0.00000004211
0.00000003636
0.00000003417
0.00000002222
0.00000001049
0.00000002205
0.00000002691
0.00000003642
0.00000003923
0.00000004773
0.00000003214
0.00000003660
0.00000004594
0.00000005473
0.00000004103
0.00000004993
0.00000006198
0.00000004868
0.00000005562
0.00000004363
0.00000006382
0.00000006254
0.00000005921
0.00000006255
0.00000006859
0.00000005382
0.00000006466
0.00000005762
0.00000008352
0.00000008687
0.00000006211
0.00000007382
0.00000006558
0.00000008551
0.00000008214
0.00000008704
0.00000006477
0.00000007776
0.00000006927
0.00000008522
0.00000008147
0.00000007600
0.00000008035
0.00000005371
0.00000005478
0.00000006001
0.00000004671
0.00000005354
0.00000006267
0.00000004988
0.00000007210
0.00000006756
0.00000006775
0.00000007019
0.00000007513
0.00000006363
0.00000007476
0.00000006308
0.00000005229
0.00000006583
0.00000006176
0.00000005409
0.00000004433
0.00000005761
0.00000004465
0.00000003444
0.00000004157
0.00000002385
0.00000003610
0.00000004408
0.00000005064
0.00000003449
0.00000003703
0.00000003570
0.00000003810
0.00000003540
0.00000004010
0.00000003845
0.00000002963
0.00000002112
0.00000003427
0.00000002263
0.00000003451
0.00000003923
0.00000002038
0.00000002753
0.00000002881
0.00000003599
0.00000003991
0.00000004000
0.00000004264
0.00000004598
0.00000004120
0.00000004368
0.00000004012
0.00000003985
0.00000003554
0.00000003724
0.00000003263
0.00000003058
0.00000004580
0.00000003683
0.00000002248
0.00000003354
0.00000001243
0.00000001866
0.00000001819
0.00000002192
0.00000001962
0.00000004433
0.00000003978
0.00000002760
0.00000001616
0.00000002245
0.00000003268
0.00000003882
0.00000003729
0.00000004029
0.00000004202
0.00000003887
0.00000003822
0.00000003831
0.00000003477
0.00000004180
0.00000004621
0.00000004568
0.00000005247
0.00000005957
0.00000006068
0.00000003814
0.00000004567
0.00000004495
0.00000005065
0.00000005221
0.00000006130
0.00000004958
0.00000006207
0.00000008376
0.00000007987
0.00000008371
0.00000006300
0.00000007631
0.00000005989
0.00000007538
0.00000006820
0.00000007173
0.00000007262
0.00000007766
0.00000006216
0.00000007514
0.00000006521
0.00000005593
0.00000007755
0.00000007311
0.00000006695
0.00000004229
0.00000004636
0.00000005252
0.00000006032
0.00000007167
0.00000006298
0.00000004725
0.00000007209
0.00000006815
0.00000006534
0.00000006459
0.00000006685
0.00000005033
0.00000005422
0.00000005790
0.00000002847
0.00000002654
0.00000001428
0.00000002553
0.00000000697
0.00000001966
0.00000002490
0.00000002707
0.00000003165
0.00000003019
0.00000002512
0.00000002278
0.00000003415
0.00000001909
0.00000003229
0.00000001655
0.00000001969
0.00000002422
0.00000002158
0.00000002201
0.00000004076
0.00000003841
0.00000002809
0.00000001225
0.00000002506
0.00000003644
0.00000003648
0.00000001148
0.00000003576
0.00000002866
0.00000002622
0.00000001893
0.00000003791
0.00000002744
0.00000003891
0.00000002700
0.00000003688
0.00000004165
0.00000002884
0.00000004169
0.00000005386
0.00000003759
0.00000004482
0.00000005899
0.00000004285
0.00000005964
0.00000004493
0.00000006276
0.00000004899
0.00000004193
0.00000005695
0.00000004654
0.00000004334
0.00000006121
0.00000005364
0.00000005083
0.00000003917
0.00000002875
0.00000004456
0.00000003467
0.00000002727
0.00000004167
0.00000003372
0.00000004671
0.00000003758
0.00000004734
0.00000003584
0.00000004894
0.00000004198
0.00000005812
0.00000005179
0.00000005345
0.00000005061
0.00000005324
0.00000005051
0.00000005001
0.00000005514
0.00000005704
0.00000006350
0.00000005173
0.00000006488
0.00000005350
0.00000007274
0.00000007001
0.00000006449
0.00000006176
0.00000006506
0.00000006976
0.00000005633
0.00000006423
0.00000004827
0.00000005854
0.00000004302
0.00000005730
0.00000003649
0.00000003756
0.00000003734
0.00000004052
0.00000003391
0.00000002184
0.00000001176
0.00000001901
0.00000002659
0.00000002106
0.00000001015
0.00000000135
0.00000001202
0.00000002528
0.00000003627
0.00000003910
0.00000001876
0.00000002047
0.00000001415
0.00000003588
0.00000002202
0.00000003850
0.00000002944
0.00000004514
0.00000002610
0.00000003665
0.00000004149
0.00000002456
0.00000003178
0.00000003671
0.00000004908
0.00000006080
0.00000003714
0.00000004793
0.00000005578
0.00000002817
0.00000002420
0.00000001665
0.00000000803
0.00000001601
0.00000002530
0.00000003193
0.00000003331
0.00000002415
0.00000001652
0.00000000478
0.00000001632
0.00000002604
0.00000002993
0.00000002894
0.00000002153
0.00000000384
0.00000001078
0.00000001640
0.00000001816
0.00000001652
0.00000003211
0.00000002642
0.00000001996
0.00000003688
0.00000002720
0.00000004512
0.00000003664
0.00000005045
0.00000004410
